Date,Open_SP500,High_SP500,Low_SP500,Close_SP500,Volume_SP500,Open_Yield,High_Yield,Low_Yield,Close_Yield,Volume_Yield,Open_DXY,High_DXY,Low_DXY,Close_DXY,Volume_DXY,Open_Oil,High_Oil,Low_Oil,Close_Oil,Volume_Oil,Open_Copper,High_Copper,Low_Copper,Close_Copper,Volume_Copper,Open_Gold,High_Gold,Low_Gold,Close_Gold,Volume_Gold,Open_VIX,High_VIX,Low_VIX,Close_VIX,Volume_VIX,Open_RSP,High_RSP,Low_RSP,Close_RSP,Volume_RSP,Open_NYMO,High_NYMO,Low_NYMO,Close_NYMO,Volume_NYMO,Open_NYAD,High_NYAD,Low_NYAD,Close_NYAD,Volume_NYAD,5d_pct_SP500,5d_pct_Yield,5d_pct_DXY,5d_pct_Oil,5d_pct_Copper,5d_pct_Gold,5d_pct_VIX,5d_pct_RSP,5d_pct_NYMO,5d_pct_NYAD,10d_ROC_SP500,10d_ROC_Yield,10d_ROC_DXY,10d_ROC_Oil,10d_ROC_Copper,10d_ROC_Gold,10d_ROC_VIX,10d_ROC_RSP,10d_ROC_NYMO,10d_ROC_NYAD,RSI_14_SP500,RSI_14_Yield,RSI_14_DXY,RSI_14_Oil,RSI_14_Copper,RSI_14_Gold,RSI_14_VIX,RSI_14_RSP,RSI_14_NYMO,RSI_14_NYAD,20d_slope_SP500,20d_slope_Yield,20d_slope_DXY,20d_slope_Oil,20d_slope_Copper,20d_slope_Gold,20d_slope_VIX,20d_slope_RSP,20d_slope_NYMO,20d_slope_NYAD,SMA_3_SP500,SMA_3_Yield,SMA_3_DXY,SMA_3_Oil,SMA_3_Copper,SMA_3_Gold,SMA_3_VIX,SMA_3_RSP,SMA_3_NYMO,SMA_3_NYAD,5d_Slope_SP500,5d_Slope_Yield,5d_Slope_DXY,5d_Slope_Oil,5d_Slope_Copper,5d_Slope_Gold,5d_Slope_VIX,5d_Slope_RSP,5d_Slope_NYMO,5d_Slope_NYAD,Normalized_ATR,BBW,TrendScore_Euclidean,MomentumScore_Euclidean,VolatilityScore_Euclidean,MarketState_Euclidean,EuclideanDist_Euclidean,Diagnostics_Euclidean,TopState,TopDist,AltState,AltDist,DistanceDelta,IsBorderline,Year
2011-03-04,1330.73,1331.08,1312.59,1321.15,4223740000.0,3.58,3.6,3.48,3.49,0.0,76.47,76.62,76.28,76.4,0.0,101.7,105.17,101.54,104.42,369148.0,4.491,4.554,4.465,4.4855,30785.0,1415.7,1434.0,1413.8,1428.6,141350.0,18.56,20.33,18.31,19.06,0.0,50.43,50.43,49.73,50.09,1026936.0,-0.6299999952316284,-0.6299999952316284,-0.6299999952316284,-0.6299999952316284,0.0,552.4099731445312,552.4099731445312,552.4099731445312,552.4099731445312,0.0,0.096220868563801,1.7492711370262315,-1.1387163561076497,6.681651001225997,0.6846240179573471,1.369474207053134,-0.8324661810613976,0.1599680063987252,-108.6657496132667,0.699995582887003,-1.4383444118678312,-2.2408963585434094,-2.051282051282044,20.912459471977773,0.0334522747546861,3.140567468052846,14.888487040385767,-1.572018078207893,-100.77395575358968,-0.1897244220788296,47.05579272780803,36.66666666666669,19.161676646706667,86.5399534522886,46.548188653451845,77.54442649434571,60.31843233312921,47.85591766723843,45.41589328692366,55.15867141277842,-0.0636090225564055,-0.012796992481203,-0.079488721804514,0.8340902255639103,-0.0079018796992481,4.601578947368434,0.2816917293233081,0.0098345864661636,-3.759977386947863,0.979992629890139,1320.1866666666667,3.5066666666666664,76.51666666666667,102.85333333333335,4.4911666666666665,1427.5666666666668,19.45333333333333,50.01,14.68333407243093,553.0233154296875,0.3399999999999559,0.0330000000000001,-0.1820000000000085,1.3319999999999936,0.0071499999999994,4.19999999999999,0.1109999999999997,0.0089999999999962,4.780000209808349,1.3499938964843323,0.0002573515497861,0.033761470979948,0,0,2,Steady Climb,2.23606797749979,"5d%: +0.10%, MA20: -0.06, RSI: 47.1, VIX: 19.06, ATR: 0.0003, BBW: 0.03, Score: [0, 0, 2], Dist: 2.24",Steady Climb,2.23606797749979,Trend Pullback,2.449489742783178,0.21342176528338808,True,2011
2011-03-09,1319.92,1323.21,1312.27,1320.02,3709520000.0,3.54,3.54,3.45,3.47,0.0,76.86,76.97,76.54,76.72,0.0,104.96,105.92,103.9,104.38,353948.0,4.345,4.379,4.183,4.2125,54668.0,1429.7,1436.8,1423.2,1429.6,126006.0,20.05,20.96,19.41,20.22,0.0,50.02,50.12,49.64,49.97,468700.0,-29.459999084472656,-29.459999084472656,-29.459999084472656,-29.459999084472656,0.0,551.6799926757812,551.6799926757812,551.6799926757812,551.6799926757812,0.0,0.8850233866283475,0.2890173410404761,0.0652145558888817,2.103100851022188,-6.34726545131169,-0.5633998748000413,-2.3188405797101463,0.908723747980611,77.1497328392807,0.59443672134738,0.9652745907908766,-0.5730659025787954,-0.8913577057227728,6.401630988786944,-1.473511869956723,1.1032531824610947,-8.630817894261188,1.359026369168359,-69.90192081003157,2.7222275320538003,44.36298243187165,38.80597014925373,27.13414634146322,87.38912456613961,33.41918866709598,71.85244587008825,59.64718853362734,44.51612903225808,44.26670128762792,51.520483510003885,-0.7256842105263177,-0.0123759398496241,-0.1095939849624055,1.2392556390977427,-0.0086176691729323,4.408721804511252,0.2816315789473679,-0.0210977443609039,-4.703112689444895,0.599134539840818,1317.3233333333333,3.5033333333333334,76.67333333333333,104.94666666666669,4.292666666666666,1430.4333333333334,20.23333333333333,49.876666666666665,-40.10999902089437,549.4466552734375,0.5919999999998053,0.0089999999999995,0.0279999999999916,0.9109999999999862,-0.0482000000000005,-0.2900000000001009,0.0299999999999996,0.0259999999999932,-12.81200008392334,-0.5359985351563593,0.0004484780533626,0.0338196930709647,-1,0,1,Trend Pullback,1.4142135623730951,"5d%: +0.89%, MA20: -0.73, RSI: 44.4, VIX: 20.22, ATR: 0.0004, BBW: 0.03, Score: [-1, 0, 1], Dist: 1.41",Trend Pullback,1.4142135623730951,Orderly Decline,1.4142135623730951,0.0,True,2011
2011-03-16,1279.46,1280.91,1249.05,1256.88,5833000000.0,3.3,3.31,3.14,3.21,0.0,76.41,76.82,76.06,76.68,0.0,97.4,99.6,96.22,97.98,357944.0,4.19,4.27,4.17,4.1975,47444.0,1394.8,1406.6,1392.3,1396.1,151887.0,24.65,31.28,24.04,29.4,0.0,48.58,48.8,47.56,47.9,2190095.0,-251.13999938964844,-251.13999938964844,-251.13999938964844,-251.13999938964844,0.0,518.3599853515625,518.3599853515625,518.3599853515625,518.3599853515625,0.0,-4.783260859683935,-7.492795389049,-0.0521376433785136,-6.1314428051350784,-0.356083086053427,-2.3433128147733684,45.40059347181009,-4.142485491294778,752.477960605286,-6.039734586459922,-3.9405704503072334,-7.22543352601156,0.0130429111777852,-4.157292379927613,-6.680746998666088,-2.893510468108796,42.02898550724639,-3.271405492730217,1410.1624297260128,-5.481200265366382,36.51211224377952,32.30769230769228,44.94680851063834,51.77304964539008,40.21244309559936,43.38482202820683,66.74958540630183,40.16620498614959,40.39234235163696,40.8144051650234,-1.873939849624079,-0.0103609022556392,-0.0936541353383458,0.9358421052631568,-0.0158026315789474,2.0717293233082104,0.2383984962406008,-0.0666466165413552,-8.559654000558353,-0.3827453613281387,1278.38,3.293333333333333,76.45333333333333,98.78333333333336,4.173666666666667,1404.6,24.95,48.59,-193.9499969482422,527.8433227539062,-7.502000000000168,-0.0340000000000003,-0.171000000000005,-1.5910000000000064,-0.0162000000000004,-6.120000000000105,0.7449999999999978,-0.2370000000000062,-33.5499984741211,-4.965997314453212,-0.0059687480109478,0.0621688669169019,-4,-2,0,Sharp Decline,2.23606797749979,"5d%: -4.78%, MA20: -1.87, RSI: 36.5, VIX: 29.40, ATR: -0.0060, BBW: 0.06, Score: [-4, -2, 0], Dist: 2.24",Sharp Decline,2.23606797749979,Orderly Decline,2.449489742783178,0.21342176528338808,True,2011
2011-03-17,1261.61,1278.88,1261.61,1273.72,4134950000.0,3.25,3.29,3.23,3.25,0.0,76.39,76.66,75.85,76.04,0.0,98.1,101.99,96.6,101.42,261573.0,4.176,4.3675,4.146,4.344,43224.0,1400.0,1405.4,1386.8,1404.2,109183.0,26.94,27.54,25.44,26.37,0.0,48.61,48.7,48.21,48.42,848966.0,-155.61000061035156,-155.61000061035156,-155.61000061035156,-155.61000061035156,0.0,525.9000244140625,525.9000244140625,525.9000244140625,525.9000244140625,0.0,-1.6515971616310463,-4.129793510324486,-1.6045548654244235,-1.246348588120738,3.490172721858253,-0.5876106194690256,20.52102376599636,-1.203835951846555,17.149739114112595,-2.517230767838319,-4.301374185744233,-8.963585434173671,-0.5753138075313746,-0.4808164066332998,-3.2516703786191536,-0.8613386049138638,41.774193548387096,-3.966679888932967,-353.8085094190542,-5.7932012012852585,37.55929279862005,36.764705882352914,35.16746411483257,57.83879539415413,41.802067946824245,48.30564784053159,64.27145708582836,38.72340425531921,40.667614033486906,39.04726462492798,-2.5293609022556534,-0.0118872180451128,-0.0767744360902265,0.7331954887218017,-0.0157368421052633,1.2618045112781415,0.322270676691729,-0.0879548872180461,-11.060887100194632,-0.8479786349418521,1270.8233333333333,3.26,76.35000000000001,98.86,4.226166666666667,1397.7,26.696666666666665,48.34333333333333,-201.0966644287109,524.0900065104166,-9.887000000000116,-0.0430000000000005,-0.1650000000000006,-1.3420000000000107,-0.0070500000000005,-6.180000000000199,1.9279999999999984,-0.2980000000000025,-34.43799896240233,-5.807995605468795,-0.0077623025468706,0.0651517353774252,-3,-2,0,Orderly Decline,1.7320508075688772,"5d%: -1.65%, MA20: -2.53, RSI: 37.6, VIX: 26.37, ATR: -0.0078, BBW: 0.07, Score: [-3, -2, 0], Dist: 1.73",Orderly Decline,1.7320508075688772,Sharp Decline,2.0,0.2679491924311228,True,2011
2011-03-22,1298.29,1299.35,1292.7,1293.77,3576550000.0,3.35,3.36,3.33,3.33,0.0,75.48,75.56,75.25,75.43,0.0,102.1,104.54,101.43,104.0,303365.0,4.2965,4.3195,4.271,4.313,20969.0,1427.3,1432.3,1419.5,1427.6,124759.0,20.53,20.59,19.97,20.21,0.0,49.26,49.3,48.96,48.99,1573573.0,-14.789999961853027,-14.789999961853027,-14.789999961853027,-14.789999961853027,0.0,540.1599731445312,540.1599731445312,540.1599731445312,540.1599731445312,0.0,0.928331266041016,0.3012048192771122,-1.179090789990822,7.017904918707552,4.254290548706807,2.498564043653073,-16.899671052631582,0.5748306302607364,-92.4748140495146,2.301085804092895,-2.1220741099393203,-5.932203389830503,-1.783854166666654,-0.9712435726528246,-0.5877607468018908,0.0280269058295923,1.9677093844601368,-2.137435077906513,60.76087248347888,-2.332481913537021,46.02331255082676,40.57971014492754,34.18367346938783,54.49466734382934,36.70977011494253,46.52920962199308,49.10485933503837,46.108663729809095,50.099191331171845,46.16882837465377,-2.177819548872197,-0.0111879699248121,-0.0776616541353384,0.2199999999999983,-0.0107526315789475,-0.1486466165413756,0.2445112781954885,-0.0680902255639105,-5.828811959485361,-0.8235343761013953,1290.4533333333334,3.31,75.51666666666667,102.46666666666668,4.312666666666666,1423.3666666666668,21.75333333333333,48.906666666666666,-25.20333321889241,539.316650390625,5.535000000000034,0.0069999999999995,-0.282000000000017,1.338999999999981,0.0439499999999995,8.720000000000006,-1.2380000000000022,0.162999999999991,60.24699859619143,4.788995361328089,0.0042781947332215,0.0587507347446264,-1,0,1,Trend Pullback,1.4142135623730951,"5d%: +0.93%, MA20: -2.18, RSI: 46.0, VIX: 20.21, ATR: 0.0043, BBW: 0.06, Score: [-1, 0, 1], Dist: 1.41",Trend Pullback,1.4142135623730951,Orderly Decline,1.4142135623730951,0.0,True,2011
2011-03-24,1300.61,1311.34,1297.74,1309.66,4223740000.0,3.38,3.4,3.36,3.4,0.0,75.87,76.04,75.46,75.66,0.0,105.52,106.69,104.76,105.6,258015.0,4.425,4.4545,4.392,4.4245,28688.0,1438.0,1448.6,1423.7,1434.9,187085.0,18.45,18.99,17.87,18.0,0.0,49.42,49.77,49.19,49.71,450292.0,45.63999938964844,45.63999938964844,45.63999938964844,45.63999938964844,0.0,548.010009765625,548.010009765625,548.010009765625,548.010009765625,0.0,2.821656250981386,4.615384615384621,-0.4997369805365692,4.121475054229928,1.8531307550644585,2.1862982481128057,-31.740614334471,2.664188351920682,-129.32973408562043,4.204218354276867,1.1234566947981417,0.2949852507374562,-2.0962732919254767,2.82375851996104,5.407980941036339,1.5858407079646142,-17.733089579524673,1.4282799428688042,-134.3597069641673,1.5811577084775763,46.58015358057026,42.105263157894704,41.06280193236707,53.14498933901917,46.20174346201744,52.50996015936262,48.038490007401926,46.984126984126966,52.72802307458106,47.80001965330831,-2.1515714285714487,-0.0108796992481203,-0.076007518796994,0.1764060150375935,-0.0103206766917294,-0.0744360902255824,0.1922180451127818,-0.0721804511278216,-4.469661587073389,-0.9133989606584856,1300.3233333333335,3.36,75.62666666666667,105.11666666666667,4.3886666666666665,1433.5,19.126666666666665,49.29333333333333,9.706666469573976,543.3499959309896,6.219999999999815,0.0249999999999998,-0.079000000000016,1.158999999999983,0.0142999999999991,7.90999999999992,-1.8630000000000004,0.199999999999995,37.286000061035175,3.8809936523437,0.0047493242520958,0.0589446587674804,0,0,2,Steady Climb,2.23606797749979,"5d%: +2.82%, MA20: -2.15, RSI: 46.6, VIX: 18.00, ATR: 0.0047, BBW: 0.06, Score: [0, 0, 2], Dist: 2.24",Steady Climb,2.23606797749979,Trend Pullback,2.449489742783178,0.21342176528338808,True,2011
2011-03-25,1311.8,1319.18,1310.15,1313.8,4223740000.0,3.39,3.46,3.38,3.44,0.0,75.71,76.28,75.61,76.22,0.0,105.46,105.95,104.5,105.4,235658.0,4.4235,4.454,4.399,4.419,25983.0,1433.5,1438.1,1422.0,1426.2,182739.0,17.87,18.08,17.07,17.91,0.0,49.82,50.12,49.71,49.89,661372.0,73.87000274658203,73.87000274658203,73.87000274658203,73.87000274658203,0.0,552.6199951171875,552.6199951171875,552.6199951171875,552.6199951171875,0.0,2.704012632796804,4.878048780487809,0.6603275224511318,4.284159493420425,1.843742797879666,0.7132264670574262,-26.718494271685767,2.844774273345707,-192.4646430228332,3.6207829680658055,0.7299046217069893,1.4749262536873031,-0.7293566032821053,4.191379992091737,5.026737967914441,0.3094668729779259,-10.806772908366524,0.8489993935718587,-183.2056811920212,1.612580661018015,51.138973372230105,45.0,46.95652173913044,49.88851727982164,57.07692307692303,46.76539360872956,44.60995687965504,52.42070116861436,59.7794376440525,54.707732220174975,-1.991255639097784,-0.0101127819548873,-0.078639097744362,0.1684360902255608,-0.0092898496240602,0.0712030075187655,0.1445338345864657,-0.067781954887219,-3.356406024793038,-0.9001579571487405,1307.0,3.3966666666666665,75.89,105.58333333333336,4.424,1433.0333333333335,18.36,49.59333333333333,39.260000705718994,547.5033365885416,6.00599999999992,0.0269999999999997,0.0269999999999998,1.2479999999999971,0.0313499999999996,4.919999999999877,-1.4320000000000028,0.235999999999994,23.02599978446961,2.6800048828124514,0.0045714720657633,0.0582188651230489,0,1,2,Steady Climb,2.0,"5d%: +2.70%, MA20: -1.99, RSI: 51.1, VIX: 17.91, ATR: 0.0046, BBW: 0.06, Score: [0, 1, 2], Dist: 2.00",Steady Climb,2.0,Trend Pullback,2.23606797749979,0.2360679774997898,True,2011
2011-03-30,1321.89,1331.74,1321.89,1328.26,3809570000.0,3.49,3.49,3.45,3.46,0.0,76.14,76.41,76.01,76.12,0.0,104.45,105.15,103.44,104.27,256895.0,4.351,4.379,4.245,4.274,40519.0,1420.2,1431.7,1413.1,1424.9,160217.0,17.82,17.89,17.25,17.71,0.0,50.38,50.57,50.25,50.5,778330.0,122.02999877929688,122.02999877929688,122.02999877929688,122.02999877929688,0.0,563.1099853515625,563.1099853515625,563.1099853515625,563.1099853515625,0.0,2.3675570695315784,3.2835820895522394,0.4354136429608024,-1.3995271867612291,-3.488765947837857,-0.9109874826147336,-7.616066770996355,2.684017893452628,-7153.757077104016,3.917837948890779,5.67914200241868,7.78816199376946,-0.7303077725613005,6.419677485201047,1.822513400833836,2.062889477831109,-39.76190476190475,5.427974947807934,-148.59042728194208,8.632996617138499,61.47932682318724,57.142857142857125,35.50000000000014,54.373259052924766,55.95330739299611,55.15806988352749,41.9404715887128,63.57012750455375,67.38661777075495,63.08561006738268,-0.7213609022556671,-0.0062556390977444,-0.0521127819548875,0.0779473684210497,-0.0009654135338346,-0.2022556390977535,-0.0446165413533839,-0.0219172932330845,3.873917291128546,-0.1901646664268153,1319.2966666666669,3.466666666666667,76.16666666666667,104.34666666666668,4.3235,1420.3333333333333,18.436666666666664,50.07333333333333,75.15333366394043,555.8199869791666,4.432999999999883,0.0329999999999999,0.1390000000000008,-0.3539999999999983,-0.0238500000000006,-5.860000000000238,-0.0580000000000015,0.1679999999999943,13.3620005607605,2.782995605468697,0.0033374489934198,0.0596199296207479,0,1,2,Steady Climb,2.0,"5d%: +2.37%, MA20: -0.72, RSI: 61.5, VIX: 17.71, ATR: 0.0033, BBW: 0.06, Score: [0, 1, 2], Dist: 2.00",Steady Climb,2.0,Trend Pullback,2.23606797749979,0.2360679774997898,True,2011
2011-03-31,1327.44,1329.77,1325.03,1325.83,3566270000.0,3.43,3.48,3.4,3.45,0.0,76.14,76.17,75.66,75.86,0.0,104.31,106.83,104.12,106.72,270630.0,4.2575,4.3115,4.246,4.3075,29789.0,1424.4,1441.0,1421.7,1439.9,129306.0,17.9,17.95,17.41,17.74,0.0,50.44,50.57,50.33,50.46,413200.0,118.72000122070312,118.72000122070312,118.72000122070312,118.72000122070312,0.0,564.8900146484375,564.8900146484375,564.8900146484375,564.8900146484375,0.0,1.234671594154202,1.4705882352941346,0.2643404705260366,1.060606060606073,-2.644366595095493,0.3484563384207995,-1.4444444444444482,1.5087507543753764,160.12270553980306,3.0802365982387503,4.091166033351112,6.153846153846154,-0.2367175170962743,5.225793729047523,-0.8402394106814093,2.542372881355925,-32.72658323852864,4.213135068153662,-176.29329783114568,7.4139548249339216,57.82782419179076,55.99999999999999,37.7659574468086,64.74019088016966,57.50750750750753,57.1882446386021,45.14522821576764,59.763313609467474,64.98887567805592,61.9954512491666,-0.2486992481203507,-0.0044511278195489,-0.0482857142857165,0.0870150375939851,0.0009954887218044,0.0996992481202619,-0.0966240601503764,-0.0036315789473687,6.692593951960255,0.1752110990366411,1324.51,3.466666666666667,76.07666666666667,105.26000000000003,4.309333333333333,1427.0,17.869999999999997,50.330000000000005,104.37333424886069,561.0833333333334,4.283999999999776,0.0169999999999994,0.0949999999999944,-0.3270000000000127,-0.0373500000000006,-3.000000000000137,-0.0330000000000017,0.1719999999999946,15.127999877929682,3.282995605468668,0.003231183485062,0.0585355266970806,0,1,2,Steady Climb,2.0,"5d%: +1.23%, MA20: -0.25, RSI: 57.8, VIX: 17.74, ATR: 0.0032, BBW: 0.06, Score: [0, 1, 2], Dist: 2.00",Steady Climb,2.0,Trend Pullback,2.23606797749979,0.2360679774997898,True,2011
2011-04-18,1313.35,1313.35,1294.7,1305.14,4223740000.0,3.37,3.46,3.36,3.37,0.0,74.9,75.81,74.88,75.5,0.0,109.43,109.44,106.54,107.12,138178.0,4.252,4.288,4.172,4.198,48881.0,1488.0,1498.6,1477.8,1492.9,199123.0,18.3,19.07,16.81,16.96,0.0,49.88,49.95,49.49,49.83,595834.0,-126.08000183105467,-126.08000183105467,-126.08000183105467,-126.08000183105467,0.0,548.010009765625,548.010009765625,548.010009765625,548.010009765625,0.0,-1.4587076997417792,-5.602240896358534,0.5861977084998582,-2.547307132459964,-5.874439461883396,1.6892582249165675,2.2302591922845227,-1.032770605759692,75.37905536442271,-1.9765298610567528,-2.080472964355096,-1.7492711370262426,-0.5401132920563767,-1.2445837558771933,-1.3396004700352404,4.180041870202378,-3.0857142857142805,-1.7740981667652256,-194.1387357022188,-4.387948314137469,38.629134860050826,36.36363636363634,37.37373737373737,55.34648921523634,39.520112914608376,77.45168217609164,42.1875,46.71052631578942,31.89423916054304,44.50015485991205,1.1306992481202895,0.008330827067669,-0.0572105263157918,0.3261353383458639,-0.0006958646616542,2.9033082706767006,-0.1913458646616541,0.0620225563909775,-6.863075304748422,0.8051659605556828,1313.1133333333337,3.4233333333333333,75.00333333333333,108.29666666666668,4.2465,1483.7666666666669,16.18333333333333,50.13999999999999,-90.51666768391928,552.8566691080729,-0.9200000000002428,-0.0330000000000003,-0.0630000000000014,0.1339999999999812,-0.0504500000000004,5.459999999999856,-0.3360000000000026,0.0329999999999893,9.330000305175782,-0.0400024414062606,-0.000704905220896,0.0370215706558045,1,-2,2,Steady Climb,3.1622776601683795,"5d%: -1.46%, MA20: +1.13, RSI: 38.6, VIX: 16.96, ATR: -0.0007, BBW: 0.04, Score: [1, -2, 2], Dist: 3.16",Steady Climb,3.1622776601683795,Orderly Decline,3.3166247903554,0.1543471301870203,True,2011
2011-05-18,1328.54,1341.82,1326.59,1340.68,3922030000.0,3.1,3.18,3.1,3.17,0.0,75.26,75.59,75.13,75.47,0.0,97.57,100.99,97.46,100.1,285299.0,4.036,4.124,4.023,4.105,38343.0,1486.5,1499.7,1484.6,1495.8,145016.0,17.56,17.68,16.03,16.23,0.0,51.11,51.64,51.0,51.57,656900.0,-37.220001220703125,-37.220001220703125,-37.220001220703125,-37.220001220703125,0.0,573.6799926757812,573.6799926757812,573.6799926757812,573.6799926757812,0.0,-0.1043156890796259,0.3164556962025333,0.1858489313686373,1.92444761225945,4.8933180017886935,-0.3729852138004585,-4.247787610619458,0.0970496894409977,175.90809378952287,-0.6838308560222051,-0.4928302110857041,-1.552795031055909,3.341092701629456,-8.366898571951664,-0.7014997581035298,-1.2868738863591411,-4.976580796252916,0.5655226209048347,-38.88341496200649,0.6650367491842779,40.723388305847145,35.99999999999997,77.26218097447787,33.01384451544196,40.46313223644123,41.17647058823525,56.46586345381528,45.80498866213154,40.45396159758601,45.736171874623984,0.0965864661653718,-0.0144586466165413,0.0895338345864626,-0.9386165413533892,-0.0229112781954888,-1.0586466165413686,0.1416240601503757,0.0218872180451114,-6.489781949753151,0.41122565018503,1333.0433333333333,3.1466666666666665,75.44666666666667,98.12666666666668,4.031333333333333,1488.8,17.34,51.24666666666666,-90.83000183105467,568.2866617838541,-4.538000000000024,-0.0160000000000002,0.0369999999999922,-0.420000000000003,0.0189999999999996,-5.900000000000119,0.340999999999999,-0.1690000000000026,-34.643000698089594,-4.227001953125052,-0.0033848494793686,0.0329785836071776,0,0,2,Steady Climb,2.23606797749979,"5d%: -0.10%, MA20: +0.10, RSI: 40.7, VIX: 16.23, ATR: -0.0034, BBW: 0.03, Score: [0, 0, 2], Dist: 2.24",Steady Climb,2.23606797749979,Trend Pullback,2.449489742783178,0.21342176528338808,True,2011
2011-06-28,1280.21,1296.8,1280.21,1296.67,3681500000.0,2.93,3.06,2.93,3.05,0.0,75.24,75.51,74.87,75.06,0.0,90.71,92.96,90.44,92.89,279024.0,4.0705,4.108,4.0525,4.092,23941.0,1496.8,1507.0,1495.5,1500.2,101389.0,20.3,20.45,19.17,19.17,0.0,49.21,49.74,49.16,49.71,1066500.0,112.6999969482422,112.6999969482422,112.6999969482422,112.6999969482422,0.0,568.5700073242188,568.5700073242188,568.5700073242188,568.5700073242188,0.0,0.0887674447326292,2.006688963210679,0.6976120203917358,-0.5460385438972204,0.0856059679589016,-2.9875840662183184,1.6436903499469802,0.2217741935483852,30.757621250629374,0.6888883436447557,0.683298780156405,-1.6129032258064613,0.9821068209336704,-6.5210828217772026,-1.5162454873646314,-1.587509839937029,4.983570646221258,0.7907542579075333,-295.69369100475313,2.4524262672443564,55.62126289506544,55.84415584415584,59.792027729636,33.84108686702349,48.30769230769224,35.15805705474175,51.09195402298851,56.53650254668932,66.8617179547195,58.676272946440825,-2.068939849624064,-0.0052255639097745,0.0740075187969917,-0.6035413533834615,-0.0035266917293234,-1.2013536691729625,0.1832330827067665,-0.0858195488721824,3.087225650486193,-1.031888207457121,1281.74,2.95,75.37333333333333,91.55333333333336,4.080666666666667,1499.1666666666667,20.276666666666667,49.133333333333326,43.933332443237305,559.8799845377604,-4.953000000000027,-0.024,0.2590000000000048,-0.9830000000000132,-0.0063500000000003,-15.25000000000015,0.5979999999999988,-0.1820000000000065,-15.80800037384034,-1.8880065917969384,-0.0038197845249755,0.0438531302075439,-2,1,2,Trend Pullback,2.23606797749979,"5d%: +0.09%, MA20: -2.07, RSI: 55.6, VIX: 19.17, ATR: -0.0038, BBW: 0.04, Score: [-2, 1, 2], Dist: 2.24",Trend Pullback,2.23606797749979,Orderly Decline,2.23606797749979,0.0,True,2011
2011-06-29,1296.85,1309.21,1296.85,1307.41,4347540000.0,3.07,3.13,3.06,3.11,0.0,75.09,75.14,74.61,74.69,0.0,93.37,95.84,92.66,94.77,348790.0,4.115,4.234,4.1125,4.224,51547.0,1502.5,1513.8,1500.8,1510.4,101480.0,18.62,18.83,16.32,17.27,0.0,49.99,50.26,49.74,50.15,825000.0,146.35000610351562,146.35000610351562,146.35000610351562,146.35000610351562,0.0,575.1599731445312,575.1599731445312,575.1599731445312,575.1599731445312,0.0,1.5748092670571978,4.013377926421402,-0.120353035571008,-0.6707892254480652,3.326810176125239,-2.7681215398480785,-6.749460043196542,1.6828872668288586,233.14364918470724,2.7419974014184723,3.318265872200543,4.713804713804692,-1.2037037037036955,-0.0421896424427914,2.4745269286754024,-1.0352509500720752,-18.99624765478425,3.530140379851354,-201.9505419660272,6.0319981114702825,55.9971333637371,56.962025316455694,54.25170068027209,35.668534827862274,59.41794664510916,38.1162619573216,48.63238512035012,57.11892797319933,65.6581127112044,59.29368610552939,-1.0130977443609106,-0.0030451127819548,0.0784285714285704,-0.5692030075188014,-0.0025293233082708,-1.61030075187972,0.1238045112781953,-0.0412406015037606,8.16227818073187,-0.4080759148848843,1294.7266666666667,3.03,75.04666666666667,92.75666666666667,4.1225,1502.3333333333333,19.0,49.62333333333333,99.39333470662434,567.6499837239584,1.5659999999998218,0.0139999999999998,0.0499999999999904,-0.5450000000000067,0.0020499999999996,-13.050000000000193,0.2569999999999994,0.056999999999995,15.54799938201904,1.9489990234373888,0.0011977879930548,0.0416009180633232,-1,1,2,Trend Pullback,2.0,"5d%: +1.57%, MA20: -1.01, RSI: 56.0, VIX: 17.27, ATR: 0.0012, BBW: 0.04, Score: [-1, 1, 2], Dist: 2.00",Trend Pullback,2.0,Orderly Decline,2.449489742783178,0.4494897427831779,True,2011
2011-07-15,1308.87,1317.7,1307.52,1316.14,4242760000.0,2.95,2.98,2.9,2.91,0.0,75.14,75.42,74.97,75.13,0.0,96.03,97.74,95.21,97.24,266461.0,4.3855,4.4265,4.355,4.413,32173.0,1587.6,1594.5,1576.0,1590.1,123384.0,20.25,21.68,19.52,19.53,0.0,50.06,50.06,49.64,50.04,588800.0,-36.5099983215332,-36.5099983215332,-36.5099983215332,-36.5099983215332,0.0,580.4299926757812,580.4299926757812,580.4299926757812,580.4299926757812,0.0,-2.058342015180825,-3.642384105960261,-0.0665070497472886,1.08108108108107,0.0226654578422635,3.146081992734828,22.44514106583073,-2.759424795958032,-126.2699665015882,-2.8796636019728483,-0.3407438817543018,-7.911392405063289,1.1170928667563862,1.9073569482288777,3.047285464098093,5.80915624168219,18.220338983050866,-1.1457921770051338,-119.41814567168414,-0.4834988982801103,66.09734692499832,52.43902439024392,43.74999999999999,64.91658488714427,75.71545380212592,78.99869960988286,43.57084357084357,61.07491856677521,53.19699389223434,64.93521074290278,3.44900751879697,0.0027894736842104,0.0112105263157854,0.2550451127819518,0.0221733082706766,1.8320302631578544,-0.1521503759398498,0.1266466165413519,,2.592316729323308,1314.2433333333336,2.9133333333333336,75.19666666666666,96.99333333333334,4.398833333333333,1588.3,20.079999999999995,50.02333333333333,,581.4566650390625,-7.163000000000278,-0.0190000000000002,-0.0640000000000028,0.1879999999999936,-0.0028500000000007,13.16999999999979,1.122,-0.3500000000000029,,-3.9720031738282047,-0.0054424301366118,0.0784990947409086,0,2,2,Steady Climb,2.23606797749979,"5d%: -2.06%, MA20: +3.45, RSI: 66.1, VIX: 19.53, ATR: -0.0054, BBW: 0.08, Score: [0, 2, 2], Dist: 2.24",Steady Climb,2.23606797749979,Trend Pullback,2.449489742783178,0.21342176528338808,True,2011
2011-07-27,1331.91,1331.91,1303.49,1304.89,3479040000.0,2.96,3.01,2.95,2.98,0.0,73.53,74.18,73.42,74.09,0.0,99.18,99.5,97.14,97.4,304524.0,4.4795,4.4885,4.421,4.4465,26990.0,1619.8,1628.8,1608.9,1615.1,232220.0,20.87,23.2,20.87,22.98,0.0,50.17,50.21,49.22,49.25,1034421.0,-191.5599975585937,-191.5599975585937,-191.5599975585937,-191.5599975585937,0.0,559.719970703125,559.719970703125,559.719970703125,559.719970703125,0.0,-1.5801303324684546,1.7064846416382284,-0.935954004546069,-0.7540248624414048,0.236699729486034,1.1397081846076684,20.37716081718177,-2.0680055677072984,793.0535699073924,-3.506538451380481,-0.9736514585799604,3.114186851211076,-1.4891636750432036,-0.6629270780214136,0.9764959691154872,1.8669189530116537,15.419387242591664,-2.0290431668987474,-991.391342944749,-4.655483801744332,34.09883529644014,36.923076923076906,41.807909604519935,46.62772172065853,50.49073064340242,85.59393428812123,71.39379184418746,29.803328290469054,27.2917514428038,28.24769660465286,0.6424586466164999,-0.0117518796992481,-0.0331879699248127,0.2507443609022536,0.0116135338345864,6.954886804511284,0.1592481203007517,-0.017157894736843,,-0.3302565954681862,1324.753333333333,2.9766666666666666,73.87333333333333,98.73000000000002,4.443666666666666,1614.6999999999998,20.853333333333328,50.126666666666665,-117.63666534423828,570.8133138020834,0.5830000000000396,0.0029999999999999,-0.2600000000000071,0.2969999999999951,0.0106999999999993,6.499999999999779,0.4069999999999987,0.0049999999999967,-26.88899955749513,-2.4340026855468984,0.0004467809547165,0.0452696980794151,1,-2,1,Orderly Decline,3.1622776601683795,"5d%: -1.58%, MA20: +0.64, RSI: 34.1, VIX: 22.98, ATR: 0.0004, BBW: 0.05, Score: [1, -2, 1], Dist: 3.16",Orderly Decline,3.1622776601683795,Steady Climb,3.3166247903554,0.1543471301870203,True,2011
2011-07-29,1300.12,1304.16,1282.86,1292.28,5061190000.0,2.92,2.92,2.81,2.81,0.0,74.15,74.51,73.72,73.9,0.0,97.16,97.39,94.95,95.7,284385.0,4.477,4.502,4.4115,4.4795,39530.0,1619.5,1637.5,1613.0,1631.2,153054.0,25.28,25.94,23.65,25.25,0.0,48.6,49.24,48.27,48.79,954100.0,-210.0399932861328,-210.0399932861328,-210.0399932861328,-210.0399932861328,0.0,551.1199951171875,551.1199951171875,551.1199951171875,551.1199951171875,0.0,-3.921131284293167,-5.067567567567566,-0.4043126684636133,-4.175428056473418,1.5759637188208495,1.8545113955666488,44.12100456621004,-4.333333333333334,-609.6821110225962,-6.408992149779613,-1.812877049554007,-3.436426116838487,-1.637162252096358,-1.5837104072398134,1.5069113981418525,2.584743097918385,29.288274449564767,-2.4980015987210225,475.294447938261,-5.049704172500579,39.60259839510892,40.677966101694906,27.90697674418631,51.60912814511409,63.35329341317357,85.28399311531834,71.09471094710946,35.688405797101524,36.21410639870604,31.637795461646107,-0.8217518796992891,-0.0105714285714285,-0.0507368421052648,0.1578120300751859,0.0069902255639097,6.632706203007479,0.2969473684210525,-0.0779548872180458,,-1.4535876740190528,1299.28,2.9133333333333336,74.07,96.84666666666668,4.465166666666667,1620.8333333333333,23.989999999999995,49.02333333333333,-198.99999491373697,555.7266642252604,-12.124000000000144,-0.0040000000000005,0.0069999999999895,-0.6660000000000141,0.0158999999999999,3.22999999999978,1.6069999999999969,-0.537000000000002,-59.41099853515627,-8.46799316406261,-0.009381867706689,0.052252074168199,-4,-2,0,Sharp Decline,2.23606797749979,"5d%: -3.92%, MA20: -0.82, RSI: 39.6, VIX: 25.25, ATR: -0.0094, BBW: 0.05, Score: [-4, -2, 0], Dist: 2.24",Sharp Decline,2.23606797749979,Orderly Decline,2.449489742783178,0.21342176528338808,True,2011
2011-08-04,1260.23,1260.23,1199.54,1200.07,4266530000.0,2.58,2.6,2.46,2.46,0.0,73.92,75.32,73.88,75.12,0.0,91.94,92.59,86.04,86.63,535941.0,4.3365,4.362,4.204,4.2355,53999.0,1662.9,1684.9,1642.2,1659.0,310247.0,24.57,32.07,24.31,31.66,0.0,46.56,46.56,44.72,44.74,3448200.0,-269.5599975585937,-269.5599975585937,-269.5599975585937,-269.5599975585937,0.0,527.8499755859375,527.8499755859375,527.8499755859375,527.8499755859375,0.0,-7.734475308879285,-16.61016949152543,1.2126111560226471,-11.0940065681445,-5.235484953574221,2.6481871055562323,33.361415332771706,-8.74974505404854,37.95292015280025,-5.120978159806688,-10.695788063699965,-18.27242524916944,1.4860848419346206,-12.6097044285282,-3.376297479183299,4.536862003780717,80.29612756264237,-12.188420019627088,-551.0709590523259,-10.579368710563797,22.310224724462017,22.89156626506021,49.9159663865547,22.58397932816534,34.416154521510066,75.20117044623261,74.26970788315326,20.685840707964644,35.17135164001961,24.118916989677857,-2.959691729323362,-0.0144436090225564,-0.0928796992481212,-0.1096541353383477,0.0006402255639096,5.344285714285688,0.3702932330827064,-0.1647218045112783,,-2.685760773393461,1238.1533333333334,2.56,74.55666666666667,90.78333333333336,4.318833333333333,1656.6,26.61,46.31,-228.32333374023435,536.47998046875,-11.889000000000154,-0.0890000000000002,0.0249999999999969,-1.2930000000000097,-0.0371500000000002,11.35,-0.1180000000000008,-0.5420000000000067,0.6159973144531434,-3.9920104980468967,-0.0099069220962111,0.108628043641295,-4,-2,0,Sharp Decline,2.23606797749979,"5d%: -7.73%, MA20: -2.96, RSI: 22.3, VIX: 31.66, ATR: -0.0099, BBW: 0.11, Score: [-4, -2, 0], Dist: 2.24",Sharp Decline,2.23606797749979,Orderly Decline,2.449489742783178,0.21342176528338808,True,2011
2011-08-05,1200.28,1218.11,1168.09,1199.38,5454590000.0,2.46,2.58,2.43,2.56,0.0,75.41,75.42,74.46,74.6,0.0,86.5,88.32,82.87,86.88,512488.0,4.2095,4.2265,4.0795,4.117,74313.0,1649.7,1673.0,1644.2,1651.8,218360.0,28.48,39.25,27.54,32.0,0.0,45.42,45.5,43.37,44.57,3477800.0,-282.6499938964844,-282.6499938964844,-282.6499938964844,-282.6499938964844,0.0,522.3699951171875,522.3699951171875,522.3699951171875,522.3699951171875,0.0,-7.188844522858817,-8.896797153024917,0.9472259810554552,-9.21630094043888,-8.092421029132712,1.2628739578224524,26.73267326732673,-8.649313383890133,34.56960718496909,-5.216649777674409,-10.828091775586968,-13.513513513513509,0.5390835579514697,-13.00690898167619,-6.643990929705224,3.1408054948485864,82.64840182648403,-12.607843137254903,-785.8772146951658,-11.291307252721372,23.42920132277783,31.182795698924707,42.81045751633982,25.2597047566976,28.9085545722714,68.76899696048625,73.10748640736094,21.71893147502908,39.25071756498202,25.67596351706355,-3.980406015037614,-0.0169172932330827,-0.0824586466165424,-0.2298345864661662,-0.00153007518797,5.149248120300752,0.4607218045112776,-0.2047067669172948,,-2.846256801060292,1219.93,2.54,74.58666666666667,88.48000000000002,4.226166666666667,1659.0333333333335,29.013333333333325,45.51666666666667,-243.82666524251297,530.8366495768229,-21.102000000000128,-0.0840000000000001,0.2219999999999928,-2.110000000000008,-0.0572000000000009,10.019999999999952,1.2539999999999965,-0.9280000000000036,-11.675001525878889,-5.437005615234405,-0.017594090279978,0.1283600400395057,-4,-2,0,Sharp Decline,2.23606797749979,"5d%: -7.19%, MA20: -3.98, RSI: 23.4, VIX: 32.00, ATR: -0.0176, BBW: 0.13, Score: [-4, -2, 0], Dist: 2.24",Sharp Decline,2.23606797749979,Orderly Decline,2.449489742783178,0.21342176528338808,True,2011
2011-08-08,1198.48,1198.48,1119.28,1119.46,2615150000.0,2.5,2.5,2.33,2.34,0.0,74.47,75.02,73.97,74.79,0.0,85.71,85.73,80.17,81.31,521066.0,4.059,4.125,3.9225,3.9615,70638.0,1681.7,1723.4,1681.7,1713.2,278274.0,36.9,48.0,35.29,48.0,0.0,43.27,43.76,41.19,41.3,4470254.0,-362.9400024414063,-362.9400024414063,-362.9400024414063,-362.9400024414063,0.0,507.3200073242188,507.3200073242188,507.3200073242188,507.3200073242188,0.0,-13.013815717904489,-14.598540145985416,0.7137085914354913,-14.31130783011908,-10.170068027210888,5.642227292347535,102.87404902789515,-14.704667492771597,99.9008632528082,-7.780118551017468,-16.29767539235698,-22.000000000000007,0.985687280583325,-18.034274193548384,-10.098717803245217,6.264731422900383,148.06201550387595,-18.508287292817684,413.570131378458,-12.434406905687313,9.86406413384455,25.663716814159272,46.44628099173561,13.683266038582316,17.04619388418992,79.2383933229004,87.7128635053707,9.082652134423242,25.85917464445002,13.814512975868,-4.929413533834628,-0.0189774436090225,-0.0762330827067666,-0.3673383458646627,-0.0055563909774436,4.831954887218009,0.5323834586466162,-0.2435864661654154,,-3.0856624746681263,1172.97,2.453333333333333,74.83666666666666,84.94000000000001,4.104666666666667,1674.6666666666667,37.21999999999999,43.53666666666666,-305.0499979654948,519.1799926757812,-22.910000000000075,-0.0520000000000004,0.1289999999999871,-2.318000000000004,-0.0745500000000005,7.46999999999989,2.3549999999999995,-0.9910000000000044,-23.559999084472647,-6.695001220703213,-0.0204652243045754,0.1787155050990493,-4,-2,0,Sharp Decline,2.23606797749979,"5d%: -13.01%, MA20: -4.93, RSI: 9.9, VIX: 48.00, ATR: -0.0205, BBW: 0.18, Score: [-4, -2, 0], Dist: 2.24",Sharp Decline,2.23606797749979,Orderly Decline,2.449489742783178,0.21342176528338808,True,2011
2011-08-09,1120.23,1172.88,1101.54,1172.53,2366660000.0,2.39,2.41,2.17,2.18,0.0,74.8,74.94,73.85,74.61,0.0,81.1,83.05,75.71,79.3,605796.0,3.9355,4.0595,3.818,3.97,64955.0,1719.9,1782.5,1717.7,1743.0,398589.0,42.12,47.56,34.28,35.06,0.0,41.73,43.4,40.7,43.39,4033500.0,-244.5599975585937,-244.5599975585937,-244.5599975585937,-244.5599975585937,0.0,520.8900146484375,520.8900146484375,520.8900146484375,520.8900146484375,0.0,-6.500538256050392,-16.793893129770986,0.1342101731311107,-15.449408252478946,-9.670079635949936,5.98966251140165,41.42799515933846,-7.5825346112886045,3.5656806092607907,-3.41367950328948,-11.96825682838567,-26.101694915254235,1.551653736218861,-20.37353147906417,-11.344350156319772,7.805541810984673,73.30696984676224,-13.994053518334992,169.69562939517863,-9.151313667442697,25.30365024646412,19.99999999999997,48.44827586206892,10.185967878275548,18.72483221476508,83.61711919005978,65.65993332025889,23.62385321100919,35.93235724179898,23.76518369818949,-7.186804511278194,-0.0250676691729324,-0.0536315789473704,-0.5869774436090264,-0.0120552631578948,5.346090225563865,0.8470075187969923,-0.3360300751879713,,-3.622195686971344,1163.7900000000002,2.36,74.66666666666667,82.49666666666668,4.016166666666667,1702.6666666666667,38.35333333333333,43.086666666666666,-296.71666463216144,516.8600056966146,-33.01400000000009,-0.0600000000000005,0.1119999999999798,-3.001000000000014,-0.1076000000000003,12.289999999999711,5.504,-1.397000000000009,-35.69799957275389,-8.387994384765685,-0.0281562092227918,0.1961972065380907,-4,-2,0,Sharp Decline,2.23606797749979,"5d%: -6.50%, MA20: -7.19, RSI: 25.3, VIX: 35.06, ATR: -0.0282, BBW: 0.20, Score: [-4, -2, 0], Dist: 2.24",Sharp Decline,2.23606797749979,Orderly Decline,2.449489742783178,0.21342176528338808,True,2011
2011-08-10,1171.77,1171.77,1118.01,1120.76,5018070000.0,2.21,2.22,2.09,2.14,0.0,73.98,74.92,73.82,74.64,0.0,81.9,83.14,79.53,82.89,520144.0,4.035,4.073,3.869,3.8885,62692.0,1747.4,1801.0,1740.2,1784.3,296968.0,39.33,44.41,37.34,42.99,0.0,42.55,43.09,41.48,41.53,2628300.0,-245.94000244140625,-245.94000244140625,-245.94000244140625,-245.94000244140625,0.0,511.1099853515625,511.1099853515625,511.1099853515625,511.1099853515625,0.0,-11.074789342558356,-17.692307692307686,0.8103727714748654,-9.833569019906452,-10.113268608414227,7.081557942747407,83.87510692899916,-12.087214225232856,37.1897119317395,-5.749690007033292,-14.110767957452364,-28.18791946308724,0.7423403968146891,-14.89733059548255,-12.54919599685146,10.476131508884912,87.0757180156658,-15.675126903553291,28.38797534760826,-8.684697330077073,17.60023242300987,14.0495867768595,56.12648221343874,19.078446306169084,18.02325581395345,89.66626457579412,72.15542777487367,17.01680672268907,28.5672216544163,14.744900648719296,-8.477624060150406,-0.0327293233082707,-0.0346390977443632,-0.7785187969924817,-0.0174503759398496,6.246165413533784,0.9556165413533828,-0.3882932330827087,,-3.888548749192328,1137.5833333333333,2.22,74.68,81.16666666666669,3.94,1746.8333333333333,42.01666666666666,42.07333333333333,-284.48000081380206,513.1066691080729,-25.62300000000016,-0.0960000000000001,0.0809999999999886,-3.058000000000014,-0.0986000000000003,20.75999999999988,3.969999999999999,-1.1140000000000096,-22.39599914550779,-6.332989501953135,-0.0228621649594919,0.2259093205196687,-4,-2,0,Sharp Decline,2.23606797749979,"5d%: -11.07%, MA20: -8.48, RSI: 17.6, VIX: 42.99, ATR: -0.0229, BBW: 0.23, Score: [-4, -2, 0], Dist: 2.24",Sharp Decline,2.23606797749979,Orderly Decline,2.449489742783178,0.21342176528338808,True,2011
2011-08-11,1121.3,1186.29,1121.3,1172.64,3685050000.0,2.13,2.36,2.13,2.34,0.0,74.86,75.06,74.33,74.68,0.0,81.95,85.97,81.03,85.72,502092.0,3.8885,4.0715,3.856,4.0085,55858.0,1798.0,1817.6,1734.5,1751.5,347101.0,41.94,42.88,37.5,39.0,0.0,41.93,44.21,41.74,43.66,1865700.0,-79.12999725341797,-79.12999725341797,-79.12999725341797,-79.12999725341797,0.0,524.1699829101562,524.1699829101562,524.1699829101562,524.1699829101562,0.0,-2.2857000008332684,-4.878048780487809,-0.5857294994675133,-1.050444418792562,-5.359461692834389,5.575647980711262,23.18382817435249,-2.413947250782311,-70.64475516764402,-0.6971664006797162,-9.843388407513045,-20.67796610169492,0.6197790353004606,-12.027914614121505,-10.314352835887686,8.371488677143923,64.27969671440607,-10.952478074648187,-59.50358253576093,-5.782442821370093,28.172010332776185,27.20588235294116,54.878048780487816,25.04409171075837,26.858789625360146,78.08988764044943,67.50896641669384,27.56723716381417,43.01502190605697,23.90058651474115,-10.231398496240654,-0.0401804511278196,-0.0228872180451135,-0.8817218045112795,-0.0231864661654136,7.83082706766911,1.1553007518796992,-0.4552105263157905,,-4.132699332559932,1155.31,2.22,74.64333333333333,82.63666666666668,3.955666666666667,1759.6,39.01666666666666,42.85999999999999,-189.8766657511393,518.7233276367188,-18.547000000000185,-0.1020000000000004,-0.0950000000000068,-1.5060000000000044,-0.0841000000000005,34.17999999999976,2.571999999999999,-0.7600000000000074,8.53299865722659,-3.4959960937500405,-0.0158164483558467,0.2359284875953582,-4,-2,0,Sharp Decline,2.23606797749979,"5d%: -2.29%, MA20: -10.23, RSI: 28.2, VIX: 39.00, ATR: -0.0158, BBW: 0.24, Score: [-4, -2, 0], Dist: 2.24",Sharp Decline,2.23606797749979,Orderly Decline,2.449489742783178,0.21342176528338808,True,2011
2011-08-12,1172.87,1189.04,1170.74,1178.81,5640380000.0,2.28,2.31,2.22,2.24,0.0,74.66,74.89,74.37,74.61,0.0,85.55,87.37,84.02,85.38,350091.0,4.045,4.063,3.981,4.012,34415.0,1767.5,1770.9,1725.8,1742.6,210578.0,37.08,37.85,34.01,36.36,0.0,44.11,44.34,43.56,43.9,2156400.0,-28.21999931335449,-28.21999931335449,-28.21999931335449,-28.21999931335449,0.0,527.6599731445312,527.6599731445312,527.6599731445312,527.6599731445312,0.0,-1.7150527772682669,-12.49999999999999,0.013404825737262,-1.7265193370165743,-2.550400777265005,5.497033539169394,13.624999999999998,-1.5032533094009426,-90.01592077738039,1.0126879561979774,-8.780604822484294,-20.284697508896787,0.9607577807848378,-10.783699059561137,-10.436432637571158,6.829328102010779,43.99999999999999,-10.022545603607302,-86.56446380908469,-4.256790205491967,29.841907279381843,23.23943661971829,55.67010309278344,25.33904354032832,27.262247838616616,74.58521870286573,63.68463395012067,29.176904176904173,52.651633388486594,28.07834985592656,-11.087586466165453,-0.0428571428571429,-0.0090751879699267,-0.9589624060150403,-0.0268048872180452,8.707969924812003,1.2773308270676689,-0.4866090225563922,-13.850503649030411,-4.2365036584381,1157.4033333333334,2.24,74.64333333333333,84.66333333333336,3.9696666666666665,1759.4666666666665,39.45,43.03,-117.76333300272624,520.97998046875,-5.218000000000062,-0.0640000000000002,0.0009999999999933,-0.074000000000009,-0.0290000000000002,27.049999999999702,0.8989999999999956,-0.1590000000000002,52.4039993286133,0.7389953613280705,-0.0044264979089081,0.2417577125916312,-3,-2,0,Orderly Decline,1.7320508075688772,"5d%: -1.72%, MA20: -11.09, RSI: 29.8, VIX: 36.36, ATR: -0.0044, BBW: 0.24, Score: [-3, -2, 0], Dist: 1.73",Orderly Decline,1.7320508075688772,Sharp Decline,2.0,0.2679491924311228,True,2011
2011-08-15,1178.86,1204.49,1178.86,1204.49,4272850000.0,2.27,2.29,2.24,2.29,0.0,74.52,74.61,73.76,73.84,0.0,85.59,88.05,84.4,87.88,292796.0,4.0105,4.058,3.988,4.032,26071.0,1747.1,1769.3,1730.8,1758.0,127711.0,34.73,34.83,31.47,31.87,0.0,44.32,44.98,44.28,44.97,1897100.0,89.91999816894531,89.91999816894531,89.91999816894531,89.91999816894531,0.0,541.0,541.0,541.0,541.0,0.0,7.59562646275882,-2.136752136752129,-1.270223291883943,8.080186938875888,1.7796289284361944,2.614989493345776,-33.60416666666667,8.886198547215507,-124.77544430596684,6.638806313478773,-6.406670085629484,-16.423357664233585,-0.5655803932130388,-7.387501317314793,-8.571428571428575,8.404760436578895,34.699915469146234,-7.125154894671626,-149.52632704234642,-1.657819239099778,34.59371902424871,26.760563380281667,53.67793240556663,30.56754065715232,22.671568627450966,75.57971014492753,58.85036496350366,33.99532710280373,60.04918869992061,37.08287448958708,-11.535984962406031,-0.0465338345864662,0.002699248120297,-1.001593984962409,-0.0292936090225565,9.226691729323289,1.314225563909774,-0.5009849624060169,-10.378315670328927,-4.155278347847168,1185.3133333333333,2.29,74.37666666666668,86.32666666666667,4.017499999999999,1750.7,35.743333333333325,44.176666666666655,-5.809999465942383,530.9433186848959,11.880999999999917,-0.0040000000000003,-0.0290000000000054,1.4559999999999895,0.0139499999999995,6.7299999999999365,-1.934000000000004,0.5469999999999958,83.487000656128,4.395989990234358,0.009863925810924,0.2430563904195951,0,-2,0,Orderly Decline,2.449489742783178,"5d%: +7.60%, MA20: -11.54, RSI: 34.6, VIX: 31.87, ATR: 0.0099, BBW: 0.24, Score: [0, -2, 0], Dist: 2.45",Orderly Decline,2.449489742783178,Volatile Chop,2.8284271247461903,0.3789373819630124,True,2011
2011-08-16,1204.22,1204.22,1180.53,1192.76,5071600000.0,2.27,2.3,2.2,2.21,0.0,73.88,74.18,73.77,74.01,0.0,87.68,87.93,85.62,86.65,375339.0,4.028,4.0455,3.9515,3.994,27826.0,1768.5,1790.0,1763.6,1785.0,168060.0,33.36,34.49,31.68,32.85,0.0,44.55,44.92,43.99,44.44,1233500.0,18.059999465942383,18.059999465942383,18.059999465942383,18.059999465942383,0.0,531.8499755859375,531.8499755859375,531.8499755859375,531.8499755859375,0.0,1.72532898945017,1.3761467889908063,-0.8041817450743838,9.268600252206816,0.6045340050377934,2.4096385542168752,-6.303479749001717,2.4199124222170854,-107.3846907287507,2.1040835165360594,-4.887364937602168,-15.64885496183207,-0.6710508656556202,-7.61275189252586,-9.124004550625695,8.543630282760727,32.513110125050424,-5.346112886049004,-107.64800521411964,-1.381422654489517,35.924280083352144,23.8095238095238,49.12663755458518,31.57353445320534,22.49240121580543,78.19449054098905,57.712142522269104,35.379939209726444,62.05322220852305,38.46154234910263,-11.57996240601506,-0.0484887218045113,0.0097819548872153,-1.011360902255641,-0.0310515037593985,9.930300751879631,1.284090225563909,-0.5003157894736865,-6.727090226080184,-3.98791751718163,1192.02,2.2466666666666666,74.15333333333332,86.6366666666667,4.012666666666667,1761.8666666666668,33.693333333333335,44.43666666666666,26.58666610717773,533.5033162434896,12.196999999999916,0.0319999999999995,-0.1570000000000116,1.964999999999988,0.0247499999999996,-1.1700000000000987,-1.3010000000000026,0.5530000000000002,88.66799945831302,5.676995849609341,0.0102258627049866,0.2416185810016501,-1,-2,-1,Sharp Decline,2.23606797749979,"5d%: +1.73%, MA20: -11.58, RSI: 35.9, VIX: 32.85, ATR: 0.0102, BBW: 0.24, Score: [-1, -2, -1], Dist: 2.24",Sharp Decline,2.23606797749979,Orderly Decline,2.449489742783178,0.21342176528338808,True,2011
2011-08-18,1189.62,1189.62,1131.03,1140.65,3234810000.0,2.1,2.11,1.98,2.08,0.0,73.79,74.44,73.73,74.24,0.0,87.41,87.53,81.15,82.38,331275.0,4.035,4.043,3.9275,3.966,37263.0,1792.2,1832.0,1786.8,1822.0,223989.0,36.77,45.28,36.69,42.67,0.0,43.15,43.15,41.83,42.21,2700700.0,-68.12999725341797,-68.12999725341797,-68.12999725341797,-68.12999725341797,0.0,519.6199951171875,519.6199951171875,519.6199951171875,519.6199951171875,0.0,-2.7280324737344763,-11.111111111111104,-0.5891805034815345,-3.8964069062062623,-1.0602469751777366,4.025121324578929,9.410256410256412,-3.3211177278973825,-13.90117576368911,-0.8680366944531115,-4.9513778362928695,-15.44715447154471,-1.1714589989350488,-4.905921736119123,-6.362885137528029,9.825195901145278,34.775742261528755,-5.654894948591871,-74.7254793476511,-1.5591514349535318,32.772058990615136,24.475524475524463,53.37301587301575,30.13126491646777,21.264689423615,79.60893854748602,61.75755939524838,31.94291986827662,57.1588556908854,37.729832643225166,-10.823586466165455,-0.0523684210526316,0.015699248120301,-0.9525413533834632,-0.0317342105263159,11.382781954887198,1.1234812030075183,-0.465834586466167,1.4664284899718758,-3.3838793761748307,1175.7666666666669,2.1533333333333333,73.97333333333334,85.53666666666669,3.9973333333333336,1800.2666666666669,35.7,43.67,-1.689999262491862,528.4333292643229,5.644999999999985,-0.0370000000000002,-0.2620000000000112,0.4989999999999917,0.0028999999999995,12.699999999999871,-1.8350000000000053,0.193999999999997,29.45399932861329,2.3510070800780927,0.0049489326261342,0.2369061252868753,-4,-2,0,Sharp Decline,2.23606797749979,"5d%: -2.73%, MA20: -10.82, RSI: 32.8, VIX: 42.67, ATR: 0.0049, BBW: 0.24, Score: [-4, -2, 0], Dist: 2.24",Sharp Decline,2.23606797749979,Orderly Decline,2.449489742783178,0.21342176528338808,True,2011
2011-08-19,1140.47,1154.54,1122.05,1123.53,5167560000.0,2.11,2.12,2.07,2.07,0.0,74.34,74.46,73.62,73.99,0.0,81.3,83.55,79.17,82.26,148811.0,3.945,4.0145,3.9255,3.9835,33162.0,1827.1,1881.4,1824.5,1852.2,281310.0,45.34,45.4,39.99,43.05,0.0,41.6,42.77,41.47,41.51,1370900.0,-126.18000030517578,-126.18000030517578,-126.18000030517578,-126.18000030517578,0.0,510.0400085449219,510.0400085449219,510.0400085449219,510.0400085449219,0.0,-4.689474979004249,-7.589285714285731,-0.8309878032435436,-3.6542515811665344,-0.7103688933200347,6.289452542178364,18.399339933993385,-5.444191343963556,347.12970721251537,-3.339264961601152,-6.324100785405806,-19.14062500000001,-0.8176943699731876,-5.317679558011035,-3.242652416808356,12.132219397021426,34.53124999999999,-6.86560466681625,-55.35821580403536,-2.3603933394948373,31.91767179373685,25.54744525547443,47.261663286003966,30.76454462381968,24.658348187759927,83.61038203557888,63.304514889529294,31.374663072776272,52.71279082315513,35.36586860602688,-10.622195488721836,-0.0526466165413533,0.0114135338345859,-0.9460526315789488,-0.0328646616541354,11.950902255639042,1.1383909774436085,-0.4562857142857162,5.368105164147859,-2.999338020955728,1152.69,2.106666666666667,73.96666666666667,84.07333333333335,3.993833333333333,1822.6666666666667,39.1,42.69333333333333,-49.76999918619792,521.163340250651,-8.691999999999938,-0.0440000000000002,-0.0910000000000073,-0.630000000000006,-0.0092,19.45999999999989,1.2329999999999954,-0.3989999999999952,-12.473999404907229,-2.324993896484373,-0.0077363310280988,0.2340934568801576,-4,-2,0,Sharp Decline,2.23606797749979,"5d%: -4.69%, MA20: -10.62, RSI: 31.9, VIX: 43.05, ATR: -0.0077, BBW: 0.23, Score: [-4, -2, 0], Dist: 2.24",Sharp Decline,2.23606797749979,Orderly Decline,2.449489742783178,0.21342176528338808,True,2011
2011-08-22,1123.55,1145.49,1121.09,1123.82,5436260000.0,2.12,2.13,2.08,2.09,0.0,74.12,74.17,73.81,74.07,0.0,82.42,84.67,81.13,84.12,374045.0,3.956,4.016,3.93,3.9555,32522.0,1862.9,1904.0,1858.0,1891.9,253907.0,38.8,43.58,38.78,42.44,0.0,42.29,42.55,41.42,41.57,922500.0,-104.33999633789062,-104.33999633789062,-104.33999633789062,-104.33999633789062,0.0,510.0700073242188,510.0700073242188,510.0700073242188,510.0700073242188,0.0,-6.697440410464184,-8.733624454148481,0.3114842903575221,-4.278561675011372,-1.8973214285714304,7.616609783845285,33.16598682146217,-7.560595952857463,-216.0364751585653,-5.717189034340331,0.389473496149928,-10.68376068376068,-0.96269554753311,3.455909482228514,-0.1514577811435158,10.43077282278777,-11.583333333333334,0.653753026634396,-71.2514477224826,0.5420641725731423,34.46869409660107,29.13385826771652,45.37815126050411,35.60583506996129,24.28320655354007,84.38021122846025,62.19765031098825,34.30571761960327,56.670175615652,38.41460139933224,-10.340624060150398,-0.0524586466165414,0.0060676691729305,-0.9044060150375968,-0.0326988721804511,12.826015037593924,1.1203383458646616,-0.4428045112781971,8.33991713846537,-2.668104794150918,1129.3333333333333,2.08,74.1,82.92000000000002,3.968333333333333,1855.3666666666668,42.71999999999999,41.76333333333333,-99.5499979654948,513.2433369954427,-21.403000000000137,-0.0570000000000004,0.0529999999999863,-1.5510000000000077,-0.0125000000000005,22.53999999999988,3.2179999999999955,-0.9150000000000033,-51.83899936676027,-7.41499633789063,-0.0190448648360058,0.2273481593073247,-4,-2,0,Sharp Decline,2.23606797749979,"5d%: -6.70%, MA20: -10.34, RSI: 34.5, VIX: 42.44, ATR: -0.0190, BBW: 0.23, Score: [-4, -2, 0], Dist: 2.24",Sharp Decline,2.23606797749979,Orderly Decline,2.449489742783178,0.21342176528338808,True,2011
2011-08-23,1124.36,1162.35,1124.36,1162.35,5013170000.0,2.16,2.16,2.06,2.14,0.0,73.88,74.16,73.57,73.87,0.0,84.45,86.39,83.4,85.44,353947.0,3.9405,4.038,3.933,3.996,36416.0,1900.2,1917.9,1826.0,1861.3,366699.0,41.89,42.54,35.83,36.27,0.0,41.71,43.08,41.48,43.08,1333200.0,22.5,22.5,22.5,22.5,0.0,522.7899780273438,522.7899780273438,522.7899780273438,522.7899780273438,0.0,-2.549548945303337,-3.1674208144796268,-0.1891636265369589,-1.3964223889209593,0.0500751126689902,4.274509803921567,10.410958904109592,-3.060306030603055,24.58472129210516,-1.7034874446712922,-0.8682080629067168,-1.834862385321101,-0.9918241522584026,7.742749054224474,0.654911838790917,6.787148594377501,3.451226468910451,-0.7144503341783848,-109.20019636269798,0.3647532733351832,39.14815389045161,32.30769230769231,48.10690423162583,40.18154311649015,30.024213075060544,76.45143787303307,58.35818959927376,38.67102396514161,59.53589501733979,42.82455455542234,-9.841684210526363,-0.050015037593985,-3.0075187972538684e-05,-0.8202857142857133,-0.032346992481203,14.060225563909722,1.0840751879699249,-0.419248120300753,10.108917181832448,-2.367916732443917,1136.5666666666666,2.1,73.97666666666667,83.94000000000001,3.978333333333333,1868.4666666666665,40.586666666666666,42.05333333333333,-69.33999888102214,514.2999979654948,-20.8240000000002,-0.0340000000000002,0.043999999999985,-1.038000000000003,-0.0125500000000006,27.21999999999974,3.064999999999999,-0.8590000000000021,-41.5979991912842,-6.734994506836008,-0.0179154299479504,0.2096558955251311,-4,-2,0,Sharp Decline,2.23606797749979,"5d%: -2.55%, MA20: -9.84, RSI: 39.1, VIX: 36.27, ATR: -0.0179, BBW: 0.21, Score: [-4, -2, 0], Dist: 2.24",Sharp Decline,2.23606797749979,Orderly Decline,2.449489742783178,0.21342176528338808,True,2011
2011-08-26,1158.85,1181.23,1135.91,1176.8,5035320000.0,2.19,2.22,2.12,2.19,0.0,74.26,74.46,73.71,73.81,0.0,85.09,85.64,82.95,85.37,283261.0,4.08,4.126,4.0455,4.099,42132.0,1776.4,1832.5,1759.5,1797.3,265243.0,41.18,43.84,34.33,35.59,0.0,42.65,43.9,41.97,43.67,985000.0,86.48999786376953,86.48999786376953,86.48999786376953,86.48999786376953,0.0,530.0399780273438,530.0399780273438,530.0399780273438,530.0399780273438,0.0,4.741306418164171,5.797101449275366,-0.2432761183943643,3.780695356187702,2.899460273628729,-2.9640427599611274,-17.328687572589995,5.203565405926303,-168.54493394720797,3.9212550284984937,-0.1705109389978032,-2.2321428571428714,-1.0722423267658487,-0.0117123448114209,2.1684945164506697,3.1389877194996085,-2.117711771177111,-0.5239179954441897,-406.484762467163,0.4510489716756716,57.92602012606435,42.71844660194175,36.31284916201111,59.054415700267626,62.17891939769709,59.62903595145407,39.80949252750863,58.07770961145196,70.37214986130903,58.90838940902861,-6.035503759398522,-0.0319548872180452,-0.0264812030075209,-0.4384135338345875,-0.0214274436090226,11.534887218045103,0.7241203007518793,-0.2578496240601508,16.520804396787096,-1.1131720521396469,1171.2233333333331,2.223333333333333,74.03333333333335,85.27666666666669,4.058666666666667,1772.5999999999997,37.08333333333332,43.43333333333333,54.553332249323525,526.7933349609375,12.52599999999992,0.0469999999999999,0.051999999999994,0.7119999999999979,0.0233499999999995,-31.26000000000004,-1.312000000000004,0.4939999999999959,43.12599959373476,4.052001953124918,0.0106441196464989,0.1573806153472234,0,1,-1,Trend Pullback,1.4142135623730951,"5d%: +4.74%, MA20: -6.04, RSI: 57.9, VIX: 35.59, ATR: 0.0106, BBW: 0.16, Score: [0, 1, -1], Dist: 1.41",Trend Pullback,1.4142135623730951,Volatile Chop,1.4142135623730951,0.0,True,2011
2011-09-07,1165.85,1198.62,1165.85,1198.62,4441040000.0,2.02,2.06,2.01,2.04,0.0,75.86,76.0,74.67,75.46,0.0,86.5,90.48,86.15,89.34,313728.0,4.0615,4.149,4.0605,4.132,26923.0,1876.0,1883.2,1793.8,1817.6,316257.0,34.24,34.7,33.38,33.38,0.0,44.1,44.92,44.04,44.91,595900.0,77.91000366210938,77.91000366210938,77.91000366210938,77.91000366210938,0.0,536.4000244140625,536.4000244140625,536.4000244140625,536.4000244140625,0.0,-1.1789730567556167,-6.422018348623859,2.0557208547470784,0.4949381327334023,-0.2293854883496315,-0.666739534375349,1.4898145332927992,-1.0138858276394158,-61.78259421718393,-1.919912146877212,3.120402632597763,-4.672897196261683,2.1524299444970696,4.564606741573041,3.4034034034033933,-2.347821415139961,-7.968017645436998,4.247910863509752,246.2666829427084,2.6033487554742107,50.817179779551466,42.52873563218392,68.92177589852004,54.64135021097048,57.83699059561127,52.77907519850536,52.20372184133203,52.22312045270815,51.53933241502031,51.01269092423829,1.6440751879699076,-0.006390977443609,0.0128195488721788,0.2307443609022569,0.0099943609022555,4.941353669172925,-0.2215488721804507,0.0760827067669157,14.241849640975325,0.903933761711399,1179.2766666666666,2.0066666666666664,75.37666666666667,87.27000000000002,4.0986666666666665,1854.8000066666664,34.766666666666666,44.03999999999999,18.45333480834961,530.1666870117188,-14.028000000000144,-0.062,0.4579999999999935,-0.812000000000011,-0.0284000000000001,12.540003999999971,1.0519999999999987,-0.5760000000000096,-69.47300033569336,-6.839001464843803,-0.0117034589778246,0.1031994411220967,1,1,0,Trend Pullback,2.0,"5d%: -1.18%, MA20: +1.64, RSI: 50.8, VIX: 33.38, ATR: -0.0117, BBW: 0.10, Score: [1, 1, 0], Dist: 2.00",Trend Pullback,2.0,Steady Climb,2.23606797749979,0.2360679774997898,True,2011
2011-09-12,1153.5,1162.52,1136.07,1162.27,5168550000.0,1.9,1.95,1.9,1.93,0.0,77.37,77.78,77.04,77.57,0.0,86.7,88.95,85.0,88.19,355070.0,3.9945,3.999,3.905,3.9655,35338.0,1862.2,1865.2,1804.0,1813.3,226772.0,42.56,43.18,38.58,38.59,0.0,42.5,43.41,42.35,43.37,1014200.0,-76.06999969482422,-76.06999969482422,-76.06999969482422,-76.06999969482422,0.0,514.969970703125,514.969970703125,514.969970703125,514.969970703125,0.0,-0.9966183122226302,-3.500000000000003,3.772575250836119,2.0127241179872746,-3.855012728815621,-3.3885662528637672,13.767688679245293,-0.8685714285714297,-547.4705864401425,-2.9329270228816484,-1.2347042828008137,-11.87214611872146,5.094160682834281,3.3032681269766773,-3.2568919248597283,0.8902242252267323,8.429334082607465,-0.6869704602702198,-187.9523662546993,-2.8431831463552992,57.089125705225136,40.909090909090914,79.46127946127947,63.7221847606203,50.698324022346384,40.602582496413206,44.33323520753607,57.79896013864818,51.32091676281869,51.95186623610089,0.7971729323308416,-0.0114661654135338,0.1129849624060131,0.1779172932330805,0.0075056390977443,4.018797187969865,-0.1081879699248119,0.0475413533834578,2.7940301172715385,0.2417683536844885,1167.466666666667,1.9466666666666663,77.0,88.16000000000001,4.037166666666667,1843.4333333333327,37.14333333333334,43.59333333333333,-59.79666709899902,518.6799926757812,-1.88200000000018,-0.015,0.5199999999999927,0.4609999999999863,-0.0140000000000004,-4.72000200000009,0.6519999999999969,-0.0450000000000056,-19.392000389099124,-2.910003662109481,-0.001619245097955,0.0959510672725443,1,1,0,Trend Pullback,2.0,"5d%: -1.00%, MA20: +0.80, RSI: 57.1, VIX: 38.59, ATR: -0.0016, BBW: 0.10, Score: [1, 1, 0], Dist: 2.00",Trend Pullback,2.0,Steady Climb,2.23606797749979,0.2360679774997898,True,2011
2011-09-14,1173.32,1202.38,1162.73,1188.68,4986740000.0,2.03,2.03,1.96,2.01,0.0,77.06,77.62,76.67,76.83,0.0,89.88,90.25,88.21,88.91,330978.0,3.972,4.011,3.885,3.898,49048.0,1837.3,1848.2,1811.5,1826.5,172648.0,36.59,37.76,33.4,34.6,0.0,44.14,45.09,43.48,44.57,789701.0,73.51000213623047,73.51000213623047,73.51000213623047,73.51000213623047,0.0,532.1900024414062,532.1900024414062,532.1900024414062,532.1900024414062,0.0,-0.8292870133987273,-1.4705882352941346,1.8155314073681428,-0.4813073651220079,-5.663117134559526,0.4896566901408494,3.654883163570988,-0.7570696949454336,-5.647543728737869,-0.7848661038476035,-1.9984829997032,-7.798165137614699,3.9085745198809807,0.0112485939257389,-5.879512254014241,-0.1803475789703745,5.19914867740956,-1.7632797002424483,-63.94093892075768,-2.689709511060323,52.2721679927816,34.17721518987341,72.23974763406933,61.32930513595164,43.33333333333333,61.3815789473684,47.93125397835773,53.96975425330816,49.69726249138805,50.887619255897874,0.960390977443603,-0.0119248120300752,0.1774436090225548,0.2563533834586435,0.0037864661654134,1.7954888571428158,-0.103293233082707,0.0600150375939831,0.6474511325807496,0.1055867130594892,1174.6066666666668,1.9766666666666663,77.10333333333332,89.10333333333335,3.9445,1823.3,36.7,43.94333333333333,0.0466674963633219,523.5299886067709,-7.513000000000043,-0.016,0.4229999999999919,0.0879999999999812,-0.0502000000000005,-1.9200000000001187,1.1329999999999965,-0.2980000000000017,-21.932000684738167,-3.758007812500032,-0.0063204563044722,0.0931713030360747,1,1,0,Trend Pullback,2.0,"5d%: -0.83%, MA20: +0.96, RSI: 52.3, VIX: 34.60, ATR: -0.0063, BBW: 0.09, Score: [1, 1, 0], Dist: 2.00",Trend Pullback,2.0,Steady Climb,2.23606797749979,0.2360679774997898,True,2011
2011-09-19,1214.99,1214.99,1188.36,1204.09,4254190000.0,1.99,1.99,1.93,1.94,0.0,77.44,77.52,76.93,77.39,0.0,87.75,87.75,84.79,85.7,132221.0,3.91,3.915,3.7655,3.7825,47106.0,1820.0,1832.9,1771.0,1778.9,189056.0,34.8,35.33,32.35,32.73,0.0,44.47,45.0,44.17,44.74,1045300.0,36.11000061035156,36.11000061035156,36.11000061035156,36.11000061035156,0.0,532.3099975585938,532.3099975585938,532.3099975585938,532.3099975585938,0.0,3.598131243170677,0.5181347150259086,-0.2320484723475457,-2.823449370676945,-4.614802673055096,-1.8970936965753027,-15.185281160922536,3.1588655752824657,-147.46943703853924,3.3671918445639104,2.5656532960808054,-3.0000000000000027,3.5317725752508355,-0.8675534991324452,-8.291914171414716,-5.2213756726517175,-3.5082547169811407,2.262857142857144,112.41176829618564,0.3355075421607623,48.60000934885242,31.034482758620683,75.31034482758616,45.78636607622119,32.43553008595987,48.29530201342285,50.88408644400785,47.50566893424037,41.514329517402125,44.82537918165621,2.209187969924815,-0.0108421052631579,0.1997669172932313,0.2768345864661623,-0.0038424812030075,-0.3706766466165867,-0.2787744360902251,0.1084511278195489,2.4446842451740936,0.541481580232303,1209.736666666667,2.036666666666666,76.73666666666666,87.68666666666668,3.890333333333334,1791.6666666666667,31.89333333333333,45.126666666666665,99.27666727701823,538.4533487955729,14.37199999999993,0.0399999999999999,-0.2650000000000101,-0.1270000000000072,-0.0081000000000007,-4.590000000000208,-2.0160000000000022,0.5339999999999913,53.65200011730196,7.17101440429683,0.0119359848516306,0.0855405932186331,4,0,-1,Steady Climb,3.741657386773941,"5d%: +3.60%, MA20: +2.21, RSI: 48.6, VIX: 32.73, ATR: 0.0119, BBW: 0.09, Score: [4, 0, -1], Dist: 3.74",Steady Climb,3.7416573867739413,Volatile Chop,4.123105625617661,0.38144823884371926,True,2011
2011-09-21,1203.63,1206.3,1166.21,1166.76,4728550000.0,1.93,1.96,1.86,1.88,0.0,77.06,77.84,76.79,77.34,0.0,86.51,87.99,84.92,85.92,298905.0,3.7085,3.784,3.691,3.764,47268.0,1806.0,1819.4,1781.0,1808.1,190869.0,33.0,37.32,32.45,37.32,0.0,44.54,44.68,42.97,42.97,845400.0,-91.0999984741211,-91.0999984741211,-91.0999984741211,-91.0999984741211,0.0,515.3800048828125,515.3800048828125,515.3800048828125,515.3800048828125,0.0,-1.8440623212302776,-6.467661691542281,0.663803201874269,-3.3629512990664634,-3.4376603386352067,-1.0073911853271331,7.861271676300574,-3.5898586493156914,-223.9287115041739,-3.1586458748714463,-2.658056765280059,-7.843137254901967,2.491386164855558,-3.828072531900606,-8.906098741529522,-0.5226672535211252,11.803475134811258,-4.319750612335782,-216.92978332951424,-3.918720837906609,39.24932975871311,29.268292682926827,71.37150466045273,42.42265338227584,24.164222873900272,46.75467546754673,60.12073863636363,36.5079365079365,34.44756147747191,34.33039256873454,0.9793609022556206,-0.0151654135338345,0.2151654135338342,0.1181804511278163,-0.0141500000000001,0.1808270526315337,-0.1171954887218048,0.0450601503759387,-3.7035563282500537,-0.1091730791823342,1190.9799999999998,1.923333333333333,77.25333333333333,86.17000000000002,3.757333333333333,1798.7,34.303333333333335,44.086666666666666,-18.75999927520752,525.0133260091146,2.1799999999999504,-0.0269999999999999,0.1549999999999992,-0.7740000000000113,-0.0519500000000003,-3.730000000000109,-0.2720000000000041,-0.0610000000000066,-24.98500041961672,-1.839007568359444,0.001868421954815,0.0707707693585277,1,-2,0,Volatile Chop,3.0,"5d%: -1.84%, MA20: +0.98, RSI: 39.2, VIX: 37.32, ATR: 0.0019, BBW: 0.07, Score: [1, -2, 0], Dist: 3.00",Volatile Chop,3.0,Orderly Decline,3.3166247903554,0.3166247903553998,True,2011
2011-09-30,1159.93,1159.93,1131.34,1131.42,4416790000.0,1.95,1.96,1.89,1.92,0.0,77.96,78.8,77.42,78.55,0.0,83.07,83.23,78.6,79.2,367957.0,3.23,3.318,3.095,3.152,76052.0,1618.3,1642.5,1607.8,1622.3,152884.0,40.93,42.99,39.88,42.96,0.0,42.02,42.28,41.38,41.4,851200.0,-39.97999954223633,-39.97999954223633,-39.97999954223633,-39.97999954223633,0.0,512.6699829101562,512.6699829101562,512.6699829101562,512.6699829101562,0.0,-0.4408542541115556,6.077348066298338,0.319284802043418,-0.8140262993111991,-3.902439024390236,-1.0672033174777384,4.145454545454541,-1.027970356203678,-60.9265054129406,0.9014124673337952,-6.9563572667987845,-7.692307692307699,2.5724732306085185,-9.95907230559344,-19.82703802619865,-10.602303411032132,38.67010974822467,-8.669755129053602,-131.8921500858185,-5.41668261900633,43.79650110597228,49.47368421052632,57.8778135048232,33.62477231329693,19.566030677141768,29.979035639412984,56.96969696969697,40.53794428434199,51.75745300333396,49.05428114525266,-1.5586466165413817,-0.0070526315789474,0.1608947368421041,-0.4250150375939852,-0.0522315789473684,-13.749624285714306,0.3045338345864655,-0.1046616541353397,-2.665157993754052,-0.8159104885015345,1147.6266666666668,1.96,78.10666666666667,80.85000000000002,3.214833333333333,1619.2333333333331,40.96,42.083333333333336,-4.476666768391927,517.3699951171875,3.604999999999788,0.0399999999999997,-0.1270000000000132,0.5549999999999925,-0.0104500000000002,-2.1700000000001087,-0.2760000000000062,0.0919999999999961,29.071999835968032,2.9709960937499376,0.0031862615120819,0.0867922201453693,-2,0,0,Trend Pullback,1.4142135623730951,"5d%: -0.44%, MA20: -1.56, RSI: 43.8, VIX: 42.96, ATR: 0.0032, BBW: 0.09, Score: [-2, 0, 0], Dist: 1.41",Trend Pullback,1.4142135623730951,Orderly Decline,1.4142135623730951,0.0,True,2011
2011-10-03,1131.21,1138.99,1098.92,1099.23,5670340000.0,1.88,1.89,1.78,1.79,0.0,78.93,79.57,78.79,79.45,0.0,78.92,79.64,76.65,77.61,392782.0,3.14,3.179,2.994,3.1505,72694.0,1625.1,1667.0,1620.0,1657.7,141395.0,44.25,45.55,41.51,45.45,0.0,41.08,41.67,39.89,39.89,2085400.0,-133.00999450683594,-133.00999450683594,-133.00999450683594,-133.00999450683594,0.0,499.6400146484375,499.6400146484375,499.6400146484375,499.6400146484375,0.0,-5.47916935379853,-5.789473684210522,1.391015824400199,-3.2776669990029816,-4.035942735303067,3.944068221720598,16.478728856996415,-6.951247958945639,1037.8100879493334,-3.4101480144932528,-8.708651346660123,-7.731958762886593,2.661842615324983,-9.43990665110852,-16.708526107072043,-6.813199168025186,38.86342804766272,-10.84041126508717,-468.3466969222545,-6.137397956077296,36.37507400828898,40.19607843137256,69.65944272445827,26.68393782383424,19.27259092613421,32.60694108151736,63.27736318407961,32.456140350877206,43.481936346105456,40.57224666790508,-1.746827067669201,-0.0048646616541354,0.1458796992481183,-0.4738045112781981,-0.0551650375939851,-14.981804766917286,0.3316917293233084,-0.1158345864661662,-1.378353443540129,-0.7076550017622372,1130.35,1.89,78.64,79.65000000000002,3.1828333333333334,1632.4333333333334,42.41666666666666,41.29666666666666,-41.71666463216146,512.0133260091146,-7.804000000000093,-0.0020000000000002,0.0789999999999893,-0.4390000000000032,-0.04555,1.9799999999997933,0.9009999999999948,-0.3790000000000028,-8.668999671936033,-1.3160095214844345,-0.0070995151151261,0.1034616263525164,-4,-2,0,Sharp Decline,2.23606797749979,"5d%: -5.48%, MA20: -1.75, RSI: 36.4, VIX: 45.45, ATR: -0.0071, BBW: 0.10, Score: [-4, -2, 0], Dist: 2.24",Sharp Decline,2.23606797749979,Orderly Decline,2.449489742783178,0.21342176528338808,True,2011
2011-10-04,1097.42,1125.12,1074.77,1123.95,3714670000.0,1.74,1.84,1.72,1.78,0.0,79.6,79.6,79.6,79.6,0.0,76.4,77.99,74.95,75.67,428113.0,3.051,3.155,3.031,3.1035,64204.0,1662.5,1681.5,1597.6,1616.0,200942.0,46.18,46.88,40.02,40.82,0.0,39.46,41.15,39.03,41.06,3621623.0,-65.0,-65.0,-65.0,-65.0,0.0,506.1199951171875,506.1199951171875,506.1199951171875,506.1199951171875,0.0,-4.375606186935299,-11.88118811881188,2.696426267578356,-10.39668442865601,-9.768861753161795,-2.2087745839636908,8.247149297268619,-5.500575373993099,-183.38678966614864,-4.08398970775602,-6.500345232054161,-8.717948717948708,3.336362456185893,-12.912878351939227,-16.69574553751174,-10.673815709468792,24.22398052343276,-7.833894500561156,4938.759838925143,-4.025785806695337,38.40587497761062,38.61386138613862,71.20980091883615,26.0665220535069,19.64081008788688,30.27918306164512,59.01972157772622,35.23969722455848,43.3295125000294,39.47855762011457,-2.765879699248137,-0.0065563909774436,0.1418646616541327,-0.5698345864661648,-0.0571718045112782,-14.642556676691733,0.4108270676691721,-0.1637593984962408,-2.9141503694362227,-0.9352559254581782,1118.2,1.83,79.19999999999999,77.49333333333335,3.135333333333333,1632.0,43.07666666666668,40.78333333333333,-79.32999801635742,506.1433308919271,-17.194000000000138,-0.0540000000000002,0.4579999999999889,-1.569000000000012,-0.0672500000000003,1.4599999999998947,1.7359999999999944,-0.7970000000000028,-44.060998153686526,-5.909997558593839,-0.0152978335335202,0.1091647352609714,-4,-2,0,Sharp Decline,2.23606797749979,"5d%: -4.38%, MA20: -2.77, RSI: 38.4, VIX: 40.82, ATR: -0.0153, BBW: 0.11, Score: [-4, -2, 0], Dist: 2.24",Sharp Decline,2.23606797749979,Orderly Decline,2.449489742783178,0.21342176528338808,True,2011
2011-10-05,1124.03,1146.07,1115.68,1144.03,2510620000.0,1.86,1.91,1.84,1.91,0.0,79.1,79.83,78.8,78.91,0.0,78.25,79.82,76.94,79.68,336067.0,3.135,3.1705,3.0255,3.106,59890.0,1626.8,1648.9,1596.6,1641.6,154703.0,40.73,41.2,37.51,37.81,0.0,41.19,42.12,40.82,41.99,1813100.0,13.260000228881836,13.260000228881836,13.260000228881836,13.260000228881836,0.0,513.9099731445312,513.9099731445312,513.9099731445312,513.9099731445312,0.0,-0.6107414035758318,-4.500000000000004,1.3615928066795124,-1.884004432951592,-4.327737563529965,1.4523206229528407,-7.960077896786744,-0.6153846153846065,-162.28276025676908,-0.3490428247330923,-1.948129863896608,1.5957446808510634,2.029997414016016,-7.262569832402232,-17.48140276301806,-9.208561473369835,1.312968917470525,-2.280660926227596,-114.5554340845007,-0.2852325903903718,38.32855093256819,41.50943396226416,70.1357466063349,34.41308531109688,16.01437699680511,36.4060676779463,58.37636259323007,36.25827814569536,44.15834618758059,38.96618693026334,-3.457240601503791,-0.008390977443609,0.1513984962406008,-0.6870751879699267,-0.0597274436090226,-14.679924812030125,0.4551127819548866,-0.1937443609022557,-4.145691730922329,-1.133729633532089,1122.4033333333334,1.8266666666666669,79.32,77.65333333333336,3.12,1638.4333333333332,41.36,40.98,-61.5833314259847,506.55666097005206,-11.539000000000138,-0.0610000000000001,0.5029999999999926,-1.5610000000000053,-0.0381500000000003,3.619999999999677,0.608999999999997,-0.5090000000000044,-26.826999282836915,-4.32700195312508,-0.0100862739613472,0.1074996494651585,-3,-2,0,Orderly Decline,1.7320508075688772,"5d%: -0.61%, MA20: -3.46, RSI: 38.3, VIX: 37.81, ATR: -0.0101, BBW: 0.11, Score: [-3, -2, 0], Dist: 1.73",Orderly Decline,1.7320508075688772,Sharp Decline,2.0,0.2679491924311228,True,2011
2011-10-06,1144.11,1165.55,1134.95,1164.97,5098330000.0,1.92,1.99,1.92,1.99,0.0,78.95,79.5,78.52,78.53,0.0,79.71,82.9,79.08,82.59,386089.0,3.127,3.2805,3.1185,3.2465,48100.0,1643.5,1657.0,1633.2,1653.2,124276.0,38.24,38.74,36.15,36.27,0.0,41.96,43.0,41.7,42.96,1677700.0,106.23999786376952,106.23999786376952,106.23999786376952,106.23999786376952,0.0,525.4600219726562,525.4600219726562,525.4600219726562,525.4600219726562,0.0,0.3938297138917468,1.5306122448979664,0.7828542094455937,0.5478451424397512,0.0154035736290802,2.219748964323265,-6.616889804325443,0.8450704225352101,122.07357342163908,0.3303308132862392,3.1348489677396563,15.697674418604656,0.1913753508548277,2.583529996273759,-6.93707897377096,-5.081242464259061,-12.285368802902052,3.4183919114106898,-161.7961836873496,4.44444754479687,41.28534353230435,46.017699115044245,64.61769115442287,41.77641653905056,24.94513533284565,33.60406091370558,57.46964134425304,40.90560245587108,49.15816897000323,43.78888197450423,-3.2726015037594056,-0.0071203007518797,0.1382781954887213,-0.6790451127819561,-0.0593793233082707,-14.795563909774458,0.3934962406015041,-0.1839398496240616,-2.3663307865759475,-0.9920981041470934,1144.3166666666666,1.893333333333333,79.01333333333334,79.31333333333335,3.152,1636.9333333333334,38.3,42.00333333333333,18.166666030883786,515.163330078125,-4.021000000000033,-0.0240000000000004,0.3029999999999891,-0.8450000000000097,-0.0328499999999999,4.229999999999649,-0.4200000000000002,-0.1560000000000052,-9.41800003051758,-2.619000244140663,-0.0034515910280951,0.106115703819125,-2,0,0,Trend Pullback,1.4142135623730951,"5d%: +0.39%, MA20: -3.27, RSI: 41.3, VIX: 36.27, ATR: -0.0035, BBW: 0.11, Score: [-2, 0, 0], Dist: 1.41",Trend Pullback,1.4142135623730951,Orderly Decline,1.4142135623730951,0.0,True,2011
2011-10-11,1194.6,1199.24,1187.3,1195.54,4424500000.0,2.15,2.18,2.13,2.16,0.0,77.61,78.69,77.34,77.58,0.0,85.7,86.64,83.97,85.81,362324.0,3.361,3.387,3.2305,3.2905,43417.0,1678.3,1686.7,1655.4,1661.0,110057.0,33.95,34.24,32.62,32.86,0.0,43.68,44.14,43.6,44.02,789100.0,138.89999389648438,138.89999389648438,138.89999389648438,138.89999389648438,0.0,531.75,531.75,531.75,531.75,0.0,6.3695004226166585,21.34831460674158,-2.53768844221105,13.400290736090923,6.02545513130337,2.784653465346532,-19.500244977951983,7.208962493911342,-313.6922983022837,5.064017452398439,1.715189981112486,6.930693069306937,0.0903109276222391,1.6104203670811224,-4.332025003634232,0.5143721633888099,-12.861309997348192,1.3118527042577766,78.1911473180842,0.7732137930875016,54.9082474930077,62.962962962962976,51.84049079754598,49.82511923688394,32.08475217555808,34.91900758663114,43.13423645320197,54.13711583924351,60.35289851091292,56.30537355328767,-2.697999999999979,-0.0015112781954887,0.1202556390977435,-0.4708646616541367,-0.0462616541353384,-11.673984962406102,0.2511203007518796,-0.1497293233082707,-0.3288270188453497,-0.853150744904263,1181.9633333333334,2.103333333333333,77.96666666666665,84.73333333333335,3.310666666666666,1655.8666666666668,34.026666666666664,43.48666666666666,104.98333358764648,526.5633341471354,15.33099999999988,0.0759999999999999,-0.418999999999998,2.277999999999996,0.0696499999999996,10.379999999999752,-1.7210000000000092,0.6289999999999946,43.6890012741089,5.266003417968681,0.0128234939859811,0.1110688964468878,0,1,-1,Trend Pullback,1.4142135623730951,"5d%: +6.37%, MA20: -2.70, RSI: 54.9, VIX: 32.86, ATR: 0.0128, BBW: 0.11, Score: [0, 1, -1], Dist: 1.41",Trend Pullback,1.4142135623730951,Volatile Chop,1.4142135623730951,0.0,True,2011
2011-10-12,1196.19,1220.25,1196.19,1207.25,5355360000.0,2.23,2.27,2.19,2.23,0.0,77.61,77.94,76.79,76.99,0.0,85.2,86.59,84.52,85.57,294230.0,3.275,3.4115,3.2385,3.3935,47030.0,1664.7,1693.9,1662.0,1682.6,112765.0,31.57,31.93,29.79,31.26,0.0,44.38,45.04,44.28,44.49,1714700.0,193.8600006103516,193.8600006103516,193.8600006103516,193.8600006103516,0.0,540.5999755859375,540.5999755859375,540.5999755859375,540.5999755859375,0.0,5.526078861568329,16.753926701570677,-2.4331516918007834,7.392068273092356,9.256278171281384,2.497563352826515,-17.323459402274533,5.953798523457965,1361.9909295936643,5.1935171209257724,4.881587406390642,11.5,-1.104688503532436,5.368796946188903,4.5279531803480655,3.9861566034237614,-23.904576436222,5.301775147929,-1010.5683056545316,4.826346697330797,64.51118831484177,75.75757575757575,38.550247116968656,59.62709284627088,45.865970409051336,43.328065025965216,33.211314475873536,62.57459505541346,66.85715329678109,64.83621352670653,-2.1214210526316224,0.0022857142857142,0.1000526315789486,-0.326699248120301,-0.0409492481203007,-10.192556390977517,0.1767969924812026,-0.1205639097744365,1.4608270071502891,-0.6537373707706914,1199.2266666666667,2.1566666666666667,77.39,85.59666666666669,3.3506666666666667,1671.4666666666665,32.38,44.156666666666666,158.95333353678384,534.4066569010416,13.293999999999864,0.0589999999999997,-0.3590000000000067,1.5079999999999882,0.0490499999999997,5.6399999999997785,-1.315000000000004,0.505999999999997,28.91399955749512,4.109002685546837,0.0110118036860632,0.1142359424038382,0,1,-1,Trend Pullback,1.4142135623730951,"5d%: +5.53%, MA20: -2.12, RSI: 64.5, VIX: 31.26, ATR: 0.0110, BBW: 0.11, Score: [0, 1, -1], Dist: 1.41",Trend Pullback,1.4142135623730951,Volatile Chop,1.4142135623730951,0.0,True,2011
2011-10-13,1206.96,1207.46,1190.58,1203.66,4436270000.0,2.2,2.2,2.12,2.17,0.0,77.01,77.92,76.79,76.99,0.0,84.93,85.39,83.17,84.23,360268.0,3.3575,3.3745,3.286,3.307,51695.0,1677.3,1686.1,1654.3,1668.5,115586.0,31.99,32.76,30.48,30.7,0.0,44.24,44.55,43.74,44.36,845300.0,142.1199951171875,142.1199951171875,142.1199951171875,142.1199951171875,0.0,536.9000244140625,536.9000244140625,536.9000244140625,536.9000244140625,0.0,3.3211155652076885,9.045226130653262,-1.961033999745332,1.985712555999508,1.8635453565378104,0.9254778611178294,-15.357044389302466,3.2588454376163867,33.77258845526949,2.177140403271549,3.72802481902792,10.71428571428572,-1.193531827515404,2.5444363282201232,1.879235982747996,3.16577011067829,-20.95777548918641,4.131455399061035,197.07356744124,2.5146629821583,62.713210544230535,68.75,39.06510851419026,58.123145400593486,51.3145082765336,54.04111517882288,32.710586692887574,60.933448573898,61.45368635176703,61.51573710588315,-1.1620150375940037,0.007142857142857,0.0691503759398468,-0.1998721804511303,-0.0342804511278196,-8.205112781954963,0.049233082706767,-0.0741428571428583,4.948864629931916,-0.2020911195224536,1202.15,2.186666666666667,77.18666666666665,85.20333333333336,3.3303333333333334,1670.6999999999998,31.606666666666666,44.28999999999999,158.29332987467447,536.4166666666666,12.463999999999874,0.057,-0.4220000000000131,0.8789999999999905,0.0310999999999993,8.399999999999784,-1.336000000000002,0.4599999999999976,28.2189998626709,4.4959899902343246,0.0103550836614989,0.1130754766033963,0,1,-1,Trend Pullback,1.4142135623730951,"5d%: +3.32%, MA20: -1.16, RSI: 62.7, VIX: 30.70, ATR: 0.0104, BBW: 0.11, Score: [0, 1, -1], Dist: 1.41",Trend Pullback,1.4142135623730951,Volatile Chop,1.4142135623730951,0.0,True,2011
2011-11-01,1251.0,1251.0,1215.42,1218.28,5645540000.0,2.03,2.05,1.96,2.0,0.0,76.55,77.67,74.98,77.26,0.0,92.58,92.88,89.17,92.19,351343.0,3.6095,3.657,3.462,3.5025,52924.0,1715.7,1725.6,1681.2,1711.8,174289.0,36.03,37.53,33.87,34.77,0.0,45.45,46.0,45.06,45.36,8452020.0,-21.209999084472656,-21.209999084472656,-21.209999084472656,-21.209999084472656,0.0,554.739990234375,554.739990234375,554.739990234375,554.739990234375,0.0,-0.8762865627923944,-6.103286384976525,1.3245901639344249,-1.0518407212622094,2.397310334746372,0.6704304869442401,7.914338919925523,-0.6787825706152883,-119.20325909507434,0.0324568444485029,-0.5794121007361097,-6.976744186046513,0.1685466096201349,4.358161648177483,4.241071428571441,3.569699903194578,10.171102661596976,0.4651162790697771,-112.19175658771483,1.1468644155977037,51.96578150062377,39.04761904761905,52.246256239600754,62.87937743190663,53.76381215469613,55.419450631031935,54.42846328538986,53.664700926705976,40.1032611477174,55.39201310822196,6.717796992481184,0.0171879699248119,-0.1880676691729324,0.7381353383458621,0.0216781954887217,4.465864661654138,-0.5114887218045122,0.2941278195488718,7.5679925201530756,3.2361504346804484,1252.2233333333334,2.16,76.17333333333333,92.90000000000002,3.6135,1728.0666666666666,29.75333333333333,46.74666666666666,93.79666646321614,566.2933349609375,9.159000000000011,0.0189999999999997,-0.1270000000000142,0.3159999999999853,0.0638999999999994,7.3299999999997425,-0.9849999999999992,0.4179999999999942,-0.0039993286132825,3.67300415039058,0.0075179761631152,0.1229679360483071,1,1,0,Trend Pullback,2.0,"5d%: -0.88%, MA20: +6.72, RSI: 52.0, VIX: 34.77, ATR: 0.0075, BBW: 0.12, Score: [1, 1, 0], Dist: 2.00",Trend Pullback,2.0,Steady Climb,2.23606797749979,0.2360679774997898,True,2011
2011-11-03,1238.25,1263.21,1234.81,1261.15,4849140000.0,2.05,2.08,2.02,2.07,0.0,77.23,77.5,76.57,76.67,0.0,92.99,94.61,90.87,94.07,299987.0,3.5835,3.609,3.474,3.5885,50409.0,1738.9,1769.5,1724.0,1765.1,162545.0,31.38,34.65,30.21,30.5,0.0,46.71,47.26,45.96,47.14,889400.0,121.36000061035156,121.36000061035156,121.36000061035156,121.36000061035156,0.0,575.8400268554688,575.8400268554688,575.8400268554688,575.8400268554688,0.0,-1.8247067157614367,-13.750000000000009,2.4041672231868594,0.117071094082588,-2.803358613217777,0.9955942095325244,19.79575805184604,-1.873438800999161,-49.8719547497817,-0.211411414460616,3.765046610552991,-5.045871559633042,-0.3897622450305227,10.28135990621335,17.367130008176602,9.436418872837727,-12.305922944220814,5.246706854208538,25.80076611868733,6.128015325437763,56.11722592084576,41.99999999999999,50.40128410914926,65.35699197296154,56.686478454680525,63.95783747024821,52.76418786692759,57.882352941176464,45.72321626039557,60.00438415537732,4.5351654135338055,0.0033834586466164,-0.1118571428571447,0.5795563909774422,0.018321804511278,4.366466165413503,-0.2331578947368425,0.2112330827067659,-0.617210471361207,2.555367743700061,1239.11,2.026666666666667,76.98,92.92333333333336,3.5573333333333337,1735.5,32.669999999999995,46.24,53.70666758219401,565.4366658528646,-16.019000000000137,-0.1090000000000002,0.6449999999999901,-0.4029999999999987,-0.0425500000000005,-7.160000000000204,2.479999999999998,-0.6350000000000064,-59.511000823974605,-4.555004882812553,-0.0127018990603815,0.1031892668337338,1,1,0,Trend Pullback,2.0,"5d%: -1.82%, MA20: +4.54, RSI: 56.1, VIX: 30.50, ATR: -0.0127, BBW: 0.10, Score: [1, 1, 0], Dist: 2.00",Trend Pullback,2.0,Steady Climb,2.23606797749979,0.2360679774997898,True,2011
2011-11-09,1275.18,1275.18,1226.64,1229.1,4659740000.0,1.99,2.01,1.93,1.96,0.0,76.67,78.0,76.51,77.93,0.0,96.81,97.84,94.54,95.74,445712.0,3.5425,3.6,3.388,3.441,54056.0,1787.4,1801.1,1765.1,1791.6,161799.0,31.32,36.43,30.98,36.16,0.0,46.57,46.69,45.67,45.75,1014600.0,-23.209999084472656,-23.209999084472656,-23.209999084472656,-23.209999084472656,0.0,568.280029296875,568.280029296875,568.280029296875,568.280029296875,0.0,-0.7108813312868723,-2.487562189054715,1.194650045448653,3.4915144308723223,-3.909522479754257,3.5846438482886267,10.445937690897969,-1.0168758113370813,-138.0678999832321,0.4507537016178897,-1.0386473429951804,-10.909090909090914,2.2703412073490803,6.141906873614178,-1.4040114613180663,3.951261966927766,21.09845947756195,-0.9096816114359974,-113.4394901532214,0.6161546705241605,52.23224461884134,40.51724137931033,56.50406504065047,73.6842105263158,66.78336980306347,81.49453648219944,51.62812647475224,53.75586854460095,44.27872126822778,59.740650452035794,3.2421879699247715,-0.0088421052631579,-0.0176466165413549,0.6072857142857129,0.0176526315789472,7.23721804511274,-0.1207067669172939,0.1687593984962386,-5.241368427133208,2.16696281719924,1255.38,2.006666666666667,77.18666666666667,96.02000000000002,3.5031666666666665,1793.9666666666665,31.16333333333333,46.88,48.76666641235352,574.2633463541666,7.600999999999969,0.0039999999999997,-0.0390000000000141,1.0029999999999932,-0.0149000000000002,16.51999999999985,-1.1169999999999998,0.3019999999999921,3.466999435424804,2.898004150390575,0.0061841998210072,0.0820549872223094,1,1,0,Trend Pullback,2.0,"5d%: -0.71%, MA20: +3.24, RSI: 52.2, VIX: 36.16, ATR: 0.0062, BBW: 0.08, Score: [1, 1, 0], Dist: 2.00",Trend Pullback,2.0,Steady Climb,2.23606797749979,0.2360679774997898,True,2011
2011-11-10,1229.59,1246.22,1227.7,1239.7,4002760000.0,2.03,2.11,2.01,2.06,0.0,77.97,78.17,77.4,77.64,0.0,95.75,98.35,95.2,97.78,347730.0,3.401,3.429,3.318,3.374,44449.0,1771.0,1776.9,1736.6,1759.6,172534.0,33.09,35.5,32.12,32.81,0.0,46.47,46.48,45.72,46.16,632600.0,19.350000381469727,19.350000381469727,19.350000381469727,19.350000381469727,0.0,574.8400268554688,574.8400268554688,574.8400268554688,574.8400268554688,0.0,-1.7008286088094238,-0.4830917874396045,1.2651623842441673,3.9438715849899,-5.977427894663501,-0.3115970766528808,7.573770491803278,-2.0789138735681,-84.05570180936597,-0.1736593417204335,-3.494500190722327,-14.16666666666666,3.699746226793099,4.065559812686259,-8.613217768147353,0.6808948904274192,28.8688138256088,-3.9134054954204855,-92.00743498816924,-0.3847036205103737,50.24590441949599,44.35483870967741,59.5714285714286,73.61237488626024,57.231800766283534,71.11111111111109,51.762479299739766,51.19735755573905,42.123400396943,57.96184592900325,2.597834586466144,-0.0104436090225564,0.0085187969924799,0.6034135338345852,0.0165116541353382,8.107593984962362,-0.0315789473684217,0.140548872180451,-6.483300749699876,2.0158651939908143,1248.24,2.03,77.41333333333334,96.77333333333335,3.449333333333333,1783.4666666666665,32.15,46.53999999999999,34.86666679382324,574.9633585611979,-4.141000000000269,-0.02,0.2279999999999947,0.5879999999999967,-0.0326500000000002,9.609999999999824,0.8640000000000008,-0.2030000000000072,-24.351000213623056,-0.3709960937499972,-0.0033403242720015,0.0771450141460875,1,1,0,Trend Pullback,2.0,"5d%: -1.70%, MA20: +2.60, RSI: 50.2, VIX: 32.81, ATR: -0.0033, BBW: 0.08, Score: [1, 1, 0], Dist: 2.00",Trend Pullback,2.0,Steady Climb,2.23606797749979,0.2360679774997898,True,2011
2011-11-14,1263.85,1263.85,1246.68,1251.78,3219680000.0,2.1,2.1,2.03,2.04,0.0,76.76,77.65,76.64,77.56,0.0,99.3,99.69,97.19,98.14,351523.0,3.474,3.5855,3.471,3.488,39819.0,1789.4,1797.6,1774.2,1778.4,87588.0,31.42,32.85,31.13,31.13,0.0,47.0,47.09,46.49,46.75,345700.0,5.210000038146973,5.210000038146973,5.210000038146973,5.210000038146973,0.0,577.5399780273438,577.5399780273438,577.5399780273438,577.5399780273438,0.0,-0.740611519918799,2.5125628140703515,0.7796257796257811,2.742881072026804,-1.3435157686324417,-0.7090614706046439,4.288107202680069,-0.9114031369224284,-91.46601129687774,0.8380744971212106,-0.1212798212718357,-5.990783410138246,1.824865432584999,5.31172872625818,-3.96475770925111,3.083700440528636,3.905206942590112,-0.1281777397991956,-94.27220746417494,1.947003242940415,53.91937096941063,46.01769911504425,58.38668373879643,63.60153256704982,53.7354731599336,64.63963963963963,48.67428849428362,54.63917525773195,44.72756082287366,59.2067103367395,2.054022556390956,-0.0107593984962406,0.0329172932330823,0.6185413533834566,0.0122214285714284,8.660075187969895,-0.0630451127819559,0.1119699248120298,-6.210421048788204,1.99386624214344,1251.7766666666666,2.053333333333333,77.38,98.30333333333334,3.4418333333333333,1775.3666666666668,31.326666666666664,46.69666666666666,42.0366678237915,579.6566772460938,-3.0760000000002927,0.0129999999999997,0.0929999999999919,0.7919999999999984,-0.0303000000000003,-4.560000000000132,0.5709999999999928,-0.1550000000000045,-0.8109991073608486,2.077008056640584,-0.0024573008036558,0.070155424452844,1,1,0,Trend Pullback,2.0,"5d%: -0.74%, MA20: +2.05, RSI: 53.9, VIX: 31.13, ATR: -0.0025, BBW: 0.07, Score: [1, 1, 0], Dist: 2.00",Trend Pullback,2.0,Steady Climb,2.23606797749979,0.2360679774997898,True,2011
2011-11-15,1251.7,1264.25,1244.34,1257.81,3599300000.0,2.01,2.07,2.0,2.06,0.0,77.48,78.09,77.43,77.88,0.0,98.04,99.84,97.51,99.37,353319.0,3.489,3.5215,3.454,3.5015,38961.0,1782.0,1787.8,1760.9,1782.2,132676.0,31.74,32.55,30.4,31.22,0.0,46.54,47.18,46.3,46.95,646200.0,32.439998626708984,32.439998626708984,32.439998626708984,32.439998626708984,0.0,583.1099853515625,583.1099853515625,583.1099853515625,583.1099853515625,0.0,-1.4193679854536456,-0.4830917874396045,1.578192252510746,2.654958677685948,-0.891593546560987,-0.9448643841707404,13.609898107714692,-1.5929574512680733,-70.09035690527388,0.2303256914806484,3.244738483763987,3.0000000000000027,0.8024851151954282,7.788263369128989,-0.0285510349750106,4.112629980137883,-10.209951107276394,3.5052910052910224,-252.946723370948,5.114106719654621,52.79279279279278,43.51851851851851,60.396039603960354,77.73744706594074,50.67846607669616,61.877782274382845,51.75077239958805,53.43915343915344,42.71754954198846,57.62089773820211,1.4866691729323074,-0.0116541353383458,0.0532932330827048,0.6077443609022533,0.0112522556390977,8.788195488721747,-0.0253909774436097,0.0842030075187959,-7.881082723373763,1.758835458396957,1257.8133333333333,2.053333333333333,77.46,98.83333333333336,3.4843333333333333,1782.9,30.796666666666663,46.96,46.40000057220459,582.413330078125,-1.3530000000000593,0.0039999999999999,0.0789999999999978,0.592999999999989,-0.0067500000000006,-4.510000000000012,0.1179999999999975,-0.0490000000000023,-8.173999595642096,0.9849914550780912,-0.0010756791566294,0.0686300033989111,1,1,0,Trend Pullback,2.0,"5d%: -1.42%, MA20: +1.49, RSI: 52.8, VIX: 31.22, ATR: -0.0011, BBW: 0.07, Score: [1, 1, 0], Dist: 2.00",Trend Pullback,2.0,Steady Climb,2.23606797749979,0.2360679774997898,True,2011
2011-11-17,1236.56,1237.73,1209.43,1216.13,4596450000.0,1.99,2.04,1.94,1.96,0.0,78.36,78.47,77.93,78.29,0.0,101.76,103.37,98.28,98.82,194039.0,3.467,3.492,3.357,3.3825,52912.0,1764.7,1768.0,1711.0,1720.2,229938.0,33.15,36.46,32.89,34.51,0.0,46.05,46.13,44.95,45.27,1266900.0,-139.05999755859375,-139.05999755859375,-139.05999755859375,-139.05999755859375,0.0,562.75,562.75,562.75,562.75,0.0,-1.9012664354279167,-4.854368932038844,0.8371973209685857,1.063612190632024,0.2519264967397738,-2.239145260286424,5.181347150259064,-1.9280762564991227,-818.656303964535,-2.1031985057833325,-3.569757760773895,-5.314009661835739,2.1129516107995405,5.04943127458275,-5.740560122613903,-2.543765225766237,13.147540983606554,-3.966907085277893,-214.5847040698947,-2.2732054468235563,37.75742082090616,30.33707865168539,73.05475504322764,64.3828451882845,28.44770153231177,45.253164556962034,63.55978260869565,37.41007194244607,33.05207619067319,44.17202464734861,0.5533458646616095,-0.0128195488721805,0.1041654135338323,0.6420225563909755,0.0067342105263157,7.696240601503725,0.0801954887218034,0.0362932330827056,-10.236586459597254,1.3590156727267195,1236.95,2.013333333333333,78.11,100.26000000000003,3.456166666666667,1758.9,33.08,46.12,-54.2533327738444,573.0599975585938,-1.1620000000000077,-0.0080000000000001,0.1979999999999904,0.999999999999994,0.0258999999999996,2.349999999999833,0.2579999999999951,-0.0270000000000012,-22.00900039672852,-0.6520080566406705,-0.0009554899558435,0.0627153997042414,1,-2,0,Volatile Chop,3.0,"5d%: -1.90%, MA20: +0.55, RSI: 37.8, VIX: 34.51, ATR: -0.0010, BBW: 0.06, Score: [1, -2, 0], Dist: 3.00",Volatile Chop,3.0,Orderly Decline,3.3166247903554,0.3166247903553998,True,2011
2011-11-22,1192.98,1196.81,1181.65,1188.04,3911710000.0,1.96,1.99,1.94,1.94,0.0,78.32,78.44,77.98,78.23,0.0,97.2,98.7,96.55,98.01,319245.0,3.3075,3.3735,3.2935,3.333,43336.0,1678.5,1706.4,1667.5,1702.4,182848.0,33.12,33.39,31.28,31.97,0.0,44.3,44.5,43.84,44.1,546800.0,-207.75,-207.75,-207.75,-207.75,0.0,548.8300170898438,548.8300170898438,548.8300170898438,548.8300170898438,0.0,-5.5469427019979145,-5.82524271844661,0.4494093477144467,-1.3686223206199055,-4.8122233328573465,-4.477611940298509,2.4023062139653995,-6.070287539936103,-740.4130973943759,-5.878816882384729,-6.887579158567947,-6.28019323671497,2.0346941437328736,1.2500000000000178,-5.66091140673648,-5.380168963983989,16.33915574963609,-7.566547893523367,-291.5452717625386,-5.6620316165392985,38.83564711150917,44.92753623188407,61.8677042801556,63.31074540174251,29.902755267423046,45.5613577023499,48.66735894773277,37.84403669724773,34.04654459730463,42.5353607189631,-1.8184962406015288,-0.0132105263157895,0.1426616541353375,0.4348796992481172,-0.0113417293233083,0.959248120300728,0.2190676691729314,-0.072015037593986,-15.568045070476106,0.19170702023612,1198.89,1.97,78.18333333333332,97.44666666666669,3.346,1702.0333333333335,32.29333333333333,44.54333333333333,-171.95333353678384,555.9833374023438,-15.092000000000064,-0.0210000000000002,0.0700000000000015,-1.0080000000000038,-0.0479500000000002,-25.640000000000143,0.1869999999999982,-0.616000000000006,-51.28499984741211,-6.679998779296894,-0.0127032759839736,0.087509805624418,-4,-2,0,Sharp Decline,2.23606797749979,"5d%: -5.55%, MA20: -1.82, RSI: 38.8, VIX: 31.97, ATR: -0.0127, BBW: 0.09, Score: [-4, -2, 0], Dist: 2.24",Sharp Decline,2.23606797749979,Orderly Decline,2.449489742783178,0.21342176528338808,True,2011
2011-11-23,1187.48,1187.48,1161.79,1161.79,3798940000.0,1.92,1.96,1.88,1.88,0.0,78.23,79.18,78.17,79.0,0.0,97.79,97.87,95.35,96.17,283449.0,3.31,3.367,3.234,3.279,46539.0,1699.9,1710.8,1677.1,1695.9,173328.0,32.91,34.57,32.68,33.98,0.0,43.69,43.69,43.04,43.05,1564000.0,-283.54998779296875,-283.54998779296875,-283.54998779296875,-283.54998779296875,0.0,535.8300170898438,535.8300170898438,535.8300170898438,535.8300170898438,0.0,-6.073198535059143,-6.930693069306937,1.0747185261003045,-6.25791987523151,-5.897546276366771,-4.418643972270742,1.4025663980901104,-6.697009102730823,405.0765779759735,-6.539103773710442,-5.476364819786827,-4.081632653061229,1.3730270755806462,0.4491330687278028,-4.707933740191805,-5.341594105827186,-6.028761061946907,-5.9016393442623,1121.671688831138,-5.710215128830276,28.046840477242583,36.231884057971,70.91561938958704,55.01432664756449,26.676714393368545,37.52703677000726,56.07117934403349,26.89265536723164,26.393115972299128,32.76768908844281,-2.892383458646656,-0.0143157894736842,0.1472180451127816,0.4265037593984948,-0.0151112781954888,-0.4963909774436599,0.2494511278195475,-0.1179924812030091,-18.07517294847876,-0.3654732840401927,1180.9366666666667,1.9266666666666663,78.51,97.03333333333336,3.305,1692.3,32.953333333333326,43.83333333333332,-229.0999959309896,546.0933430989584,-12.089000000000189,-0.0160000000000001,0.0149999999999922,-1.1060000000000076,-0.0382500000000006,-18.540000000000283,-0.4680000000000009,-0.5000000000000064,-36.01600036621094,-5.810998535156325,-0.0104054949689704,0.1056745670022462,-4,-2,0,Sharp Decline,2.23606797749979,"5d%: -6.07%, MA20: -2.89, RSI: 28.0, VIX: 33.98, ATR: -0.0104, BBW: 0.11, Score: [-4, -2, 0], Dist: 2.24",Sharp Decline,2.23606797749979,Orderly Decline,2.449489742783178,0.21342176528338808,True,2011
2011-11-25,1161.41,1172.66,1158.66,1158.67,1664200000.0,1.92,1.97,1.91,1.97,0.0,79.17,79.7,79.13,79.61,0.0,95.79,97.55,94.99,96.77,185841.0,3.272,3.274,3.268,3.268,115.0,1690.09998,1693.5,1675.30005,1685.5,28.0,34.61,34.77,33.12,34.47,0.0,42.89,43.46,42.07,42.96,621500.0,-268.989990234375,-268.989990234375,-268.989990234375,-268.989990234375,0.0,532.3300170898438,532.3300170898438,532.3300170898438,532.3300170898438,0.0,-4.724823826400137,0.5102040816326481,1.6860390854515073,-2.0744788504351352,-3.385070214338504,-2.017207301476576,-0.1159084323384518,-5.102717031146464,93.43448508334288,-5.405594475372055,-6.53625877228361,-4.368932038834961,2.5373518804739703,-1.0329310697484215,-3.141671606401908,-4.211184360081832,5.059433099664723,-6.932409012131702,-1490.1291210927816,-7.395102598920666,28.654627539503394,44.736842105263165,72.7272727272727,55.8782201405152,27.20983858570333,37.33859397417506,57.4800416522041,27.168949771689512,29.608917991060736,33.33627517211093,-4.075127819548929,-0.0148872180451128,0.1590075187969891,0.3376691729323295,-0.0184233082706767,-1.6831578947368635,0.2716616541353374,-0.1687142857142874,-20.2037668220979,-0.9380673057154914,1169.5,1.93,78.94666666666667,96.98333333333336,3.293333333333333,1694.6,33.47333333333333,43.37,-253.42999267578125,538.9966837565104,-13.629000000000245,-0.0230000000000002,0.162999999999988,-0.4700000000000059,-0.0275999999999999,-7.130000000000023,-0.1090000000000041,-0.5520000000000053,-38.46199798583984,-7.050994873046944,-0.0117626243883074,0.1153073117934528,-4,-2,0,Sharp Decline,2.23606797749979,"5d%: -4.72%, MA20: -4.08, RSI: 28.7, VIX: 34.47, ATR: -0.0118, BBW: 0.12, Score: [-4, -2, 0], Dist: 2.24",Sharp Decline,2.23606797749979,Orderly Decline,2.449489742783178,0.21342176528338808,True,2011
2011-11-28,1158.67,1197.35,1158.67,1192.55,3920750000.0,2.06,2.08,1.95,1.96,0.0,79.24,79.4,78.76,79.29,0.0,97.5,100.74,97.13,98.21,311735.0,3.31,3.4025,3.303,3.3605,46873.0,1685.4,1722.4,1684.0,1710.8,175525.0,31.93,33.11,29.47,32.13,0.0,44.2,44.53,43.96,44.31,1760863.0,-140.72000122070312,-140.72000122070312,-140.72000122070312,-140.72000122070312,0.0,544.4400024414062,544.4400024414062,544.4400024414062,544.4400024414062,0.0,-1.90021799037553,-2.487562189054715,1.6277877467316235,0.821270916743666,-1.2198706643151147,-0.8289374529012794,0.406250000000008,-1.92563081009296,25.51957939041336,-3.724137499309244,-5.64149226569608,-4.854368932038844,3.05432804782948,-0.7879583796343126,-2.973870362350217,-4.323024439349032,6.957390146471387,-6.0830860534124565,-238.5721289924346,-7.185601950993947,36.146915026869785,47.88732394366197,68.76006441223839,56.24709707385044,37.74509803921571,35.079895949461175,53.69649805447472,35.49039433771489,39.26903687854129,38.57397381462251,-4.509353383458682,-0.0105338345864662,0.1543007518796969,0.3077969924812024,-0.0183857142857143,-2.5948872180451765,0.2252030075187963,-0.1865037593984972,-20.342480909734743,-1.3235183601092717,1171.003333333333,1.9366666666666663,79.3,97.05000000000004,3.3025,1697.4,33.526666666666664,43.44,-231.08665974934897,537.5333455403646,-14.515000000000144,-0.0160000000000003,0.3879999999999912,-0.2030000000000146,-0.0292000000000007,-6.190000000000267,0.6009999999999962,-0.5740000000000064,-40.13099670410155,-8.412994384765698,-0.0121713974256845,0.1120162438999147,-3,-2,0,Orderly Decline,1.7320508075688772,"5d%: -1.90%, MA20: -4.51, RSI: 36.1, VIX: 32.13, ATR: -0.0122, BBW: 0.11, Score: [-3, -2, 0], Dist: 1.73",Orderly Decline,1.7320508075688772,Sharp Decline,2.0,0.2679491924311228,True,2011
2011-12-05,1244.33,1266.73,1244.33,1257.08,4148060000.0,2.08,2.11,2.04,2.05,0.0,78.57,78.68,78.19,78.61,0.0,101.23,102.44,100.24,100.99,239380.0,3.5855,3.636,3.5435,3.6155,36125.0,1751.0,1758.8,1721.1,1734.5,117520.0,26.74,28.31,26.0,27.84,0.0,47.06,47.29,46.6,46.87,687100.0,68.08999633789062,68.08999633789062,68.08999633789062,68.08999633789062,0.0,566.8400268554688,566.8400268554688,566.8400268554688,566.8400268554688,0.0,5.411093874470674,4.591836734693877,-0.8576113002900843,2.830668974646166,7.588156524326739,1.3853168108487246,-13.352007469654536,5.777476867524256,-148.3868645162242,4.114323766368222,3.4080533048163497,1.990049751243772,0.7562163547808254,3.675187352427889,6.275720164609044,0.5448959480609972,-13.0,3.740593182824248,-160.73498882097374,0.2369631928326621,51.26830669091604,50.769230769230745,62.06896551724132,57.83397471137987,58.209916291049566,41.60611854684511,40.721940214326,50.72639225181596,53.87889551472065,44.84985046739954,-2.934421052631638,-0.0009172932330827,0.1125338345864638,0.1944736842105252,-0.0033105263157895,-4.0306766917293455,-0.0803157894736852,-0.1256165413533843,-11.032661579605334,-1.944209966444436,1248.6466666666663,2.07,78.52,100.71666666666668,3.578,1741.8666666666666,27.59,46.51999999999999,8.72999938329061,559.2833455403646,15.284999999999837,0.0279999999999998,-0.2000000000000124,0.5909999999999901,0.0591499999999997,10.189999999999722,-1.245000000000004,0.5989999999999897,35.713000774383566,3.4779968261718595,0.0121591306838067,0.112703556627746,0,1,-1,Trend Pullback,1.4142135623730951,"5d%: +5.41%, MA20: -2.93, RSI: 51.3, VIX: 27.84, ATR: 0.0122, BBW: 0.11, Score: [0, 1, -1], Dist: 1.41",Trend Pullback,1.4142135623730951,Volatile Chop,1.4142135623730951,0.0,True,2011
2011-12-12,1255.05,1255.05,1227.25,1236.47,3600570000.0,2.03,2.03,1.99,2.01,0.0,78.72,79.64,78.63,79.57,0.0,99.58,99.68,97.54,97.77,279146.0,3.567,3.5715,3.435,3.464,35326.0,1716.8,1718.6,1660.3,1668.2,165096.0,26.78,27.73,25.64,25.67,0.0,46.23,46.23,45.45,45.85,535900.0,-43.04999923706055,-43.04999923706055,-43.04999923706055,-43.04999923706055,0.0,556.010009765625,556.010009765625,556.010009765625,556.010009765625,0.0,-1.6395137938715054,-1.951219512195124,1.2212186744688935,-3.188434498465198,-4.190291799197898,-3.82242721245315,-7.794540229885049,-2.176232131427347,-163.22514547280736,-1.9105949786085152,3.6828644501278873,2.5510204081632626,0.3531340648253112,-0.4480195499439898,3.0798988245796632,-2.490063128360997,-20.105820105820104,3.475513428120069,-69.40733451988706,2.125120724475771,60.442779618690864,53.52112676056337,63.65591397849461,53.03354746609563,60.164141414141405,47.8635990139688,30.53763440860216,59.0144230769231,59.37113275713735,51.20185874062343,1.0266390977443471,0.001736842105263,0.057548872180449,0.0856992481202984,0.008610902255639,-1.8179699248120924,-0.2799323308270682,0.0288270676691709,4.280669048495758,-0.7843377364309304,1242.003333333333,2.01,79.00333333333333,98.50666666666667,3.5071666666666665,1699.4666666666665,27.546666666666667,46.04999999999999,-16.683333079020183,559.0333455403646,-2.790000000000024,-0.0120000000000002,0.033999999999986,-0.6100000000000093,-0.0191500000000004,-5.380000000000411,-0.0460000000000041,-0.1700000000000051,-14.982999038696292,-1.2660034179687685,-0.00225642352827,0.1076011866471883,1,1,0,Trend Pullback,2.0,"5d%: -1.64%, MA20: +1.03, RSI: 60.4, VIX: 25.67, ATR: -0.0023, BBW: 0.11, Score: [1, 1, 0], Dist: 2.00",Trend Pullback,2.0,Steady Climb,2.23606797749979,0.2360679774997898,True,2011
2011-12-15,1212.12,1225.6,1212.12,1215.75,3810340000.0,1.9,1.94,1.9,1.91,0.0,80.51,80.62,80.11,80.24,0.0,94.89,95.99,93.31,93.87,273761.0,3.277,3.33,3.2325,3.267,42330.0,1580.0,1596.5,1562.5,1577.2,189916.0,24.38,25.28,23.88,25.11,0.0,45.1,45.25,44.74,44.85,923300.0,-100.51000213623048,-100.51000213623048,-100.51000213623048,-100.51000213623048,0.0,544.010009765625,544.010009765625,544.010009765625,544.010009765625,0.0,-1.506865961842263,-3.045685279187816,1.8144905468848949,-4.545454545454541,-6.657142857142862,-7.949107038636627,-17.914351095129135,-1.9028871391076008,89.2487309002973,-1.9077185988779053,-2.3164441016246373,-9.905660377358494,2.4514811031665085,-6.317365269461073,-7.555178268251272,-9.345901827796288,-8.391098139365194,-3.27798145352598,179.11693091117883,-1.7624662624182053,64.09382716049379,45.454545454545446,57.07865168539318,42.41631799163181,49.944071588366896,31.562819203268617,22.4381625441696,61.31736526946111,59.49589631823636,55.81557192965822,2.53838345864658,0.0014586466165413,0.071661654135339,0.0047969924811998,0.0072372180451126,-2.8554887218045635,-0.4624210526315788,0.0803233082706764,8.330067543875904,-0.1288575136571951,1217.7666666666669,1.923333333333333,80.33999999999999,96.32000000000004,3.329,1609.0666666666668,25.52,44.883333333333326,-123.48666636149088,543.163330078125,-7.452000000000175,-0.0230000000000001,0.5059999999999873,-0.6050000000000101,-0.0559000000000002,-30.670000000000027,-1.0070000000000052,-0.3580000000000065,-36.81999969482423,-5.133007812500081,-0.0061295496607034,0.1024941485741327,1,1,0,Trend Pullback,2.0,"5d%: -1.51%, MA20: +2.54, RSI: 64.1, VIX: 25.11, ATR: -0.0061, BBW: 0.10, Score: [1, 1, 0], Dist: 2.00",Trend Pullback,2.0,Steady Climb,2.23606797749979,0.2360679774997898,True,2011
