Date,Open_SP500,High_SP500,Low_SP500,Close_SP500,Volume_SP500,Open_Yield,High_Yield,Low_Yield,Close_Yield,Volume_Yield,Open_DXY,High_DXY,Low_DXY,Close_DXY,Volume_DXY,Open_Oil,High_Oil,Low_Oil,Close_Oil,Volume_Oil,Open_Copper,High_Copper,Low_Copper,Close_Copper,Volume_Copper,Open_Gold,High_Gold,Low_Gold,Close_Gold,Volume_Gold,Open_VIX,High_VIX,Low_VIX,Close_VIX,Volume_VIX,Open_RSP,High_RSP,Low_RSP,Close_RSP,Volume_RSP,Open_NYMO,High_NYMO,Low_NYMO,Close_NYMO,Volume_NYMO,Open_NYAD,High_NYAD,Low_NYAD,Close_NYAD,Volume_NYAD,5d_pct_SP500,5d_pct_Yield,5d_pct_DXY,5d_pct_Oil,5d_pct_Copper,5d_pct_Gold,5d_pct_VIX,5d_pct_RSP,5d_pct_NYMO,5d_pct_NYAD,10d_ROC_SP500,10d_ROC_Yield,10d_ROC_DXY,10d_ROC_Oil,10d_ROC_Copper,10d_ROC_Gold,10d_ROC_VIX,10d_ROC_RSP,10d_ROC_NYMO,10d_ROC_NYAD,RSI_14_SP500,RSI_14_Yield,RSI_14_DXY,RSI_14_Oil,RSI_14_Copper,RSI_14_Gold,RSI_14_VIX,RSI_14_RSP,RSI_14_NYMO,RSI_14_NYAD,20d_slope_SP500,20d_slope_Yield,20d_slope_DXY,20d_slope_Oil,20d_slope_Copper,20d_slope_Gold,20d_slope_VIX,20d_slope_RSP,20d_slope_NYMO,20d_slope_NYAD,SMA_3_SP500,SMA_3_Yield,SMA_3_DXY,SMA_3_Oil,SMA_3_Copper,SMA_3_Gold,SMA_3_VIX,SMA_3_RSP,SMA_3_NYMO,SMA_3_NYAD,5d_Slope_SP500,5d_Slope_Yield,5d_Slope_DXY,5d_Slope_Oil,5d_Slope_Copper,5d_Slope_Gold,5d_Slope_VIX,5d_Slope_RSP,5d_Slope_NYMO,5d_Slope_NYAD,Normalized_ATR,BBW,TrendScore_Euclidean,MomentumScore_Euclidean,VolatilityScore_Euclidean,MarketState_Euclidean,EuclideanDist_Euclidean,Diagnostics_Euclidean,TopState,TopDist,AltState,AltDist,DistanceDelta,IsBorderline,Year
2020-01-27,3247.16,3258.85,3234.5,3243.63,3831050000.0,1.61,1.63,1.61,1.61,0.0,97.88,98.0,97.78,97.96,0.0,53.7,53.71,52.13,53.14,712880.0,2.6675,2.673,2.5915,2.5965,118990.0,1580.5,1588.4,1575.3,1577.4,398058.0,17.42,19.02,16.82,18.23,0.0,114.9,115.45,114.72,114.89,536519.0,-171.86000061035156,-171.86000061035156,-171.86000061035156,-171.86000061035156,0.0,1834.5799560546875,1834.5799560546875,1834.5799560546875,1834.5799560546875,0.0,-2.5825769907677043,-12.5,0.3585698186661101,-9.224461906388791,-8.750658935160782,1.0959430878677343,50.66115702479339,-2.9645270270270307,-472.7174112675451,-1.179653141669368,-0.6651660618310351,-12.02185792349727,0.6162695152013065,-9.993224932249325,-7.712813221965531,1.1089032754310724,45.14331210191082,-0.9141871496334608,309.2879107896877,0.1774666541796588,49.41291151579599,28.260869565217405,83.41968911917067,7.401177460050434,24.57293035479627,54.555086675884255,76.9704433497537,45.83866837387961,33.56407891133924,53.21720198114916,5.519120300751808,-0.0082857142857143,0.0476015037593964,-0.3695263157894749,-0.0030424812030075,2.2278197443608843,-0.0389849624060152,0.1463383458646598,0.0114587018812502,,3288.2133333333336,1.6766666666666663,97.83333333333331,54.30666666666669,2.668833333333333,1571.5666666666668,15.256666666666666,116.57333333333332,-90.20999940236406,1846.7866617838545,-6.35500000000039,-0.0349999999999999,0.0639999999999844,-1.1450000000000111,-0.03955,3.2199979999999244,0.5049999999999988,-0.3070000000000099,-28.968999576568603,,-0.0019592246957884,0.0435914149835716,0,0,2,Steady Climb,2.23606797749979,"5d%: -2.58%, MA20: +5.52, RSI: 49.4, VIX: 18.23, ATR: -0.0020, BBW: 0.04, Score: [0, 0, 2], Dist: 2.24",Steady Climb,2.23606797749979,Trend Pullback,2.449489742783178,0.21342176528338808,True,2020
2020-01-31,3282.33,3282.33,3214.68,3225.52,4529700000.0,1.55,1.56,1.51,1.52,0.0,97.87,97.97,97.36,97.39,0.0,52.92,53.36,50.97,51.56,827907.0,2.5455,2.5635,2.5035,2.517,97987.0,1578.4,1595.5,1575.0,1587.9,343366.0,16.25,19.99,16.18,18.84,0.0,115.28,115.32,113.23,113.54,747600.0,-172.64999389648438,-172.64999389648438,-172.64999389648438,-172.64999389648438,0.0,1829.5999755859373,1829.5999755859373,1829.5999755859373,1829.5999755859373,0.0,-2.122610735342756,-9.523809523809524,-0.4701073071027073,-4.85329396567632,-6.222056631892703,1.017876455245248,29.39560439560438,-2.7994178580600937,102.21363252570588,-0.9972810732923998,-2.7523433660655905,-16.022099447513817,0.0719276613234676,-11.893369788106634,-11.59114857744995,2.412125120928743,52.922077922077925,-3.918084116103915,-370.0187638483388,-1.4107304366701712,42.720327521292525,19.60784313725489,50.85714285714289,12.298387096774135,14.40576230492198,65.207884117236,73.96946564885496,38.490926456542496,37.15291492363048,48.52335198446993,2.5024060150375087,-0.0141353383458647,0.0624285714285702,-0.5388270676691742,-0.0137184210526316,1.353082781954818,0.1595037593984962,0.0376691729323269,-3.6811653986461175,,3260.8600000000006,1.5566666666666664,97.75,52.34333333333336,2.5316666666666667,1582.5,16.906666666666663,114.99666666666668,-119.23999786376947,1838.566650390625,0.614999999999626,-0.0259999999999999,0.0069999999999894,-0.3910000000000065,-0.0362500000000003,2.7599999999997378,0.0019999999999982,-0.1210000000000026,6.868999481201175,-0.0920043945314612,0.0001906669312233,0.0396027643498122,0,0,2,Steady Climb,2.23606797749979,"5d%: -2.12%, MA20: +2.50, RSI: 42.7, VIX: 18.84, ATR: 0.0002, BBW: 0.04, Score: [0, 0, 2], Dist: 2.24",Steady Climb,2.23606797749979,Trend Pullback,2.449489742783178,0.21342176528338808,True,2020
2020-02-25,3238.94,3246.99,3118.77,3128.21,5596760000.0,1.37,1.38,1.31,1.33,0.0,99.33,99.39,98.88,98.97,0.0,51.37,52.02,49.69,49.9,764989.0,2.5705,2.5915,2.558,2.578,78488.0,1661.8,1666.7,1627.0,1650.0,672758.0,22.19,30.25,22.19,27.85,0.0,114.47,114.47,109.91,110.18,1797505.0,-277.6099853515625,-277.6099853515625,-277.6099853515625,-277.6099853515625,0.0,1830.4300537109373,1830.4300537109373,1830.4300537109373,1830.4300537109373,0.0,-7.1827646879051965,-14.743589743589746,-0.4926603659762718,-4.130643611911622,-1.226053639846747,3.125,87.7950101146325,-6.832403179435143,-12834.402607817963,-2.037460331231611,-6.678818289485067,-14.193548387096778,0.1416573914803098,0.6657252370385169,1.078219956871207,4.463437796771119,85.17287234042554,-5.98976109215017,2551.4802127158214,-1.3612127291141474,29.513788098693723,25.454545454545425,66.3430420711974,51.34135060129509,57.08661417322835,78.37837837837839,80.16359918200409,29.4326241134752,30.47741985214863,38.95246978331437,5.361353383458538,-0.0053383458646616,0.1083984962406003,0.0160526315789467,0.003110902255639,3.500526315789439,0.0098345864661652,0.15700751879699,5.822947457141449,,3230.6166666666672,1.3933333333333329,99.17333333333332,51.57000000000002,2.587666666666667,1658.4666666666665,23.32,113.92,-164.81665929158524,1848.4400227864585,-33.7200000000002,-0.0460000000000003,-0.0680000000000004,-0.1150000000000061,-0.0064000000000002,19.019999999999857,2.309999999999999,-0.9610000000000086,-39.63599858283997,,-0.0107793274748179,0.0822852676164634,0,-2,0,Orderly Decline,2.449489742783178,"5d%: -7.18%, MA20: +5.36, RSI: 29.5, VIX: 27.85, ATR: -0.0108, BBW: 0.08, Score: [0, -2, 0], Dist: 2.45",Orderly Decline,2.449489742783178,Volatile Chop,2.8284271247461903,0.3789373819630124,True,2020
2020-02-26,3139.9,3182.51,3108.99,3116.39,5484650000.0,1.37,1.38,1.3,1.31,0.0,99.08,99.27,98.91,99.0,0.0,50.08,50.44,48.3,48.73,884482.0,2.564,2.5785,2.543,2.5725,65062.0,1637.3,1657.1,1626.6,1643.1,531901.0,26.63,29.57,24.76,27.56,0.0,110.76,111.75,109.06,109.13,1428823.0,-290.4700012207031,-290.4700012207031,-290.4700012207031,-290.4700012207031,0.0,1822.530029296875,1822.530029296875,1822.530029296875,1822.530029296875,0.0,-7.966569703055093,-16.560509554140125,-0.6024096385542133,-8.556952523925698,-1.2854950115118946,1.941928278942795,91.65507649513212,-8.046848668688922,-6746.910957150779,-2.598401757358415,-7.188146824510467,-17.610062893081757,0.2836304700162051,-2.4229074889867808,-0.4065040650406692,4.649385389465643,81.55467720685112,-7.43850720949959,-806.5677375532861,-2.2190142672856905,21.87725445738428,17.307692307692292,62.989323843416365,40.68265682656826,49.55947136563872,74.17218543046354,82.74406332453825,18.276374442793497,20.45230535120386,26.8451231769308,1.4249172932330345,-0.0081353383458647,0.1025112781954874,0.0138721804511265,0.0035300751879699,4.184436090225509,0.2090676691729323,0.0317969924812025,0.3311205668556983,,3156.8300000000004,1.34,99.08666666666666,50.02000000000002,2.575833333333333,1656.5666666666666,26.813333333333333,111.10666666666668,-246.2899932861328,1833.853352864584,-66.32200000000005,-0.0630000000000001,-0.1840000000000079,-0.9130000000000028,-0.0067,13.249999999999831,3.640999999999999,-2.1639999999999966,-76.09699630737306,-10.790991210937609,-0.0212816752717086,0.0979909362012838,0,-2,0,Orderly Decline,2.449489742783178,"5d%: -7.97%, MA20: +1.42, RSI: 21.9, VIX: 27.56, ATR: -0.0213, BBW: 0.10, Score: [0, -2, 0], Dist: 2.45",Orderly Decline,2.449489742783178,Volatile Chop,2.8284271247461903,0.3789373819630124,True,2020
2020-02-27,3062.54,3097.07,2977.39,2978.76,7064710000.0,1.27,1.33,1.24,1.3,0.0,99.02,99.05,98.36,98.44,0.0,48.63,48.78,45.88,47.09,1011915.0,2.5665,2.582,2.5255,2.5715,110451.0,1643.0,1662.5,1636.7,1642.5,573289.0,28.95,39.31,27.79,39.16,0.0,107.13,108.87,104.58,104.58,2006200.0,-376.8699951171875,-376.8699951171875,-376.8699951171875,-376.8699951171875,0.0,1804.3199462890625,1804.3199462890625,1804.3199462890625,1804.3199462890625,0.0,-11.694132923044076,-15.032679738562091,-1.4318614198458035,-12.439568612867236,-0.6375579598145387,1.3576056772601095,151.6709511568123,-11.858407079646028,-1537.3379290106936,-3.773192575563422,-11.856663066475305,-20.24539877300613,-0.6158505805148873,-7.973421926910296,-1.0961538461538578,4.51132603715958,185.0072780203784,-11.90295678544352,-754.5154274620563,-3.4818518516825603,14.343450044689646,17.307692307692292,49.04458598726112,34.283387622149846,44.8687350835322,72.72727272727273,89.85507246376811,13.681868743047858,18.264306828585703,22.43336036341971,-1.9919172932330904,-0.0103233082706767,0.0964812030075158,0.0052180451127817,0.0036300751879697,4.540601503759386,0.3589022556390976,-0.0844360902255688,-4.040187795359389,,3074.4533333333334,1.3133333333333332,98.80333333333331,48.57333333333335,2.574,1645.2,31.52333333333333,107.96333333333332,-314.9833272298177,1819.0933430989585,-72.32200000000027,-0.0580000000000003,-0.20300000000002,-1.3580000000000116,-0.0061000000000004,4.639999999999937,3.4769999999999985,-2.643000000000012,-86.49399871826172,-14.09398193359405,-0.0242792302837423,0.1326279338524057,-4,-2,0,Sharp Decline,2.23606797749979,"5d%: -11.69%, MA20: -1.99, RSI: 14.3, VIX: 39.16, ATR: -0.0243, BBW: 0.13, Score: [-4, -2, 0], Dist: 2.24",Sharp Decline,2.23606797749979,Orderly Decline,2.449489742783178,0.21342176528338808,True,2020
2020-02-28,2916.9,2959.72,2855.84,2954.22,8569570000.0,1.21,1.22,1.13,1.13,0.0,98.42,98.66,97.96,98.13,0.0,46.49,47.03,43.85,44.76,1101659.0,2.5565,2.5775,2.506,2.54,130451.0,1646.1,1651.0,1564.0,1566.7,745843.0,42.02,49.48,39.37,40.11,0.0,101.69,103.62,100.45,103.47,5817026.0,-404.3200073242188,-404.3200073242188,-404.3200073242188,-404.3200073242188,0.0,1792.6199951171875,1792.6199951171875,1792.6199951171875,1792.6199951171875,0.0,-11.490674855816051,-23.129251700680275,-1.1384243401168723,-16.148370176095927,-2.607361963190191,-4.979378942261037,134.8360655737705,-11.992855320234751,778.0022020040043,-3.947405944593663,-12.440055246981284,-30.246913580246925,-0.9488240637932744,-12.952158693115525,-2.793723689246075,-0.7664048644540067,183.46289752650176,-12.75716694772344,-1344.0615609975964,-4.064603057686433,14.16537140444798,14.285714285714263,41.59021406727814,30.114449213161663,46.76616915422888,48.55541181543767,89.99999999999999,13.56119073869904,19.01944738371648,21.37326355906346,-7.179360902255684,-0.0129473684210526,0.0805037593984938,-0.022090225563911,0.0033236842105262,4.78744360902252,0.659225563909774,-0.2610827067669186,-9.309090012894538,,3016.456666666667,1.2466666666666664,98.52333333333333,46.860000000000014,2.561333333333333,1617.4333333333334,35.61,105.72666666666665,-357.2200012207031,1806.489990234375,-82.7480000000002,-0.0410000000000001,-0.1930000000000064,-1.5280000000000074,-0.0077500000000004,-4.610000000000115,4.669,-3.086000000000018,-78.13199996948244,-15.001013183593912,-0.0280101008049502,0.1620306437060325,-4,-2,0,Sharp Decline,2.23606797749979,"5d%: -11.49%, MA20: -7.18, RSI: 14.2, VIX: 40.11, ATR: -0.0280, BBW: 0.16, Score: [-4, -2, 0], Dist: 2.24",Sharp Decline,2.23606797749979,Orderly Decline,2.449489742783178,0.21342176528338808,True,2020
2020-03-02,2974.28,3090.96,2945.19,3090.23,6381330000.0,1.07,1.1,1.06,1.09,0.0,98.08,98.09,97.18,97.36,0.0,43.7,47.56,43.32,46.75,949471.0,2.522,2.613,2.501,2.595,106887.0,1592.8,1612.1,1576.3,1594.8,443528.0,34.86,43.77,31.5,33.42,0.0,103.87,107.46,102.58,107.42,2376714.0,-246.5,-246.5,-246.5,-246.5,0.0,1807.6300048828125,1807.6300048828125,1807.6300048828125,1807.6300048828125,0.0,-4.205351081406983,-21.01449275362318,-1.94380098700776,-9.099747229243626,0.6984866123399325,-4.878921627102462,33.51977626847782,-5.780194719761422,44.32929895782976,-2.216270217689409,-8.577404619899642,-31.446540880503136,-1.7756255044390712,-10.18251681075888,-0.1731102135025808,0.529500756429635,144.2982456140351,-9.44191535997303,-1218.9286986696611,-3.2576930755786715,29.30811050003159,14.062499999999986,31.105398457583632,40.73587385019712,58.777120315581904,53.012997243009046,74.79762547220724,27.34012974976831,33.96208505419719,28.144144182062675,-12.11230827067677,-0.0180375939849624,0.0575263157894736,-0.0920902255639105,0.0020672932330826,4.139849624060134,0.9246691729323304,-0.433067669172935,-14.432037547656469,,3007.736666666667,1.1733333333333331,97.97666666666667,46.20000000000002,2.568833333333333,1601.3333333333333,37.56333333333333,105.15666666666664,-342.56333414713544,1801.5233154296875,-69.27900000000012,-0.053,-0.2850000000000231,-1.615000000000003,-0.0080500000000002,-22.730000000000064,4.146999999999998,-2.6680000000000152,-56.6320037841797,-13.807006835937822,-0.0224187196422273,0.1696574288661395,-4,-2,0,Sharp Decline,2.23606797749979,"5d%: -4.21%, MA20: -12.11, RSI: 29.3, VIX: 33.42, ATR: -0.0224, BBW: 0.17, Score: [-4, -2, 0], Dist: 2.24",Sharp Decline,2.23606797749979,Orderly Decline,2.449489742783178,0.21342176528338808,True,2020
2020-03-03,3096.46,3136.72,2976.63,3003.37,6376510000.0,1.13,1.16,0.908,1.01,0.0,97.56,97.7,96.98,97.15,0.0,47.72,48.66,46.47,47.18,1011933.0,2.6165,2.625,2.5465,2.573,100564.0,1586.0,1650.5,1585.9,1644.4,466533.0,33.64,41.06,24.93,36.82,0.0,107.45,109.34,103.81,104.74,1795644.0,-258.2300109863281,-258.2300109863281,-258.2300109863281,-258.2300109863281,0.0,1799.199951171875,1799.199951171875,1799.199951171875,1799.199951171875,0.0,-3.990780670095684,-24.06015037593985,-1.838941093260582,-5.450901803607211,-0.1939487975174514,-0.3393939393939393,32.20825852782765,-4.937375204211303,-6.98100766825508,-1.7061620287400547,-10.886896973257498,-35.256410256410255,-2.322541725316696,-9.356388088376557,-1.4176245210727911,2.7750000000000163,148.28051247471342,-11.43243700321327,-11945.412985259718,-3.708859985449553,25.182083029861616,7.352941176470566,30.325814536340985,40.96858638743456,47.94238683127567,62.63175790547436,76.83531746031747,22.071307300509343,28.495689661849298,21.034027207484,-15.524857142857156,-0.0236842105263157,0.0155789473684189,-0.1317218045112788,0.0014620300751878,3.906992481202987,1.1104135338345864,-0.5664812030075208,-18.149037493261183,,3015.9400000000005,1.0766666666666662,97.54666666666668,46.23000000000002,2.569333333333333,1601.9666666666665,36.78333333333333,105.21,-303.0166727701823,1799.816650390625,-23.813000000000304,-0.0660000000000001,-0.4090000000000001,-1.027000000000004,0.0001500000000001,-18.68000000000017,2.3689999999999984,-1.118000000000018,-5.163003540039054,-7.5510131835940335,-0.0079287600262372,0.1851885649369464,-4,-2,0,Sharp Decline,2.23606797749979,"5d%: -3.99%, MA20: -15.52, RSI: 25.2, VIX: 36.82, ATR: -0.0079, BBW: 0.19, Score: [-4, -2, 0], Dist: 2.24",Sharp Decline,2.23606797749979,Orderly Decline,2.449489742783178,0.21342176528338808,True,2020
2020-03-05,3075.7,3083.04,2999.83,3023.94,5579290000.0,0.952,0.957,0.899,0.926,0.0,97.38,97.44,96.52,96.82,0.0,47.13,47.57,45.65,45.9,704591.0,2.5825,2.6,2.561,2.573,62318.0,1638.2,1675.5,1635.6,1668.0,362995.0,33.61,42.84,33.54,39.62,0.0,106.06,106.97,104.11,104.97,932432.0,-211.0200042724609,-211.0200042724609,-211.0200042724609,-211.0200042724609,0.0,1797.93994140625,1797.93994140625,1797.93994140625,1797.93994140625,0.0,1.51673850864118,-28.76923076923077,-1.645672490857375,-2.527075812274382,0.0583317130079752,1.552511415525104,1.1746680286006228,0.3729202524383357,-44.00721548372552,-0.3535960956333794,-10.3547638316984,-39.47712418300653,-3.053970161209585,-14.652287095574568,-0.5795981452859422,2.931194075902499,154.62724935732646,-11.52970922882428,-904.80552936164,-4.113446809568888,30.97164231036884,1.4005602240896309,24.13793103448289,31.697612732095493,41.6317991631799,64.30404105195639,75.00490869821323,27.779589175089697,36.54199021386136,24.474010953498663,-20.73739849624076,-0.034196992481203,-0.0550601503759424,-0.2392255639097751,-0.0002883458646617,4.126015037593946,1.3800601503759395,-0.7675714285714338,-20.20324827011367,,3052.476666666667,0.9759999999999996,97.10333333333334,46.620000000000026,2.5773333333333333,1651.8,36.14333333333333,106.19333333333331,-192.91000620524085,1804.1799723307288,35.1869999999997,-0.0736,-0.318000000000002,0.1799999999999973,0.0061999999999995,7.870000000000049,-1.7630000000000043,0.985,68.0869979858399,2.87401123046872,0.0116361435742771,0.1970750231034724,-1,-2,-1,Sharp Decline,2.23606797749979,"5d%: +1.52%, MA20: -20.74, RSI: 31.0, VIX: 39.62, ATR: 0.0116, BBW: 0.20, Score: [-1, -2, -1], Dist: 2.24",Sharp Decline,2.23606797749979,Orderly Decline,2.449489742783178,0.21342176528338808,True,2020
2020-03-09,2863.89,2863.89,2734.43,2746.56,8441290000.0,0.484,0.601,0.398,0.499,0.0,95.79,95.79,94.65,94.9,0.0,32.87,34.88,27.34,31.13,1774383.0,2.535,2.535,2.4565,2.5105,120968.0,1692.6,1704.3,1658.0,1675.7,504155.0,41.94,62.12,41.94,54.46,0.0,95.57,97.25,93.43,93.91,2468825.0,-377.489990234375,-377.489990234375,-377.489990234375,-377.489990234375,0.0,1763.7099609375,1763.7099609375,1763.7099609375,1763.7099609375,0.0,-11.121178682492893,-54.22018348623854,-2.526705012325381,-33.411764705882355,-3.256262042389224,5.0727363932781655,62.95631358467983,-12.576801340532494,53.13995547033468,-2.4297031929473745,-14.85884515591046,-63.84057971014492,-4.421391882364789,-39.47112580206106,-2.58051998447808,-0.0536800668018533,117.57890531362362,-17.630032453293577,121.02582415466672,-4.5921246223932455,23.59247059620484,0.92506938020351,11.224489795918544,14.202600958247784,32.072072072072075,62.68856855514584,80.88854247856585,20.556227327690465,31.76224272114996,19.76926865693173,-24.45428571428579,-0.0436270676691729,-0.129300751879702,-0.3921127819548881,-0.0007612781954887,4.507067669172888,1.6570300751879696,-0.9175263157894746,-19.88680494226012,,2914.2900000000004,0.7103333333333332,95.89,39.43666666666669,2.548,1672.0333333333335,45.34,100.56666666666663,-287.81000264485675,1782.0133056640625,-21.51500000000016,-0.0852000000000001,-0.3150000000000122,-1.222000000000006,-0.0069000000000001,17.879999999999825,1.9839999999999989,-0.8970000000000153,-0.9630020141601292,-4.773999023437736,-0.00783343527904,0.2439836069688044,-4,-2,0,Sharp Decline,2.23606797749979,"5d%: -11.12%, MA20: -24.45, RSI: 23.6, VIX: 54.46, ATR: -0.0078, BBW: 0.24, Score: [-4, -2, 0], Dist: 2.24",Sharp Decline,2.23606797749979,Orderly Decline,2.449489742783178,0.21342176528338808,True,2020
2020-03-10,2813.48,2882.59,2734.0,2882.23,7642040000.0,0.654,0.756,0.565,0.748,0.0,95.34,96.58,95.23,96.41,0.0,30.37,35.02,30.2,34.36,1064632.0,2.487,2.5655,2.482,2.5215,93797.0,1679.6,1681.3,1641.1,1660.3,385479.0,49.68,55.66,43.56,47.3,0.0,97.03,98.49,93.25,98.43,2283541.0,-231.75,-231.75,-231.75,-231.75,0.0,1776.0999755859375,1776.0999755859375,1776.0999755859375,1776.0999755859375,0.0,-4.033469069744977,-25.940594059405942,-0.7617086978898735,-27.1725307333616,-2.0015546055188405,0.9669180248114806,28.46279196089081,-6.024441474126396,-10.254428168587305,-1.2839026352180485,-7.863282835870988,-43.75939849624061,-2.586642416894014,-31.14228456913828,-2.191621411947242,0.624242424242416,69.8384201077199,-10.664367398801955,-16.519573420057597,-2.968159204710019,30.630083488368527,18.86363636363637,28.00000000000001,19.673181672540863,35.14938488576453,58.03246107982776,73.22890206040078,27.722772277227747,40.03242046587225,24.998683549766312,-29.309541353383533,-0.0519481203007518,-0.17805263157895,-0.6367368421052644,-0.0022368421052632,4.65360902255637,1.9385263157894737,-1.118548872180453,-21.998473934481915,,2867.0533333333333,0.6509999999999997,95.75333333333332,35.59000000000002,2.5308333333333333,1669.4666666666665,47.9,98.38666666666666,-294.72000122070307,1774.7333170572915,-67.13700000000028,-0.1308,-0.5890000000000065,-3.760000000000002,-0.0150499999999999,9.199999999999996,4.522999999999996,-2.77100000000002,-40.39599685668944,-10.198999023437796,-0.0232934221071879,0.254527513861182,-4,-2,0,Sharp Decline,2.23606797749979,"5d%: -4.03%, MA20: -29.31, RSI: 30.6, VIX: 47.30, ATR: -0.0233, BBW: 0.25, Score: [-4, -2, 0], Dist: 2.24",Sharp Decline,2.23606797749979,Orderly Decline,2.449489742783178,0.21342176528338808,True,2020
2020-03-11,2825.6,2825.6,2707.22,2741.38,7431200000.0,0.707,0.862,0.675,0.82,0.0,96.33,96.62,95.91,96.51,0.0,34.62,36.35,32.56,32.98,874646.0,2.541,2.542,2.4725,2.502,74673.0,1649.3,1671.8,1632.4,1642.3,404351.0,52.24,55.82,49.98,53.9,0.0,95.65,96.09,92.0,93.12,2959400.0,-327.739990234375,-327.739990234375,-327.739990234375,-327.739990234375,0.0,1756.1600341796875,1756.1600341796875,1756.1600341796875,1756.1600341796875,0.0,-12.41933216617893,-17.338709677419363,-0.8526813231970354,-29.4997862334331,-3.248259860788872,-0.0426049908703651,68.49015317286653,-14.46679526040231,199.3605957115808,-3.2631921029909194,-12.033474629298636,-37.40458015267176,-2.5151515151515147,-32.320952185512006,-2.7405247813411138,-0.0486884547501675,95.5732946298984,-14.670576376798303,12.830925347555478,-3.641640689058645,27.887394922692508,23.74260355029585,26.271186440677965,17.601246105919003,34.965034965034945,53.5025706940874,75.13109596224436,24.837374334713203,35.938121153634015,21.1537892059837,-30.96779699248124,-0.0555601503759398,-0.1971804511278225,-0.8182030075187987,-0.0035308270676692,4.522631578947344,2.052315789473684,-1.2126917293233064,-21.16137619179891,,2790.056666666668,0.6889999999999996,95.94,32.82333333333335,2.5113333333333334,1659.4333333333334,51.88666666666666,95.15333333333336,-312.32666015624994,1765.3233235677085,-77.31600000000019,-0.0915000000000001,-0.3780000000000113,-3.961000000000003,-0.0191500000000002,4.229999999999992,4.545999999999999,-3.194000000000005,-41.100997924804666,-11.283007812500095,-0.0282033136595438,0.2760354365960043,-4,-2,0,Sharp Decline,2.23606797749979,"5d%: -12.42%, MA20: -30.97, RSI: 27.9, VIX: 53.90, ATR: -0.0282, BBW: 0.28, Score: [-4, -2, 0], Dist: 2.24",Sharp Decline,2.23606797749979,Orderly Decline,2.449489742783178,0.21342176528338808,True,2020
2020-03-12,2630.86,2660.95,2478.86,2480.64,8850810000.0,0.675,0.849,0.638,0.849,0.0,96.65,98.31,96.08,97.47,0.0,33.07,33.63,30.02,31.5,1025036.0,2.4775,2.4845,2.428,2.4725,116117.0,1633.1,1651.0,1560.4,1590.3,605721.0,61.46,76.83,59.91,75.47,0.0,86.69,89.69,82.73,83.72,3807420.0,-419.989990234375,-419.989990234375,-419.989990234375,-419.989990234375,0.0,1735.280029296875,1735.280029296875,1735.280029296875,1735.280029296875,0.0,-17.96662632195084,-8.315334773218153,0.6713488948564494,-31.37254901960784,-3.905946366109592,-4.658273381294964,90.48460373548714,-20.24387920358197,99.02851944410924,-3.4850948391727643,-16.722394553438356,-34.6923076923077,-0.9853718000812696,-33.10681673391379,-3.849893058526144,-3.178082191780829,92.72216547497447,-19.94645247657296,11.441610018271508,-3.826367775525708,24.089312381723985,26.49507948523845,37.954239569313536,17.02833031946956,27.07275803722507,41.26604956703494,80.30727706841067,21.337849280270987,35.37651769976894,19.980778461135685,-33.84227067669181,-0.056306015037594,-0.2129774436090238,-0.9906691729323324,-0.0045466165413534,3.864586466165375,2.21409022556391,-1.3434135338345905,-20.54839107811004,,2701.4166666666674,0.8056666666666663,96.79666666666668,32.94666666666669,2.498666666666667,1630.9666666666665,58.88999999999999,91.75666666666666,-326.49332682291663,1755.8466796875,-65.52600000000007,-0.0170000000000001,-0.0160000000000082,-3.276000000000009,-0.0181000000000002,-6.350000000000023,3.3919999999999955,-2.809000000000016,-19.02699584960934,-9.18498535156274,-0.0264149574303405,0.3265322030492477,-4,-2,0,Sharp Decline,2.23606797749979,"5d%: -17.97%, MA20: -33.84, RSI: 24.1, VIX: 75.47, ATR: -0.0264, BBW: 0.33, Score: [-4, -2, 0], Dist: 2.24",Sharp Decline,2.23606797749979,Orderly Decline,2.449489742783178,0.21342176528338808,True,2020
2020-03-13,2569.99,2711.33,2492.37,2711.02,8299070000.0,0.944,0.986,0.837,0.951,0.0,97.45,98.81,97.34,98.75,0.0,30.77,33.87,30.33,31.73,743129.0,2.443,2.532,2.4015,2.464,124913.0,1582.7,1597.9,1504.0,1516.7,551049.0,71.31,77.57,55.17,57.83,0.0,88.52,90.53,83.48,90.52,2484000.0,-229.0800018310547,-229.0800018310547,-229.0800018310547,-229.0800018310547,0.0,1752.1700439453125,1752.1700439453125,1752.1700439453125,1752.1700439453125,0.0,-8.792646945030391,34.70254957507082,2.9181865554976483,-23.13468992248062,-3.76879515719587,-9.30997369050467,37.88745827372437,-11.962653180315108,-16.6739449140647,-1.8056574201057216,-8.232291433948724,-15.840707964601764,0.6318149393661487,-29.110813226094724,-2.99212598425197,-3.191421459117893,44.178509099975074,-12.515705035275923,-43.34190797356251,-2.256471046962228,35.476081670418466,33.90847711927982,46.88940092165895,18.69040050858233,29.30402930402932,28.999211977935403,65.46877947557064,31.144646010595608,47.832650095925565,27.82303888100332,-39.17209774436096,-0.0548481203007519,-0.2065263157894761,-1.1393533834586482,-0.0055936090225564,2.378796992481149,2.6030451127819547,-1.5583684210526356,-20.43854881605708,,2644.346666666667,0.8733333333333331,97.57666666666668,32.070000000000014,2.4795000000000003,1583.1,62.4,89.11999999999999,-325.6033274332682,1747.8700358072915,-98.8640000000001,0.0606999999999999,0.4649999999999911,-1.771000000000004,-0.0184500000000002,-19.76000000000034,6.649999999999999,-3.898999999999997,-24.03899536132812,-10.5769897460937,-0.0364674550538174,0.3347206429240077,-4,-2,0,Sharp Decline,2.23606797749979,"5d%: -8.79%, MA20: -39.17, RSI: 35.5, VIX: 57.83, ATR: -0.0365, BBW: 0.33, Score: [-4, -2, 0], Dist: 2.24",Sharp Decline,2.23606797749979,Orderly Decline,2.449489742783178,0.21342176528338808,True,2020
2020-03-16,2508.59,2562.98,2380.94,2386.13,7805450000.0,0.778,0.859,0.703,0.728,0.0,98.47,98.47,97.45,98.09,0.0,33.75,33.75,28.1,28.7,698829.0,2.51,2.5155,2.335,2.3925,114108.0,1563.8,1574.8,1450.9,1486.5,565977.0,57.83,83.56,57.83,82.69,0.0,80.69,85.33,78.9,79.62,3294000.0,-328.3599853515625,-328.3599853515625,-328.3599853515625,-328.3599853515625,0.0,1732.0400390625,1732.0400390625,1732.0400390625,1732.0400390625,0.0,-13.122961085867402,45.89178356713426,3.361433087460486,-7.805974943784133,-4.700258912567213,-11.290803843170016,51.836210062431135,-15.216696837397503,-13.014915932554604,-1.7956422867944744,-22.78471181756697,-33.21100917431193,0.7497945768282666,-38.6096256684492,-7.8034682080924895,-6.790820165537992,147.42669060442844,-25.879724446099416,33.20891900671907,-4.181716701765692,31.44521678251739,30.013280212483394,45.121951219512205,17.83980582524272,22.99854439592434,28.72755659640908,71.41183820084335,27.97001153402539,48.102363894194,27.5744387704283,-39.94618796992483,-0.0509165413533835,-0.179097744360903,-1.2512255639097751,-0.0063650375939849,-0.0728571428571715,2.653646616541353,-1.6253007518797002,-17.279270670288486,,2525.9300000000003,0.8426666666666663,98.10333333333334,30.64333333333336,2.443,1531.1666666666667,71.99666666666667,84.61999999999999,-325.8099924723307,1739.8300374348958,-47.26700000000028,0.1004999999999998,0.8759999999999915,-0.166000000000001,-0.0142000000000003,-38.80000000000015,3.490999999999992,-2.149,10.857998657226563,-6.38997802734391,-0.0198090632111411,0.3774457052207547,-4,-2,0,Sharp Decline,2.23606797749979,"5d%: -13.12%, MA20: -39.95, RSI: 31.4, VIX: 82.69, ATR: -0.0198, BBW: 0.38, Score: [-4, -2, 0], Dist: 2.24",Sharp Decline,2.23606797749979,Orderly Decline,2.449489742783178,0.21342176528338808,True,2020
2020-03-17,2425.66,2553.93,2367.04,2529.19,8370250000.0,0.794,0.997,0.743,0.997,0.0,98.14,99.83,97.98,99.58,0.0,28.69,30.3,26.63,26.95,545820.0,2.386,2.4255,2.302,2.3135,101646.0,1512.8,1554.3,1465.6,1525.8,434508.0,82.69,84.83,70.37,75.91,0.0,81.07,84.87,78.27,84.13,3633042.0,-231.0500030517578,-231.0500030517578,-231.0500030517578,-231.0500030517578,0.0,1738.4200439453125,1738.4200439453125,1738.4200439453125,1738.4200439453125,0.0,-12.24884898151778,33.28877005347594,3.2880406596826006,-21.565774155995346,-8.249058100337104,-8.100945612238753,60.48625792811839,-14.528091029157784,-0.3020483056061174,-2.1214983479854177,-15.788264516193474,-1.2871287128712885,2.5012866700977687,-42.87833827893175,-10.085503303536726,-7.212357090732191,106.16512764801736,-19.67729616192476,-10.525503147660608,-3.378163010007562,36.22204285432721,41.08262108262108,52.76717557251908,17.531305903398945,18.944844124700268,35.925125989920815,67.96729840208101,32.83438615764901,52.089839907000425,30.69545547001645,-44.26648120300763,-0.0496383458646616,-0.1598270676691741,-1.366827067669175,-0.008146992481203,-2.74255639097748,2.986285714285714,-1.805406015037599,-15.310240395804096,,2542.113333333334,0.8919999999999996,98.80666666666669,29.126666666666683,2.39,1509.6666666666667,72.14333333333333,84.75666666666666,-262.82999674479163,1740.876708984375,-102.25600000000033,0.0091,0.5599999999999881,-1.2570000000000014,-0.0296000000000001,-47.32000000000022,7.470999999999998,-4.022000000000018,-9.455998229980434,-9.210986328125207,-0.040430335403825,0.3893371857940025,-4,-2,0,Sharp Decline,2.23606797749979,"5d%: -12.25%, MA20: -44.27, RSI: 36.2, VIX: 75.91, ATR: -0.0404, BBW: 0.39, Score: [-4, -2, 0], Dist: 2.24",Sharp Decline,2.23606797749979,Orderly Decline,2.449489742783178,0.21342176528338808,True,2020
2020-03-18,2436.5,2453.57,2280.52,2398.1,8799300000.0,1.08,1.27,0.999,1.27,0.0,99.38,101.74,99.15,101.16,0.0,26.94,27.22,20.06,20.37,309481.0,2.317,2.3415,2.111,2.151,105933.0,1527.6,1547.0,1473.3,1477.9,435187.0,69.37,85.47,69.37,76.45,0.0,78.58,80.67,74.12,78.65,2692038.0,-318.5400085449219,-318.5400085449219,-318.5400085449219,-318.5400085449219,0.0,1719.3699951171875,1719.3699951171875,1719.3699951171875,1719.3699951171875,0.0,-12.522160371783563,54.87804878048781,4.8181535592166425,-38.23529411764704,-14.028776978417268,-10.010351336540213,41.83673469387757,-15.539089347079038,-2.807097688284544,-2.0949138089049413,-23.38632384700906,28.0241935483871,3.924388740497209,-56.45575032064984,-16.821345707656622,-10.048691418137546,138.98093154110663,-27.757876366308444,190.9572513497261,-5.2897448499192095,36.3335530032009,49.25668979187314,61.82608695652176,15.28066528066529,13.656006914433902,32.26293103448276,65.0983885334845,32.420338983050854,52.04993175088069,30.577557479444707,-45.20412030075188,-0.0436947368421052,-0.1123533834586485,-1.4723157894736856,-0.0105804511278196,-4.485864661654211,3.136451127819549,-1.8681203007518845,-11.737586344812147,-7.301855560532218,2437.806666666667,0.9983333333333332,99.61,25.340000000000018,2.2856666666666663,1496.7333333333336,78.35000000000001,80.8,-292.6499989827474,1729.943359375,-51.88899999999996,0.0232999999999999,0.6759999999999905,-1.4860000000000018,-0.0457000000000004,-33.67999999999999,5.123999999999999,-2.208000000000005,28.50099792480475,-3.871997070312593,-0.0216375463908927,0.4064881123552494,-4,-2,0,Sharp Decline,2.23606797749979,"5d%: -12.52%, MA20: -45.20, RSI: 36.3, VIX: 76.45, ATR: -0.0216, BBW: 0.41, Score: [-4, -2, 0], Dist: 2.24",Sharp Decline,2.23606797749979,Orderly Decline,2.449489742783178,0.21342176528338808,True,2020
2020-03-19,2393.48,2466.97,2319.78,2409.39,7956100000.0,1.14,1.23,1.01,1.12,0.0,100.79,102.84,100.77,102.76,0.0,22.3,27.71,21.36,25.22,136722.0,2.1625,2.199,1.9725,2.1855,101067.0,1487.2,1502.8,1460.1,1479.3,325286.0,80.62,84.26,68.57,72.0,0.0,77.52,80.42,75.02,78.86,2218600.0,-171.5,-171.5,-171.5,-171.5,0.0,1730.3800048828125,1730.3800048828125,1730.3800048828125,1730.3800048828125,0.0,-2.8722426470588203,31.919905771495905,5.4273109674771725,-19.93650793650794,-11.607684529828113,-6.979815129220901,-4.59785345170266,-5.805064500716672,-59.16569347181475,-0.2823765808016576,-20.3228238655529,20.950323974082075,6.135096054534195,-45.05446623093682,-15.06024096385541,-11.312949640287773,81.7264008076729,-24.873773459083548,-18.728084291683643,-3.757630328329864,37.09636927740805,49.74974974974975,68.10007818608295,26.17073170731708,19.51848667239902,38.78336755646816,62.55610678006142,33.109128345916275,57.54772074306047,35.72478886899182,-46.49924060150384,-0.0328466165413534,-0.0402781954887247,-1.6144812030075206,-0.0149526315789474,-6.615563909774469,3.1953759398496246,-1.9511654135338408,-9.029488761442945,-7.284351595541628,2445.56,1.1289999999999998,101.16666666666669,24.180000000000017,2.216666666666667,1494.3333333333333,74.78666666666668,80.54666666666667,-240.3633371988932,1729.3900146484375,-34.69100000000029,0.0887999999999999,0.8209999999999857,-2.7040000000000046,-0.0793500000000002,-21.57000000000028,2.003999999999997,-1.6530000000000071,20.09299621582036,-4.557006835937648,-0.0143982501795061,0.4121512639924871,-4,-2,0,Sharp Decline,2.23606797749979,"5d%: -2.87%, MA20: -46.50, RSI: 37.1, VIX: 72.00, ATR: -0.0144, BBW: 0.41, Score: [-4, -2, 0], Dist: 2.24",Sharp Decline,2.23606797749979,Orderly Decline,2.449489742783178,0.21342176528338808,True,2020
2020-03-20,2431.94,2453.01,2295.56,2304.92,9053950000.0,1.02,1.03,0.916,0.938,0.0,102.94,102.99,101.09,102.82,0.0,24.73,27.89,19.46,22.43,1133808.0,2.1485,2.2365,2.093,2.1715,88783.0,1471.6,1519.4,1457.5,1484.6,269974.0,67.86,69.51,57.42,66.04,0.0,79.52,80.55,74.82,75.03,2544900.0,-148.58999633789062,-148.58999633789062,-148.58999633789062,-148.58999633789062,0.0,1725.72998046875,1725.72998046875,1725.72998046875,1725.72998046875,0.0,-14.979601773502216,-1.3669821240799185,4.121518987341766,-29.30980144973212,-11.870941558441562,-2.116437001384597,14.1967836762926,-17.11224038886433,-35.136199078837535,-1.5089895851105983,-22.45514522081705,32.86118980169972,7.159979155810303,-45.66375968992248,-15.192345245069328,-11.229370963884245,57.46304244158325,-27.0278156000778,-45.95155351360077,-3.287399822804138,31.118815547145857,46.44859813084112,72.5993377483444,20.909090909090907,10.823311748381188,34.97818974918211,62.91778869000475,27.732710023374125,53.47837540559941,30.278385104195262,-46.351285714285765,-0.0243218045112782,0.0565714285714263,-1.6301203007518803,-0.0184319548872181,-8.386541353383512,3.1160225563909782,-1.971488721804516,-3.390240676420969,-6.819427627907685,2370.8033333333333,1.109333333333333,102.24666666666668,22.67333333333335,2.169333333333334,1480.6,71.49666666666667,77.51333333333334,-212.8766682942708,1725.1599934895833,-59.12900000000031,0.0879999999999999,1.1089999999999918,-2.1350000000000056,-0.0798500000000003,-8.339999999999959,2.209999999999997,-2.429000000000006,12.497998046875034,-5.625012207031383,-0.0256533849330997,0.4236763762578074,-4,-2,0,Sharp Decline,2.23606797749979,"5d%: -14.98%, MA20: -46.35, RSI: 31.1, VIX: 66.04, ATR: -0.0257, BBW: 0.42, Score: [-4, -2, 0], Dist: 2.24",Sharp Decline,2.23606797749979,Orderly Decline,2.449489742783178,0.21342176528338808,True,2020
2020-03-23,2290.71,2300.73,2191.86,2237.4,7411380000.0,0.715,0.879,0.715,0.764,0.0,101.95,102.98,101.65,102.49,0.0,22.52,24.07,20.8,23.36,852951.0,2.1465,2.1465,2.0205,2.1005,84924.0,1505.0,1569.3,1484.6,1567.6,362068.0,74.08,76.74,60.46,61.59,0.0,74.13,74.3,70.56,71.66,2958200.0,-193.33999633789065,-193.33999633789065,-193.33999633789065,-193.33999633789065,0.0,1713.949951171875,1713.949951171875,1713.949951171875,1713.949951171875,0.0,-6.233105488804047,4.94505494505495,4.485676419614637,-18.60627177700348,-12.204806687565316,5.4557685839219605,-25.516991171846648,-9.997488068324555,-41.11950147308939,-1.044438204812903,-18.53809856693464,53.106212424849694,7.997892518440453,-24.959845807902347,-16.331408086038646,-6.45103538819598,13.092177745134048,-23.69289745501012,-48.78274885703586,-2.821326117542311,31.410931576929244,44.49418084153984,71.88524590163934,21.84397163120566,9.923664122137453,40.40479760119937,59.7282224491399,27.47207845273768,52.25245298419807,29.79764318179714,-46.80658646616544,-0.0187278195488722,0.140300751879696,-1.648984962406016,-0.0211902255639098,-9.422631578947442,2.890654135338346,-2.003744360902257,1.7325112421709867,-6.341983835320761,2317.236666666667,0.9406666666666664,102.69,23.670000000000016,2.1525000000000003,1510.5,66.54333333333334,75.18333333333332,-171.14333089192704,1723.3533121744792,-28.222000000000225,0.0542999999999999,1.2639999999999914,-1.4270000000000052,-0.0569999999999999,-5.030000000000145,-3.721000000000001,-1.4450000000000087,41.908998107910186,-2.0660156250001065,-0.0126137481004738,0.4447931198837373,-4,-2,0,Sharp Decline,2.23606797749979,"5d%: -6.23%, MA20: -46.81, RSI: 31.4, VIX: 61.59, ATR: -0.0126, BBW: 0.44, Score: [-4, -2, 0], Dist: 2.24",Sharp Decline,2.23606797749979,Orderly Decline,2.449489742783178,0.21342176528338808,True,2020
2020-03-24,2344.44,2449.71,2344.44,2447.33,7563150000.0,0.823,0.896,0.81,0.816,0.0,102.13,102.21,101.05,101.74,0.0,23.87,25.16,23.09,24.01,659697.0,2.087,2.2395,2.0845,2.18,91039.0,1563.8,1698.0,1560.5,1660.8,418776.0,58.76,61.88,36.24,61.67,0.0,75.45,79.47,75.42,79.31,2508806.0,-14.25,-14.25,-14.25,-14.25,0.0,1732.6500244140625,1732.6500244140625,1732.6500244140625,1732.6500244140625,0.0,-3.2366093492382952,-18.15446339017052,2.169110263105045,-10.9090909090909,-5.770477631294568,8.847817538340541,-18.75905677776314,-5.729228574824663,-93.83250386852067,-0.3319117005896377,-15.0890109394462,9.090909090909085,5.5284721501918765,-30.122235157159484,-13.54352567915923,0.0301150394506954,30.38054968287527,-19.42497206136341,-93.85113268608414,-2.4463685473302688,34.07263990296019,46.11992945326279,67.24137931034483,23.24324324324324,19.05487804878058,51.80894308943089,62.10835509138381,30.79022615024695,53.23742011076574,30.619722433147004,-48.439541353383525,-0.0162406015037594,0.2144360902255615,-1.6388120300751898,-0.0247958646616542,-8.587142857142899,2.653616541353384,-2.07638345864662,4.400594077432968,-6.100774458117956,2329.8833333333337,0.8393333333333329,102.34999999999998,23.266666666666683,2.1506666666666665,1571.0,63.1,75.33333333333333,-118.72666422526038,1724.1099853515625,-67.67600000000012,-0.0798000000000001,0.7479999999999809,-0.5120000000000031,-0.0405500000000002,9.029999999999912,-3.9050000000000034,-2.8560000000000114,24.537002563476573,-4.258020019531309,-0.0276529932620448,0.4428254204932999,-4,-2,0,Sharp Decline,2.23606797749979,"5d%: -3.24%, MA20: -48.44, RSI: 34.1, VIX: 61.67, ATR: -0.0277, BBW: 0.44, Score: [-4, -2, 0], Dist: 2.24",Sharp Decline,2.23606797749979,Orderly Decline,2.449489742783178,0.21342176528338808,True,2020
2020-03-25,2457.77,2571.42,2407.53,2475.56,8300010000.0,0.845,0.861,0.783,0.858,0.0,101.6,101.91,100.84,101.05,0.0,24.37,25.24,22.91,24.49,618725.0,2.1995,2.227,2.1495,2.204,74583.0,1666.2,1699.3,1615.2,1633.4,254189.0,61.44,68.86,58.03,63.95,0.0,79.67,84.42,78.05,81.3,1991561.0,102.58000183105467,102.58000183105467,102.58000183105467,102.58000183105467,0.0,1745.3499755859375,1745.3499755859375,1745.3499755859375,1745.3499755859375,0.0,3.2300571285601043,-32.44094488188976,-0.1087386318703087,20.22582228767796,2.4639702463970403,10.52168617633129,-16.350555918901243,3.369357914812454,-132.20317670600815,1.51101743909281,-9.696576176961967,4.634146341463419,4.704175733084637,-25.742874469375376,-11.910471622701824,-0.54192291298788,18.6456400742115,-12.693298969072176,-131.2992020771396,-0.6155508827986433,36.72524812394093,48.48484848484848,66.35730858468685,24.60260972716489,22.33883058470772,46.500809061488674,60.37880726900435,34.22630947620952,60.551391582400335,37.40240023346162,-47.129360902255705,-0.0128736842105263,0.2679924812030058,-1.6013007518796996,-0.0265334586466165,-6.67631578947374,2.40727067669173,-2.0365263157894766,7.9743837571682,-5.676833441024519,2386.763333333334,0.8126666666666663,101.76,23.95333333333335,2.1615,1620.6,62.403333333333336,77.42333333333333,-35.00333150227862,1730.6499837239585,-7.353000000000384,-0.1264000000000001,0.0889999999999764,0.5420000000000011,-0.0027000000000002,45.40999999999979,-3.997000000000003,-0.5880000000000059,58.67400207519533,1.0130004882812378,-0.0029702370372765,0.4338005870353896,0,-2,0,Orderly Decline,2.449489742783178,"5d%: +3.23%, MA20: -47.13, RSI: 36.7, VIX: 63.95, ATR: -0.0030, BBW: 0.43, Score: [0, -2, 0], Dist: 2.45",Orderly Decline,2.449489742783178,Volatile Chop,2.8284271247461903,0.3789373819630124,True,2020
2020-04-01,2498.08,2522.75,2447.49,2470.5,5964000000.0,0.61,0.643,0.579,0.635,0.0,99.01,99.84,98.91,99.67,0.0,20.1,21.55,19.9,20.31,703286.0,2.216,2.222,2.1545,2.1745,54631.0,1589.4,1612.4,1576.0,1591.4,164482.0,57.38,60.59,52.76,57.06,0.0,80.74,81.4,79.08,79.88,2655800.0,-8.15999984741211,-8.15999984741211,-8.15999984741211,-8.15999984741211,0.0,1731.6600341796875,1731.6600341796875,1731.6600341796875,1731.6600341796875,0.0,-0.2043981967716379,-25.990675990675992,-1.3656605640771868,-17.068191098407514,-1.3384754990925618,-2.571323619444099,-10.77404222048476,-1.7466174661746603,-107.95476672037044,-0.7843665509923881,3.019056753262994,-50.0,-1.4729141953341185,-0.2945508100147376,1.092515109251524,7.67981595507139,-25.362982341399608,1.5638906547997378,-97.4383124164884,0.7147989727285253,49.70783149887628,43.8717067583047,58.67507886435333,28.685714285714283,29.27677329624484,50.106733941393365,39.777901166018886,46.79465776293823,64.78392896064777,48.983948058177575,-27.076075187969977,-0.0024616541353383,0.2532781954887201,-1.244894736842107,-0.0265338345864662,-2.143609022556402,0.9855112781954878,-1.2614360902255652,24.94720312706511,-2.556939743156781,2560.5800000000004,0.6676666666666663,99.3,20.29333333333335,2.186,1610.4000000000003,55.89333333333334,83.17,88.87000147501631,1745.356689453125,21.46400000000021,-0.0461000000000001,-0.4240000000000083,-1.0530000000000015,0.0025499999999997,-8.160000000000181,-2.4740000000000064,0.5069999999999906,-2.6750000000000025,0.2580078124998161,0.0086881198138029,0.3308653233840123,-2,0,0,Trend Pullback,1.4142135623730951,"5d%: -0.20%, MA20: -27.08, RSI: 49.7, VIX: 57.06, ATR: 0.0087, BBW: 0.33, Score: [-2, 0, 0], Dist: 1.41",Trend Pullback,1.4142135623730951,Orderly Decline,1.4142135623730951,0.0,True,2020
2020-04-03,2514.92,2538.18,2459.96,2488.65,6096970000.0,0.589,0.607,0.568,0.587,0.0,100.2,100.85,100.14,100.58,0.0,24.81,29.13,23.52,28.34,1007577.0,2.2205,2.2315,2.1705,2.1925,45869.0,1635.3,1652.8,1624.4,1645.7,139612.0,51.11,52.29,46.74,46.8,0.0,80.76,81.68,79.0,79.83,1199400.0,-37.27000045776367,-37.27000045776367,-37.27000045776367,-37.27000045776367,0.0,1723.719970703125,1723.719970703125,1723.719970703125,1723.719970703125,0.0,-2.0783247490625434,-21.62883845126836,2.246619904442415,31.75267317526731,0.9438305709023932,1.2738461538461587,-28.593225511138243,-4.303524334691922,-130.97830705184106,-1.4234171631722248,7.971209412908031,-37.420042643923246,-2.1785644816183614,26.34864021399912,0.9670734515311974,10.8514077866092,-29.13385826771655,6.397441023590567,-74.9175574558785,-0.1164730165421956,54.02140144977563,45.20081688223281,60.68669527896994,49.41972920696325,35.895627644569856,67.08887934735941,18.95865767168312,50.23453205271387,61.87841172120665,47.37868364213674,-14.693473684210527,-0.0044691729323308,0.2159924812030056,-0.8218045112781961,-0.0219165413533834,0.4012781954887022,0.0119924812030061,-0.7860977443609043,28.79379692651276,-1.1979026851797878,2495.3500000000004,0.616333333333333,100.14333333333332,24.656666666666684,2.1951666666666667,1624.9333333333334,51.59,80.28333333333332,-2.273333231608035,1730.6199951171875,-18.52900000000036,-0.0279,0.4109999999999839,0.7839999999999966,0.0112,-2.640000000000056,-2.92800000000001,-1.0290000000000086,-32.08899955749515,-4.6510009765628295,-0.0074454021256505,0.2504883706327133,-4,1,0,Trend Pullback,3.0,"5d%: -2.08%, MA20: -14.69, RSI: 54.0, VIX: 46.80, ATR: -0.0074, BBW: 0.25, Score: [-4, 1, 0], Dist: 3.00",Trend Pullback,3.0,Orderly Decline,3.0,0.0,True,2020
2020-04-08,2685.0,2760.75,2663.3,2749.98,5875710000.0,0.763,0.768,0.729,0.764,0.0,99.91,100.43,99.9,100.12,0.0,24.3,26.45,23.74,25.09,823554.0,2.249,2.2875,2.2425,2.26,67085.0,1678.7,1695.8,1670.7,1684.3,125327.0,45.9,47.28,42.53,43.35,0.0,87.47,90.58,86.82,90.14,1586000.0,289.0899963378906,289.0899963378906,289.0899963378906,289.0899963378906,0.0,1768.800048828125,1768.800048828125,1768.800048828125,1768.800048828125,0.0,11.312689738919255,20.314960629921263,0.4514899167251895,23.535204332840976,3.9319383766383,5.83762724644965,-24.027339642481603,12.844266399599412,-3642.7696292123537,2.144763632316038,11.085168608314898,-10.955710955710952,-0.920336467095495,2.449979583503481,2.5408348457350183,3.1161993388024944,-32.21266614542612,10.873308733087338,181.81905944397505,1.3435742727939235,63.52502958438897,31.34171907756813,33.37531486146092,49.7292794668888,57.08848715509033,73.49839523154517,22.667429879793943,62.566844919786085,68.8795792581695,61.47962105290801,3.752887218045065,-0.0183097744360902,0.075248120300752,-0.3601052631578956,-0.0118924812030075,7.752631578947329,-1.3152406015037612,-0.0698872180451146,28.36789454409952,0.2346292366658662,2691.023333333333,0.725333333333333,100.26333333333334,24.93333333333335,2.25,1687.3,45.09666666666666,87.52333333333333,193.53000132242843,1754.3833414713542,51.45999999999974,0.0250999999999999,0.112999999999997,0.7399999999999962,0.0194999999999998,24.07999999999976,-2.639000000000003,1.8089999999999933,44.87000122070313,4.6189941406248325,0.0187128633662789,0.2129103352987252,4,1,-2,Volatile Chop,4.123105625617661,"5d%: +11.31%, MA20: +3.75, RSI: 63.5, VIX: 43.35, ATR: 0.0187, BBW: 0.21, Score: [4, 1, -2], Dist: 4.12",Volatile Chop,4.123105625617661,Steady Climb,4.47213595499958,0.349030329381919,True,2020
2020-04-09,2776.99,2818.57,2762.36,2789.82,7899550000.0,0.727,0.773,0.713,0.729,0.0,100.13,100.3,99.36,99.52,0.0,26.28,28.36,22.57,22.76,1122149.0,2.2715,2.2885,2.2465,2.2595,62382.0,1680.5,1754.5,1676.5,1752.8,218804.0,43.0,45.73,41.39,41.67,0.0,91.52,93.57,91.13,92.22,2168149.0,370.4500122070313,370.4500122070313,370.4500122070313,370.4500122070313,0.0,1784.4599609375,1784.4599609375,1784.4599609375,1784.4599609375,0.0,10.404843879852788,16.267942583732054,-0.6588141345578058,-10.110584518167451,1.848095560063112,7.02814923368138,-18.149675898644656,13.655410401774716,859.4664759153397,2.76305981113576,6.073982821750001,-10.110974106041937,0.1005833836250191,0.707964601769917,3.741965105601474,6.153100775193798,-31.688524590163937,7.257501744591766,67.0198408972003,1.2959563581119935,70.29753532918089,37.05080545229245,30.542452830188708,50.70063694267517,58.59374999999999,76.85222266720065,24.68314980261792,69.92812427544632,70.30259878208304,66.46480188139441,10.664646616541264,-0.0189593984962406,0.0225488721804507,-0.2329699248120304,-0.0076894736842106,9.875037593984931,-1.6965864661654158,0.2096015037593983,29.395541198271577,0.9277430943079898,2733.07,0.7429999999999995,99.87333333333332,23.82666666666668,2.264,1706.9333333333334,43.906666666666666,89.63999999999999,279.67667134602874,1768.3000081380208,61.691999999999496,0.0422999999999999,-0.0720000000000146,-0.517000000000002,0.0162999999999996,13.12000000000002,-1.522000000000002,2.4729999999999897,71.77199974060059,9.25601806640616,0.0221132546185773,0.2320176506036429,4,2,-2,Volatile Chop,4.47213595499958,"5d%: +10.40%, MA20: +10.66, RSI: 70.3, VIX: 41.67, ATR: 0.0221, BBW: 0.23, Score: [4, 2, -2], Dist: 4.47",Volatile Chop,4.47213595499958,Steady Climb,4.58257569495584,0.11043973995626022,True,2020
2020-04-13,2782.46,2782.46,2721.17,2761.63,5319530000.0,0.741,0.759,0.722,0.749,0.0,99.49,99.63,99.14,99.35,0.0,24.6,24.74,22.03,22.41,775120.0,2.3005,2.3525,2.2635,2.3025,56786.0,1742.3,1772.8,1724.2,1761.4,166890.0,44.6,45.04,41.17,41.17,0.0,91.86,91.92,89.11,90.23,2221403.0,290.4200134277344,290.4200134277344,290.4200134277344,290.4200134277344,0.0,,,,,,10.968999256625068,27.597955706984667,-1.222907138596141,-20.924488355681014,5.017103762827846,7.030442972595252,-12.02991452991452,13.027683828134794,-879.2326532350157,3.523773656204643,8.662703081287603,0.0,0.9962386906577024,4.184100418410042,6.008287292817682,8.393846153846152,-37.183399450717125,8.163509949652358,141.39308396735117,2.0501984940186624,72.69099251179499,48.85145482388974,31.129807692307708,47.9320853286896,70.8677685950413,72.80000000000001,26.889995473064744,72.23952095808383,68.41436122992151,71.16527010528074,14.015669172932265,-0.0195669172932331,-0.0289924812030087,-0.1506240601503771,-0.0035954887218045,12.091804511278198,-1.7454887218045148,0.3748646616541334,29.20133095648056,1.4958781536360126,2767.143333333334,0.7473333333333331,99.66333333333334,23.42000000000002,2.274,1732.8333333333333,42.06333333333333,90.86333333333332,316.6533406575522,,68.8639999999998,0.0371999999999999,-0.268999999999992,-1.2150000000000063,0.0176499999999998,20.459999999999884,-1.2150000000000072,2.904999999999995,99.25200195312505,14.757006835937538,0.0249359979432435,0.2375420862503731,4,2,-2,Volatile Chop,4.47213595499958,"5d%: +10.97%, MA20: +14.02, RSI: 72.7, VIX: 41.17, ATR: 0.0249, BBW: 0.24, Score: [4, 2, -2], Dist: 4.47",Volatile Chop,4.47213595499958,Steady Climb,4.58257569495584,0.11043973995626022,True,2020
2020-04-24,2812.64,2842.71,2791.76,2836.74,5382810000.0,0.602,0.621,0.591,0.596,0.0,100.5,100.87,100.22,100.38,0.0,16.78,17.97,15.64,16.94,600220.0,2.308,2.363,2.2885,2.337,38437.0,1753.0,1760.2,1725.4,1735.6,180242.0,41.91,42.08,35.6,35.93,0.0,90.75,91.81,89.98,91.44,1099248.0,124.48999786376952,124.48999786376952,124.48999786376952,124.48999786376952,0.0,1782.4300537109375,1782.4300537109375,1782.4300537109375,1782.4300537109375,0.0,-1.3156796170544438,-8.868501529051997,0.6013229104028905,-7.279693486590033,-0.3198976327575153,2.166234989404292,-5.819134993446918,-1.6562701656270271,-43.68497275009131,-0.4401474954009998,1.6818289352001026,-18.24417009602195,0.8641479099678495,-25.57117750439367,3.429962381057772,-0.9812870835235076,-13.774898008159353,-0.8458035133376729,-66.39492677511467,-0.1137547084831269,71.29173140207725,50.77989601386482,47.66355140186913,29.77288857345636,65.13089005235604,64.18428526349001,34.232666086452,68.90263757733635,56.99411973840122,66.70387453167085,16.947436090225555,-0.0057180451127819,0.046684210526312,-0.4517894736842116,0.0080860902255638,6.947518796992446,-1.1106616541353405,0.4976541353383428,0.6555488113173848,,2811.283333333334,0.609333333333333,100.40000000000002,15.740000000000018,2.313,1739.7666666666669,39.763333333333335,90.55333333333331,98.24666595458989,1777.2100423177085,-17.737000000000524,-0.0089000000000001,0.172999999999988,-0.749000000000002,-0.0095000000000003,12.029999999999635,0.4610000000000024,-0.6660000000000134,-28.27699966430665,-3.2300048828127195,-0.0062525998152811,0.1888178822985541,1,2,0,Trend Pullback,2.23606797749979,"5d%: -1.32%, MA20: +16.95, RSI: 71.3, VIX: 35.93, ATR: -0.0063, BBW: 0.19, Score: [1, 2, 0], Dist: 2.24",Trend Pullback,2.23606797749979,Steady Climb,2.449489742783178,0.21342176528338808,True,2020
2020-05-04,2815.01,2844.24,2797.85,2842.74,4735930000.0,0.616,0.651,0.615,0.637,0.0,99.09,99.6,99.09,99.48,0.0,19.11,21.42,18.05,20.39,311488.0,2.305,2.322,2.284,2.3125,30433.0,1711.2,1726.0,1700.3,1713.3,148728.0,39.13,40.32,35.53,35.97,0.0,91.56,92.86,90.83,92.74,2316305.0,37.66999816894531,37.66999816894531,37.66999816894531,37.66999816894531,0.0,1793.1300048828125,1793.1300048828125,1793.1300048828125,1793.1300048828125,0.0,-1.2416275256385445,-2.896341463414631,-0.559776089564179,59.54616588419406,-1.5957446808510634,-0.6091193873999257,8.050465605286883,-1.4138407568831668,-80.78061317910954,-0.1547978041196662,0.6935490726703408,1.757188498402562,-0.480192076830721,15.002820078962207,-0.3232758620689613,0.1227208976157134,-17.932922655715267,1.8337542549687005,-65.66402471670717,0.8764848036182604,49.74417457773393,38.3838383838384,56.7816091954023,50.471698113207545,47.95673076923078,38.109495295124034,47.43919885550788,50.22010271460013,36.69487684285171,49.283442748845054,13.20039849624057,-0.005187969924812,-0.0303157894736879,-0.6202030075187979,0.0059751879699247,0.8628571428571042,-0.6143082706766926,0.510466165413532,-1.125233191296571,,2861.9600000000005,0.6336666666666663,99.09999999999998,19.67000000000002,2.322833333333333,1702.8,35.77,93.84999999999998,97.28333409627278,1799.4766438802085,-4.650000000000408,-0.0016,-0.3330000000000155,2.0499999999999994,-0.00775,-7.380000000000072,0.8379999999999935,-0.2030000000000072,-31.43299942016605,0.2179809570311509,-0.0016357457945504,0.1030674842021233,1,0,0,Trend Pullback,2.23606797749979,"5d%: -1.24%, MA20: +13.20, RSI: 49.7, VIX: 35.97, ATR: -0.0016, BBW: 0.10, Score: [1, 0, 0], Dist: 2.24",Trend Pullback,2.23606797749979,Volatile Chop,2.23606797749979,0.0,True,2020
2020-05-07,2878.26,2901.92,2876.48,2881.19,5178790000.0,0.695,0.701,0.622,0.631,0.0,100.21,100.4,99.81,99.89,0.0,24.09,26.74,22.94,23.55,310261.0,2.342,2.391,2.334,2.3805,52220.0,1686.0,1733.2,1683.9,1725.8,250704.0,32.12,32.28,30.37,31.44,0.0,93.14,94.7,93.14,93.47,1749500.0,49.11000061035156,49.11000061035156,49.11000061035156,49.11000061035156,0.0,1797.989990234375,1797.989990234375,1797.989990234375,1797.989990234375,0.0,-1.0726438060313814,1.4469453376205754,0.8786103817410629,25.0,1.557167235494883,1.865187108959976,-7.935578330893112,-2.77719991678802,-74.99618161260403,-0.7035831058078035,2.980556151261693,2.9363784665579207,-0.5376879418500513,42.72727272727273,2.962802768166095,-1.122951758909141,-24.02126631222813,3.6827509706045314,-50.29855093232887,1.1999946957916174,50.578059881074864,47.50542299349241,51.45888594164454,57.99515445184736,54.59183673469387,55.97874224977856,40.33976389288799,51.00698725852856,40.94838055997247,52.795959071645946,5.564548872180374,-0.0040932330827067,-0.0030902255639133,-0.091924812030076,0.0034296992481202,-1.907142857142916,-0.5000827067669191,0.2106466165413496,-12.035067846542022,,2866.016666666667,0.6663333333333329,99.89666666666666,24.03333333333335,2.353333333333333,1708.3,33.056666666666665,92.81666666666666,24.83666674296065,1793.8866373697915,-9.029000000000286,0.0193,0.3049999999999968,1.5079999999999985,0.0026499999999995,-0.1700000000002296,-0.3640000000000051,-0.8150000000000026,-44.66800079345703,-4.489001464843887,-0.0031337745861953,0.0713716849251102,1,1,0,Trend Pullback,2.0,"5d%: -1.07%, MA20: +5.56, RSI: 50.6, VIX: 31.44, ATR: -0.0031, BBW: 0.07, Score: [1, 1, 0], Dist: 2.00",Trend Pullback,2.0,Steady Climb,2.23606797749979,0.2360679774997898,True,2020
2020-05-13,2865.86,2874.14,2793.15,2820.0,6151650000.0,0.664,0.672,0.635,0.649,0.0,100.01,100.28,99.58,100.24,0.0,25.3,26.45,24.79,25.29,150864.0,2.3355,2.375,2.3325,2.346,43795.0,1705.0,1726.5,1701.6,1716.4,211614.0,32.74,37.42,30.77,35.28,0.0,92.0,92.01,88.9,89.7,2939409.0,-145.6999969482422,-145.6999969482422,-145.6999969482422,-145.6999969482422,0.0,1775.949951171875,1775.949951171875,1775.949951171875,1775.949951171875,0.0,-0.9977461189010106,-8.72011251758087,0.1498651213907464,5.418924551896631,-0.0426075841499784,1.6523541604974934,3.399765533411503,-2.308865170986707,577.9897557005006,-0.6444874442684156,-4.065643593660173,3.5087719298245723,0.672893441799749,67.92828685258962,-1.0335372284328126,0.1750904634060912,12.968299711815568,-9.100121605188496,-146.1017570588796,-2.5584614122363014,52.09276018099545,53.62903225806451,47.84580498866199,69.80621901757549,56.071428571428605,41.88129899216125,41.29069103369503,49.163879598662206,38.02560343100589,49.76054374714329,5.840105263157874,0.004081954887218,-0.0113233082706778,0.5043007518796988,0.004495864661654,-1.1493233082707444,-0.6810902255639106,0.239330827067668,-6.155736947597424,1.5858391094924436,2873.436666666667,0.684333333333333,100.13666666666666,25.07000000000002,2.361666666666667,1707.0666666666666,31.96333333333333,92.33333333333331,-33.686666488647425,1791.5533040364585,9.239999999999403,0.0028999999999999,0.0029999999999882,0.4169999999999982,0.0023499999999998,0.879999999999882,-0.6030000000000035,0.2599999999999874,1.215999603271491,1.8790039062496795,0.0032765957446806,0.0723277981643141,1,1,0,Trend Pullback,2.0,"5d%: -1.00%, MA20: +5.84, RSI: 52.1, VIX: 35.28, ATR: 0.0033, BBW: 0.07, Score: [1, 1, 0], Dist: 2.00",Trend Pullback,2.0,Steady Climb,2.23606797749979,0.2360679774997898,True,2020
2020-05-14,2794.54,2852.8,2766.64,2852.5,5651130000.0,0.617,0.628,0.604,0.619,0.0,100.19,100.56,100.15,100.47,0.0,25.56,27.96,25.18,27.56,160507.0,2.353,2.365,2.314,2.346,53809.0,1723.1,1746.5,1716.0,1740.9,212914.0,35.16,39.28,32.33,32.61,0.0,88.46,91.12,87.0,91.09,3231123.0,-118.26000213623048,-118.26000213623048,-118.26000213623048,-118.26000213623048,0.0,1778.2900390625,1778.2900390625,1778.2900390625,1778.2900390625,0.0,-0.9957691092916444,-1.9017432646592725,0.5806387025728332,17.027600849256896,-1.449275362318836,0.8749565418936234,3.7213740458015288,-2.5462715309725,-340.8063544419978,-1.0956652305559866,-2.057731859649836,-0.4823151125401881,1.4643506362351122,46.28450106157111,0.085324232081918,2.756463227481998,-4.509516837481698,-5.252756396921154,-160.21078352998614,-1.791539420905386,51.50393159783191,52.25933202357564,50.98039215686279,72.10657785179018,51.76470588235292,51.37092602172794,44.851116625310176,49.352091817845256,38.13225386423336,48.59125736355155,4.289458646616444,0.0041714285714285,-0.0120000000000004,0.6095187969924808,0.0040981203007518,-0.7320300751879877,-0.6161428571428579,0.146751879699246,-8.680797033381646,1.1727104014919871,2847.5400000000004,0.6486666666666663,100.21333333333332,26.21000000000002,2.3503333333333334,1721.3666666666668,33.64333333333333,91.06666666666666,-96.76999982198076,1782.4166666666667,-18.206000000000195,0.0031999999999999,0.0899999999999966,0.4519999999999987,-0.0116000000000003,-2.590000000000207,1.2739999999999976,-1.1160000000000097,-55.62599887847901,-6.43801269531269,-0.0063824715162139,0.0699984068268504,1,1,0,Trend Pullback,2.0,"5d%: -1.00%, MA20: +4.29, RSI: 51.5, VIX: 32.61, ATR: -0.0064, BBW: 0.07, Score: [1, 1, 0], Dist: 2.00",Trend Pullback,2.0,Steady Climb,2.23606797749979,0.2360679774997898,True,2020
2020-06-25,3046.6,3086.25,3024.01,3083.76,4847690000.0,0.664,0.677,0.658,0.674,0.0,97.24,97.6,97.16,97.43,0.0,38.05,39.23,37.08,38.72,451640.0,2.645,2.669,2.6285,2.663,48825.0,1772.3,1779.6,1764.1,1770.6,152200.0,36.59,36.93,31.59,32.22,0.0,99.0,100.59,98.37,100.48,1116900.0,-113.69000244140624,-113.69000244140624,-113.69000244140624,-113.69000244140624,0.0,1847.699951171875,1847.699951171875,1847.699951171875,1847.699951171875,0.0,-1.0136935294381977,-2.881844380403442,0.0102648326832266,-0.308959835221434,2.8979907264296667,2.281786147536246,-2.185792349726768,-3.505233842312483,564.0770845108035,-0.6612929477486595,2.720095932847011,3.215926493108734,0.7236638064716194,6.549257017061083,2.9576647979895565,1.7703184274054484,-21.01005148320667,0.3796203796203823,4.532916704985479,0.5967072637266035,40.336473518937645,25.32188841201716,54.38282647584981,47.09993011879805,65.9259259259259,79.43548387096767,61.2770943175161,32.27758007117441,32.05122079828007,42.430752809170485,0.7146015037592977,-0.0018511278195488,-0.0404887218045127,0.2070225563909763,0.0110999999999999,2.10992481203007,0.4668496240601503,-0.1027518796992527,-15.103902333481868,1.260187272380135,3088.4600000000005,0.6889999999999996,97.09,39.03333333333335,2.6573333333333333,1775.9,32.47666666666667,100.93333333333332,-112.29000218709308,1848.2266438802085,-9.647000000000473,-0.0008,-0.1470000000000143,-0.1040000000000084,0.0172499999999998,11.699999999999624,-0.1950000000000019,-0.9529999999999998,-28.901000976562496,-3.616003417968845,-0.0031283238643735,0.0778518560010508,1,0,0,Trend Pullback,2.23606797749979,"5d%: -1.01%, MA20: +0.71, RSI: 40.3, VIX: 32.22, ATR: -0.0031, BBW: 0.08, Score: [1, 0, 0], Dist: 2.24",Trend Pullback,2.23606797749979,Volatile Chop,2.23606797749979,0.0,True,2020
2020-06-26,3073.2,3073.73,3004.63,3009.05,8107850000.0,0.669,0.671,0.632,0.636,0.0,97.35,97.68,97.26,97.5,0.0,39.09,39.35,37.79,38.49,356712.0,2.6655,2.699,2.6505,2.659,32639.0,1774.8,1786.2,1754.0,1780.3,201233.0,33.01,36.25,31.04,34.73,0.0,100.09,100.26,98.06,98.44,1577616.0,-205.3000030517578,-205.3000030517578,-205.3000030517578,-205.3000030517578,0.0,1832.949951171875,1832.949951171875,1832.949951171875,1832.949951171875,0.0,-2.863055001388093,-8.751793400286934,-0.122925629993853,-3.169811320754712,1.8383761011106607,1.557330290929837,-1.110478359908884,-4.473556525958278,180.0436637413195,-1.0713567105530286,-1.0607271208788238,-9.01287553648068,0.1849568434032056,6.150027578599016,2.2692307692307567,2.4751050480630754,-3.768356885563884,-3.5847208619000925,771.0225104366041,-0.9114507375255764,31.581117635416035,24.3801652892562,58.23970037453179,51.13808801213962,64.10256410256405,77.56598240469204,62.6131221719457,23.35394688977813,26.41664070137344,32.84792111201995,-0.8227744360902265,-0.0031541353383458,-0.0167518796992489,0.1557067669172929,0.0102251879699248,2.495864661654089,0.4589022556390966,-0.214195488721807,-17.373300863567152,0.6832615902548714,3047.7133333333336,0.6646666666666663,97.36,38.40666666666669,2.6575,1775.3333333333333,33.596666666666664,99.46,-164.12333679199216,1840.1033121744792,-9.54900000000006,-0.0066,-0.0270000000000055,-0.4510000000000074,0.0101999999999994,4.389999999999921,-0.3730000000000027,-0.8420000000000045,-18.425001525878898,-2.4900146484377617,-0.0031734268290656,0.0810551964597572,-4,-2,0,Sharp Decline,2.23606797749979,"5d%: -2.86%, MA20: -0.82, RSI: 31.6, VIX: 34.73, ATR: -0.0032, BBW: 0.08, Score: [-4, -2, 0], Dist: 2.24",Sharp Decline,2.23606797749979,Orderly Decline,2.449489742783178,0.21342176528338808,True,2020
2020-06-29,3018.59,3053.89,2999.74,3053.24,4473970000.0,0.651,0.654,0.632,0.636,0.0,97.5,97.65,97.11,97.54,0.0,37.96,39.89,37.5,39.7,343913.0,2.67,2.7055,2.668,2.6925,61502.0,1789.2,1790.4,1776.5,1781.2,130505.0,35.05,36.31,31.78,31.78,0.0,99.17,100.5,98.43,100.4,798617.0,-110.04000091552734,-110.04000091552734,-110.04000091552734,-110.04000091552734,0.0,1844.989990234375,1844.989990234375,1844.989990234375,1844.989990234375,0.0,-2.072575420320355,-9.659090909090908,0.5152514427040344,-1.8783984181907964,1.5080113100848225,0.8378623188405765,0.0314762354422404,-2.277593926416188,57.44742005510106,-0.5052953682782912,-0.4353369703807952,-9.40170940170939,0.8895324782788538,6.950431034482785,4.888975457732747,3.126447429365453,-7.61627906976744,-2.7414511285479004,-921.1940600607022,-0.6387153247434441,37.68992099286697,27.50582750582751,62.007874015748165,52.785923753665706,64.10256410256405,74.60580912863064,55.75923392612859,31.48009015777613,36.78191668760615,41.69753349833576,-3.2784736842106463,-0.0058533834586466,0.0087819548872166,0.1216766917293221,0.0091075187969924,3.3262406015037125,0.4643007518796991,-0.3565789473684222,-21.07714304099407,-0.1801073117363963,3048.683333333334,0.6486666666666663,97.49,38.97000000000002,2.6714999999999995,1777.3666666666668,32.91,99.77333333333333,-143.01000213623044,1841.8799641927085,-26.51500000000049,-0.0171,0.1659999999999958,-0.5590000000000024,0.0017499999999995,1.6399999999998076,0.6769999999999994,-1.09800000000001,-33.471001052856444,-5.244006347656487,-0.0086842174214933,0.0812000550646772,-4,-2,0,Sharp Decline,2.23606797749979,"5d%: -2.07%, MA20: -3.28, RSI: 37.7, VIX: 31.78, ATR: -0.0087, BBW: 0.08, Score: [-4, -2, 0], Dist: 2.24",Sharp Decline,2.23606797749979,Orderly Decline,2.449489742783178,0.21342176528338808,True,2020
2020-07-13,3205.08,3235.32,3149.43,3155.22,4902440000.0,0.648,0.663,0.635,0.64,0.0,96.66,96.68,96.27,96.46,0.0,40.35,40.72,39.47,40.1,370715.0,2.9195,2.993,2.8955,2.955,104537.0,1803.4,1818.8,1802.1,1814.1,230398.0,27.85,32.45,26.87,32.19,0.0,102.67,103.74,101.51,101.59,3302914.0,-92.25,-92.25,-92.25,-92.25,0.0,1844.5799560546875,1844.5799560546875,1844.5799560546875,1844.5799560546875,0.0,-0.7705080950523913,-6.432748538011701,-0.3409443124289812,-1.3044548363278397,6.832971800433851,1.4313670673749002,15.21116678596992,-1.7029511369133887,230.053658253633,-0.7254933701801192,4.8576793340090685,0.6289308176100628,-1.066666666666671,4.182904650558594,11.132004512974802,1.898556423074771,-7.313561762165277,3.199918732222673,-55.06575809609559,0.634496587065958,53.64189347266628,38.23529411764708,41.04938271604914,48.08102345415778,96.32465543644716,65.68047337278105,50.83333333333333,46.71616219303258,48.64135716809504,51.28973021111523,4.540684210526269,-0.004890977443609,-0.0208646616541351,0.1646917293233079,0.0158616541353383,4.46345864661651,-0.4085187969924818,-0.1208571428571451,-5.251736867517457,,3164.103333333334,0.6259999999999996,96.60333333333334,40.09000000000002,2.897,1806.6,29.58,101.34666666666664,-96.27000045776364,1844.1099853515625,1.7369999999999794,-0.0147,-0.0460000000000116,-0.1160000000000009,0.0304499999999992,2.0699999999997383,-0.1470000000000041,-0.388000000000007,-7.825000000000004,,0.0005505162872953,0.0586815900132082,1,1,0,Trend Pullback,2.0,"5d%: -0.77%, MA20: +4.54, RSI: 53.6, VIX: 32.19, ATR: 0.0006, BBW: 0.06, Score: [1, 1, 0], Dist: 2.00",Trend Pullback,2.0,Steady Climb,2.23606797749979,0.2360679774997898,True,2020
2020-07-28,3234.27,3243.72,3216.17,3218.44,4053180000.0,0.605,0.607,0.577,0.581,0.0,93.58,94.01,93.49,93.76,0.0,41.65,41.93,40.85,41.04,276804.0,2.909,2.94,2.879,2.9175,70941.0,1937.1,1974.7,1900.2,1944.6,434445.0,24.86,25.85,24.05,25.44,0.0,106.31,106.78,105.87,106.0,787200.0,-8.300000190734863,-8.300000190734863,-8.300000190734863,-8.300000190734863,0.0,1874.06005859375,1874.06005859375,1874.06005859375,1874.06005859375,0.0,-1.1930126178123055,-4.283360790774305,-1.4297729184188368,-2.192564346997139,-1.369168356997974,5.461250610119839,2.4154589371980784,-0.3103545565691701,-110.77502313678556,-0.0453342064655082,0.6542570492131361,-5.528455284552846,-2.597132765426968,1.861504095309008,-0.5115089514066584,7.235028123966014,-13.821138211382111,2.6733824099186343,-80.65268089622796,1.185138756110149,57.37934392307227,36.04651162790697,16.03053435114495,50.906735751295344,61.91082802547771,82.66596417281362,43.702290076335885,65.57632398753893,55.17769131138416,62.6138031167328,8.927210526315722,-0.0040255639097744,-0.170518796992484,0.0957894736842104,0.0120567669172931,5.821954887217995,-0.2983157894736851,0.3528796992481187,7.963443659660515,,3224.4933333333333,0.5929999999999996,93.95666666666666,41.31000000000002,2.9025,1924.3666666666668,25.340000000000003,106.29,1.123333136240679,1874.0633544921875,-9.617000000000376,-0.0002,-0.3430000000000176,-0.1330000000000061,-0.0153000000000004,20.6599999999998,0.1319999999999947,-0.0320000000000225,-21.03400006294252,-0.5180053710939809,-0.0029880936105692,0.0622061245503364,1,1,0,Trend Pullback,2.0,"5d%: -1.19%, MA20: +8.93, RSI: 57.4, VIX: 25.44, ATR: -0.0030, BBW: 0.06, Score: [1, 1, 0], Dist: 2.00",Trend Pullback,2.0,Steady Climb,2.23606797749979,0.2360679774997898,True,2020
2020-09-03,3564.74,3564.85,3427.41,3455.06,4911830000.0,0.651,0.658,0.606,0.622,0.0,92.66,93.07,92.65,92.74,0.0,41.63,41.79,40.22,41.37,417634.0,3.031,3.042,2.9535,2.975,78655.0,1948.9,1956.6,1927.2,1937.8,303029.0,26.28,35.94,25.66,33.6,0.0,113.85,114.45,110.49,111.34,1864800.0,-103.66000366210938,-103.66000366210938,-103.66000366210938,-103.66000366210938,0.0,1898.5699462890625,1898.5699462890625,1898.5699462890625,1898.5699462890625,0.0,-0.8463072706662356,-16.621983914209114,-0.2902913665197348,-3.880111524163576,0.2527379949452513,0.2690675773569406,37.31099305271764,-0.0718003949021661,25.95382723973707,0.017382209646044,2.0543433633337216,-3.4161490683229823,-0.0538851169307186,-2.841709722874586,0.0168095478231711,-0.4469560750064216,47.887323943661976,1.7268158976701642,0.983928028462655,-0.0168555501848799,60.844788011503006,36.01286173633441,45.54455445544552,43.44262295081966,61.6,47.93814432989692,82.20858895705524,51.57618213660245,39.43591501120995,41.77505176867408,10.989105263157851,0.0051473684210526,-0.0441428571428593,0.0496240601503754,0.010251879699248,-3.606541353383531,0.1758045112781952,0.1366917293233054,-10.231210673124274,-0.5384083683330134,3520.8500000000004,0.648333333333333,92.64333333333332,41.88000000000002,3.0080000000000005,1953.8,28.76333333333333,112.42333333333332,-51.00666793187455,1905.0832926432288,21.121999999999662,-0.0247,-0.0350000000000106,-0.3270000000000018,0.0114999999999998,2.8199999999998657,0.7359999999999973,0.4709999999999769,13.612000560760505,2.5819946289060622,0.0061133525901141,0.0795355518494383,1,1,0,Trend Pullback,2.0,"5d%: -0.85%, MA20: +10.99, RSI: 60.8, VIX: 33.60, ATR: 0.0061, BBW: 0.08, Score: [1, 1, 0], Dist: 2.00",Trend Pullback,2.0,Steady Climb,2.23606797749979,0.2360679774997898,True,2020
2020-09-14,3363.56,3402.93,3363.56,3383.54,3839580000.0,0.676,0.676,0.653,0.671,0.0,93.29,93.33,92.87,93.07,0.0,37.32,37.68,36.82,37.26,347563.0,3.047,3.076,3.025,3.068,54535.0,1948.9,1972.5,1945.2,1963.7,200091.0,25.86,26.79,25.38,25.85,0.0,109.9,111.14,109.78,110.78,985073.0,13.56999969482422,13.56999969482422,13.56999969482422,13.56999969482422,0.0,1907.760009765625,1907.760009765625,1907.760009765625,1907.760009765625,0.0,-1.2670121623829855,-6.934812760055465,0.3774805867126751,-6.311289917022888,0.1959503592423361,1.5199296903272597,-15.934959349593491,-0.2700756211739263,-110.72557702724843,0.7227855287701868,-3.548165484134891,-7.956104252400542,0.7578218036158768,-13.288340702815916,1.606226196390148,-0.5671173223960713,12.587108013937277,-1.388641623642517,-161.96347000546163,0.0288404968194821,45.92105263157893,53.0120481927711,46.54654654654649,22.76422764227644,63.61886429258906,55.54047942107643,56.57099697885197,49.16344916344914,56.45139358989851,47.27571084197393,0.5808796992480149,0.0004300751879699,0.0150827067669155,-0.2928796992481208,0.0068060150375939,-1.3215789473684494,0.5299172932330826,-0.0282481203007528,-2.291736831163105,,3354.566666666667,0.6749999999999997,93.24666666666668,37.29666666666668,3.035333333333333,1958.6333333333328,27.47666666666667,109.41666666666669,-46.48000081380204,1899.3499755859373,-16.46300000000043,-0.0103000000000001,0.1079999999999864,-0.4340000000000106,-0.0059000000000001,5.849999999999843,-0.9510000000000022,-0.4440000000000162,12.55699920654298,,-0.0048656141201228,0.0794880231201509,1,0,0,Trend Pullback,2.23606797749979,"5d%: -1.27%, MA20: +0.58, RSI: 45.9, VIX: 25.85, ATR: -0.0049, BBW: 0.08, Score: [1, 0, 0], Dist: 2.24",Trend Pullback,2.23606797749979,Volatile Chop,2.23606797749979,0.0,True,2020
2020-09-16,3411.23,3428.92,3384.45,3385.49,4718900000.0,0.669,0.702,0.656,0.687,0.0,93.08,93.28,92.78,93.21,0.0,38.35,40.34,38.35,40.16,367612.0,3.057,3.083,3.044,3.061,51103.0,1961.4,1983.8,1957.2,1970.5,298385.0,25.31,26.59,24.84,26.04,0.0,111.5,112.94,111.3,111.63,1321909.0,46.66999816894531,46.66999816894531,46.66999816894531,46.66999816894531,0.0,1914.0699462890625,1914.0699462890625,1914.0699462890625,1914.0699462890625,0.0,-0.3962976910584448,-2.275960170697,-0.0536135535063375,5.545335085413927,0.3113223005079435,0.7979947823417932,-9.614717112113846,1.4541488684904014,-366.2293002903239,0.484026081911737,-4.002665419023732,2.2321428571428603,0.9421702404158516,-6.080449017773626,1.0731385174178598,-0.4244782454899232,-0.3062787136294043,-0.3036527641332553,-196.5453000033696,0.5368054644105946,41.83709202969602,50.0,53.10559006211162,36.507936507936485,60.12207527975585,54.93421052631579,55.40804373291683,52.40740740740742,61.46482331591732,54.54864886750125,-2.0177067669173696,0.0008195488721804,0.0218872180451118,-0.3577067669172939,0.0054567669172932,-0.5167669172933027,0.4161729323308266,-0.0137669172932379,2.923834642611056,,3390.076666666668,0.6789999999999997,93.11,38.56666666666669,3.064,1966.8,25.826666666666668,111.09999999999998,26.656665802001985,1910.2433268229167,4.882999999999362,-0.0062,-0.0690000000000133,0.0419999999999969,0.0092499999999998,2.1999999999998376,-1.030000000000001,0.4049999999999844,16.409000015258787,2.077014160155952,0.0014423318337963,0.0789901292937483,-2,0,0,Trend Pullback,1.4142135623730951,"5d%: -0.40%, MA20: -2.02, RSI: 41.8, VIX: 26.04, ATR: 0.0014, BBW: 0.08, Score: [-2, 0, 0], Dist: 1.41",Trend Pullback,1.4142135623730951,Orderly Decline,1.4142135623730951,0.0,True,2020
2020-09-18,3357.38,3362.27,3292.4,3319.47,7076400000.0,0.669,0.697,0.669,0.694,0.0,92.86,93.01,92.77,92.93,0.0,40.97,41.49,40.3,41.11,85906.0,3.0805,3.1175,3.064,3.116,87951.0,1951.1,1968.2,1951.1,1962.1,176074.0,26.65,28.1,25.28,25.83,0.0,111.23,111.32,109.23,109.81,1173500.0,-55.25,-55.25,-55.25,-55.25,0.0,1899.510009765625,1899.510009765625,1899.510009765625,1899.510009765625,0.0,-0.643525682661028,3.7369207772795177,-0.4285867352405326,10.125904098580229,2.5168613258759853,0.7289901945684907,-3.870487532564204,0.7246376811594235,-28.256072630328056,0.2274197290415225,-3.924389156772967,11.575562700964625,0.2048738408453765,-0.6284747401498647,4.7394957983193375,1.2539993807410443,-23.125000000000007,-1.3741692114244697,-46.7007543429256,0.0495142925021063,34.49149475208104,44.64831804281344,59.79020979020988,42.56,59.87717502558856,45.81699346405221,55.99164926931105,42.3472474289171,47.548190704569485,39.42549481989795,-5.13254135338353,0.0007932330827067,0.0151052631578896,-0.303037593984964,0.0069424812030074,0.8442857142856944,0.3025563909774432,-0.0107819548872196,5.851398530131895,,3353.99,0.688333333333333,93.03666666666668,40.74666666666669,3.0826666666666664,1960.8333333333333,26.11,110.86333333333334,-3.2533339262008334,1907.3499755859373,3.4029999999997163,0.0045999999999999,-0.0580000000000159,1.017999999999995,0.0055999999999998,1.0799999999996952,-0.0630000000000061,0.5110000000000045,18.47600028514863,3.284997558593524,0.0010251636556437,0.0843416381954548,-3,-2,0,Orderly Decline,1.7320508075688772,"5d%: -0.64%, MA20: -5.13, RSI: 34.5, VIX: 25.83, ATR: 0.0010, BBW: 0.08, Score: [-3, -2, 0], Dist: 1.73",Orderly Decline,1.7320508075688772,Sharp Decline,2.0,0.2679491924311228,True,2020
2020-09-21,3285.57,3285.57,3229.1,3281.06,4836070000.0,0.661,0.671,0.648,0.671,0.0,93.01,93.78,92.75,93.54,0.0,40.98,41.27,38.66,39.31,66195.0,3.104,3.121,3.0135,3.032,103692.0,1957.3,1962.9,1885.4,1910.6,386667.0,28.04,31.18,27.39,27.78,0.0,107.51,107.62,105.41,106.56,1780800.0,-162.6699981689453,-162.6699981689453,-162.6699981689453,-162.6699981689453,0.0,1882.5400390625,1882.5400390625,1882.5400390625,1882.5400390625,0.0,-3.028780507988671,0.0,0.50499623938971,5.50187869028449,-1.1734028683181186,-2.704079034475737,7.466150870406185,-3.8093518685683336,-1298.747250016445,-1.3219676780112044,-4.257417652963557,-6.934812760055465,0.8843830888697335,-1.1566507417651528,-0.9797517962116252,-1.2252494442433923,-9.658536585365852,-4.069139359020523,28.57255966253618,-0.6087371403127095,32.8327356437039,46.49681528662421,71.60493827160515,38.163558106169305,47.21960414703109,33.06772908366531,53.05122494432071,37.15498938428872,45.05782392389217,36.45502187580339,-7.349172932330922,0.0004323308270676,0.0119172932330807,-0.2681278195488741,0.007875939849624,0.9009774436090008,0.2414210526315787,-0.046030075187971,5.204962442781694,,3319.1800000000003,0.6829999999999997,93.14666666666668,40.46333333333335,3.073,1940.8666666666663,26.69,109.17333333333332,-73.0333327054977,1896.8400065104167,-17.233000000000583,0.0050999999999999,-0.0360000000000004,1.0389999999999937,0.0103999999999998,-1.9500000000002764,0.0829999999999948,-0.1680000000000144,-15.85499988794327,-1.693005371093887,-0.0052522660359763,0.0922952460493097,-4,-2,0,Sharp Decline,2.23606797749979,"5d%: -3.03%, MA20: -7.35, RSI: 32.8, VIX: 27.78, ATR: -0.0053, BBW: 0.09, Score: [-4, -2, 0], Dist: 2.24",Sharp Decline,2.23606797749979,Orderly Decline,2.449489742783178,0.21342176528338808,True,2020
2020-09-22,3295.75,3320.31,3270.95,3315.57,3974510000.0,0.669,0.679,0.661,0.664,0.0,93.55,94.08,93.47,93.99,0.0,39.63,40.02,39.0,39.6,287807.0,3.0375,3.0875,3.033,3.061,76929.0,1918.1,1925.5,1898.9,1907.6,282714.0,28.61,28.78,26.48,26.86,0.0,106.67,107.49,106.13,107.06,1372500.0,-123.7699966430664,-123.7699966430664,-123.7699966430664,-123.7699966430664,0.0,1886.219970703125,1886.219970703125,1886.219970703125,1886.219970703125,0.0,-2.5176408326472943,-2.20913107511046,1.0102095647501308,3.4482758620689724,-0.0652954619653978,-2.980368222968166,4.962876123485738,-3.453873207683289,-727.3188013923162,-1.1881216103970194,-0.4883187668075273,-2.92397660818714,0.5455712451861272,7.725788900979325,1.6099585062240518,-1.314019658561827,-14.621741894469176,-1.5721246667279476,20.69233833235356,-0.4144501422092439,33.68123202523425,48.66666666666666,73.63896848137546,38.77840909090911,53.0864197530864,32.4815724815724,51.60311958405545,36.92061800745871,44.711936365632944,34.50753072399618,-9.83126315789487,-0.0003954887218045,0.0244962406015022,-0.2605112781954899,0.0064966165413532,0.2063909774435769,0.200624060150375,-0.1314060150375969,2.201255639961792,,3305.3666666666672,0.676333333333333,93.48666666666666,40.00666666666669,3.0696666666666665,1926.7666666666664,26.82333333333333,107.81,-113.8966649373372,1889.42333984375,-30.630000000000045,-0.0009,0.0699999999999961,0.3009999999999968,-0.0007000000000004,-11.960000000000049,0.4169999999999968,-1.0479999999999998,-46.67199935913087,-6.727990722656545,-0.009238230530497,0.0962133527979877,-4,-2,0,Sharp Decline,2.23606797749979,"5d%: -2.52%, MA20: -9.83, RSI: 33.7, VIX: 26.86, ATR: -0.0092, BBW: 0.10, Score: [-4, -2, 0], Dist: 2.24",Sharp Decline,2.23606797749979,Orderly Decline,2.449489742783178,0.21342176528338808,True,2020
2020-09-23,3320.11,3323.35,3232.57,3236.92,4378650000.0,0.679,0.692,0.671,0.676,0.0,93.99,94.43,93.93,94.39,0.0,39.76,40.75,39.26,39.93,318754.0,3.07,3.0725,2.945,2.993,115593.0,1905.1,1909.9,1856.0,1868.4,411558.0,27.02,29.73,25.19,28.58,0.0,107.31,107.84,104.71,104.76,1508467.0,-235.32000732421875,-235.32000732421875,-235.32000732421875,-235.32000732421875,0.0,1868.1099853515625,1868.1099853515625,1868.1099853515625,1868.1099853515625,0.0,-4.3884341705336505,-1.6011644832605532,1.2659585881343194,-0.5727091633466075,-2.22149624305783,-5.181426034001513,9.754224270353308,-6.154259607632351,-604.2211625386415,-2.4011641281242446,-4.767340598300651,-3.840682788051197,1.2116663092429647,4.940867279894889,-1.9170899557594656,-4.424778761061942,-0.7983339118361688,-4.78960283559029,1242.3844729423622,-1.9287603068621428,24.38021454112038,54.29553264604812,72.78106508875761,43.9969604863222,47.65558397271949,31.702637889688205,54.127310061601634,25.8909853249476,34.93131261166069,22.47565127688536,-11.10703007518806,-0.0012751879699248,0.0438571428571412,-0.2397744360902259,0.0055015037593984,-0.5994736842105507,0.1361203007518794,-0.1773308270676704,1.0111128107049436,,3277.8500000000004,0.6703333333333329,93.97333333333331,39.61333333333335,3.0286666666666666,1895.533333333333,27.74,106.12666666666668,-173.9200007120768,1878.9566650390625,-21.579000000000285,-0.0059,0.2129999999999882,-0.2780000000000008,-0.0039000000000003,-16.510000000000286,0.2959999999999975,-1.3730000000000002,-50.23699878454209,-8.16298828125034,-0.0066665224966944,0.1065052532874673,-4,-2,0,Sharp Decline,2.23606797749979,"5d%: -4.39%, MA20: -11.11, RSI: 24.4, VIX: 28.58, ATR: -0.0067, BBW: 0.11, Score: [-4, -2, 0], Dist: 2.24",Sharp Decline,2.23606797749979,Orderly Decline,2.449489742783178,0.21342176528338808,True,2020
2020-09-24,3226.14,3278.7,3209.45,3246.59,4601920000.0,0.668,0.674,0.661,0.666,0.0,94.38,94.59,94.2,94.35,0.0,39.6,40.37,39.12,40.31,269992.0,2.957,2.9795,2.9135,2.968,117612.0,1866.9,1880.9,1851.0,1876.9,345036.0,29.54,30.49,27.94,28.51,0.0,104.5,106.14,103.48,104.93,2346224.0,-204.72000122070312,-204.72000122070312,-204.72000122070312,-204.72000122070312,0.0,1868.969970703125,1868.969970703125,1868.969970703125,1868.969970703125,0.0,-3.2892365527657064,-2.631578947368418,1.484349790254913,-1.610934830363675,-3.3539563660045624,-3.743781732396534,7.747543461829176,-5.596041385515072,17249.153417008158,-2.069720802861119,-2.773127614780824,-2.7737226277372296,1.082065566745216,8.0697050938338,-1.0171752542938115,-4.449422186020458,-4.039044092898014,-3.245735361917934,169.3684226588199,-1.3782984232034168,31.22196400583689,58.08823529411767,74.32024169184298,46.04477611940301,49.3816254416961,35.50690147548784,35.36515238642899,30.727600721587493,42.83668863102711,26.90454280779126,-13.13752631578954,-0.0014421052631579,0.0634736842105248,-0.1982556390977455,0.0034511278195488,-2.17203007518798,0.0840676691729317,-0.2501278195488742,-1.7210752102665428,,3266.3600000000006,0.6686666666666664,94.24333333333334,39.94666666666669,3.0073333333333334,1884.3,27.98333333333333,105.58333333333331,-187.9366683959961,1874.4333089192708,-24.408000000000463,-0.0046,0.3899999999999927,-0.3590000000000026,-0.0211000000000001,-21.75000000000029,0.5269999999999959,-1.553000000000008,-53.68000113964081,-9.401000976562637,-0.0075180420071522,0.1121712215406425,-4,-2,0,Sharp Decline,2.23606797749979,"5d%: -3.29%, MA20: -13.14, RSI: 31.2, VIX: 28.51, ATR: -0.0075, BBW: 0.11, Score: [-4, -2, 0], Dist: 2.24",Sharp Decline,2.23606797749979,Orderly Decline,2.449489742783178,0.21342176528338808,True,2020
2020-09-25,3236.66,3306.88,3228.44,3298.46,3803330000.0,0.659,0.664,0.651,0.659,0.0,94.32,94.74,94.19,94.58,0.0,40.15,40.64,39.71,40.25,229025.0,2.965,2.995,2.944,2.971,70665.0,1872.7,1879.3,1854.1,1866.3,230857.0,28.17,30.43,26.02,26.38,0.0,104.5,106.67,104.3,106.39,1121621.0,-106.3000030517578,-106.3000030517578,-106.3000030517578,-106.3000030517578,0.0,1879.06005859375,1879.06005859375,1879.06005859375,1879.06005859375,0.0,-0.6329323657089714,-5.04322766570604,1.7755299687937098,-2.0919484310386705,-4.653401797175871,-4.882523826512408,2.129307007355785,-3.114470448957296,92.3981955687924,-1.076590861155724,-1.2723849660427944,-1.4947683109118093,1.3393335476266977,7.822126975622834,-2.253660141470626,-4.189126751886652,-1.8235950874581408,-2.4124013942395828,38.03402168943379,-0.851619512133539,38.900597726566,32.77777777777776,76.42045454545456,52.02360876897132,40.56016597510376,34.34622467771635,36.892621475704864,36.84800897363993,51.29456011311152,36.13592724857838,-14.16468421052647,-0.0016639097744361,0.080300751879696,-0.1455338345864669,0.0013890977443609,-3.0766917293233536,0.0407443609022549,-0.31405263157895,-4.270075158517162,,3260.656666666667,0.6669999999999997,94.44,40.16333333333336,2.9773333333333336,1870.533333333333,27.82333333333333,105.36,-182.1133371988932,1872.0466715494792,-18.98999999999969,-0.0051000000000001,0.3689999999999909,-0.0980000000000052,-0.0335000000000002,-21.26000000000031,0.6159999999999982,-1.156000000000003,-37.159001159667966,-7.55101318359399,-0.005757232162888,0.1118509593751995,-3,-2,0,Orderly Decline,1.7320508075688772,"5d%: -0.63%, MA20: -14.16, RSI: 38.9, VIX: 26.38, ATR: -0.0058, BBW: 0.11, Score: [-3, -2, 0], Dist: 1.73",Orderly Decline,1.7320508075688772,Sharp Decline,2.0,0.2679491924311228,True,2020
2020-10-20,3439.38,3476.93,3435.65,3443.12,3917850000.0,0.779,0.799,0.776,0.797,0.0,93.42,93.5,93.0,93.07,0.0,40.65,41.7,40.25,41.46,360574.0,3.0835,3.1705,3.073,3.148,78889.0,1906.4,1917.6,1896.6,1915.4,163912.0,28.81,29.6,28.29,29.35,0.0,112.49,113.66,112.34,112.5,1585109.0,-14.520000457763672,-14.520000457763672,-14.520000457763672,-14.520000457763672,0.0,1927.3699951171875,1927.3699951171875,1927.3699951171875,1927.3699951171875,0.0,-1.9593215126725183,9.62861072902339,-0.4918208061584606,3.1343283582089487,3.399573000492695,1.0978570674548882,12.581511315688545,-0.6973254479654023,-115.7757500144854,-0.4462794409561654,2.444234848868043,7.412398921832897,-0.809975487583936,1.942463732480948,6.225746583431757,0.3457669740150937,-0.4409769335142477,2.505694760820054,-117.48976276184462,0.699063472174899,58.79125702247191,69.35483870967741,38.67403314917123,54.78395061728395,59.77984758679084,55.870206489675525,62.47906197654942,67.1083398285269,50.2121760746946,67.10782278963849,12.920075187969903,0.0060586466165413,-0.0508947368421065,0.0613233082706755,0.0054154135338345,1.6170676691728605,-0.0144736842105269,0.4797218045112736,11.522195660261284,3.628964164561769,3451.2833333333333,0.7673333333333329,93.39333333333332,41.056666666666686,3.1005000000000003,1911.1666666666667,28.646666666666665,112.59666666666664,-30.240000168482425,1924.933349609375,-17.488000000000497,0.0089999999999999,0.0099999999999907,0.1099999999999954,0.0099999999999996,3.329999999999775,0.7229999999999982,-0.238000000000022,-36.96300022602082,-3.6459960937502576,-0.005079114291689,0.0995824269708964,1,1,0,Trend Pullback,2.0,"5d%: -1.96%, MA20: +12.92, RSI: 58.8, VIX: 29.35, ATR: -0.0051, BBW: 0.10, Score: [1, 1, 0], Dist: 2.00",Trend Pullback,2.0,Steady Climb,2.23606797749979,0.2360679774997898,True,2020
2020-10-21,3439.91,3464.86,3433.06,3435.56,4103960000.0,0.821,0.823,0.799,0.816,0.0,93.05,93.07,92.47,92.61,0.0,41.22,41.59,39.78,40.03,366899.0,3.1415,3.218,3.1405,3.1985,80167.0,1911.6,1936.0,1911.6,1929.5,201272.0,29.12,30.55,28.37,28.65,0.0,112.43,113.0,112.05,112.12,1077800.0,-67.11000061035156,-67.11000061035156,-67.11000061035156,-67.11000061035156,0.0,1921.1400146484373,1921.1400146484373,1921.1400146484373,1921.1400146484373,0.0,-1.5223566574081304,13.019390581717438,-0.8245877061469176,-2.461013645224164,4.851663661694805,1.1639490379069972,8.52272727272727,-0.7611966719773378,-312.37341708927613,-0.4415295637748007,0.4714222211824159,3.94904458598726,-1.089394424863821,0.2002503128911037,5.456643587207388,2.0467526972709926,2.102637205987179,0.3310961968680193,-146.98921521408673,-0.2409420898466741,56.14673132183906,71.12462006079025,35.897435897436,55.08145849495734,85.12658227848101,54.054054054054056,57.920389926888696,64.11856474258973,42.27932275194567,60.51867645861254,12.325225563909726,0.0064037593984962,-0.0575563909774442,0.0744511278195478,0.007995864661654,1.922631578947336,0.0147067669172926,0.4635864661654109,8.734007734463633,3.4908357319078416,3435.2000000000007,0.7913333333333329,93.03666666666668,40.77333333333335,3.1441666666666666,1918.8666666666663,29.06,112.17,-53.12666702270504,1922.1000162760413,-14.752000000000695,0.0179999999999999,-0.1050000000000143,0.0709999999999953,0.0195499999999996,1.899999999999758,0.8109999999999992,-0.2570000000000216,-20.97900009155274,-2.0080078125000944,-0.0042939142381447,0.0884186476185412,1,1,0,Trend Pullback,2.0,"5d%: -1.52%, MA20: +12.33, RSI: 56.1, VIX: 28.65, ATR: -0.0043, BBW: 0.09, Score: [1, 1, 0], Dist: 2.00",Trend Pullback,2.0,Steady Climb,2.23606797749979,0.2360679774997898,True,2020
2020-10-22,3438.5,3460.53,3415.34,3453.49,4172060000.0,0.813,0.853,0.804,0.848,0.0,92.67,92.97,92.61,92.95,0.0,40.04,41.02,39.71,40.64,307494.0,3.1955,3.196,3.1425,3.1535,74335.0,1927.4,1929.4,1894.2,1904.6,215581.0,30.1,30.12,27.68,28.11,0.0,112.24,113.66,111.86,113.55,1227847.0,-4.630000114440918,-4.630000114440918,-4.630000114440918,-4.630000114440918,0.0,1930.1199951171875,1930.1199951171875,1930.1199951171875,1930.1199951171875,0.0,-0.8569361589738644,16.005471956224348,-0.969529085872578,-0.78125,2.203856749311295,-0.2252606213002383,4.226918798665191,0.044052863436117,-111.63316633968576,-0.1639714621842092,0.1932210175726645,10.849673202614383,-0.7050528789659172,-1.3352755523185156,3.665351742274825,0.5012928077674061,6.63884673748103,0.132275132275117,-102.31859384938386,-0.4287004618939383,62.1893779438038,72.22222222222221,39.172749391727486,65.17328825021134,71.62162162162164,49.16201117318436,52.01342281879195,66.59404502541757,44.60980287274041,61.1681360023915,10.188729323308197,0.0070097744360902,-0.0630902255639101,0.0695639097744358,0.0100932330827067,1.7989473684210462,0.0573007518796984,0.3975263157894713,3.268932425527648,2.9158807051808875,3444.056666666668,0.8203333333333328,92.87666666666668,40.71000000000002,3.1666666666666665,1916.5,28.703333333333333,112.72333333333331,-28.75333372751868,1926.210001627604,-13.625000000000048,0.0222999999999999,-0.3110000000000129,-0.1279999999999989,0.0306499999999999,5.019999999999631,0.5300000000000001,-0.3660000000000071,-22.98900001049042,-2.657006835937528,-0.0039452843355562,0.0759367257233283,1,1,0,Trend Pullback,2.0,"5d%: -0.86%, MA20: +10.19, RSI: 62.2, VIX: 28.11, ATR: -0.0039, BBW: 0.08, Score: [1, 1, 0], Dist: 2.00",Trend Pullback,2.0,Steady Climb,2.23606797749979,0.2360679774997898,True,2020
2020-10-23,3464.9,3466.46,3440.45,3465.39,3651600000.0,0.86,0.872,0.831,0.841,0.0,92.93,93.13,92.66,92.77,0.0,40.61,40.92,39.57,39.85,268931.0,3.164,3.1645,3.1245,3.129,50623.0,1906.5,1917.3,1895.2,1905.2,172958.0,28.47,28.67,27.26,27.55,0.0,114.13,114.25,113.21,114.15,1280900.0,31.809999465942383,31.809999465942383,31.809999465942383,31.809999465942383,0.0,1936.050048828125,1936.050048828125,1936.050048828125,1936.050048828125,0.0,-0.5287314750230365,13.03763440860215,-0.9713919726729414,-2.519569471624272,2.004889975550128,-0.0629458665547644,0.5107624954396206,0.6613756613756516,1952.258093195826,0.3321880833226487,-0.3379213951695936,8.516129032258068,-0.3116269073715982,-1.847290640394084,1.508515815085154,-1.0902294673450277,10.20000000000001,0.5106982477767197,-81.32448827336138,-0.1372001053777438,57.41945598494946,63.95759717314486,40.65656565656556,53.01435406698566,69.90407673860909,45.54159186116104,48.312757201646086,63.08186195826648,42.16297388208806,58.43311661965296,8.16235338345862,0.0077045112781954,-0.0617218045112794,0.0792406015037594,0.0108439849624059,1.3618796992480715,0.0909699248120293,0.3435112781954902,-1.0733608351614226,2.403045424841387,3451.48,0.8349999999999996,92.77666666666666,40.17333333333335,3.160333333333334,1913.1,28.10333333333333,113.27333333333333,-13.310000419616662,1929.103352864584,-5.200000000000031,0.0262999999999999,-0.2280000000000024,-0.128000000000005,0.0284499999999997,1.4199999999997586,0.0869999999999964,0.0529999999999926,-0.1720000743865981,0.4309936523435865,-0.0015005526073544,0.06831883631999,1,1,0,Trend Pullback,2.0,"5d%: -0.53%, MA20: +8.16, RSI: 57.4, VIX: 27.55, ATR: -0.0015, BBW: 0.07, Score: [1, 1, 0], Dist: 2.00",Trend Pullback,2.0,Steady Climb,2.23606797749979,0.2360679774997898,True,2020
2020-10-26,3441.42,3441.42,3364.86,3400.97,4002210000.0,0.818,0.818,0.791,0.801,0.0,92.76,93.11,92.74,93.05,0.0,39.69,39.74,38.28,38.56,360184.0,3.1415,3.143,3.077,3.0895,74729.0,1906.0,1911.1,1892.5,1905.7,166313.0,29.38,33.68,29.22,32.46,0.0,112.92,112.92,110.39,111.49,1813300.0,-97.41999816894533,-97.41999816894533,-97.41999816894533,-97.41999816894533,0.0,1918.8299560546875,1918.8299560546875,1918.8299560546875,1918.8299560546875,0.0,-0.7572397371400585,5.256241787122207,-0.4067216097613291,-5.559637521430316,0.1134154244977425,-0.3138567766909017,11.240575736806036,-0.3574939672893018,25.29903301472068,0.0542247571947873,-3.770280288154104,3.088803088803082,-0.0214892016761503,-2.2064417955871107,0.8322454308093974,-1.2027580486287492,29.47746310331074,-2.5862822193097545,-154.65664001714902,-1.3424571523110496,55.00625782227785,59.73597359735974,40.05102040816329,39.74732750242954,63.81578947368424,49.008317338451725,59.58815958815959,56.22317596566522,38.287680623783565,52.13590862713367,6.813849624060113,0.0079150375939849,-0.0571879699248158,0.0761879699248112,0.0110131578947367,0.7243609022555784,0.0836090225563902,0.3081578947368394,-3.641969921893645,2.042287450804764,3439.9500000000003,0.8299999999999996,92.92333333333332,39.68333333333336,3.124,1905.1666666666663,29.37333333333333,113.06333333333332,-23.41333293914792,1928.3333333333333,8.730999999999336,0.0210999999999999,-0.1440000000000063,-0.2780000000000072,0.0091499999999999,-2.380000000000248,-0.4500000000000053,0.5569999999999939,22.90099992752076,3.927001953125012,0.0025672087669104,0.0653189349852745,1,1,0,Trend Pullback,2.0,"5d%: -0.76%, MA20: +6.81, RSI: 55.0, VIX: 32.46, ATR: 0.0026, BBW: 0.07, Score: [1, 1, 0], Dist: 2.00",Trend Pullback,2.0,Steady Climb,2.23606797749979,0.2360679774997898,True,2020
2020-10-27,3403.15,3409.51,3388.71,3390.68,3962400000.0,0.794,0.794,0.769,0.778,0.0,93.07,93.13,92.79,92.94,0.0,38.59,39.83,38.51,39.57,339535.0,3.0915,3.1125,3.08,3.0935,56265.0,1904.4,1913.8,1898.7,1911.9,153297.0,32.04,33.77,31.85,33.35,0.0,111.51,111.61,110.13,110.15,1244737.0,-145.82000732421875,-145.82000732421875,-145.82000732421875,-145.82000732421875,0.0,1909.3900146484373,1909.3900146484373,1909.3900146484373,1909.3900146484373,0.0,-1.5230372452891603,-2.383939774153077,-0.1396798108950214,-4.558610709117228,-1.7312579415501903,-0.1827294559883063,13.62862010221464,-2.088888888888885,904.2699912330272,-0.9328764333937368,-3.452517561568713,7.015130674002768,-0.6308136426814936,-1.5671641791044857,1.6094596813926776,0.9131215032196938,27.924817798235523,-2.771647983052339,-258.4311232874169,-1.3749926386181444,45.90686553569391,48.76325088339223,40.99216710182773,48.20415879017012,57.74647887323946,57.30103806228375,67.62158560959361,43.99399399399402,30.98300097731446,42.61377201697429,5.133090225563828,0.0073436090225563,-0.0509849624060156,0.0608345864661652,0.0106804511278194,0.2881203007518404,0.1416315789473678,0.2555037593984951,-6.324037574646169,1.6070381336641868,3419.013333333334,0.8066666666666663,92.92,39.32666666666669,3.1040000000000005,1907.6,31.12,111.93,-70.47666867574053,1921.42333984375,-5.447000000000176,0.0032999999999998,0.0119999999999858,-0.5979999999999993,-0.0186500000000002,-4.370000000000168,0.5119999999999997,0.0009999999999875,-6.687999534606927,-0.2170043945316368,-0.0016064624205174,0.0607863167301486,1,0,0,Trend Pullback,2.23606797749979,"5d%: -1.52%, MA20: +5.13, RSI: 45.9, VIX: 33.35, ATR: -0.0016, BBW: 0.06, Score: [1, 0, 0], Dist: 2.24",Trend Pullback,2.23606797749979,Volatile Chop,2.23606797749979,0.0,True,2020
2020-10-28,3342.48,3342.48,3268.89,3271.03,5139970000.0,0.761,0.783,0.746,0.781,0.0,93.15,93.65,93.05,93.41,0.0,38.97,39.01,36.97,37.39,489954.0,3.088,3.1065,3.042,3.064,89548.0,1909.8,1912.6,1869.1,1879.2,297085.0,34.69,40.77,34.68,40.28,0.0,108.04,108.8,106.62,106.78,2317500.0,-261.489990234375,-261.489990234375,-261.489990234375,-261.489990234375,0.0,1890.489990234375,1890.489990234375,1890.489990234375,1890.489990234375,0.0,-4.789030027128027,-4.289215686274506,0.8638375985314806,-6.595053709717713,-4.205096138815067,-2.6068929774553,40.59336823734731,-4.762754191937213,289.6438501805657,-1.595408152469879,-6.238480567092896,8.171745152354571,0.032126793745979,-8.893762183235864,0.4425504015735049,-1.4732868452786652,52.57575757575759,-5.487696937511066,-927.4999591066874,-2.0298935175886546,30.18395779791692,53.007518796992485,47.66355140186913,33.50694444444446,52.67639902676402,45.40196645459809,84.38735177865613,27.992021276595707,21.80017155454556,29.547724666467587,2.9764060150375284,0.0059518796992481,-0.0503759398496239,0.0422932330827066,0.0102552631578947,0.2352631578947132,0.204203007518796,0.165383458646614,-10.267406124638436,0.8759406756637508,3354.226666666667,0.7866666666666663,93.13333333333333,38.50666666666668,3.082333333333333,1898.9333333333327,35.36333333333334,109.47333333333334,-168.24333190917966,1906.2366536458333,-14.228000000000064,-0.0123,0.0759999999999836,-0.3000000000000053,-0.0274000000000001,-3.410000000000322,1.375,-0.6000000000000048,-25.02100114822388,-3.4790039062502527,-0.0043497002473227,0.0724012449687586,0,-2,0,Orderly Decline,2.449489742783178,"5d%: -4.79%, MA20: +2.98, RSI: 30.2, VIX: 40.28, ATR: -0.0043, BBW: 0.07, Score: [0, -2, 0], Dist: 2.45",Orderly Decline,2.449489742783178,Volatile Chop,2.8284271247461903,0.3789373819630124,True,2020
2020-10-29,3277.17,3341.05,3259.82,3310.11,4911860000.0,0.769,0.842,0.769,0.835,0.0,93.46,94.1,93.34,93.96,0.0,37.39,37.76,34.92,36.17,568816.0,3.069,3.094,3.0435,3.0565,64528.0,1877.5,1885.1,1859.2,1868.0,225159.0,38.8,41.16,35.63,37.59,0.0,106.61,108.68,105.95,107.86,1970700.0,-175.7100067138672,-175.7100067138672,-175.7100067138672,-175.7100067138672,0.0,1898.6600341796875,1898.6600341796875,1898.6600341796875,1898.6600341796875,0.0,-4.151742150693927,-1.5330188679245291,1.0866057019903064,-10.999015748031493,-3.075947360076104,-1.9216633413840167,33.72465314834581,-5.011008366358427,3695.0324486133313,-1.6299484496864136,-4.973100529951136,14.227086183310522,0.1065416577881839,-11.6943359375,-0.93988008426511,-2.142595211902143,39.377085650723046,-4.969162995594711,-541.4824373922384,-1.7912472615648212,31.53752625179615,59.67741935483871,60.514018691588646,31.76954732510288,46.560846560846585,30.98039215686282,79.18405192396848,32.10031347962384,30.206378042006435,33.99155100284274,-0.5379022556391252,0.0049082706766917,-0.041624060150378,0.0068721804511264,0.0099240601503759,-0.419398496240606,0.3567067669172927,0.0317669172932316,-15.486842087157696,-0.1148187852443719,3323.9400000000005,0.7979999999999996,93.43666666666664,37.71000000000002,3.071333333333333,1886.3666666666668,37.07333333333333,108.26333333333332,-194.3400014241536,1899.5133463541667,-43.96300000000027,-0.0197,0.1090000000000001,-0.6780000000000064,-0.0214500000000004,-4.410000000000286,3.014,-1.7540000000000104,-69.13499870300294,-10.592004394531552,-0.0132814317348971,0.0781490316682717,-4,-2,0,Sharp Decline,2.23606797749979,"5d%: -4.15%, MA20: -0.54, RSI: 31.5, VIX: 37.59, ATR: -0.0133, BBW: 0.08, Score: [-4, -2, 0], Dist: 2.24",Sharp Decline,2.23606797749979,Orderly Decline,2.449489742783178,0.21342176528338808,True,2020
2020-10-30,3293.59,3304.93,3233.94,3269.96,4843930000.0,0.82,0.865,0.816,0.86,0.0,93.92,94.08,93.65,94.04,0.0,36.07,36.6,35.21,35.79,388971.0,3.058,3.08,3.037,3.0475,72159.0,1867.9,1890.9,1863.3,1879.9,213173.0,40.81,41.09,36.5,38.02,0.0,107.25,107.95,106.0,107.51,1844600.0,-189.82000732421875,-189.82000732421875,-189.82000732421875,-189.82000732421875,0.0,1893.0899658203125,1893.0899658203125,1893.0899658203125,1893.0899658203125,0.0,-5.639480693370724,2.259215219976229,1.3689770399913923,-10.188205771643666,-2.604666027484825,-1.327944572748263,38.00362976406535,-5.816907577748576,-696.7306209088465,-2.2189551883648795,-6.138394458940066,15.591397849462377,0.3842869342442379,-12.451076320939348,-0.6519967400163029,-1.3900545530843522,38.70850054724555,-5.194003527336866,-12346.452462179506,-1.8941382097522383,19.65458637637217,62.46246246246246,61.14942528735638,33.97887323943662,47.76119402985073,34.89519112207158,79.52576379388965,27.49675745784694,29.09510050240368,29.165011169090405,-3.074571428571461,0.0044796992481202,-0.0271353383458669,-0.0654060150375946,0.0068015037593984,-0.8811278195489353,0.4550751879699251,-0.0782631578947397,-18.188082821387106,-0.8534424745947161,3283.7000000000003,0.8253333333333329,93.80333333333331,36.45000000000002,3.056,1875.7,38.63,107.38333333333333,-209.00666809082028,1894.079996744792,-44.05000000000019,-0.0032,0.2739999999999974,-0.8530000000000023,-0.0170500000000001,-10.090000000000003,2.7899999999999974,-1.7290000000000034,-57.91100044250489,-10.311999511718907,-0.0134711127964868,0.086247285491025,-4,-2,0,Sharp Decline,2.23606797749979,"5d%: -5.64%, MA20: -3.07, RSI: 19.7, VIX: 38.02, ATR: -0.0135, BBW: 0.09, Score: [-4, -2, 0], Dist: 2.24",Sharp Decline,2.23606797749979,Orderly Decline,2.449489742783178,0.21342176528338808,True,2020
2020-11-02,3296.2,3330.14,3279.74,3310.24,4314690000.0,0.854,0.855,0.828,0.849,0.0,93.89,94.29,93.89,94.05,0.0,35.24,37.15,33.64,36.81,489204.0,3.043,3.0965,3.028,3.077,73574.0,1877.0,1897.1,1873.3,1892.5,164943.0,38.57,38.78,36.13,37.13,0.0,108.99,110.06,108.28,109.91,1862231.0,-87.20999908447266,-87.20999908447266,-87.20999908447266,-87.20999908447266,0.0,1906.2900390625,1906.2900390625,1906.2900390625,1906.2900390625,0.0,-2.6677683131577146,5.992509363295873,1.0746910263299323,-4.538381742738585,-0.4045962129794467,-0.692658865508744,14.386937769562548,-1.4171674589649297,-10.480393426785472,-0.6535189297320998,-3.4048066485357187,11.56373193166884,0.6635984159263586,-9.84570168993386,-0.2916396629941586,-1.0043416854108922,27.2446881425634,-1.7695951380820474,12.167201394820124,-0.5996485415901809,27.75854083500576,70.74829931972789,56.66666666666658,35.40051679586564,54.2932628797886,49.25266903914594,75.34372135655363,39.855942376950736,40.00535256408512,38.4537973578979,-6.589774436090288,0.0044706766917293,-0.0098270676691732,-0.1656466165413539,0.0050315789473683,-1.2375939849624058,0.557894736842105,-0.1847518796992473,-20.24394007069724,-1.5578198425752603,3296.7700000000004,0.8479999999999995,94.01666666666668,36.25666666666669,3.060333333333333,1880.1333333333328,37.580000000000005,108.42666666666666,-150.9133377075195,1899.3466796875,-34.258999999999816,0.0174999999999999,0.2999999999999963,-0.8940000000000047,-0.0121000000000004,-9.550000000000262,1.5360000000000016,-1.0250000000000068,-21.469001770019528,-6.22099609375002,-0.0103494006476871,0.0913334767409131,-4,-2,0,Sharp Decline,2.23606797749979,"5d%: -2.67%, MA20: -6.59, RSI: 27.8, VIX: 37.13, ATR: -0.0103, BBW: 0.09, Score: [-4, -2, 0], Dist: 2.24",Sharp Decline,2.23606797749979,Orderly Decline,2.449489742783178,0.21342176528338808,True,2020
2020-11-03,3336.25,3389.49,3336.25,3369.16,4241380000.0,0.871,0.896,0.871,0.882,0.0,94.05,94.05,93.29,93.55,0.0,37.03,38.32,36.57,37.66,410611.0,3.086,3.123,3.0795,3.0925,61155.0,1896.4,1912.2,1887.6,1910.4,171368.0,36.44,36.44,34.19,35.55,0.0,111.38,112.82,111.28,112.2,2303200.0,23.530000686645508,23.530000686645508,23.530000686645508,23.530000686645508,0.0,1921.5,1921.5,1921.5,1921.5,0.0,-0.6346809489541916,13.367609254498714,0.6563374219926921,-4.826889057366701,-0.0323258445127039,-0.0784559861917499,6.596701649175407,1.8610985020426567,-116.1363321250756,0.6342331979667604,-2.148051767002024,10.66499372647427,0.5157408402277852,-9.165460684997594,-1.763024142312586,-0.261042079983298,21.124361158432706,-0.2666666666666595,-262.05234121782894,-0.3045598474635702,37.78191260964683,74.84472049689441,52.000000000000014,35.45611015490532,55.41237113402058,51.06382978723409,69.83094928478543,47.90772532188841,49.5739311390474,47.03401298969823,-8.461353383458713,0.0050999999999999,0.002112781954886,-0.2151578947368426,0.003348872180451,-1.175037593985009,0.6375864661654134,-0.2245864661654179,-19.37378972939083,-1.848233009281084,3316.4533333333334,0.8636666666666662,93.88,36.75333333333335,3.072333333333333,1894.2666666666664,36.9,109.87333333333332,-84.50000190734859,1906.960001627604,-16.195000000000686,0.0220999999999999,0.2849999999999939,-0.712000000000006,-0.0049500000000003,-3.8100000000000303,0.5299999999999978,0.0249999999999845,18.88899993896486,-0.3599975585939516,-0.0048068361253252,0.0909709757899229,-3,-2,0,Orderly Decline,1.7320508075688772,"5d%: -0.63%, MA20: -8.46, RSI: 37.8, VIX: 35.55, ATR: -0.0048, BBW: 0.09, Score: [-3, -2, 0], Dist: 1.73",Orderly Decline,1.7320508075688772,Sharp Decline,2.0,0.2679491924311228,True,2020
2020-11-05,3485.74,3529.05,3485.74,3510.45,4858150000.0,0.763,0.79,0.748,0.776,0.0,93.34,93.55,92.49,92.53,0.0,39.17,39.35,38.27,38.79,298366.0,3.11,3.1365,3.08,3.11,70560.0,1903.4,1954.3,1902.2,1946.8,297512.0,27.56,28.14,26.04,27.58,0.0,113.61,115.06,113.51,114.47,2319916.0,123.68000030517578,123.68000030517578,123.68000030517578,123.68000030517578,0.0,1936.949951171875,1936.949951171875,1936.949951171875,1936.949951171875,0.0,6.052366839772683,-7.065868263473051,-1.5219242230736452,7.24357202101189,1.7503680680516889,4.218415417558874,-26.629422718808204,6.128314481735586,-170.38870615182492,2.0166810436250904,1.649346023877296,-8.490566037735848,-0.4518558364712266,-4.552165354330717,-1.3794196924052704,2.215688333508359,-1.8854500177872715,0.8102157639806373,-2771.274238620843,0.3538617325330007,52.13270142180094,53.7914691943128,37.52711496746201,42.1487603305785,56.02836879432623,59.78682170542631,50.28305028305029,52.63676688023656,56.10204563914246,52.50803931242631,-9.757330827067747,0.0052481203007518,0.0154511278195456,-0.2224135338345869,0.0012097744360901,-1.3018045112782384,0.655270676691729,-0.2426992481203036,-14.425849824381954,-1.9280368890977704,3441.016666666667,0.8086666666666663,93.16333333333334,38.53333333333335,3.103166666666666,1917.8,30.899999999999995,112.98666666666666,60.82000033060714,1926.9200032552085,36.58599999999954,-0.0112,-0.1590000000000062,0.7829999999999978,0.0145999999999998,8.689999999999838,-1.8510000000000035,1.354999999999976,63.52700214385988,7.571008300780957,0.0104220256662249,0.0938477465810824,0,1,-1,Trend Pullback,1.4142135623730951,"5d%: +6.05%, MA20: -9.76, RSI: 52.1, VIX: 27.58, ATR: 0.0104, BBW: 0.09, Score: [0, 1, -1], Dist: 1.41",Trend Pullback,1.4142135623730951,Volatile Chop,1.4142135623730951,0.0,True,2020
2020-11-06,3508.34,3521.58,3484.34,3509.44,4842460000.0,0.783,0.837,0.782,0.82,0.0,92.57,92.82,92.18,92.23,0.0,38.54,38.61,37.06,37.14,411026.0,3.115,3.174,3.1015,3.154,73932.0,1950.0,1961.8,1937.2,1951.7,246779.0,27.87,29.44,24.56,24.86,0.0,114.38,114.82,113.69,114.0,1548138.0,67.26000213623047,67.26000213623047,67.26000213623047,67.26000213623047,0.0,1931.739990234375,1931.739990234375,1931.739990234375,1931.739990234375,0.0,7.323636986385162,-4.651162790697683,-1.924712888132707,3.772003352891873,3.494667760459391,3.8193520931964375,-34.61336138874277,6.036647753697322,-135.43356840216964,2.0416369592511474,1.2711411991146893,-2.497027348394776,-0.5820847256656214,-6.800501882057719,0.798977309044413,2.4406886416124207,-9.76406533575318,-0.1314060446780618,111.44295273642774,-0.2226212383486081,57.25539846662448,56.57015590200445,37.12446351931331,37.62575452716299,58.99470899470899,59.708737864077655,43.02775984506133,55.48051948051949,57.41473667694471,55.014717936926125,-8.065631578947498,0.0045661654135338,0.0071954887218047,-0.2031804511278203,0.0007691729323307,-0.8272932330827474,0.5480827067669168,-0.1807819548872189,-9.028338503837588,-1.4606235131285723,3487.776666666667,0.7879999999999997,92.72333333333331,38.36000000000002,3.123666666666667,1931.5666666666664,27.336666666666662,113.58666666666666,75.39666748046879,1930.3333333333333,61.41799999999974,-0.0249,-0.3660000000000169,0.8339999999999965,0.0154999999999999,13.749999999999885,-2.8440000000000047,1.6299999999999977,74.9460014343262,10.373999023437362,0.0175007978480896,0.0954811773859878,0,1,-1,Trend Pullback,1.4142135623730951,"5d%: +7.32%, MA20: -8.07, RSI: 57.3, VIX: 24.86, ATR: 0.0175, BBW: 0.10, Score: [0, 1, -1], Dist: 1.41",Trend Pullback,1.4142135623730951,Volatile Chop,1.4142135623730951,0.0,True,2020
