Date,Open_SP500,High_SP500,Low_SP500,Close_SP500,Volume_SP500,Open_Yield,High_Yield,Low_Yield,Close_Yield,Volume_Yield,Open_DXY,High_DXY,Low_DXY,Close_DXY,Volume_DXY,Open_Oil,High_Oil,Low_Oil,Close_Oil,Volume_Oil,Open_Copper,High_Copper,Low_Copper,Close_Copper,Volume_Copper,Open_Gold,High_Gold,Low_Gold,Close_Gold,Volume_Gold,Open_VIX,High_VIX,Low_VIX,Close_VIX,Volume_VIX,Open_RSP,High_RSP,Low_RSP,Close_RSP,Volume_RSP,Open_NYMO,High_NYMO,Low_NYMO,Close_NYMO,Volume_NYMO,Open_NYAD,High_NYAD,Low_NYAD,Close_NYAD,Volume_NYAD,5d_pct_SP500,5d_pct_Yield,5d_pct_DXY,5d_pct_Oil,5d_pct_Copper,5d_pct_Gold,5d_pct_VIX,5d_pct_RSP,5d_pct_NYMO,5d_pct_NYAD,10d_ROC_SP500,10d_ROC_Yield,10d_ROC_DXY,10d_ROC_Oil,10d_ROC_Copper,10d_ROC_Gold,10d_ROC_VIX,10d_ROC_RSP,10d_ROC_NYMO,10d_ROC_NYAD,RSI_14_SP500,RSI_14_Yield,RSI_14_DXY,RSI_14_Oil,RSI_14_Copper,RSI_14_Gold,RSI_14_VIX,RSI_14_RSP,RSI_14_NYMO,RSI_14_NYAD,20d_slope_SP500,20d_slope_Yield,20d_slope_DXY,20d_slope_Oil,20d_slope_Copper,20d_slope_Gold,20d_slope_VIX,20d_slope_RSP,20d_slope_NYMO,20d_slope_NYAD,SMA_3_SP500,SMA_3_Yield,SMA_3_DXY,SMA_3_Oil,SMA_3_Copper,SMA_3_Gold,SMA_3_VIX,SMA_3_RSP,SMA_3_NYMO,SMA_3_NYAD,5d_Slope_SP500,5d_Slope_Yield,5d_Slope_DXY,5d_Slope_Oil,5d_Slope_Copper,5d_Slope_Gold,5d_Slope_VIX,5d_Slope_RSP,5d_Slope_NYMO,5d_Slope_NYAD,Normalized_ATR,BBW,TrendScore_Euclidean,MomentumScore_Euclidean,VolatilityScore_Euclidean,MarketState_Euclidean,EuclideanDist_Euclidean,Diagnostics_Euclidean,TopState,TopDist,AltState,AltDist,DistanceDelta,IsBorderline,Year
2008-01-08,1415.71,1430.28,1388.3,1390.19,4705390000.0,3.87,3.9,3.84,3.84,0.0,76.1,76.25,75.95,76.11,0.0,95.35,97.54,95.26,96.33,287519.0,3.1305,3.32,3.13,3.2985,19909.0,860.7,884.0,859.4,880.3,125474.0,23.27,25.6,22.63,25.43,0.0,45.26,45.47,43.88,43.9,473500.0,,,,,,327.6600036621094,327.6600036621094,327.6600036621094,327.6600036621094,0.0,-5.323626358658629,-4.950495049504955,-0.7692307692307776,0.364659304021675,8.467609339033233,5.047732696897378,13.022222222222224,-6.952098346757108,,-5.777137696014556,-6.350457405386467,-7.913669064748207,-2.0715388574369498,3.236523416568416,6.489104116222766,7.959283787098359,37.68272874932323,-8.274132887588802,,-6.535072363141847,34.23866915634018,29.411764705882334,32.98153034300786,67.08633093525182,76.57365347177159,85.84070796460178,53.1015678254942,25.00000000000003,,43.06049012276342,-2.9847218045113104,-0.0114887218045113,-0.0228796992481217,0.5033684210526297,0.0067533834586466,3.4112781954886904,0.0138045112781949,-0.1563533834586482,,-0.9022254427572944,1406.0,3.843333333333333,76.02333333333333,96.44333333333334,3.199,869.3333333333334,24.38666666666667,44.63333333333333,,331.60999552408856,-13.989000000000146,-0.0450000000000001,-0.1240000000000062,-0.3490000000000155,0.0293499999999996,5.3699999999999495,0.3349999999999985,-0.5760000000000036,,-3.728002929687515,-0.0100626533063826,0.0854619289433396,-4,-2,0,Sharp Decline,2.23606797749979,"5d%: -5.32%, MA20: -2.98, RSI: 34.2, VIX: 25.43, ATR: -0.0101, BBW: 0.09, Score: [-4, -2, 0], Dist: 2.24",Sharp Decline,2.23606797749979,Orderly Decline,2.449489742783178,0.21342176528338808,True,2008
2008-01-17,1374.79,1377.72,1330.67,1333.25,5303130000.0,3.71,3.74,3.63,3.64,0.0,76.19,76.52,75.96,76.17,0.0,91.0,92.19,89.57,90.13,209723.0,3.1725,3.246,3.13,3.182,12213.0,878.1,891.5,875.2,880.5,127242.0,24.11,28.51,23.87,28.46,0.0,43.74,43.86,42.39,42.47,1382200.0,,,,,,315.9100036621094,315.9100036621094,315.9100036621094,315.9100036621094,0.0,-6.130969563411314,-6.426735218508995,0.3160806005531258,-3.820296659908229,-3.032149931433792,-1.4659803043867492,21.364605543710024,-5.601244721049126,,-6.096548643658717,-7.8712789187097565,-6.666666666666665,0.3689550665436858,-9.12482355313572,-0.188205771643668,1.3117017604418413,26.54513116940864,-8.17297297297298,,-7.706916422992938,21.08370400323492,14.102564102564088,44.83568075117376,33.160352880124535,53.60750360750359,70.61812023708721,76.65799739921974,20.327102803738327,,23.666697991557783,-5.443481203007536,-0.0260751879699249,-0.1072781954887233,0.0363609022556363,0.0172872180451127,5.6306766917293,0.2416390977443603,-0.2417142857142863,,-1.2446839526183664,1362.4666666666667,3.6833333333333336,76.0,90.95666666666666,3.1986666666666665,888.3666666666667,25.39333333333333,43.303333333333335,,322.7000020345052,-11.432999999999964,-0.0470000000000008,0.0249999999999885,-0.6530000000000017,-0.0280500000000003,-1.830000000000081,0.1519999999999987,-0.3160000000000056,,-2.457000732421905,-0.0085752859553721,0.1255226558782319,-4,-2,0,Sharp Decline,2.23606797749979,"5d%: -6.13%, MA20: -5.44, RSI: 21.1, VIX: 28.46, ATR: -0.0086, BBW: 0.13, Score: [-4, -2, 0], Dist: 2.24",Sharp Decline,2.23606797749979,Orderly Decline,2.449489742783178,0.21342176528338808,True,2008
2008-01-18,1333.9,1350.28,1312.51,1325.19,6004840000.0,3.67,3.68,3.62,3.65,0.0,76.3,76.49,76.14,76.38,0.0,89.9,91.32,89.61,90.57,164876.0,3.152,3.2455,3.145,3.2345,10104.0,879.8,889.4,870.6,881.7,113552.0,27.55,29.3,26.27,27.18,0.0,42.77,43.08,41.85,42.16,1072300.0,,,,,,311.489990234375,311.489990234375,311.489990234375,311.489990234375,0.0,-5.412485189362027,-4.199475065616798,0.5264543300868452,-2.287193872046611,-2.1035108958837645,-1.782332627826666,14.780405405405396,-5.002253267237511,,-5.643403961701599,-6.123417609430238,-5.1948051948051965,0.7784668162026609,-7.496680625063834,2.4386381631037235,1.848215317084434,13.533834586466153,-6.186025812194041,,-6.49315718055391,19.7203128703484,17.391304347826065,51.96078431372544,35.77789418543739,61.85266229029903,67.98892988929887,69.9011124845488,19.79522184300341,,21.34513991170209,-6.706375939849676,-0.0281804511278197,-0.0983157894736849,-0.0923007518797005,0.0136349624060149,5.261428571428569,0.3367819548872176,-0.2753759398496256,,-1.5763306352428936,1343.88,3.6666666666666665,76.27,90.51333333333334,3.196333333333333,881.4,26.67333333333333,42.79666666666666,,317.8666687011719,-17.85900000000012,-0.0420000000000004,0.102999999999995,-0.8480000000000016,-0.0410500000000003,-5.580000000000008,1.1039999999999976,-0.4890000000000036,,-3.668997192382844,-0.0134765580784643,0.1421599208737583,-4,-2,0,Sharp Decline,2.23606797749979,"5d%: -5.41%, MA20: -6.71, RSI: 19.7, VIX: 27.18, ATR: -0.0135, BBW: 0.14, Score: [-4, -2, 0], Dist: 2.24",Sharp Decline,2.23606797749979,Orderly Decline,2.449489742783178,0.21342176528338808,True,2008
2008-01-22,1312.94,1322.09,1274.29,1310.5,6544690000.0,3.52,3.6,3.47,3.48,0.0,77.11,77.35,76.25,76.35,0.0,87.45,91.0,86.11,89.85,347366.0,3.2395,3.275,3.012,3.1965,26276.0,882.0,895.6,849.5,890.3,274246.0,35.12,37.57,29.71,31.01,0.0,39.32,42.48,39.3,42.17,1005800.0,,,,,,310.0799865722656,310.0799865722656,310.0799865722656,310.0799865722656,0.0,-7.466902030008827,-8.179419525065967,0.978706520301542,-4.617834394904463,-4.267744833782572,-1.4500774850564555,35.41484716157206,-5.93352665625696,,-7.292138176644281,-7.462328235111359,-9.375,0.2363135092555923,-5.5105689346934605,1.7669531996179488,3.283062645011592,30.34888608659101,-6.413670661340431,,-7.175573146722824,19.371362048894028,14.999999999999972,45.17906336088144,34.51237998989386,61.22743682310466,73.28584149599287,73.31506849315068,20.564042303172783,,21.535460906228536,-7.932624060150422,-0.0302105263157895,-0.0816466165413556,-0.2022932330827108,0.011445864661654,4.767819548872171,0.3897293233082699,-0.3064436090225574,,-1.9511353456884448,1322.98,3.59,76.3,90.18333333333334,3.204333333333333,884.1666666666666,28.883333333333336,42.266666666666666,,312.4933268229167,-22.98200000000005,-0.0340000000000002,0.2139999999999992,-0.9030000000000106,-0.0268500000000004,-6.550000000000036,1.3679999999999988,-0.6550000000000049,,-5.604000854492244,-0.0175368180083937,0.158524709971097,-4,-2,0,Sharp Decline,2.23606797749979,"5d%: -7.47%, MA20: -7.93, RSI: 19.4, VIX: 31.01, ATR: -0.0175, BBW: 0.16, Score: [-4, -2, 0], Dist: 2.24",Sharp Decline,2.23606797749979,Orderly Decline,2.449489742783178,0.21342176528338808,True,2008
2008-01-23,1310.41,1339.09,1270.05,1338.6,3241680000.0,3.28,3.43,3.28,3.43,0.0,76.28,76.65,76.25,76.4,0.0,89.15,89.44,86.65,86.99,261820.0,3.1805,3.2,3.065,3.072,16846.0,893.5,896.5,876.6,883.1,166816.0,33.84,34.42,22.82,29.02,0.0,40.69,43.53,40.69,43.51,783600.0,,,,,,316.8299865722656,316.8299865722656,316.8299865722656,316.8299865722656,0.0,-3.066729425395576,-7.2972972972973,1.098319438930817,-5.342763873775858,-5.229060620083292,-2.160425437624636,24.33590402742074,-0.3891941391941378,,-2.8099033517942296,-3.7110035318913326,-10.677083333333323,0.3810274602549013,-9.695837226201595,-6.866757617098685,0.3180733840736138,14.117184427841137,-0.8883826879271028,,-3.3052606265035367,29.486016628873728,16.90140845070421,57.28813559322042,16.780641767490778,50.50377833753148,61.84615384615388,64.94634644864587,33.84446878422783,,30.805350710024243,-9.064112781954922,-0.0346691729323309,-0.0604285714285716,-0.3244060150375945,0.0084165413533833,4.2475939849623865,0.4717518796992482,-0.3268796992481215,,-2.2633459793893937,1324.763333333333,3.52,76.37666666666667,89.13666666666667,3.167666666666667,885.0333333333333,29.070000000000004,42.61333333333334,,312.79998779296875,-18.890999999999977,-0.0500000000000004,0.1679999999999934,-0.4370000000000086,-0.0028000000000002,-2.4900000000000446,1.813999999999996,-0.4619999999999998,,-4.653002929687543,-0.0141125056028686,0.1608886143394374,-4,-2,0,Sharp Decline,2.23606797749979,"5d%: -3.07%, MA20: -9.06, RSI: 29.5, VIX: 29.02, ATR: -0.0141, BBW: 0.16, Score: [-4, -2, 0], Dist: 2.24",Sharp Decline,2.23606797749979,Orderly Decline,2.449489742783178,0.21342176528338808,True,2008
2008-01-24,1340.13,1355.15,1334.31,1352.07,5735300000.0,3.57,3.68,3.53,3.64,0.0,76.31,76.44,75.62,75.69,0.0,87.72,89.75,87.01,89.41,286687.0,3.13,3.21,3.127,3.1715,11055.0,892.2,914.2,889.4,905.8,165385.0,28.07,28.48,27.03,27.78,0.0,43.56,43.91,43.23,43.7,719200.0,,,,,,319.75,319.75,319.75,319.75,0.0,-1.5387416254005304,-1.8867924528301885,-0.7474429583005593,-1.5741963892558442,-0.0315208825847124,2.698412698412689,13.94585726004922,-0.1371115173674497,,-1.9773181991598388,-4.049307019224635,-3.95778364116095,-0.9552473174561648,-6.543326016515105,-3.4109943657682384,2.7333560167857485,15.174129353233834,-1.5100292990759434,,-3.553222580964366,32.90178731973958,35.8695652173913,47.20670391061451,26.7270128632682,48.92787524366472,66.5166516651665,63.13959264778937,36.004390779363376,,33.986943975301514,-9.184864661654164,-0.0368045112781956,-0.0374360902255663,-0.4500300751879745,0.0053454887218044,3.686165413533819,0.4763458646616538,-0.3120451127819554,,-2.3012407575334874,1333.7233333333334,3.516666666666667,76.14666666666666,88.75,3.1466666666666665,893.0666666666666,29.27,43.126666666666665,,315.55332438151044,-9.195000000000285,-0.0720000000000003,0.0459999999999839,-0.7980000000000199,-0.0186500000000003,1.1999999999998143,1.1830000000000016,-0.0800000000000082,,-2.4570068359375385,-0.0068006833965699,0.1555108899469824,-3,-2,0,Orderly Decline,1.7320508075688772,"5d%: -1.54%, MA20: -9.18, RSI: 32.9, VIX: 27.78, ATR: -0.0068, BBW: 0.16, Score: [-3, -2, 0], Dist: 1.73",Orderly Decline,1.7320508075688772,Sharp Decline,2.0,0.2679491924311228,True,2008
2008-01-28,1330.7,1353.97,1322.26,1353.96,4100930000.0,3.56,3.61,3.55,3.59,0.0,75.94,76.02,75.48,75.58,0.0,90.62,91.36,88.78,90.99,261940.0,3.19,3.2195,3.1165,3.1895,9642.0,912.5,929.8,912.5,927.1,169894.0,29.67,30.26,27.57,27.78,0.0,43.23,44.16,42.89,44.16,793700.0,,,,,,324.1700134277344,324.1700134277344,324.1700134277344,324.1700134277344,0.0,2.171009440155758,-1.6438356164383603,-1.047394605917773,0.4637297118251116,-1.3912505796877528,5.149143699671077,2.207505518763808,4.743833017077792,,4.070764259172033,-3.358981313614362,-5.774278215223106,-0.5264543300868674,-1.8340705577732264,-3.465496368038745,3.2750362036314984,17.31418918918919,-0.4957187922487782,,-1.802369374003221,38.99929278642149,36.55913978494622,42.17506631299738,38.90692640692639,53.27481431465225,75.97765363128497,59.44155229531472,45.03311258278143,,43.10443905715988,-8.294556390977474,-0.0304812030075188,-0.0123082706766954,-0.5325112781954902,0.0043033834586466,3.1839849624060137,0.4281954887218038,-0.250714285714287,,-1.939564181449724,1345.5466666666666,3.6033333333333335,75.74666666666667,90.37,3.181666666666666,914.5333333333334,28.21333333333333,43.70000000000001,,320.06667073567706,5.240999999999833,0.0019999999999995,-0.1480000000000116,-0.0160000000000156,-0.0126000000000004,7.350000000000032,0.0569999999999942,0.3690000000000008,,1.925003051757796,0.0038708676770361,0.1427472200279379,0,-2,0,Orderly Decline,2.449489742783178,"5d%: +2.17%, MA20: -8.29, RSI: 39.0, VIX: 27.78, ATR: 0.0039, BBW: 0.14, Score: [0, -2, 0], Dist: 2.45",Orderly Decline,2.449489742783178,Volatile Chop,2.8284271247461903,0.3789373819630124,True,2008
2008-02-07,1324.01,1347.16,1316.75,1336.91,4589160000.0,3.57,3.81,3.55,3.74,0.0,76.15,77.04,76.09,76.94,0.0,87.06,88.4,86.24,88.11,281570.0,3.2805,3.462,3.276,3.454,24538.0,904.4,916.0,900.1,910.0,123220.0,29.51,29.7,26.78,27.66,0.0,43.6,44.53,43.49,44.23,710600.0,,,,,,327.1400146484375,327.1400146484375,327.1400146484375,327.1400146484375,0.0,-3.0205650865039235,2.74725274725276,2.341048151104008,-3.96730245231608,4.730139478471807,-1.93965517241379,5.572519083969474,-2.0376522702104105,,-1.4994521684829063,-1.1212437225883165,2.74725274725276,1.6514731140176986,-1.4539760653170752,8.907457039255885,0.4636785162287493,-0.4319654427645814,1.2128146453089128,,2.311185191067233,50.7530864197531,54.90196078431373,58.974358974358914,44.274376417233576,64.09326424870468,61.962692619626935,48.14471243042672,60.04566210045661,,57.94537933607605,-2.503270676691789,-0.0102781954887218,-0.0292781954887243,-0.2488045112781973,9.473684210515924e-05,1.499699248120297,0.2040601503759393,0.0420300751879702,,0.0598350582266127,1333.3333333333337,3.6466666666666665,76.39999999999999,87.88666666666667,3.325,901.7666666666668,28.290000000000003,44.086666666666666,,325.78334554036456,-16.2980000000001,-0.0070000000000003,0.2589999999999927,-0.9770000000000064,-0.0038999999999999,-6.92000000000004,0.9759999999999952,-0.4510000000000011,,-3.09399719238286,-0.0121907981838718,0.0933533958667002,-4,1,0,Trend Pullback,3.0,"5d%: -3.02%, MA20: -2.50, RSI: 50.8, VIX: 27.66, ATR: -0.0122, BBW: 0.09, Score: [-4, 1, 0], Dist: 3.00",Trend Pullback,3.0,Orderly Decline,3.0,0.0,True,2008
2008-02-08,1336.88,1341.22,1321.06,1331.29,3768490000.0,3.71,3.71,3.65,3.65,0.0,76.76,76.97,76.5,76.67,0.0,88.29,91.98,88.0,91.77,339273.0,3.43,3.564,3.425,3.5395,24586.0,914.8,927.3,911.3,922.3,98049.0,27.98,28.89,27.22,28.01,0.0,44.13,44.38,43.65,43.87,769100.0,,,,,,324.489990234375,324.489990234375,324.489990234375,324.489990234375,0.0,-4.59574895013688,1.388888888888884,1.6169648774022605,3.158723021582732,8.14237702413687,0.9633278598795814,16.611157368859296,-4.796006944444442,,-4.601053607361683,0.0511043806975752,1.955307262569828,0.9214163485586456,1.168559144526515,11.165201005025116,1.2737454705171736,-3.6795048143053566,1.4569842738205274,,2.595798497143398,51.26787495843031,50.0,53.3333333333334,52.87631831255993,65.28056112224448,65.10416666666666,52.01163354338343,59.704880817253134,,59.43395056424231,-2.17927067669177,-0.0070375939849625,-0.0049172932330838,-0.2132105263157894,0.0038868421052631,1.296766917293202,0.1822406015037588,0.0500150375939835,,0.1767299336598196,1331.55,3.6666666666666665,76.58333333333333,89.00666666666666,3.4341666666666666,912.4333333333334,28.21333333333334,43.98,,324.9533386230469,-17.139000000000188,0.0249999999999998,0.3749999999999833,-0.458000000000012,0.0372499999999999,-1.1400000000001658,1.0259999999999976,-0.5350000000000038,,-3.970999145507832,-0.0128739793733898,0.0856574342018499,-4,1,0,Trend Pullback,3.0,"5d%: -4.60%, MA20: -2.18, RSI: 51.3, VIX: 28.01, ATR: -0.0129, BBW: 0.09, Score: [-4, 1, 0], Dist: 3.00",Trend Pullback,3.0,Orderly Decline,3.0,0.0,True,2008
2008-02-11,1331.92,1341.4,1320.32,1339.13,3593140000.0,3.67,3.67,3.58,3.62,0.0,76.45,76.71,76.32,76.58,0.0,91.76,94.72,90.92,93.59,320857.0,3.52,3.599,3.5195,3.5585,12653.0,924.1,931.0,919.6,926.7,87879.0,29.14,29.57,27.32,27.6,0.0,43.89,44.39,43.66,44.33,315000.0,,,,,,326.4100036621094,326.4100036621094,326.4100036621094,326.4100036621094,0.0,-3.019220463203009,-0.5494505494505475,1.6054132944142152,3.9657853810264543,7.882370774594505,1.9023531999120324,6.194690265486735,-2.550010991426699,,-3.125185108030637,-1.0953056220272317,0.8356545961002881,1.3231013495633714,2.857456863391583,11.569211475152862,-0.0431452917700303,-0.6479481641468721,0.3849637681159423,,0.6909924242188836,56.12511231868556,57.29166666666667,52.60770975056693,58.51548269581058,68.48825331971402,63.97849462365594,40.09296920395119,61.66306695464362,,61.76343083761645,-1.6501127819549044,-0.0034285714285715,0.0070676691729305,-0.1449097744360914,0.0086124060150375,1.414887218045081,0.149518796992481,0.0628571428571427,,0.339579554966519,1335.7766666666666,3.67,76.73,91.15666666666668,3.517333333333333,919.6666666666666,27.75666666666667,44.14333333333333,,326.0133361816406,-9.879000000000095,0.0169999999999995,0.3419999999999855,0.3199999999999976,0.0723999999999998,4.549999999999951,0.3459999999999963,-0.3200000000000093,,-2.474002075195333,-0.0073771777198629,0.0805017059055643,-4,1,0,Trend Pullback,3.0,"5d%: -3.02%, MA20: -1.65, RSI: 56.1, VIX: 27.60, ATR: -0.0074, BBW: 0.08, Score: [-4, 1, 0], Dist: 3.00",Trend Pullback,3.0,Orderly Decline,3.0,0.0,True,2008
2008-03-07,1301.53,1313.24,1282.43,1293.37,4565410000.0,3.54,3.62,3.48,3.54,0.0,72.88,73.17,72.46,73.03,0.0,105.58,106.54,103.91,105.15,321205.0,3.898,3.945,3.856,3.9215,9683.0,977.5,990.7,971.0,974.2,144063.0,28.52,29.29,22.29,27.49,0.0,42.32,43.01,41.96,42.38,287300.0,,,,,,309.0899963378906,309.0899963378906,309.0899963378906,309.0899963378906,0.0,-2.8001773595966006,0.2832861189801861,-0.9225342558675798,3.250196386488602,1.7250324254215244,-0.0820512820512764,3.5795026375282646,-3.2199132221968463,,-4.199732734735817,-4.415014300389474,-6.596306068601587,-3.2971398305084665,6.416354619977738,3.483309143686508,2.785397763241204,14.25602660016625,-4.977578475336319,,-5.445262171648279,33.53686903931141,38.8888888888889,4.719764011799697,69.18489065606364,70.17721518987338,72.71514342895262,58.0771746239372,34.34190620272312,,39.49453393579136,-0.605766917293254,-0.0048646616541354,-0.2102932330827083,0.7135864661654118,0.0258890977443608,4.2512781954886885,-0.0989999999999998,-0.0366917293233089,,-0.2758946010044751,1310.47,3.616666666666667,73.17,105.04666666666668,3.935666666666666,979.9333333333334,26.546666666666667,42.93,,314.7566731770833,-5.022000000000177,0.0339999999999995,-0.1640000000000127,0.9329999999999864,0.0150499999999998,0.8499999999999323,0.0339999999999975,-0.2310000000000006,,-2.1199981689453127,-0.0038828796090833,0.0682873242424706,-4,-2,0,Sharp Decline,2.23606797749979,"5d%: -2.80%, MA20: -0.61, RSI: 33.5, VIX: 27.49, ATR: -0.0039, BBW: 0.07, Score: [-4, -2, 0], Dist: 2.24",Sharp Decline,2.23606797749979,Orderly Decline,2.449489742783178,0.21342176528338808,True,2008
2008-03-10,1293.16,1295.01,1272.66,1273.37,4261240000.0,3.52,3.54,3.42,3.44,0.0,72.99,73.09,72.76,72.99,0.0,105.25,108.21,104.08,107.9,340551.0,3.9155,3.925,3.7695,3.795,13539.0,975.3,982.8,961.9,971.8,126788.0,28.13,29.73,27.92,29.38,0.0,42.32,42.42,41.55,41.67,319400.0,,,,,,299.75,299.75,299.75,299.75,0.0,-4.354259618129108,-2.5495750708215303,-0.963364993215754,5.319668130795519,-3.398243604429174,-1.2599065230644246,11.796042617960412,-4.667124227865472,,-7.292854839183127,-7.175244204694565,-11.794871794871796,-3.362902158082892,8.7372770331553,1.484155635780171,3.3280170122275354,27.572731220147627,-8.175407668576462,,-10.841764093864882,30.23328964613364,29.62962962962964,4.8048048048051015,66.86618212911503,53.91351943076079,66.32970451010883,61.40878988561106,30.53645116918844,,33.37061615615107,-1.5526541353383885,-0.0074661654135338,-0.2140751879699254,0.6529398496240573,0.024551879699248,4.159699248120264,-0.0302255639097752,-0.0690451127819554,,-0.5527891919128944,1290.36,3.533333333333333,73.00666666666666,106.17333333333336,3.8733333333333335,974.3666666666668,28.14,42.20666666666667,,307.0233357747396,-9.835000000000113,0.0059999999999997,-0.2000000000000097,1.1349999999999902,0.0067999999999998,-0.920000000000137,0.4449999999999925,-0.3680000000000077,,-3.614996337890636,-0.007723599582211,0.0833243278190214,-4,-2,0,Sharp Decline,2.23606797749979,"5d%: -4.35%, MA20: -1.55, RSI: 30.2, VIX: 29.38, ATR: -0.0077, BBW: 0.08, Score: [-4, -2, 0], Dist: 2.24",Sharp Decline,2.23606797749979,Orderly Decline,2.449489742783178,0.21342176528338808,True,2008
2008-03-11,1274.4,1320.65,1274.4,1320.65,5109080000.0,3.5,3.63,3.49,3.6,0.0,73.0,73.4,72.47,73.28,0.0,107.91,109.72,106.61,108.75,349815.0,3.8,3.8905,3.762,3.7855,12114.0,974.9,987.8,966.0,976.0,157010.0,27.25,28.64,26.35,26.36,0.0,42.45,43.23,41.93,43.23,220000.0,,,,,,309.739990234375,309.739990234375,309.739990234375,309.739990234375,0.0,-0.4597701149425259,0.5586592178770999,-0.5158837903882607,9.274517684887474,-0.942038466570716,1.0038290386008564,3.291536050156729,-0.8258774948382785,,-3.1759937030186425,-4.390099110251999,-6.735751295336778,-1.979668271803104,7.801348136399677,0.172003175443236,2.8559384550532307,20.36529680365297,-5.590740336317978,,-9.52534403030809,41.31757650586474,36.666666666666686,9.4285714285717,67.0353041259039,54.24008810572686,65.30448717948715,55.31453362255965,39.95243757431625,,37.79142767835935,-2.808518796992471,-0.0126165413533835,-0.2168120300751895,0.663744360902254,0.0220545112781953,4.131503759398488,0.071330827067668,-0.1144436090225575,,-0.9778119080048806,1295.7966666666666,3.526666666666667,73.10000000000001,107.2666666666667,3.834,974.0,27.743333333333336,42.42666666666667,,306.1933288574219,-14.709000000000197,-0.0430000000000005,-0.1790000000000039,1.7390000000000014,-0.0113500000000002,-0.3300000000000498,1.0609999999999966,-0.5300000000000061,,-5.416000366211003,-0.011137697346004,0.0846460395092617,-2,0,0,Trend Pullback,1.4142135623730951,"5d%: -0.46%, MA20: -2.81, RSI: 41.3, VIX: 26.36, ATR: -0.0111, BBW: 0.08, Score: [-2, 0, 0], Dist: 1.41",Trend Pullback,1.4142135623730951,Orderly Decline,1.4142135623730951,0.0,True,2008
2008-03-19,1330.97,1341.51,1298.42,1298.42,5358550000.0,3.42,3.5,3.36,3.36,0.0,71.9,72.24,71.25,72.14,0.0,108.8,108.98,102.95,104.48,386956.0,3.72,3.767,3.6105,3.6335,12398.0,982.9,997.8,937.5,945.3,295222.0,25.78,29.95,25.16,29.84,0.0,43.45,43.74,42.27,42.27,249900.0,,,,,,294.7099914550781,294.7099914550781,294.7099914550781,294.7099914550781,0.0,-0.7908188604567545,-3.4482758620689724,-0.3591160220994593,-4.949053857350794,-5.303622621839976,-3.590005099439064,9.62527553269654,-1.169043722235208,,-3.405445572135557,-2.6452725500487384,-8.943089430894313,-1.8236254763200896,-0.0382701875239144,-8.751883475640387,-4.370257966616087,21.30081300813007,-3.581204379562042,,-8.744393771333714,38.4888977529584,36.95652173913043,27.93296089385494,53.25077399380805,37.53187149413565,43.27272727272727,60.78632478632478,36.590038314176255,,29.81287506594433,-4.238045112781959,-0.0264962406015038,-0.2291954887218055,0.6436691729323291,0.0002105263157893,3.1197744360902084,0.3379473684210521,-0.1746766917293252,,-2.1678724934284044,1301.92,3.373333333333333,71.72333333333331,106.52666666666669,3.688333333333334,984.0666666666666,29.290000000000003,42.31666666666667,,296.06333414713544,0.5059999999997798,-0.0280000000000002,-0.2270000000000139,-0.5650000000000144,-0.0321000000000002,5.6399999999999375,0.2089999999999974,-0.0720000000000079,,-2.332000732421918,0.000389704409975,0.0986210005429543,-3,-2,0,Orderly Decline,1.7320508075688772,"5d%: -0.79%, MA20: -4.24, RSI: 38.5, VIX: 29.84, ATR: 0.0004, BBW: 0.10, Score: [-3, -2, 0], Dist: 1.73",Orderly Decline,1.7320508075688772,Sharp Decline,2.0,0.2679491924311228,True,2008
2008-03-25,1349.07,1357.47,1341.21,1352.99,4145120000.0,3.5,3.53,3.48,3.49,0.0,72.94,72.97,72.02,72.28,0.0,100.43,101.86,99.13,101.22,303743.0,3.619,3.71,3.5985,3.6785,11454.0,915.4,939.5,911.9,935.0,158058.0,25.75,26.42,25.17,25.72,0.0,44.21,44.44,43.82,44.29,476000.0,,,,,,314.010009765625,314.010009765625,314.010009765625,314.010009765625,0.0,5.983863387122046,5.438066465256797,1.1474951021550606,-4.2202876608629865,-0.1763907734056991,-6.742469579094356,-20.223325062034743,6.77434908389587,,7.844213100453534,6.252699529594707,1.4534883720930258,-0.9727359912316658,-6.190917516218731,-3.069828722002632,-3.7867874048158057,-12.457454050374404,6.287497000239983,,4.757301006046699,54.19088992525393,46.76258992805756,36.20000000000013,52.95549374130738,42.40976645435245,40.96941719561456,50.34083162917519,53.187613843351535,,47.06878468234473,-3.1268421052631745,-0.0241052631578948,-0.1511503759398515,0.3278345864661635,-0.0108639097744362,-0.0560150375939856,0.2996992481202998,-0.1433308270676691,,-2.2828270933682018,1344.1266666666668,3.4466666666666668,72.66,101.30666666666669,3.6248333333333336,924.5666666666668,26.023333333333337,43.79,,308.3500061035156,14.53299999999987,0.0299999999999993,0.4159999999999925,-1.722000000000006,-0.0298000000000007,-25.21000000000013,-1.219000000000006,0.4999999999999944,,3.605999755859326,0.0107413949844417,0.0942111879995208,0,1,-1,Trend Pullback,1.4142135623730951,"5d%: +5.98%, MA20: -3.13, RSI: 54.2, VIX: 25.72, ATR: 0.0107, BBW: 0.09, Score: [0, 1, -1], Dist: 1.41",Trend Pullback,1.4142135623730951,Volatile Chop,1.4142135623730951,0.0,True,2008
2008-05-22,1390.83,1399.07,1390.23,1394.35,3955960000.0,3.85,3.96,3.85,3.92,0.0,71.91,72.31,71.82,72.28,0.0,133.89,135.09,130.07001,130.81,425099.0,3.741,3.7895,3.6605,3.7125,12700.0,932.9,935.4,917.1,918.3,143902.0,18.92,19.11,17.82,18.05,0.0,45.98,46.22,45.88,46.0,445500.0,,,,,,329.54998779296875,329.54998779296875,329.54998779296875,329.54998779296875,0.0,-2.052586103949927,2.083333333333326,-1.458759372869789,5.389945214308733,-0.6954660960278303,4.352272727272721,10.73619631901841,-2.480390078439687,,-2.6583961968723258,-0.2382519603915223,2.887139107611536,-1.6330974414806798,5.756326299620018,-1.980198019801982,4.103843101689142,-6.958762886597924,0.5025125628140614,,1.8040828185870383,42.832001173278535,55.384615384615365,35.54502369668256,77.83326930464855,42.51040221914006,72.75471698113206,49.322210636079255,45.7700650759219,,50.676067684371176,1.0773834586465745,0.0005864661654134,-0.0054887218045114,0.8197444887218045,-0.0090556390977444,1.6487218045112544,-0.1613609022556396,0.0697894736842101,,0.7470371791294601,1399.486666666667,3.84,72.20666666666666,131.01667,3.7445,922.3666666666668,18.07333333333333,46.21333333333333,,330.01332600911456,-7.767000000000033,-0.0110000000000001,-0.3260000000000079,2.088000999999984,-0.0037999999999999,11.749999999999934,0.5689999999999978,-0.2980000000000043,,-2.879998779296873,-0.0055703374332126,0.0363486332679185,0,0,2,Steady Climb,2.23606797749979,"5d%: -2.05%, MA20: +1.08, RSI: 42.8, VIX: 18.05, ATR: -0.0056, BBW: 0.04, Score: [0, 0, 2], Dist: 2.24",Steady Climb,2.23606797749979,Trend Pullback,2.449489742783178,0.21342176528338808,True,2008
2008-05-29,1390.5,1406.32,1388.59,1398.26,3894440000.0,4.05,4.14,4.03,4.08,0.0,72.5,73.13,72.44,73.02,0.0,130.75,133.11999,126.11,126.62,424268.0,3.702,3.702,3.5505,3.5585,19157.0,906.2,907.8,876.6,881.7,167415.0,19.08,19.17,17.54,18.14,0.0,46.02,46.6,46.02,46.36,118700.0,,,,,,333.0599975585937,333.0599975585937,333.0599975585937,333.0599975585937,0.0,0.5428881650380024,6.806282722513091,1.5012510425354453,-4.918525193361855,-4.967285351849382,-5.050613827266847,-2.420656266810106,1.0241882763129206,,2.0123150849134186,-0.738290290062904,3.5532994923857864,-0.5177111716621385,1.9320560296248728,-3.3279000271665304,1.7541834968263226,2.718006795016992,-0.4723057106054029,,0.1352972631160076,50.22456249032055,65.51724137931035,45.10638297872333,54.88822481696687,31.968503937007853,49.863945578231295,43.312101910828034,56.13305613305611,,58.95080898244839,-0.534165413533891,0.0056315789473683,-0.0568796992481224,0.8933535789473661,-0.0071778195488723,3.3478947368421044,-0.0463533834586473,0.0105187969924805,,0.2769846062911043,1391.4833333333331,4.003333333333333,72.63666666666667,128.8333366666667,3.6565,896.7000000000002,18.950000000000003,46.09666666666667,,329.83665974934894,-0.874000000000171,0.0379999999999995,0.1279999999999926,-0.6239990000000176,-0.0095500000000005,-6.66000000000013,0.2549999999999969,0.0259999999999986,,0.3440002441405571,-0.0006250625777753,0.0404432294003296,-1,1,2,Trend Pullback,2.0,"5d%: +0.54%, MA20: -0.53, RSI: 50.2, VIX: 18.14, ATR: -0.0006, BBW: 0.04, Score: [-1, 1, 2], Dist: 2.00",Trend Pullback,2.0,Orderly Decline,2.449489742783178,0.4494897427831779,True,2008
2008-05-30,1398.36,1404.46,1398.08,1400.38,3845630000.0,4.06,4.06,4.02,4.05,0.0,73.02,73.22,72.84,72.88,0.0,126.59,128.3,124.67,127.35,309342.0,3.5695,3.6125,3.56,3.606,12498.0,881.7,892.8,873.0,891.5,90628.0,18.14,18.21,17.56,17.83,0.0,46.53,46.58,46.31,46.46,186400.0,,,,,,334.0,334.0,334.0,334.0,0.0,0.4324595689747967,3.316326530612246,0.8301051466518938,-2.6450577172999035,-2.868686868686865,-2.9184362408798847,-1.21883656509697,1.0000000000000009,,1.3503299565669646,-1.6290031399931015,5.46875,-0.6407634628493475,2.6023203351595248,-3.544202220141779,1.3068181818181923,9.386503067484654,-1.5051939792240845,,-1.343963360515954,54.96471360577718,66.27906976744184,48.07256235827663,52.444602493564894,40.96484055600981,51.8615284128021,41.87242798353909,59.57446808510637,,61.68351047262524,-0.8685338345865024,0.0075112781954886,-0.0609774436090231,0.7431279849624035,-0.0081755639097744,2.876917293233052,-0.0141203007518797,-0.0024135338345865,,0.2099545127467085,1396.493333333333,4.046666666666667,72.81666666666666,128.33333333333337,3.6198333333333337,891.2333333333332,18.346666666666668,46.31,,332.1933288574219,2.2729999999998807,0.0499999999999998,0.2139999999999888,-0.9540000000000108,-0.0349000000000004,-9.849999999999936,-0.0300000000000018,0.1449999999999969,,1.451000976562472,0.0016231308644795,0.0402923977548641,-2,1,2,Trend Pullback,2.23606797749979,"5d%: +0.43%, MA20: -0.87, RSI: 55.0, VIX: 17.83, ATR: 0.0016, BBW: 0.04, Score: [-2, 1, 2], Dist: 2.24",Trend Pullback,2.23606797749979,Orderly Decline,2.23606797749979,0.0,True,2008
2008-07-02,1285.82,1292.17,1261.51,1261.52,5276090000.0,3.99,4.0,3.95,3.96,0.0,72.37,72.52,72.01,72.03,0.0,141.44,144.32001,140.01,143.57001,253397.0,3.894,4.075,3.8775,4.0635,22949.0,941.6,947.9,933.5,946.5,125044.0,23.4,25.96,22.7,25.92,0.0,42.03,42.14,40.97,40.97,272500.0,,,,,,274.5599975585937,274.5599975585937,274.5599975585937,274.5599975585937,0.0,-4.572721014849057,-3.883495145631066,-1.2340600575894811,6.703835005574121,7.585385226370134,7.276436586195167,22.61116367076632,-5.3810623556581945,,-8.115524981805478,-5.702603508719473,-4.578313253012056,-1.919934640522869,5.040986614061049,8.432288192128091,5.931729155008392,16.546762589928065,-7.0764345656611605,,-11.34360315343379,25.125404787605632,27.272727272727263,23.78223495702025,62.59680915262386,89.36329588014985,77.98647633358374,59.44566010211525,24.84076433121008,,26.128222548243173,-5.367969924812035,0.0006390977443608,-0.0392556390977442,0.5193759323308242,0.020436842105263,2.4635338345864395,0.0917293233082703,-0.2133458646616556,,-2.4467665363971447,1275.4766666666667,3.9766666666666666,72.28666666666666,141.51333666666667,3.952166666666667,939.7666666666668,24.50666666666667,41.51333333333333,,280.1133321126302,-7.727000000000011,-0.0309999999999999,-0.1150000000000096,1.319999999999981,0.0319499999999992,13.760000000000057,0.5039999999999983,-0.3200000000000025,,-3.813000488281305,-0.0061251506119601,0.1102692883283451,-4,-2,0,Sharp Decline,2.23606797749979,"5d%: -4.57%, MA20: -5.37, RSI: 25.1, VIX: 25.92, ATR: -0.0061, BBW: 0.11, Score: [-4, -2, 0], Dist: 2.24",Sharp Decline,2.23606797749979,Orderly Decline,2.449489742783178,0.21342176528338808,True,2008
2008-07-07,1262.9,1273.95,1240.68,1252.31,5265420000.0,3.98,4.01,3.86,3.93,0.0,72.69,73.16,72.56,72.67,0.0,144.27,144.53,139.52,141.36999,304148.0,3.8745,3.9005,3.803,3.849,15012.0,934.9,935.1,916.3,928.8,127972.0,25.48,26.91,24.73,25.78,0.0,41.02,41.28,40.03,40.44,951100.0,,,,,,266.3599853515625,266.3599853515625,266.3599853515625,266.3599853515625,0.0,-2.039299738731848,-1.5037593984962403,0.4284134881149759,0.8273161095987192,-0.7478081485301713,-0.268441962847632,9.982935153583616,-3.5995232419547163,,-6.736701799992117,-4.979020130052437,-5.072463768115931,-0.4929481035190974,5.014114174276796,0.4436325678496944,2.777470399468851,12.724092697857458,-6.798801567181389,,-11.868452612532998,13.8615188685569,20.37037037037041,36.3372093023256,61.03851696978542,62.16037110669318,65.56776556776555,67.98212956068502,11.616161616161492,,11.484549824344938,-5.480639097744395,-0.0065488721804512,-0.0564060150375947,0.4327367894736777,0.0230597744360901,3.1400751879699023,0.0841127819548865,-0.2233007518797017,,-2.636518458316218,1258.91,3.953333333333333,72.48,143.40999666666667,3.953833333333333,936.3,25.500000000000004,40.71,,270.7799987792969,-4.94400000000011,-0.0060000000000005,0.0329999999999973,1.3729969999999831,0.0322999999999995,2.2799999999998866,0.4689999999999962,-0.3230000000000029,,-3.697000122070328,-0.0039479042729037,0.1119814306006814,-4,-2,0,Sharp Decline,2.23606797749979,"5d%: -2.04%, MA20: -5.48, RSI: 13.9, VIX: 25.78, ATR: -0.0039, BBW: 0.11, Score: [-4, -2, 0], Dist: 2.24",Sharp Decline,2.23606797749979,Orderly Decline,2.449489742783178,0.21342176528338808,True,2008
2008-07-09,1273.38,1277.36,1244.57,1244.69,5181000000.0,3.92,3.92,3.83,3.83,0.0,72.96,73.02,72.54,72.58,0.0,136.0,138.28,135.34,136.05,299142.0,3.697,3.753,3.642,3.739,14006.0,921.7,930.5,917.2,928.6,116796.0,23.16,25.39,22.59,25.23,0.0,41.33,41.58,40.36,40.39,361300.0,,,,,,267.5,267.5,267.5,267.5,0.0,-3.130180323913734,-4.010025062656641,0.2901754870802797,-3.490104277505845,-4.385628436261346,-1.6834303864478484,6.680761099365751,-3.442505378914651,,-5.346585801901482,-5.295634905538349,-6.812652068126523,-0.9011469142545026,-0.6934306569343018,-1.2935586061246007,4.14984297891432,12.533452274754689,-6.047918120493145,,-8.724880296580828,23.733498815299622,20.370370370370395,39.35643564356438,49.03641874908039,49.4913225613405,62.52676659528907,58.87240356083086,23.79603399433421,,20.827016834243764,-5.737744360902265,-0.0159172932330828,-0.077248120300753,0.4536537669172921,0.0190075187969925,3.699624060150352,0.1358045112781949,-0.2360075187969927,,-2.784639149142391,1256.9,3.88,72.75333333333333,137.81999333333337,3.7615,926.9,24.72,40.75333333333334,,269.0833333333333,-3.1630000000001024,-0.0250000000000004,0.191999999999994,-1.206004000000009,-0.0642500000000007,-6.010000000000148,-0.1140000000000049,-0.1330000000000012,,-2.663995361328123,-0.0025411949963445,0.1150059133616848,-4,-2,0,Sharp Decline,2.23606797749979,"5d%: -3.13%, MA20: -5.74, RSI: 23.7, VIX: 25.23, ATR: -0.0025, BBW: 0.12, Score: [-4, -2, 0], Dist: 2.24",Sharp Decline,2.23606797749979,Orderly Decline,2.449489742783178,0.21342176528338808,True,2008
2008-07-10,1245.25,1257.65,1236.76,1253.39,5840430000.0,3.83,3.85,3.78,3.81,0.0,72.6,72.84,72.41,72.49,0.0,135.8,142.13001,135.42999,141.64999,294339.0,3.7265,3.791,3.672,3.7185,11262.0,929.8,949.2,926.4,942.0,140164.0,25.22,26.62,20.75,25.59,0.0,40.47,40.7,39.92,40.39,492200.0,,,,,,269.8699951171875,269.8699951171875,269.8699951171875,269.8699951171875,0.0,-0.6444606506436634,-3.787878787878785,0.6386227960571977,-1.3373405769073865,-8.490217792543376,-0.4754358161648153,-1.273148148148151,-1.415670002440805,,-1.708188550083778,-5.187712277888301,-7.524271844660191,-0.603318250377094,5.276841322928272,-1.5488482922954685,6.76640598435907,21.050141911069066,-6.72055427251731,,-9.685085063370858,25.284624737482133,11.764705882353011,37.89731051344733,64.49015236126871,46.2985436893204,63.23529411764702,62.11480362537764,20.531757754800523,,20.91449813812953,-5.957932330827053,-0.0193684210526317,-0.0747819548872205,0.3404357368421001,0.015287969924812,3.523684210526296,0.1683383458646608,-0.2441203007518809,,-2.8527520889626565,1257.2600000000002,3.84,72.69333333333333,137.91332666666668,3.718,931.2999999999998,24.65666666666667,40.736666666666665,,270.2533365885417,-2.2860000000000538,-0.0350000000000006,0.1369999999999904,-2.429002000000004,-0.0901500000000007,-4.61000000000013,-0.3030000000000017,-0.0450000000000039,,-1.214999389648468,-0.0018238537087419,0.1186968491625091,-3,-2,0,Orderly Decline,1.7320508075688772,"5d%: -0.64%, MA20: -5.96, RSI: 25.3, VIX: 25.59, ATR: -0.0018, BBW: 0.12, Score: [-3, -2, 0], Dist: 1.73",Orderly Decline,1.7320508075688772,Sharp Decline,2.0,0.2679491924311228,True,2008
2008-07-11,1248.66,1257.27,1225.35,1239.49,6742200000.0,3.82,3.97,3.8,3.94,0.0,72.49,72.59,71.79,72.1,0.0,141.8,147.27,141.44,145.08,334940.0,3.7225,3.799,3.719,3.74,8631.0,946.1,969.1,942.6,960.6,165466.0,25.56,29.44,25.56,27.49,0.0,40.05,40.55,39.36,40.08,513367.0,,,,,,265.9200134277344,265.9200134277344,265.9200134277344,265.9200134277344,0.0,-1.8536701243170528,-0.7556675062972307,-0.8798460269452857,-0.1445316363501536,-5.292479108635084,2.8920308483290524,10.84677419354838,-1.5717092337917515,,-2.026379680164736,-3.402564002649733,-2.2332506203474045,-0.5380052421023573,3.8957318819822673,-2.349869451697129,4.972134192984368,14.87672377768492,-4.571428571428571,,-7.954302857127771,26.92126632929275,32.75862068965522,38.461538461538375,65.25671068549241,44.19924337957127,67.68178993163453,63.46153846153846,22.824302134646885,,22.736159397109617,-6.245150375939887,-0.0231729323308271,-0.0796541353383507,0.3801425338345831,0.0113142857142856,3.637593984962384,0.2177744360902249,-0.259624060150377,,-2.9633537120388964,1245.8566666666668,3.86,72.39,140.92666333333335,3.7325,943.7333333333336,26.10333333333333,40.28666666666667,,267.7633361816406,-2.6640000000000392,-0.0420000000000004,-0.0590000000000067,-1.2599990000000063,-0.0571000000000002,1.6599999999999289,0.102999999999997,-0.0710000000000034,,-0.196002197265654,-0.0021492710711663,0.1231989911043181,-3,-2,0,Orderly Decline,1.7320508075688772,"5d%: -1.85%, MA20: -6.25, RSI: 26.9, VIX: 27.49, ATR: -0.0021, BBW: 0.12, Score: [-3, -2, 0], Dist: 1.73",Orderly Decline,1.7320508075688772,Sharp Decline,2.0,0.2679491924311228,True,2008
2008-07-14,1241.61,1253.5,1225.01,1228.3,5434860000.0,3.99,3.99,3.84,3.88,0.0,71.86,72.3,71.77,71.92,0.0,144.69,146.36999,142.49001,145.17999,252605.0,3.7455,3.782,3.7105,3.752,7612.0,966.8,976.4,954.2,973.7,159779.0,27.49,29.3,26.9,28.48,0.0,40.3,40.5,39.32,39.36,353500.0,,,,,,260.2699890136719,260.2699890136719,260.2699890136719,260.2699890136719,0.0,-1.9172569092317349,-1.2722646310432628,-1.0320627494151635,2.695055718685424,-2.5201351000259886,4.834194659776059,10.4732350659426,-2.6706231454005858,,-2.2863780871036576,-3.917458032822807,-2.7568922305764465,-0.6080707573244859,3.544668458407485,-3.2490974729242006,4.552775689895849,21.501706484641623,-6.174016686531592,,-8.869053413347228,25.2292057881366,26.229508196721312,30.183727034120608,63.08118412895225,46.32587859424919,77.46031746031741,66.29464285714286,21.28637059724344,,22.271264202696173,-6.538323308270712,-0.0225187969924812,-0.0787518796992502,0.4666089022556373,0.0067834586466164,3.7562406015037313,0.2796691729323301,-0.2710751879699256,,-3.063007578455421,1240.3933333333334,3.8766666666666665,72.17,143.96999333333335,3.736833333333333,958.7666666666668,27.186666666666667,39.943333333333335,,265.35333251953125,-4.5950000000001205,-0.0050000000000007,-0.1660000000000058,1.303001999999989,-0.0196000000000003,8.229999999999992,0.5859999999999973,-0.1760000000000001,,-0.439996337890658,-0.0037409427664252,0.1235371017627467,-3,-2,0,Orderly Decline,1.7320508075688772,"5d%: -1.92%, MA20: -6.54, RSI: 25.2, VIX: 28.48, ATR: -0.0037, BBW: 0.12, Score: [-3, -2, 0], Dist: 1.73",Orderly Decline,1.7320508075688772,Sharp Decline,2.0,0.2679491924311228,True,2008
2008-07-15,1226.83,1234.35,1200.44,1214.91,7363640000.0,3.85,3.86,3.77,3.84,0.0,71.99,72.04,71.31,71.87,0.0,145.19,146.73,135.92,138.74001,392225.0,3.744,3.7575,3.665,3.7,13731.0,974.2,989.6,968.7,978.7,223407.0,28.47,30.81,27.01,28.54,0.0,39.0,39.76,38.39,39.07,570600.0,,,,,,254.5399932861328,254.5399932861328,254.5399932861328,254.5399932861328,0.0,-4.615686582397737,-1.0309278350515427,-1.5614299411039645,1.984725226751349,0.0946841606925597,6.000216614318221,23.282937365010813,-5.69635529809317,,-6.894919474855232,-5.085156249999989,-3.5175879396984966,-0.8142423406017008,-0.8999928571428506,-4.70057952350289,5.429279327803527,19.164926931106475,-6.396741734547195,,-10.110540941478607,23.94883086924618,27.118644067796595,31.335149863760208,52.26328102582755,44.587945879458815,77.54585705249838,67.22972972972971,20.74626865671636,,22.00262333034333,-6.522090225563931,-0.0215263157894738,-0.0731954887218072,0.5122779924812016,0.0029255639097743,3.946165413533804,0.316135338345864,-0.2740902255639116,,-3.0540981206678843,1227.5666666666666,3.8866666666666654,71.96333333333332,143.00000000000003,3.7306666666666666,971.0,28.17,39.50333333333333,,260.2433319091797,-9.600000000000126,0.0109999999999997,-0.2660000000000035,2.7309999999999897,0.0111999999999996,13.279999999999983,1.2919999999999972,-0.4450000000000022,,-2.782003784179692,-0.007901819887893,0.123742705119371,-4,-2,0,Sharp Decline,2.23606797749979,"5d%: -4.62%, MA20: -6.52, RSI: 23.9, VIX: 28.54, ATR: -0.0079, BBW: 0.12, Score: [-4, -2, 0], Dist: 2.24",Sharp Decline,2.23606797749979,Orderly Decline,2.449489742783178,0.21342176528338808,True,2008
2008-07-18,1258.22,1262.23,1251.81,1260.68,5653280000.0,4.07,4.09,4.0,4.08,0.0,72.09,72.3,71.97,72.19,0.0,129.56,132.03999,128.23,128.88001,208698.0,3.695,3.7,3.6505,3.669,11159.0,958.4,965.0,950.2,958.0,124015.0,25.01,25.19,23.78,24.05,0.0,41.45,41.45,40.9,41.24,540300.0,,,,,,267.8900146484375,267.8900146484375,267.8900146484375,267.8900146484375,0.0,1.709574099024613,3.5532994923857864,0.1248266296810074,-11.16624620898815,-1.898395721925139,-0.2706641682281963,-12.513641324117852,2.894211576846306,,0.7408247297033599,-0.1757858896191289,2.770780856423172,-0.7561176794060986,-11.294639086973568,-7.090402633578119,2.61353898886032,-3.0241935483871,1.2770137524558134,,-1.300566872249731,45.22241416540704,56.52173913043476,47.352024922118325,35.904446829781946,37.862950058072,59.78021978021978,51.72413793103448,45.11691884456671,,36.135919927143945,-5.26651879699251,-0.0152631578947369,-0.0630375939849639,0.1306465789473672,-0.0075443609022557,4.290075187969904,0.2774060150375934,-0.2134060150375943,,-2.517399092365935,1255.4533333333331,4.016666666666667,72.16333333333334,130.9233366666667,3.6781666666666655,963.8,24.72,40.98333333333334,,266.14666748046875,5.872000000000016,0.0249999999999996,0.0419999999999917,-4.216000000000022,-0.0151500000000003,0.919999999999894,-0.8340000000000027,0.3459999999999967,,0.665997314453107,0.0046578037249738,0.0961087262098877,-1,0,1,Trend Pullback,1.4142135623730951,"5d%: +1.71%, MA20: -5.27, RSI: 45.2, VIX: 24.05, ATR: 0.0047, BBW: 0.10, Score: [-1, 0, 1], Dist: 1.41",Trend Pullback,1.4142135623730951,Orderly Decline,1.4142135623730951,0.0,True,2008
2008-07-29,1236.38,1263.2,1236.38,1263.2,5414240000.0,4.06,4.09,4.04,4.04,0.0,72.67,73.43,72.62,73.31,0.0,124.94,125.85,120.42,122.19,263546.0,3.616,3.627,3.561,3.5905,10926.0,930.0,933.0,913.1,916.5,147310.0,24.2,24.22,21.96,22.03,0.0,40.35,41.45,40.35,41.45,468200.0,,,,,,274.4800109863281,274.4800109863281,274.4800109863281,274.4800109863281,0.0,-1.080657791699291,-1.4634146341463317,1.1870255348516157,-4.501758499413833,-2.709659937677822,-3.3737480231945227,4.013220018885755,-1.0503700167104224,,-0.74132564351721,3.9747800248578047,5.208333333333348,2.00361764296646,-11.928794008303743,-2.959459459459468,-6.355369367528363,-22.81009110021023,6.091630406961879,,7.833746454837209,54.56113547878368,61.5384615384615,61.37071651090351,33.293129160746105,33.770491803278674,45.98006644518272,40.57714958775029,56.6919191919192,,54.980029455029694,-0.6867368421052908,0.009360902255639,0.007969924812029,-1.1097291654135395,-0.0181436090225565,0.094135338345849,-0.1200000000000007,0.0029624060150364,,-0.3097368627562605,1251.7766666666666,4.056666666666666,72.94,123.39333333333336,3.6025000000000005,923.6666666666666,23.056666666666672,40.91666666666667,,271.0400085449219,-10.96900000000028,-0.0200000000000002,0.0450000000000012,-0.7620000000000051,-0.0209500000000006,-3.7600000000000615,0.769999999999999,-0.4480000000000008,,-2.7349975585937587,-0.008683502216593,0.0562849795512437,-3,1,1,Trend Pullback,2.23606797749979,"5d%: -1.08%, MA20: -0.69, RSI: 54.6, VIX: 22.03, ATR: -0.0087, BBW: 0.06, Score: [-3, 1, 1], Dist: 2.24",Trend Pullback,2.23606797749979,Orderly Decline,2.23606797749979,0.0,True,2008
2008-09-03,1276.61,1280.6,1265.59,1274.98,5056980000.0,3.73,3.75,3.69,3.7,0.0,78.06,78.65,77.97,78.09,0.0,110.24,110.3,107.22,109.35,247584.0,3.2735,3.3315,3.252,3.312,8947.0,810.2,813.5,793.7,808.2,126776.0,21.99,22.3,21.39,21.43,0.0,42.76,42.95,42.38,42.56,952900.0,,,,,,277.1400146484375,277.1400146484375,277.1400146484375,277.1400146484375,0.0,0.2729038702015796,-2.116402116402105,1.087378640776704,-5.951664229809928,-3.678929765886285,-2.403091414080427,4.587603709126409,1.6479579651301757,,4.219314325415469,0.6544616283384208,-3.645833333333326,1.626756897449244,-4.52283244564744,-3.3979874580720493,-1.0528893241919524,0.7048872180451138,1.4783023366714554,,4.223237498277066,46.48389396590839,25.49019607843141,70.79646017699127,39.05890095426126,47.37532808398949,41.743444365698096,49.53703703703703,50.488599348534215,,52.26752408578852,-0.4580902255639525,-0.0135263157894738,0.1551804511278179,-0.1471353383458681,0.003360902255639,-2.212030075187974,-0.0232330827067668,3.0075187969399783e-05,,-0.1802551728442219,1278.4633333333331,3.753333333333333,77.84333333333335,111.50666666666667,3.324,817.9666666666667,21.356666666666666,42.70666666666667,,276.8733418782552,1.330999999999882,-0.0019999999999999,0.1949999999999918,-1.581000000000017,-0.0415500000000006,-3.4000000000000346,0.3889999999999963,0.2269999999999946,,2.5449981689452645,0.0010439379441245,0.0367928294035103,-1,0,1,Trend Pullback,1.4142135623730951,"5d%: +0.27%, MA20: -0.46, RSI: 46.5, VIX: 21.43, ATR: 0.0010, BBW: 0.04, Score: [-1, 0, 1], Dist: 1.41",Trend Pullback,1.4142135623730951,Orderly Decline,1.4142135623730951,0.0,True,2008
2008-09-11,1229.04,1249.98,1211.54,1249.05,6869250000.0,3.59,3.65,3.56,3.62,0.0,80.08,80.38,79.79,80.15,0.0,102.78,103.95,100.18,100.87,311505.0,3.11,3.134,3.058,3.1225,11489.0,755.8,762.0,739.8,745.5,185675.0,25.38,26.25,24.39,24.39,0.0,40.8,41.87,40.53,41.83,411400.0,,,,,,266.4599914550781,266.4599914550781,266.4599914550781,266.4599914550781,0.0,0.988009669881884,-0.5494505494505475,1.9590382902938688,-6.506627120215025,-4.393753827311697,-7.183764940239046,1.4981273408239737,1.0142477662400395,,0.0939108252975495,-2.544356537615289,-3.9787798408488007,4.023361453601559,-14.62547608971646,-10.05329108454558,-10.611510791366907,23.43117408906883,-1.2278630460448747,,-2.5455422539856665,43.93381575049722,28.00000000000001,88.95463510848123,13.273056057866183,17.745620715917696,9.871244635193136,64.52638270820088,49.878640776699015,,50.883754952260105,-2.5366390977444007,-0.0147443609022556,0.1647293233082681,-0.6382180451127865,-0.0147263157894737,-1.4648872180451131,0.2067368421052628,-0.0483984962406022,,-0.2702327183314744,1235.2,3.62,79.75,102.2366666666667,3.107833333333333,766.6666666666666,24.793333333333333,41.42333333333333,,264.89000447591144,-2.7380000000001194,-0.0060000000000002,0.2799999999999873,-1.3590000000000155,-0.0315500000000004,-9.220000000000034,0.3389999999999963,-0.0870000000000014,,-0.5319946289063017,-0.0021920659701374,0.0690741868750239,-1,0,1,Trend Pullback,1.4142135623730951,"5d%: +0.99%, MA20: -2.54, RSI: 43.9, VIX: 24.39, ATR: -0.0022, BBW: 0.07, Score: [-1, 0, 1], Dist: 1.41",Trend Pullback,1.4142135623730951,Orderly Decline,1.4142135623730951,0.0,True,2008
2008-09-15,1250.92,1250.92,1192.7,1192.7,8279510000.0,3.53,3.57,3.47,3.48,0.0,78.42,79.36,77.64,78.91,0.0,101.0,101.19,94.0,95.71,334900.0,3.1895,3.2225,3.057,3.1365,16904.0,773.2,791.4,767.4,787.0,169090.0,25.66,31.87,25.66,31.7,0.0,40.3,41.6,40.26,40.27,586594.0,,,,,,256.95001220703125,256.95001220703125,256.95001220703125,256.95001220703125,0.0,-5.922905213008455,-5.177111716621252,-0.8543786907903139,-9.996238480346063,1.4064015518913564,-1.931464174454833,40.01766784452296,-5.602437880918876,,-5.910133782743765,-7.025872485052576,-8.661417322834652,1.9772551046782103,-17.105491079161617,-7.395925597874231,-5.771072796934873,53.510895883777245,-5.823199251637035,,-6.986420920531677,35.638462730512984,29.333333333333314,68.66197183098575,13.145896656534973,25.462304409672782,36.62750518313752,77.00050327126323,41.01057579318452,,46.26291063246347,-2.5090526315789594,-0.012436090225564,0.1782030075187956,-0.8450300751879745,-0.0192184210526316,-2.7710526315789563,0.2940150375939844,-0.0423007518797004,,-0.1907818098713679,1231.15,3.61,79.34333333333333,99.25333333333336,3.151,765.6666666666666,27.25,41.373333333333335,,264.09666951497394,-0.7640000000002299,0.0139999999999995,-0.034000000000009,-1.271000000000016,0.0237499999999996,-12.25000000000011,0.4959999999999981,-0.0590000000000034,,-0.4630004882812957,-0.0006405634275175,0.0825451995344332,-4,-2,0,Sharp Decline,2.23606797749979,"5d%: -5.92%, MA20: -2.51, RSI: 35.6, VIX: 31.70, ATR: -0.0006, BBW: 0.08, Score: [-4, -2, 0], Dist: 2.24",Sharp Decline,2.23606797749979,Orderly Decline,2.449489742783178,0.21342176528338808,True,2008
2008-09-16,1188.31,1214.84,1169.28,1213.6,9459830000.0,3.33,3.5,3.25,3.49,0.0,78.48,79.37,78.38,79.07,0.0,94.23,94.32,90.51,91.15,327157.0,3.107,3.1195,3.02,3.089,18850.0,791.3,793.6,775.2,780.5,170035.0,31.7,33.7,30.24,30.3,0.0,39.36,40.73,39.25,40.63,808800.0,,,,,,259.20001220703125,259.20001220703125,259.20001220703125,259.20001220703125,0.0,-0.8909686323509081,-3.055555555555556,-0.2271293375394445,-11.727677706759632,0.0647878198898554,-1.4520202020201989,18.96348645465253,-1.2396694214875992,,-1.3210496224601576,-5.007905571471061,-6.933333333333325,1.293876505252367,-16.917327499772117,-5.621753742743662,-3.701418877236273,37.7899045020464,-5.070093457943914,,-6.5036244507403085,39.44596318571167,30.66666666666669,66.9144981412638,7.73889636608348,25.30035335689041,34.00537634408603,73.59307359307361,42.95454545454548,,45.29148001240203,-3.090270676691744,-0.0146842105263158,0.1809172932330824,-1.0195864661654164,-0.0215304511278196,-3.315037593984967,0.4013233082706764,-0.0519172932330835,,-0.2325488556596612,1219.3333333333333,3.5666666666666664,78.98333333333333,96.01333333333336,3.1398333333333333,777.3333333333334,29.22,40.973333333333336,,261.6766764322917,-4.396000000000079,-0.0150000000000002,-0.1560000000000067,-1.650000000000004,0.0178999999999998,-0.8000000000001055,1.3599999999999972,-0.1020000000000001,,-0.8100006103515892,-0.0036222808174028,0.0885694534502113,-3,-2,0,Orderly Decline,1.7320508075688772,"5d%: -0.89%, MA20: -3.09, RSI: 39.4, VIX: 30.30, ATR: -0.0036, BBW: 0.09, Score: [-3, -2, 0], Dist: 1.73",Orderly Decline,1.7320508075688772,Sharp Decline,2.0,0.2679491924311228,True,2008
2008-09-17,1210.34,1210.34,1155.88,1156.39,9431870000.0,3.45,3.46,3.33,3.41,0.0,79.24,79.26,77.94,78.1,0.0,92.81,97.63,91.36,97.16,343691.0,3.084,3.125,3.0315,3.0425,14348.0,781.5,872.9,777.5,850.5,317196.0,30.25,36.4,30.25,36.22,0.0,40.31,40.31,38.78,38.78,520000.0,,,,,,247.7700042724609,247.7700042724609,247.7700042724609,247.7700042724609,0.0,-6.140222720041544,-6.318681318681318,-2.1916092673763266,-5.283681029440435,-2.296082209377004,11.540983606557376,47.71615008156607,-6.10169491525423,,-6.69202519418266,-9.301322373684284,-7.837837837837835,0.0128057369701561,-11.147690900777318,-8.13707729468599,5.23385300668151,69.01539897340176,-8.881578947368418,,-10.5975351171261,30.51242960704396,28.04878048780488,58.5365853658536,18.99556868537664,20.24965325936195,53.8750587130108,81.67821401077752,32.44837758112094,,32.96586462627124,-3.5237443609022865,-0.0167067669172932,0.1823684210526295,-1.2463383458646642,-0.0243597744360903,-3.729473684210545,0.4925112781954886,-0.0633308270676696,,-0.315812120939562,1187.5633333333333,3.4599999999999995,78.69333333333333,94.67333333333336,3.0893333333333337,806.0,32.74,39.89333333333334,,254.64000956217447,-9.323000000000048,-0.0440000000000004,-0.2800000000000113,-2.802000000000009,-0.0036000000000004,7.749999999999859,1.8870000000000005,-0.2899999999999995,,-2.218997192382844,-0.0080621589602124,0.1148332829290909,-4,-2,0,Sharp Decline,2.23606797749979,"5d%: -6.14%, MA20: -3.52, RSI: 30.5, VIX: 36.22, ATR: -0.0081, BBW: 0.11, Score: [-4, -2, 0], Dist: 2.24",Sharp Decline,2.23606797749979,Orderly Decline,2.449489742783178,0.21342176528338808,True,2008
2008-09-18,1157.08,1211.14,1133.5,1206.51,10082690000.0,3.45,3.49,3.35,3.44,0.0,78.22,78.41,77.26,78.02,0.0,97.1,102.24,95.73,97.88,243360.0,3.09,3.165,3.0,3.066,14609.0,866.5,926.0,836.0,897.0,312278.0,36.1,42.16,33.1,33.1,0.0,39.18,40.72,37.79,40.46,796500.0,,,,,,255.6100006103516,255.6100006103516,255.6100006103516,255.6100006103516,0.0,-3.4057883991833737,-4.972375690607745,-2.657517155333766,-2.964211361157932,-1.80944755804644,20.32193158953724,35.71135711357114,-3.2751613674396274,,-4.071902421627039,-2.451428248021148,-5.494505494505497,-0.7505406436840167,-9.277968301047368,-6.1236987140232735,11.678286852589626,37.74448605909279,-2.294131852209602,,-3.981815553498957,36.64293211540096,28.04878048780488,57.0962479608482,22.33676975945015,25.16703786191532,61.67056986729117,73.7573861661453,37.996389891696765,,32.37303650229315,-4.864812030075178,-0.0190601503759398,0.1626090225563898,-1.3283609022556429,-0.0257214285714285,-2.9307518796992675,0.6589924812030076,-0.1084887218045122,,-0.6529851124699027,1192.1666666666667,3.4466666666666668,78.39666666666666,95.39666666666668,3.0658333333333334,842.6666666666666,33.20666666666667,39.95666666666667,,254.1933390299479,-22.342000000000017,-0.0660000000000005,-0.4000000000000115,-1.745000000000017,-0.0265000000000003,22.59999999999989,2.8299999999999974,-0.7490000000000069,,-4.705996704101568,-0.0185178738676016,0.1186423420366497,-4,-2,0,Sharp Decline,2.23606797749979,"5d%: -3.41%, MA20: -4.86, RSI: 36.6, VIX: 33.10, ATR: -0.0185, BBW: 0.12, Score: [-4, -2, 0], Dist: 2.24",Sharp Decline,2.23606797749979,Orderly Decline,2.449489742783178,0.21342176528338808,True,2008
2008-09-19,1213.11,1265.12,1213.11,1255.08,9387170000.0,3.73,3.82,3.71,3.77,0.0,78.25,79.21,77.58,77.68,0.0,97.95,105.25,97.39,104.55,184766.0,3.066,3.2375,3.033,3.1765,13058.0,856.0,881.4,828.5,864.7,170961.0,33.07,33.08,27.95,32.07,0.0,48.37,48.37,41.28,41.8,642000.0,,,,,,265.5599975585937,265.5599975585937,265.5599975585937,265.5599975585937,0.0,0.270032755452565,1.072386058981234,-1.6335317209066669,3.3306977663569715,-0.5479023168440844,13.10660562459125,24.98051441932969,-0.523560209424101,,-1.2347542635852693,1.027923787138474,3.005464480874309,-1.583681743316867,-1.5814741598418558,2.51734710343714,7.710513203786751,39.07198612315699,0.0239291696578103,,-0.4087741844516324,46.37945881063591,48.24561403508771,52.40384615384624,35.849546044098574,36.34003893575598,55.14834205933683,69.97900629811058,46.01990049751243,,43.22645929204324,-5.200067669172945,-0.0209699248120301,0.1417067669172916,-1.36687218045113,-0.0266642857142858,-1.5263157894737107,0.7448571428571427,-0.1231578947368421,,-0.830827503634576,1205.9933333333336,3.54,77.93333333333334,99.86333333333334,3.095,870.7333333333332,33.796666666666674,40.34666666666667,,256.31333414713544,-12.66900000000006,-0.0650000000000003,-0.2710000000000035,-0.5150000000000056,-0.035,32.84999999999995,1.9399999999999988,-0.4610000000000059,,-3.5720016479492576,-0.0100941772636007,0.1169873411850481,-2,0,0,Trend Pullback,1.4142135623730951,"5d%: +0.27%, MA20: -5.20, RSI: 46.4, VIX: 32.07, ATR: -0.0101, BBW: 0.12, Score: [-2, 0, 0], Dist: 1.41",Trend Pullback,1.4142135623730951,Orderly Decline,1.4142135623730951,0.0,True,2008
2008-09-25,1187.87,1220.03,1187.87,1209.18,5877640000.0,3.8,3.91,3.77,3.86,0.0,76.86,77.28,76.3,76.99,0.0,105.53,108.67,103.22,108.02,245163.0,3.1125,3.14,3.0735,3.1345,12095.0,889.5,903.5,868.8,882.0,165177.0,35.19,35.19,32.45,32.82,0.0,40.97,40.98,39.59,40.05,485500.0,,,,,,252.1499938964844,252.1499938964844,252.1499938964844,252.1499938964844,0.0,0.2212994504811494,12.209302325581394,-1.3201743142783884,10.359624029423786,2.234181343770403,-1.6722408026755842,-0.8459214501510659,-1.0133465150766297,,-1.3536272859455023,-3.1920259397141715,6.6298342541436295,-3.942607610729898,7.088331515812429,0.3843074459567663,18.309859154929576,34.563345633456336,-4.255319148936176,,-5.370411325336322,46.09564664011126,58.47457627118644,36.26062322946165,51.41681177774259,52.731411229135055,61.8918918918919,66.45313553607554,43.3282208588957,,42.158768047824765,-5.349924812030095,-0.0041052631578948,-0.0362481203007556,-0.5738496240601528,-0.0140082706766918,3.727819548872168,0.9275488721804506,-0.1642932330827072,,-1.542173227869484,1194.4233333333334,3.823333333333333,76.75,106.78666666666668,3.131,889.4000000000001,34.576666666666675,39.903333333333336,,249.1766662597656,-10.814000000000265,0.0729999999999994,-0.36700000000001,1.7759999999999931,0.0056499999999996,2.2499999999999343,0.7829999999999977,-0.2970000000000035,,-3.5539993286133096,-0.0089432507980617,0.1230589501558861,-2,0,0,Trend Pullback,1.4142135623730951,"5d%: +0.22%, MA20: -5.35, RSI: 46.1, VIX: 32.82, ATR: -0.0089, BBW: 0.12, Score: [-2, 0, 0], Dist: 1.41",Trend Pullback,1.4142135623730951,Orderly Decline,1.4142135623730951,0.0,True,2008
2008-09-29,1209.07,1209.07,1106.42,1106.42,7305060000.0,3.82,3.82,3.57,3.63,0.0,76.91,78.37,76.9,77.47,0.0,106.89,106.91,95.04,96.37,248522.0,3.0775,3.0775,2.85,2.9065,11562.0,878.0,932.0,872.2,894.4,181991.0,36.92,48.4,36.92,46.72,0.0,39.75,39.75,36.34,36.9,1394400.0,,,,,,236.509994506836,236.509994506836,236.509994506836,236.509994506836,0.0,-8.33989180591338,-5.22193211488251,1.733420879842407,-20.302679457492555,-10.706605222734256,-1.6061606160616138,38.02067946824224,-8.186115949241103,,-7.49042043376591,-7.234006875157206,4.31034482758621,-1.824863768850582,0.6895831156618959,-7.333014506615654,13.646759847522238,47.381703470031546,-8.368512540352635,,-7.954861540822266,37.34162289634473,51.127819548872175,36.55589123867063,45.19056261343013,39.69160479725869,65.30185295875674,76.35822376581494,34.63768115942028,,35.66416807550729,-4.22889473684212,0.004330827067669,-0.1068496240601522,-0.1627142857142889,-0.0083052631578948,5.793007518796983,0.8642330827067664,-0.1565488721804511,,-1.4990752944372765,1176.29,3.773333333333333,77.13666666666667,103.76000000000003,3.0384999999999995,888.2999999999998,38.09333333333334,38.98333333333333,,245.83666483561203,3.3319999999998675,0.0019999999999996,0.2119999999999929,-2.665000000000008,-0.0378500000000004,-5.020000000000139,-0.1119999999999991,0.0099999999999967,,-1.099000549316384,0.0030115146147031,0.1368201567272727,-4,-2,0,Sharp Decline,2.23606797749979,"5d%: -8.34%, MA20: -4.23, RSI: 37.3, VIX: 46.72, ATR: 0.0030, BBW: 0.14, Score: [-4, -2, 0], Dist: 2.24",Sharp Decline,2.23606797749979,Orderly Decline,2.449489742783178,0.21342176528338808,True,2008
2008-10-02,1160.64,1160.64,1111.43,1114.28,6285640000.0,3.71,3.73,3.63,3.65,0.0,79.7,80.79,79.64,80.44,0.0,98.73,100.37,93.56,93.97,223270.0,2.7615,2.824,2.603,2.6275,11467.0,876.2,881.6,833.5,844.3,154807.0,39.82,46.48,39.82,45.26,0.0,37.78,37.78,35.87,36.2,509200.0,,,,,,233.5800018310547,233.5800018310547,233.5800018310547,233.5800018310547,0.0,-7.848293885112234,-5.440414507772018,4.481101441745694,-13.006850583225326,-16.17482852129527,-4.274376417233561,37.90371724558194,-9.612983770287132,,-7.364660922043598,-7.644362665870985,6.104651162790686,3.101768777236602,-3.9946873722926046,-14.302022178734507,-5.875139353400227,36.73716012084592,-10.528917449332663,,-8.61859814823096,37.53627920475981,47.4025974025974,59.7869507323569,45.48641542506572,22.95942720763724,62.01083684527393,69.15559030492572,31.441326530612244,,33.27648034046443,-4.7484060150376175,0.0112105263157892,-0.1007218045112807,-0.0501278195488725,-0.0113375939849624,7.528496240601508,1.0007518796992478,-0.2074210526315796,,-1.472751932932919,1147.2333333333331,3.75,79.78333333333333,97.71333333333337,2.765333333333333,870.7999999999998,41.48666666666667,37.333333333333336,,241.0,-14.315000000000188,-0.018,0.7439999999999914,-2.523000000000009,-0.0885500000000004,0.2899999999998877,1.862999999999994,-0.6430000000000072,,-1.9610000610351728,-0.0128468607531322,0.1480478666379345,-4,-2,0,Sharp Decline,2.23606797749979,"5d%: -7.85%, MA20: -4.75, RSI: 37.5, VIX: 45.26, ATR: -0.0128, BBW: 0.15, Score: [-4, -2, 0], Dist: 2.24",Sharp Decline,2.23606797749979,Orderly Decline,2.449489742783178,0.21342176528338808,True,2008
2008-10-06,1097.56,1097.56,1007.97,1056.89,7956020000.0,3.53,3.57,3.42,3.43,0.0,81.09,81.75,80.81,81.68,0.0,92.5,92.68,87.56,87.81,281987.0,2.645,2.645,2.3525,2.493,16166.0,836.0,879.0,828.4,866.2,133329.0,45.12,58.24,45.12,52.05,0.0,34.39,34.86,32.16,34.04,781300.0,,,,,,216.2899932861328,216.2899932861328,216.2899932861328,216.2899932861328,0.0,-4.4766002060700245,-5.509641873278226,5.434361688395528,-8.88243229220712,-14.226733184242214,-3.1529516994633244,11.40839041095889,-7.750677506775061,,-8.549322096457434,-12.443148398213877,-10.44386422976501,7.261982928430721,-27.38173999338406,-23.41013824884792,-4.7084708470847,53.7666174298375,-15.302314008459817,,-15.39936236096182,35.18164797549028,47.99999999999999,64.8464163822527,47.80263157894736,25.20798668885192,62.33803627987332,71.42857142857143,29.052765416401783,,30.25309926132857,-6.477872180451168,0.0095187969924811,-0.0319323308270703,-0.1557894736842141,-0.0197345864661654,6.319999999999995,1.1048345864661655,-0.2908947368421051,,-1.861376368013551,1090.1333333333334,3.5733333333333337,80.81,91.88666666666668,2.6035,847.9,47.48333333333334,35.17333333333334,,225.7466634114584,-6.646000000000099,-0.0159999999999999,0.6669999999999937,-1.1650000000000122,-0.0684500000000001,-15.89000000000011,0.2709999999999971,-0.4970000000000054,,-3.000000000000044,-0.0062882608407687,0.1851905994679602,-4,-2,0,Sharp Decline,2.23606797749979,"5d%: -4.48%, MA20: -6.48, RSI: 35.2, VIX: 52.05, ATR: -0.0063, BBW: 0.19, Score: [-4, -2, 0], Dist: 2.24",Sharp Decline,2.23606797749979,Orderly Decline,2.449489742783178,0.21342176528338808,True,2008
2008-10-07,1057.6,1072.91,996.23,996.23,7069210000.0,3.46,3.59,3.46,3.51,0.0,81.46,81.65,80.57,80.97,0.0,88.96,93.02,87.87,90.06,342917.0,2.468,2.594,2.4025,2.5345,13074.0,859.1,893.7,858.0,882.0,120383.0,52.05,54.19,47.03,53.68,0.0,34.38,35.17,31.47,31.75,387101.0,,,,,,205.3999938964844,205.3999938964844,205.3999938964844,205.3999938964844,0.0,-14.586405569463968,-8.355091383812018,1.9131529263687768,-10.512718600953896,-11.965960402917686,0.1362397820163563,36.27824320893627,-16.293171631953594,,-16.2658005132004,-16.15778222888017,-8.59375,5.884660651235785,-15.523872057030296,-19.590736040609137,-1.032315978456022,50.27995520716686,-19.76244629770028,,-17.68195319834962,34.9535906204201,53.33333333333332,66.82297772567418,45.0858250276855,28.78028404344193,55.37359263050154,68.79035729659924,28.26221397649968,,30.404213238012105,-7.302082706766925,0.0059398496240599,0.0306015037593979,-0.2783082706766948,-0.0266157894736842,6.023383458646608,1.191278195488721,-0.3264736842105266,,-2.069572070128946,1050.7833333333335,3.526666666666667,80.98666666666666,90.58333333333336,2.5725,860.4666666666667,50.29,33.69,,216.35332743326825,-28.07700000000008,-0.0930000000000003,0.5309999999999943,-3.031000000000011,-0.0871500000000003,-8.330000000000043,3.064999999999997,-1.037000000000007,,-7.477001953125002,-0.0281832508557261,0.2325421283811376,-4,-2,0,Sharp Decline,2.23606797749979,"5d%: -14.59%, MA20: -7.30, RSI: 35.0, VIX: 53.68, ATR: -0.0282, BBW: 0.23, Score: [-4, -2, 0], Dist: 2.24",Sharp Decline,2.23606797749979,Orderly Decline,2.449489742783178,0.21342176528338808,True,2008
2008-10-08,988.91,1021.06,970.97,984.94,8716330000.0,3.47,3.84,3.4,3.72,0.0,81.2,81.36,80.4,80.91,0.0,89.56,90.99,86.05,88.95,339344.0,2.4195,2.5645,2.285,2.355,15485.0,890.9,924.9,880.1,906.5,171462.0,53.68,59.06,51.9,57.53,0.0,31.07,32.61,30.23,31.48,809200.0,,,,,,199.2899932861328,199.2899932861328,199.2899932861328,199.2899932861328,0.0,-15.168897386870606,-1.3262599469495928,1.8248175182481896,-9.722927027301331,-15.576268148413686,2.163867913896089,44.51142928912333,-16.873514655400047,,-18.36392050128236,-16.943678480777812,-1.3262599469495928,5.365281937752298,-15.870613827674262,-24.19121197489136,1.2849162011173254,63.48394430235864,-21.47667747567973,,-18.941677055481964,27.546160238351,58.33333333333334,66.98002350176267,43.85240258846207,23.72505543237252,51.7521209885651,75.8847213392668,19.579945799457988,,23.528856580585497,-9.359090225563929,0.0027593984962404,0.0744812030075184,-0.3894511278195501,-0.0320966165413534,5.690902255639091,1.3014661654135335,-0.4058045112781963,,-2.512451699622595,1012.6866666666668,3.553333333333333,81.18666666666667,88.94000000000001,2.460833333333333,884.9,54.42000000000001,32.42333333333333,,206.99332682291663,-38.70500000000008,-0.0740000000000003,0.426000000000001,-2.3100000000000027,-0.0644500000000003,1.1299999999998334,3.452999999999996,-1.4400000000000015,,-9.47300109863284,-0.039296809957967,0.2706852731679265,-4,-2,0,Sharp Decline,2.23606797749979,"5d%: -15.17%, MA20: -9.36, RSI: 27.5, VIX: 57.53, ATR: -0.0393, BBW: 0.27, Score: [-4, -2, 0], Dist: 2.24",Sharp Decline,2.23606797749979,Orderly Decline,2.449489742783178,0.21342176528338808,True,2008
2008-10-09,988.42,1005.25,909.19,909.92,6819000000.0,3.73,3.84,3.7,3.83,0.0,81.0,81.49,80.54,81.16,0.0,88.8,89.82,84.19,86.59,248211.0,2.325,2.4375,2.256,2.406,10383.0,910.2,929.0,882.9,886.5,105009.0,57.57,64.92,52.54,63.92,0.0,31.76,32.01,28.96,29.2,1513900.0,,,,,,187.4199981689453,187.4199981689453,187.4199981689453,187.4199981689453,0.0,-18.340094051764368,4.93150684931507,0.8950770760815407,-7.853570288389911,-8.430066603235009,4.998223380315059,41.22845779938136,-19.33701657458564,,-19.76196733464208,-24.74900345688814,-0.7772020725388518,5.416287829588251,-19.83891871875578,-23.24134630722603,0.5102040816326481,94.7592931139549,-27.091136079900124,,-25.671226370964263,16.801323484148966,52.05479452054795,70.6650831353919,36.855971896955495,20.21646695013532,54.211746522411126,80.30447193149382,9.872611464968172,,13.924285693554182,-11.115210526315837,0.003345864661654,0.1243909774436081,-0.507338345864663,-0.0388845864661654,5.107293233082689,1.4092330827067665,-0.4723458646616548,,-2.911181009622445,963.6966666666668,3.686666666666666,81.01333333333334,88.53333333333336,2.431833333333333,891.6666666666666,58.37666666666667,30.81,,197.3699951171875,-36.16800000000011,0.0009999999999994,0.1599999999999896,-1.3860000000000052,-0.0700500000000002,17.31999999999991,3.307999999999997,-1.2970000000000013,,-9.0550018310547,-0.0397485493230175,0.3274430129329388,-4,-2,0,Sharp Decline,2.23606797749979,"5d%: -18.34%, MA20: -11.12, RSI: 16.8, VIX: 63.92, ATR: -0.0397, BBW: 0.33, Score: [-4, -2, 0], Dist: 2.24",Sharp Decline,2.23606797749979,Orderly Decline,2.449489742783178,0.21342176528338808,True,2008
2008-10-10,902.31,936.36,839.8,899.22,11456230000.0,3.84,3.92,3.82,3.86,0.0,81.4,83.19,81.29,83.0,0.0,84.93,85.13,77.09,77.7,363996.0,2.295,2.2995,2.05,2.1445,17886.0,915.2,936.3,829.0,859.0,214106.0,65.85,76.94,28.13,69.95,0.0,27.8,29.63,26.0,28.81,1166600.0,,,,,,185.19000244140625,185.19000244140625,185.19000244140625,185.19000244140625,0.0,-18.1954640975956,6.043956043956045,3.349520607645373,-17.23476778866637,-20.27881040892193,3.096495439270286,54.96233938856889,-18.3390022675737,,-18.551257237808137,-25.88459287710072,0.7832898172323688,7.8622482131254,-27.308447937131632,-30.24882094649537,-3.320202588632526,101.35290731145652,-27.975000000000005,,-25.58167655243228,18.09967878976272,51.04895104895105,89.23253150057275,14.480604865220243,12.39417541483239,39.669421487603294,81.77816901408451,10.704419889502772,,14.98559187055183,-13.302887218045145,0.0050676691729322,0.1810150375939828,-0.6654436090225583,-0.0436684210526315,3.753007518796965,1.5565939849624053,-0.5483233082706777,,-3.3653315493935088,931.36,3.803333333333333,81.69,84.41333333333336,2.301833333333333,884.0,63.8,29.83,,190.63333129882807,-45.057000000000095,0.0669999999999996,0.0929999999999825,-1.3440000000000134,-0.0706000000000002,14.689999999999957,4.303999999999999,-1.4720000000000022,,-9.68999938964846,-0.0501067591912992,0.3720789415589303,-4,-2,0,Sharp Decline,2.23606797749979,"5d%: -18.20%, MA20: -13.30, RSI: 18.1, VIX: 69.95, ATR: -0.0501, BBW: 0.37, Score: [-4, -2, 0], Dist: 2.24",Sharp Decline,2.23606797749979,Orderly Decline,2.449489742783178,0.21342176528338808,True,2008
2008-10-13,912.75,1006.93,912.75,1003.35,7263370000.0,3.86,3.86,3.86,3.86,0.0,81.58,82.24,81.04,81.88,0.0,80.12,82.52,79.45,81.19,210714.0,2.1815,2.3605,2.16,2.3125,11180.0,855.8,875.0,824.5,842.5,107710.0,69.95,71.42,54.69,54.99,0.0,29.32,32.0,29.32,32.0,1266600.0,,,,,,197.1699981689453,197.1699981689453,197.1699981689453,197.1699981689453,0.0,-5.065806280691465,12.536443148688049,0.2448579823702168,-7.539004669172078,-7.240272763738464,-2.736088663126301,5.648414985590788,-5.99294947121034,,-8.83998137255172,-9.315630592360955,6.336088154269981,5.692526139150633,-15.751789976133656,-20.436951660072246,-5.802772808586765,17.701198630136993,-13.279132791327909,,-16.633544988202864,33.7207868829362,50.70422535211267,78.38405036726127,24.59016393442621,22.77002919234513,39.88367262152055,63.78594934897697,27.80058651026394,,25.415607446552656,-15.09160902255644,0.0086390977443608,0.2437744360902249,-0.9241804511278212,-0.0499815789473685,2.0938345864661407,1.750706766917293,-0.6078796992481211,,-3.694271299892805,937.4966666666666,3.85,82.01333333333334,81.8266666666667,2.2876666666666665,862.6666666666666,62.95333333333334,30.00333333333333,,189.9266662597656,-40.16500000000013,0.118,0.282999999999993,-2.3690000000000104,-0.0825500000000003,-0.9900000000001122,4.603999999999996,-1.3010000000000017,,-8.01799774169925,-0.040030896496736,0.3831132471810469,-4,-2,0,Sharp Decline,2.23606797749979,"5d%: -5.07%, MA20: -15.09, RSI: 33.7, VIX: 54.99, ATR: -0.0400, BBW: 0.38, Score: [-4, -2, 0], Dist: 2.24",Sharp Decline,2.23606797749979,Orderly Decline,2.449489742783178,0.21342176528338808,True,2008
2008-10-16,909.53,947.71,865.83,946.43,7984500000.0,4.0,4.07,3.92,3.94,0.0,82.32,82.84,82.0,82.46,0.0,73.6,74.5,68.57,69.85,283094.0,2.1595,2.2185,2.0405,2.0855,15875.0,851.0,852.1,786.7,804.5,140794.0,69.21,81.17,66.51,67.61,0.0,28.97,29.8,27.31,29.77,541700.0,,,,,,189.75,189.75,189.75,189.75,0.0,4.012440654123428,2.872062663185382,1.6017742730409124,-19.332486430303742,-13.320864505403163,-9.249858996051884,5.772841051314148,1.952054794520541,,1.2431980865533765,-15.063538787378397,7.945205479452055,2.5111884634510195,-25.6677663083963,-20.627973358705987,-4.713964230723667,49.38135218736191,-17.762430939226526,,-18.76444964785827,30.15055939062125,53.74149659863945,76.01510859301223,17.542937259025564,22.51250694830464,33.55520751761942,70.29764110164258,24.987775061124708,,24.33559206850522,-17.99002255639098,0.0084661654135337,0.3353909774436068,-1.822180451127824,-0.0587075187969925,-2.399849624060171,1.9257969924812028,-0.7014060150375958,,-4.427729533489491,950.76,3.99,81.95666666666666,74.34000000000002,2.230166666666667,827.6666666666666,63.99666666666667,30.12,,189.11333211263025,9.462999999999909,0.0519999999999998,0.013999999999992,-2.317000000000007,-0.0141000000000001,-11.45000000000015,-0.416000000000004,0.2259999999999986,,0.0059997558593633,0.0099986264171675,0.4320078371690379,0,-2,0,Orderly Decline,2.449489742783178,"5d%: +4.01%, MA20: -17.99, RSI: 30.2, VIX: 67.61, ATR: 0.0100, BBW: 0.43, Score: [0, -2, 0], Dist: 2.45",Orderly Decline,2.449489742783178,Volatile Chop,2.8284271247461903,0.3789373819630124,True,2008
2008-10-17,942.29,984.64,918.74,940.55,6581780000.0,3.94,3.99,3.88,3.94,0.0,82.1,82.64,82.07,82.41,0.0,72.3,74.3,69.84,71.85,141907.0,2.169,2.2345,2.042,2.1795,12116.0,807.4,816.9,772.2,787.7,104709.0,67.65,74.48,59.82,70.33,0.0,29.23,30.99,28.92,29.3,478300.0,,,,,,189.6499938964844,189.6499938964844,189.6499938964844,189.6499938964844,0.0,4.596205600409231,2.0725388601036343,-0.7108433734939745,-7.528957528957536,1.6320820704126993,-8.30034924330616,0.5432451751250733,1.7007983339118349,,2.408332737340557,-14.435559437060498,8.241758241758234,2.614867388868136,-23.466126970600765,-18.97769516728625,-5.460873739798366,55.804164820558256,-16.950113378684804,,-16.589700501713978,35.4803130306903,62.20472440944883,74.40711462450591,24.74248042851255,28.92753623188408,29.96620352985356,66.46213917166364,28.675645342312023,,27.23032242900915,-18.30510526315793,0.0061353383458645,0.3555263157894719,-2.135180451127822,-0.0627718045112782,-3.042481203007522,2.0153233082706765,-0.7112781954887223,,-4.490752038023533,931.6066666666666,3.963333333333333,82.30666666666666,72.08000000000001,2.1585,810.4,69.06333333333333,29.316666666666663,,187.2999979654948,-0.1090000000000632,0.0310000000000001,-0.0910000000000079,-2.2350000000000003,-0.022,-11.250000000000089,0.9579999999999874,-0.1200000000000063,,-0.5550003051758033,-0.000115889639041,0.4247272335600406,0,-2,0,Orderly Decline,2.449489742783178,"5d%: +4.60%, MA20: -18.31, RSI: 35.5, VIX: 70.33, ATR: -0.0001, BBW: 0.42, Score: [0, -2, 0], Dist: 2.45",Orderly Decline,2.449489742783178,Volatile Chop,2.8284271247461903,0.3789373819630124,True,2008
2008-10-20,943.51,985.4,943.51,985.4,5175640000.0,3.96,3.97,3.89,3.89,0.0,82.5,83.23,81.96,83.1,0.0,72.16,76.13,71.77,74.25,137299.0,2.15,2.2645,2.097,2.1165,11256.0,784.6,811.8,782.8,790.0,76838.0,70.4,70.4,52.7,52.97,0.0,30.07,31.44,29.72,31.1,317800.0,,,,,,199.47999572753903,199.47999572753903,199.47999572753903,199.47999572753903,0.0,-1.7890068271291248,0.7772020725388629,1.4899853444064526,-8.547850720532079,-8.475675675675687,-6.231454005934722,-3.673395162756865,-2.812499999999996,,1.1715765988973723,-6.764185487609886,13.411078717201177,1.7384916748285797,-15.442432524769387,-15.10228640192539,-8.797044562456712,1.767531219980789,-8.636897767332542,,-7.771971926762056,33.72954504585506,52.67857142857144,70.66817667044162,21.72701949860725,28.3442203919341,32.19607843137254,58.3068265231221,31.629908552985484,,27.95843455456489,-17.54619548872185,0.0082631578947368,0.3629022556390971,-2.2721428571428595,-0.062274060150376,-4.296015037594008,2.075548872180452,-0.69063157894737,,-4.299060391304197,957.46,3.923333333333333,82.65666666666665,71.98333333333335,2.1271666666666667,794.0666666666666,63.63666666666666,30.05666666666667,,192.9599965413412,-17.71800000000011,0.0079999999999993,0.2159999999999966,-2.7460000000000133,-0.0575000000000003,-14.46000000000005,4.315999999999991,-0.7340000000000071,,-2.03800048828127,-0.0179805155266897,0.4144168434379532,-3,-2,0,Orderly Decline,1.7320508075688772,"5d%: -1.79%, MA20: -17.55, RSI: 33.7, VIX: 52.97, ATR: -0.0180, BBW: 0.41, Score: [-3, -2, 0], Dist: 1.73",Orderly Decline,1.7320508075688772,Sharp Decline,2.0,0.2679491924311228,True,2008
2008-10-21,980.4,985.44,952.47,955.05,5121830000.0,3.82,3.83,3.69,3.7,0.0,83.11,84.46,82.96,83.99,0.0,75.62,75.69,69.77,70.89,232994.0,2.128,2.1775,1.992,2.007,16206.0,798.0,805.0,766.4,768.0,101814.0,52.95,56.37,50.91,53.11,0.0,30.76,31.01,29.89,30.03,408700.0,,,,,,191.22999572753903,191.22999572753903,191.22999572753903,191.22999572753903,0.0,-4.304566086512162,-7.96019900497511,3.2325467059980184,-9.843571156047304,-16.182919189809976,-8.516974389517573,-3.664066751315076,-5.298013245033106,,-1.9785743414881265,-4.133583610210501,5.413105413105424,3.729776460417433,-21.28580946035976,-20.81278358650621,-12.925170068027214,-1.0618479880775022,-5.417322834645666,,-6.898733490754938,32.27566032865869,47.2,73.32646755921729,21.160267111853088,28.025835439483306,27.948243992606265,58.16351583599312,30.00000000000001,,26.177820913957632,-16.431330827067697,0.0103684210526314,0.3488646616541326,-2.0671729323308288,-0.0599375939849625,-4.701428571428584,1.8583458646616533,-0.6508947368421053,,-4.009105458653967,960.3333333333334,3.8433333333333337,83.16666666666667,72.33000000000003,2.1009999999999995,781.9,58.803333333333335,30.14333333333333,,193.45332845052084,0.7489999999999417,-0.0330000000000005,0.3839999999999943,-1.1450000000000078,-0.0587000000000003,-15.030000000000124,-0.3240000000000111,-0.0800000000000027,,1.5929992675781042,0.000784252133396,0.408639566528815,-4,-2,0,Sharp Decline,2.23606797749979,"5d%: -4.30%, MA20: -16.43, RSI: 32.3, VIX: 53.11, ATR: 0.0008, BBW: 0.41, Score: [-4, -2, 0], Dist: 2.24",Sharp Decline,2.23606797749979,Orderly Decline,2.449489742783178,0.21342176528338808,True,2008
2008-10-23,899.08,922.83,858.44,908.11,7189900000.0,3.57,3.67,3.51,3.53,0.0,85.95,86.12,84.7,85.36,0.0,67.21,69.42,65.9,67.84,256890.0,1.8315,1.872,1.718,1.8045,16945.0,730.0,735.2,695.2,714.7,148938.0,68.03,79.43,51.83,67.8,0.0,27.84,28.52,26.36,27.93,446100.0,,,,,,177.3300018310547,177.3300018310547,177.3300018310547,177.3300018310547,0.0,-4.048899548830864,-10.40609137055838,3.5168566577734817,-2.8775948460987744,-13.473987053464398,-11.1622125543816,0.2810235172311826,-6.180718844474297,,-6.545453580471838,-0.1989185862493303,-7.832898172323766,5.174963035978308,-21.65377064326135,-25.0,-19.379582628313585,6.070087609511887,-4.349315068493153,,-5.38362844758713,33.77368742783399,45.73643410852711,75.2752752752752,23.154639175257746,24.82229172590276,28.03114571746383,62.017394993635975,30.769230769230774,,26.867604173764533,-15.51680451127825,0.0072481203007519,0.3488796992481174,-2.084090225563912,-0.0592398496240602,-6.568345864661651,1.6312556390977442,-0.5991052631578949,,-3.81612030258753,919.98,3.616666666666666,84.90666666666668,68.49333333333335,1.8923333333333328,739.3000000000001,63.52,28.69,,182.95333353678384,-8.480000000000075,-0.088,0.7399999999999934,-0.7160000000000066,-0.0612500000000002,-15.830000000000163,-1.314000000000007,-0.2590000000000006,,-1.7319992065429783,-0.0093380757837707,0.3932157454424623,-4,-2,0,Sharp Decline,2.23606797749979,"5d%: -4.05%, MA20: -15.52, RSI: 33.8, VIX: 67.80, ATR: -0.0093, BBW: 0.39, Score: [-4, -2, 0], Dist: 2.24",Sharp Decline,2.23606797749979,Orderly Decline,2.449489742783178,0.21342176528338808,True,2008
2008-10-24,895.22,896.3,852.85,876.77,6550050000.0,3.48,3.7,3.48,3.7,0.0,84.98,86.96,84.98,86.44,0.0,69.42,69.5,62.65,64.15,253812.0,1.87,1.88,1.656,1.6865,12848.0,724.7,750.4,681.0,730.3,143872.0,67.8,89.53,67.8,79.13,0.0,25.25,27.62,25.0,26.81,580700.0,,,,,,167.69000244140625,167.69000244140625,167.69000244140625,167.69000244140625,0.0,-6.781138695444156,-6.091370558375631,4.890183230190504,-10.716771050800268,-22.61986694195916,-7.287038212517471,12.51244134793117,-8.498293515358368,,-11.579220754979014,-2.4966081715264377,-4.145077720207246,4.144578313253011,-17.438867438867433,-21.356959664257392,-14.982537834691511,13.123659756969252,-6.94203401596668,,-9.449754181809556,34.41652823920265,60.8,74.53608247422672,24.34952298352125,25.989877939863064,23.06777645659924,63.71833839918946,30.963665086887843,,27.230136226746296,-14.354360902255662,0.0050300751879698,0.3457293233082696,-1.991864661654137,-0.0579631578947369,-7.871278195488735,1.5029248120300749,-0.5608345864661665,,-3.627293235377265,893.8866666666667,3.616666666666667,85.72333333333334,66.24666666666668,1.7855,726.7333333333332,72.19333333333333,27.616666666666664,,175.1066691080729,-15.350000000000056,-0.1090000000000001,0.8170000000000028,-1.5520000000000045,-0.1001,-20.080000000000044,1.162,-0.5730000000000021,,-4.381997680664091,-0.0175074420885751,0.3694159189560557,-4,-2,0,Sharp Decline,2.23606797749979,"5d%: -6.78%, MA20: -14.35, RSI: 34.4, VIX: 79.13, ATR: -0.0175, BBW: 0.37, Score: [-4, -2, 0], Dist: 2.24",Sharp Decline,2.23606797749979,Orderly Decline,2.449489742783178,0.21342176528338808,True,2008
2008-10-27,874.28,893.78,846.75,848.92,5558050000.0,3.65,3.75,3.63,3.73,0.0,86.32,87.86,86.04,86.93,0.0,64.78,65.77,61.3,63.22,234150.0,1.69,1.8365,1.6265,1.805,15608.0,735.1,747.8,707.0,742.9,106840.0,79.13,81.65,65.9,80.06,0.0,25.79,27.23,25.5,25.5,406400.0,,,,,,158.5,158.5,158.5,158.5,0.0,-13.850213111426834,-4.113110539845765,4.608904933814695,-14.855218855218856,-14.717694306638318,-5.9620253164557,51.14215593732303,-18.00643086816721,,-20.543411171670467,-15.3914386804206,-3.367875647668394,6.167562286272599,-22.133267643798494,-21.945945945945944,-11.821958456973292,45.59010729223496,-20.3125,,-19.61251637067567,36.48804828383261,59.166666666666686,81.43459915611813,20.04464285714286,29.23427270139481,22.07948615014048,63.45918367346938,32.64852859522489,,27.6709203947932,-13.122315789473683,0.0052631578947367,0.3447894736842073,-1.909774436090228,-0.0573195488721805,-8.597142857142861,1.5141654135338345,-0.5211278195488729,,-3.515774249313478,877.9333333333333,3.653333333333333,86.24333333333334,65.07000000000004,1.7653333333333334,729.3000000000001,75.66333333333334,26.746666666666663,,167.84000142415366,-26.4200000000002,-0.0550000000000007,0.8049999999999944,-2.3250000000000046,-0.1062500000000002,-17.270000000000067,6.700999999999999,-1.0680000000000027,,-7.747998046875011,-0.0311218960561657,0.3811122133200459,-4,-2,0,Sharp Decline,2.23606797749979,"5d%: -13.85%, MA20: -13.12, RSI: 36.5, VIX: 80.06, ATR: -0.0311, BBW: 0.38, Score: [-4, -2, 0], Dist: 2.24",Sharp Decline,2.23606797749979,Orderly Decline,2.449489742783178,0.21342176528338808,True,2008
2008-10-30,939.38,963.23,928.5,954.09,6175830000.0,3.91,3.96,3.9,3.94,0.0,84.59,85.35,83.1,84.56,0.0,68.11,70.6,64.04,65.96,279196.0,2.055,2.172,1.8605,1.8905,15902.0,757.5,778.3,733.0,738.5,114335.0,69.83,69.83,62.67,62.9,0.0,29.88,29.88,28.5,29.38,365400.0,,,,,,179.5500030517578,179.5500030517578,179.5500030517578,179.5500030517578,0.0,5.063263261058681,11.614730878186965,-0.9372071227741308,-2.771226415094352,4.765863119977842,3.3300685602350555,-7.227138643067843,5.191550304332249,,1.251903906716345,0.8093572688947059,0.0,2.5466893039049365,-5.569076592698641,-9.350275713258217,-8.203853325046618,-6.96642508504659,-1.3100436681222738,,-5.375492462841736,54.77870094581178,53.77358490566038,57.87878787878788,35.04077471967379,42.722063037249285,21.10311750599517,46.63933644770712,51.48669796557121,,47.33610459232467,-8.771804511278203,0.0067293233082705,0.3424812030075172,-1.6964887218045126,-0.0446334586466166,-8.777518796992494,1.2569624060150362,-0.3799473684210532,,-2.8633681562610174,941.5633333333334,3.8766666666666665,85.55333333333333,65.39666666666669,1.9456666666666669,744.3333333333334,66.60666666666667,28.79,,173.0066680908203,10.769999999999987,0.0799999999999999,0.0009999999999927,-0.2100000000000073,0.0738999999999997,8.879999999999923,-0.785000000000012,0.2759999999999996,,-1.1880004882812678,0.0112882432474923,0.2553171605735345,0,1,-1,Trend Pullback,1.4142135623730951,"5d%: +5.06%, MA20: -8.77, RSI: 54.8, VIX: 62.90, ATR: 0.0113, BBW: 0.26, Score: [0, 1, -1], Dist: 1.41",Trend Pullback,1.4142135623730951,Volatile Chop,1.4142135623730951,0.0,True,2008
2008-11-07,907.44,931.46,906.9,930.99,4931640000.0,3.68,3.8,3.65,3.78,0.0,86.24,86.35,85.34,85.91,0.0,60.67,62.82,59.97,61.04,236045.0,1.72,1.794,1.688,1.697,15399.0,734.5,744.9,725.5,734.2,82885.0,63.68,63.68,56.03,56.1,0.0,28.34,28.73,28.01,28.71,346400.0,90.56999969482422,90.56999969482422,90.56999969482422,90.56999969482422,0.0,182.5399932861328,182.5399932861328,182.5399932861328,182.5399932861328,0.0,-3.8978064516129054,-4.785894206549124,0.3269882050683126,-9.98377820380475,-7.217058501913609,2.227791701475912,-6.328268492235766,-4.299999999999993,-62.5201729847253,-1.981422180133008,6.184061954674558,2.1621621621621623,-0.6131420638593288,-4.848012470771634,0.6225911651349003,0.5340271121456963,-29.10400606596739,7.086907870197701,,8.8556208650038,44.19552369369946,45.29914529914529,62.48888888888891,34.42584296156568,35.8324890239784,37.39837398373983,51.68915272531032,42.31511254019292,32.75736253528551,41.85733309432491,-0.1080075187970189,-0.0072406015037594,0.2236766917293224,-0.7738872180451131,-0.0258484962406015,-6.425112781954894,-0.2713533834586472,-0.0654511278195501,,-0.5969998123054264,929.5466666666669,3.7266666666666666,85.47000000000001,62.370000000000026,1.7471666666666668,736.2666666666668,58.11333333333334,28.69333333333333,107.75333404541016,181.67999776204428,-14.127000000000107,-0.0730000000000006,-0.1220000000000046,-1.2690000000000068,-0.0227999999999998,4.359999999999914,0.8459999999999992,-0.4650000000000036,-42.18799896240236,-2.117999267578144,-0.0151741694325396,0.178514656855702,-2,0,0,Trend Pullback,1.4142135623730951,"5d%: -3.90%, MA20: -0.11, RSI: 44.2, VIX: 56.10, ATR: -0.0152, BBW: 0.18, Score: [-2, 0, 0], Dist: 1.41",Trend Pullback,1.4142135623730951,Orderly Decline,1.4142135623730951,0.0,True,2008
2008-11-14,904.36,916.88,869.88,873.29,5881030000.0,3.75,3.77,3.7,3.75,0.0,86.34,87.45,86.34,86.36,0.0,59.39,59.96,55.69,57.04,245858.0,1.719,1.7455,1.6775,1.708,11721.0,734.0,754.0,724.0,742.5,132640.0,62.6,66.31,59.75,66.31,0.0,27.04,27.76,26.37,26.45,246400.0,-130.14999389648438,-130.14999389648438,-130.14999389648438,-130.14999389648438,0.0,156.3000030517578,156.3000030517578,156.3000030517578,156.3000030517578,0.0,-6.197703519908915,-0.7936507936507908,0.5238039809102535,-6.553079947575357,0.6482027106658794,1.1304821574502857,18.19964349376115,-7.8718216649251165,-243.70099849290608,-14.374926700716816,-9.853935483870968,-5.541561712846354,0.8525049632138293,-15.882613183896188,-6.615636960087478,3.383458646616533,10.71965269661046,-11.83333333333334,-153.8588856543637,-16.071520894823966,52.51118026502896,51.06382978723405,47.16981132075467,42.29426433915212,46.00494233937396,49.90439770554494,41.943044650181655,53.01204819277108,29.110482842109903,48.99945551904246,-1.2687518796992814,-0.000654135338346,0.1444360902255612,-0.6440000000000019,-0.0197695488721805,-2.2263909774436,-0.4249473684210529,-0.070142857142857,,-0.7916013674628489,878.96,3.7466666666666666,86.92333333333333,57.14666666666668,1.6625000000000003,721.9333333333334,64.2,26.703333333333333,-71.5699971516927,159.5433349609375,-10.63100000000004,-0.0010000000000001,0.3619999999999934,-1.1850000000000065,-0.0242500000000003,-8.660000000000146,1.3939999999999946,-0.4220000000000042,-34.330999445915225,-5.310998535156276,-0.0121735047922225,0.1859349203786287,-4,1,0,Trend Pullback,3.0,"5d%: -6.20%, MA20: -1.27, RSI: 52.5, VIX: 66.31, ATR: -0.0122, BBW: 0.19, Score: [-4, 1, 0], Dist: 3.00",Trend Pullback,3.0,Orderly Decline,3.0,0.0,True,2008
2008-11-17,873.23,882.29,848.98,850.75,4927490000.0,3.71,3.73,3.67,3.68,0.0,87.57,87.79,86.49,86.81,0.0,56.74,58.98,54.72,54.95,337536.0,1.715,1.716,1.617,1.6565,13481.0,740.0,748.7,729.6,742.0,85042.0,69.57,69.59,65.1,69.15,0.0,26.13,26.62,25.66,25.66,754000.0,-133.0500030517578,-133.0500030517578,-133.0500030517578,-133.0500030517578,0.0,149.2899932861328,149.2899932861328,149.2899932861328,149.2899932861328,0.0,-7.447699655138651,-2.127659574468077,1.047607961820507,-11.953212626181696,-5.4509132420091255,-0.6028131279303461,15.288429476492183,-8.942512420156135,5947.727280362578,-15.507390784240782,-11.957984062920412,-5.641025641025632,0.5327156919513687,-14.01971522453449,-9.972826086956522,2.091359383599345,28.818926974664684,-14.295257181028733,-141.56124106531732,-20.433838191618435,39.21620452688741,42.3913043478261,48.94433781190019,40.67146282973622,41.66666666666667,50.36179450072359,51.45863860396963,39.304219096965205,29.015927764242903,41.03570354245537,-1.8333082706767363,0.0014887218045112,0.1066992481202973,-0.6505187969924819,-0.0163691729323309,-1.4608270676692032,-0.2562406015037603,-0.0889774436090231,,-0.9254284851533178,878.4433333333333,3.75,86.70333333333333,56.74333333333336,1.6628333333333334,729.8333333333334,65.09666666666668,26.61,-114.33666483561198,157.3066660563151,-7.950000000000055,0.0039999999999997,0.0769999999999957,-1.183000000000007,-0.0112,-3.5800000000000343,1.104999999999993,-0.3060000000000009,-21.54099822044373,-4.258999633789093,-0.0093446958565971,0.189138819197078,-4,-2,0,Sharp Decline,2.23606797749979,"5d%: -7.45%, MA20: -1.83, RSI: 39.2, VIX: 69.15, ATR: -0.0093, BBW: 0.19, Score: [-4, -2, 0], Dist: 2.24",Sharp Decline,2.23606797749979,Orderly Decline,2.449489742783178,0.21342176528338808,True,2008
2008-11-19,859.03,864.57,806.18,806.58,6548600000.0,3.44,3.51,3.35,3.39,0.0,87.09,87.89,86.14,87.31,0.0,54.7,55.34,52.79,53.62,161384.0,1.6875,1.6875,1.588,1.6015,13227.0,737.8,764.8,731.4,736.0,143008.0,68.46,75.0,67.34,74.26,0.0,25.79,25.83,23.93,23.95,320700.0,,,,,,134.61000061035156,134.61000061035156,134.61000061035156,134.61000061035156,0.0,-5.36430834213304,-7.629427792915521,-0.1829198582371072,-4.5227920227920215,-3.2618544246451275,2.4641514687456567,11.7363827866386,-7.671549730146498,2701.05269582648,-13.711538070287457,-15.343682105859743,-8.130081300813007,3.1911121616830185,-17.886676875957118,-11.957119296316652,-0.8620689655172376,36.10703812316716,-18.67572156196944,-258.7140643512066,-27.66403178065785,33.33860437797908,24.77064220183486,66.04434072345393,33.1971677559913,33.01997649823734,49.34520691461498,57.76592835657643,30.839802399435413,29.015927764242903,29.67986620615233,-2.1449774436090325,-0.0019172932330827,0.0704661654135329,-0.6349699248120323,-0.0125699248120301,-0.1434586466165772,-0.4174962406015049,-0.0932330827067678,,-1.072721862792975,838.8166666666666,3.536666666666666,87.16333333333334,54.32000000000002,1.64,736.9,70.35000000000001,25.07333333333333,,143.57333374023438,-4.690000000000017,-0.0400000000000004,-0.0330000000000018,-0.6830000000000056,0.0045499999999999,6.579999999999931,1.1680000000000017,-0.2720000000000008,,-3.5399993896484574,-0.0058146743038508,0.2209671256045907,-4,-2,0,Sharp Decline,2.23606797749979,"5d%: -5.36%, MA20: -2.14, RSI: 33.3, VIX: 74.26, ATR: -0.0058, BBW: 0.22, Score: [-4, -2, 0], Dist: 2.24",Sharp Decline,2.23606797749979,Orderly Decline,2.449489742783178,0.21342176528338808,True,2008
2008-11-20,805.87,820.52,747.78,752.44,9093740000.0,3.26,3.26,3.12,3.14,0.0,87.75,88.34,87.42,87.97,0.0,50.4,50.45,48.5,49.62,274669.0,1.585,1.615,1.5405,1.5755,14871.0,735.2,753.4,732.6,748.7,118163.0,74.26,81.48,72.76,80.86,0.0,23.61,24.29,22.15,22.32,1208400.0,-315.1300048828125,-315.1300048828125,-315.1300048828125,-315.1300048828125,0.0,123.11000061035156,123.11000061035156,123.11000061035156,123.11000061035156,0.0,-17.43133360401189,-17.801047120418843,1.1847250977685686,-14.80082417582418,-2.9864532019704515,6.1985815602837,35.14959050643489,-19.48051948051948,294.85028758640783,-25.98448911495997,-16.846432676155942,-15.363881401617252,2.4217021772033887,-18.347869014316288,-8.693132425383954,2.2534826550122844,26.97864321608041,-20.057306590257884,-311.69555528061625,-30.21370780868364,27.568184175049268,18.32061068702289,64.33823529411768,26.60149215333162,34.45738810545676,58.31969448990727,63.66479864459794,24.70355731225296,29.015927764242903,22.651647116287023,-3.9057593984962646,-0.0091278195488721,0.076436090225562,-0.6947669172932363,-0.0137293233082707,-0.1064661654135466,-0.1860902255639115,-0.1474586466165424,,-1.4716316051052962,806.0466666666667,3.356666666666667,87.55,52.54333333333335,1.6129999999999998,739.1333333333333,74.25333333333333,23.96,,134.84666951497397,-22.359000000000083,-0.1070000000000006,0.1749999999999883,-1.1890000000000138,-0.0091000000000001,5.219999999999853,3.0189999999999952,-0.838000000000005,,-7.291999816894546,-0.0297153261389613,0.2712075078085731,-4,-2,0,Sharp Decline,2.23606797749979,"5d%: -17.43%, MA20: -3.91, RSI: 27.6, VIX: 80.86, ATR: -0.0297, BBW: 0.27, Score: [-4, -2, 0], Dist: 2.24",Sharp Decline,2.23606797749979,Orderly Decline,2.449489742783178,0.21342176528338808,True,2008
2008-11-21,755.84,801.2,741.02,800.03,9495900000.0,3.09,3.27,3.09,3.17,0.0,88.25,88.46,87.23,88.19,0.0,48.57,51.12,48.25,49.93,213647.0,1.5405,1.644,1.5215,1.579,12818.0,745.8,802.8,742.5,791.8,178814.0,80.74,80.74,68.41,72.67,0.0,22.55,23.67,21.87,23.58,1056700.0,-204.6600036621093,-204.6600036621093,-204.6600036621093,-204.6600036621093,0.0,130.25999450683594,130.25999450683594,130.25999450683594,130.25999450683594,0.0,-8.388965864718479,-15.466666666666672,2.119036591014356,-12.464936886395506,-7.552693208430917,6.639730639730623,9.591313527371437,-10.850661625708891,57.249337886936,-16.6602738557202,-14.066746151945786,-16.13756613756614,2.6539401699452903,-18.201179554390567,-6.9534472598703605,7.845273767365835,29.53654188948307,-17.868338557993734,-325.96886866701067,-28.640298401538555,34.2335337290675,21.259842519685023,62.0104438642298,30.187074829931973,33.84900990099008,64.92194674012859,62.06327023249905,30.58608058608057,31.47132913981868,26.32273194717419,-6.125436090225588,-0.0209849624060151,0.0887593984962382,-0.7747518796992506,-0.0158263157894737,-0.2129323308270786,0.1034586466165393,-0.2215563909774437,,-2.013015047231113,786.35,3.233333333333333,87.82333333333334,51.05666666666668,1.585333333333333,758.8333333333334,75.93,23.28333333333333,,129.32666524251303,-28.587000000000074,-0.1510000000000006,0.3719999999999965,-1.6170000000000069,-0.0320000000000001,0.6399999999999373,3.420999999999992,-0.9970000000000012,,-8.105999755859385,-0.0357324100346237,0.289508939547064,-4,-2,0,Sharp Decline,2.23606797749979,"5d%: -8.39%, MA20: -6.13, RSI: 34.2, VIX: 72.67, ATR: -0.0357, BBW: 0.29, Score: [-4, -2, 0], Dist: 2.24",Sharp Decline,2.23606797749979,Orderly Decline,2.449489742783178,0.21342176528338808,True,2008
2008-11-25,853.4,868.94,834.99,857.39,6952700000.0,3.26,3.26,3.06,3.09,0.0,85.77,86.43,84.71,85.0,0.0,54.3,54.66,50.52,50.77,228413.0,1.675,1.708,1.615,1.653,12116.0,821.7,833.5,803.0,818.5,158862.0,64.76,65.49,60.25,60.9,0.0,25.94,26.0,24.91,25.65,340600.0,52.65999984741211,52.65999984741211,52.65999984741211,52.65999984741211,0.0,145.52000427246094,145.52000427246094,145.52000427246094,145.52000427246094,0.0,-0.2013688425365534,-12.71186440677966,-2.712601579489537,-6.655635227063794,-0.5415162454873612,11.710113279650592,-9.964518036664693,0.1561889886762868,-139.57910457689118,-0.8854399856329187,-4.623171477835264,-17.819148936170215,-2.377397496267364,-14.42777684139558,0.3033980582524354,11.69486899563319,-0.87890625,-6.11273792093705,-143.77389734957504,-13.45307196342247,40.31124294014871,29.729729729729726,52.1405049396268,27.103687362117867,37.53753753753753,68.92093485827948,54.07979407979408,37.82051282051282,57.9776491404017,32.85436643772675,-9.311203007518836,-0.0336015037593986,0.1209097744360899,-0.9156090225563916,-0.0195751879699248,1.698120300751868,0.677609022556389,-0.343789473684212,,-2.965240581770592,836.41,3.2,86.42333333333333,51.73333333333335,1.6351666666666669,809.9333333333334,66.09,24.836666666666662,-59.60000101725257,138.99666849772134,-2.1170000000000533,-0.0620000000000004,-0.1700000000000094,-0.3470000000000008,4.999999999982533e-05,22.939999999999976,-0.7469999999999959,-0.1030000000000037,,-1.5570007324218955,-0.0024691214033287,0.2889502038598828,-2,0,0,Trend Pullback,1.4142135623730951,"5d%: -0.20%, MA20: -9.31, RSI: 40.3, VIX: 60.90, ATR: -0.0025, BBW: 0.29, Score: [-2, 0, 0], Dist: 1.41",Trend Pullback,1.4142135623730951,Orderly Decline,1.4142135623730951,0.0,True,2008
2008-12-02,817.94,850.54,817.94,848.81,6170100000.0,2.74,2.8,2.66,2.69,0.0,87.17,87.31,86.27,86.7,0.0,48.85,50.25,46.82,46.96,233248.0,1.6065,1.631,1.575,1.6005,9765.0,768.8,788.2,761.8,783.3,78047.0,66.68,67.01,62.31,62.98,0.0,24.75,25.58,24.63,25.58,409300.0,189.3800048828125,189.3800048828125,189.3800048828125,189.3800048828125,0.0,155.64999389648438,155.64999389648438,155.64999389648438,155.64999389648438,0.0,-0.352191216351061,-19.46107784431138,0.7202602230483413,-13.8348623853211,-4.362115327158644,-4.417327638804158,-2.658423493044826,1.186708860759489,-806.6418293808276,10.22589511795493,-0.228034087569795,-26.90217391304348,-0.1267135122681728,-14.540491355777984,-3.380621792936922,5.56603773584905,-8.922631959508331,-0.3117692907248726,-242.3374675227491,4.260165380382741,45.3372019491872,19.774011299435017,47.79499404052449,31.608682723758548,44.919786096256686,60.87893149504525,50.95344229816741,44.802867383512535,74.26958293798975,44.89829116796595,-7.281142857142893,-0.0536842105263157,0.0530601503759377,-0.8444661654135347,-0.0112432330827067,4.316315789473658,0.5935338345864657,-0.2772105263157901,,-2.719526362598396,853.7533333333334,2.7900000000000005,86.64666666666666,50.22333333333336,1.627,793.0333333333333,62.25666666666667,25.78,174.12666829427084,154.08666483561197,-3.2350000000001,-0.1370000000000004,0.2799999999999876,-0.6780000000000111,-0.00885,-8.490000000000046,0.1999999999999903,0.0199999999999968,43.42499961853029,2.5929977416992047,-0.0038112180582228,0.2641587567915115,-2,0,0,Trend Pullback,1.4142135623730951,"5d%: -0.35%, MA20: -7.28, RSI: 45.3, VIX: 62.98, ATR: -0.0038, BBW: 0.26, Score: [-2, 0, 0], Dist: 1.41",Trend Pullback,1.4142135623730951,Orderly Decline,1.4142135623730951,0.0,True,2008
2008-12-05,844.43,879.42,818.41,876.07,6165370000.0,2.56,2.66,2.51,2.66,0.0,86.61,87.49,86.4,87.12,0.0,43.78,44.47,40.5,40.81,327140.0,1.455,1.468,1.356,1.3735,12056.0,766.7,773.3,741.2,752.2,104915.0,63.64,66.54,59.26,59.93,0.0,25.11,26.55,24.55,26.44,900400.0,201.9100036621093,201.9100036621093,201.9100036621093,201.9100036621093,0.0,160.63999938964844,160.63999938964844,160.63999938964844,160.63999938964844,0.0,-2.250513255378017,-10.135135135135132,0.6934812760055475,-25.022965276501928,-16.732343134283123,-8.156288156288149,8.411722141823441,-2.471412762818137,-13.227899117431008,0.809534506885945,16.43054595715272,-15.286624203821653,-0.9662384903944444,-17.75493752519145,-12.821326562995871,0.467476960064106,-25.884244372990352,18.45878136200718,-164.07197046729766,30.484931031785912,50.29429200542006,17.365269461077844,54.48113207547173,25.652565256525648,20.734908136482915,52.45073269327945,45.53970917225951,49.966239027684,76.73912929963065,51.96095924335403,-3.2751654135338484,-0.0697744360902256,0.003654135338343,-0.7866917293233093,-0.0075375939849624,4.152255639097717,0.0068345864661631,-0.1294135338345875,,-1.232443719161186,864.0100000000001,2.6366666666666667,86.86333333333334,43.75666666666669,1.465833333333333,762.7333333333332,61.43000000000001,26.06,191.70666503906247,158.23333231608072,-4.751000000000051,-0.0820000000000002,0.0149999999999797,-2.401000000000007,-0.0436499999999999,-11.33000000000014,0.8929999999999911,-0.1670000000000033,-5.005001831054703,0.1189987182617039,-0.0054230826303834,0.2018960943458719,-4,1,0,Trend Pullback,3.0,"5d%: -2.25%, MA20: -3.28, RSI: 50.3, VIX: 59.93, ATR: -0.0054, BBW: 0.20, Score: [-4, 1, 0], Dist: 3.00",Trend Pullback,3.0,Orderly Decline,3.0,0.0,True,2008
2008-12-08,882.71,918.57,882.71,909.7,6553600000.0,2.75,2.76,2.67,2.73,0.0,86.87,86.91,85.47,85.56,0.0,41.64,44.7,41.55,43.71,289529.0,1.4,1.54,1.3925,1.498,12712.0,755.2,782.8,754.1,769.3,79720.0,58.86,59.87,57.35,58.49,0.0,26.95,27.75,26.91,27.4,1353601.0,279.4599914550781,279.4599914550781,279.4599914550781,279.4599914550781,0.0,168.60000610351562,168.60000610351562,168.60000610351562,168.60000610351562,0.0,11.454160081351606,0.3676470588235281,-1.3376383763837651,-11.302759740259738,-8.154506437768239,-0.9654994850669452,-14.62560210188294,11.156186612576068,178.59634957307026,14.491384213442338,13.708235941152225,-13.880126182965302,-2.982197528064401,-12.45744041658321,-5.129829005699804,-2.8416266734023754,-19.51286638227604,16.200169635284144,-236.54841515417075,29.43345095463492,56.0973087027575,21.556886227544908,43.48279457768509,33.53837141183362,37.70364623739332,56.36363636363636,42.39874500855676,55.80774365821094,78.69504299162453,58.65066187251991,-2.3879849624060454,-0.0727744360902257,-0.0021729323308294,-0.8657293233082706,-0.0099706766917293,3.565338345864646,-0.0714436090225555,-0.0931127819548872,,-0.7905564501769574,876.9966666666668,2.6533333333333338,86.37333333333333,42.73000000000002,1.447,762.3333333333334,60.68666666666667,26.433333333333334,207.93332926432288,160.77666727701822,11.61299999999998,-0.0240000000000003,0.0539999999999977,-2.023000000000004,-0.0646,-6.700000000000037,-1.650000000000013,0.3459999999999998,15.624999999999982,2.4200012207031,0.0127657469495437,0.1947268943852282,0,1,-1,Trend Pullback,1.4142135623730951,"5d%: +11.45%, MA20: -2.39, RSI: 56.1, VIX: 58.49, ATR: 0.0128, BBW: 0.19, Score: [0, 1, -1], Dist: 1.41",Trend Pullback,1.4142135623730951,Volatile Chop,1.4142135623730951,0.0,True,2008
2008-12-09,906.48,916.26,885.38,888.67,5693110000.0,2.71,2.75,2.64,2.67,0.0,85.71,86.49,85.43,85.84,0.0,44.05,44.57,41.83,42.07,240867.0,1.513,1.5145,1.411,1.4435,9762.0,775.6,780.7,762.5,774.2,71756.0,59.48,59.57,56.37,58.91,0.0,27.35,27.9,26.86,27.06,720900.0,195.0399932861328,195.0399932861328,195.0399932861328,195.0399932861328,0.0,161.4199981689453,161.4199981689453,161.4199981689453,161.4199981689453,0.0,4.695986145309328,-0.743494423791824,-0.9919261822376012,-10.413117546848383,-9.809434551702587,-1.1617515638963294,-6.462369006033663,5.785770132916346,2.988693767762163,3.707037904735344,4.32725607823341,-20.05988023952096,-0.2788104089219256,-22.807339449541285,-13.74365103077383,-5.527760829774242,-8.948995363214852,7.041139240506311,-827.761189695933,14.312010830811372,52.97841030499728,22.641509433962256,41.78302900107411,32.50993753549119,34.24657534246576,59.87624940504522,43.67666232073011,54.7478716437459,72.76589246769385,56.27578412129053,-0.5647894736842322,-0.0720902255639098,-0.0318195488721825,-0.8690601503759402,-0.0105458646616541,3.2242105263157854,-0.2843383458646613,-0.0283984962406019,,-0.1144511975740193,891.48,2.686666666666667,86.17333333333333,42.19666666666669,1.4383333333333332,765.2333333333332,59.10999999999999,26.966666666666665,225.46999613444007,163.55333455403647,12.71100000000001,0.0059999999999995,-0.2189999999999987,-1.2480000000000002,-0.0386000000000002,-4.6300000000000425,-0.9770000000000016,0.3799999999999988,15.128997802734352,2.557002258300774,0.0143033972115633,0.1867385681463156,0,1,-1,Trend Pullback,1.4142135623730951,"5d%: +4.70%, MA20: -0.56, RSI: 53.0, VIX: 58.91, ATR: 0.0143, BBW: 0.19, Score: [0, 1, -1], Dist: 1.41",Trend Pullback,1.4142135623730951,Volatile Chop,1.4142135623730951,0.0,True,2008
2008-12-18,905.98,911.02,877.44,885.28,5675000000.0,2.1,2.13,2.04,2.07,0.0,78.59,80.09,77.69,79.47,0.0,40.32,40.9,35.98,36.22,95999.0,1.38,1.3865,1.2865,1.3015,9789.0,866.1,879.6,848.8,860.6,116594.0,49.84,49.84,44.5,47.34,0.0,27.92,28.16,26.99,27.34,1257200.0,149.8699951171875,149.8699951171875,149.8699951171875,149.8699951171875,0.0,164.25,164.25,164.25,164.25,0.0,1.338156343364738,-21.8867924528302,-5.201002027913637,-24.51021258857857,-13.921957671957664,4.113234938301469,-15.130871280028678,2.51218597675289,15.989464692987298,4.0281212457643045,4.739594425120086,-19.455252918287936,-8.063396575659421,-17.05976643004351,-11.432460020415103,12.423252775963434,-25.61282212445003,7.384131971720342,5.223620602398116,7.289832078562286,48.52537538345621,13.821138211382134,18.38565022421531,24.588333798492883,26.29427792915532,59.62072155411656,41.39575205895102,51.025869759143625,45.86544958542992,52.46280249907815,5.064330827067659,-0.0491052631578947,-0.3221954887218075,-0.6113157894736848,-0.0146330827067669,3.339398496240592,-1.054413533834588,0.1986842105263153,,1.801338459674577,900.96,2.2066666666666666,79.68666666666667,39.960000000000015,1.351,857.2666666666668,49.85,27.71666666666667,175.97999572753906,166.12666829427084,9.510999999999887,-0.1150000000000002,-1.280000000000001,-1.851999999999999,-0.0328,10.599999999999984,-1.3790000000000031,0.3419999999999966,15.823997497558585,2.355000305175757,0.0107434935839507,0.1837654703171944,3,0,-1,Volatile Chop,3.1622776601683795,"5d%: +1.34%, MA20: +5.06, RSI: 48.5, VIX: 47.34, ATR: 0.0107, BBW: 0.18, Score: [3, 0, -1], Dist: 3.16",Volatile Chop,3.1622776601683795,Steady Climb,3.3166247903554,0.1543471301870203,True,2008
2008-12-26,869.51,873.74,866.52,872.8,1880050000.0,2.17,2.24,2.13,2.14,0.0,81.02,81.17,80.68,80.89,0.0,35.7,38.03,35.6,37.71,64554.0,1.2885,1.323,1.255,1.3035,2144.0,847.5,874.0,843.4,871.2,23559.0,44.27,44.36,42.92,43.38,0.0,26.43,26.61,26.24,26.61,226900.0,151.39999389648438,151.39999389648438,151.39999389648438,151.39999389648438,0.0,166.25,166.25,166.25,166.25,0.0,-1.4097234773179146,3.3816425120773097,1.7868378004278318,4.113749309773618,0.1536688436419409,1.2316988147803798,-8.365019011406849,-2.670080468178493,1.0208839855506249,1.21765601217656,-0.0904314380888116,-19.24528301886792,-3.507097697721573,-21.40475197999165,-13.789682539682534,5.395596419066062,-22.230190032269626,-0.2249718785151899,17.173582562963908,5.294825918467683,49.24879393521707,21.11111111111113,23.75737152485253,45.86886993603411,44.19568822553898,78.11909262759923,14.591356439880188,51.20567375886523,46.93689363735923,53.46681454606763,0.8271954887218091,-0.0441052631578947,-0.4134285714285747,-0.7851278195488739,-0.0193270676691729,4.420150375939853,-0.9914285714285732,0.0457443609022552,-5.167902242330687,0.4111730934085668,868.0366666666665,2.16,81.11333333333333,37.346666666666685,1.286166666666667,852.4333333333334,44.20333333333334,26.33333333333333,98.08999888102214,161.0199991861979,-5.898000000000154,0.0250000000000001,0.3419999999999911,0.3369999999999978,-0.0100500000000002,-2.450000000000081,-0.6170000000000049,-0.3370000000000031,-24.775997924804702,-1.9090011596679937,-0.0067575618698443,0.1060164094757941,1,0,0,Trend Pullback,2.23606797749979,"5d%: -1.41%, MA20: +0.83, RSI: 49.2, VIX: 43.38, ATR: -0.0068, BBW: 0.11, Score: [1, 0, 0], Dist: 2.24",Trend Pullback,2.23606797749979,Volatile Chop,2.23606797749979,0.0,True,2008
2008-12-29,872.37,873.7,857.07,869.42,3323430000.0,2.13,2.13,2.05,2.1,0.0,80.88,81.56,79.63,80.68,0.0,38.4,42.2,37.53,40.02,150601.0,1.323,1.329,1.29,1.3115,5246.0,873.0,892.0,873.0,875.3,73963.0,43.35,46.24,42.16,43.9,0.0,26.51,26.53,25.9,26.3,380000.0,88.56999969482422,88.56999969482422,88.56999969482422,88.56999969482422,0.0,160.5500030517578,160.5500030517578,160.5500030517578,160.5500030517578,0.0,-2.079109789611211,-1.4084507042253391,-0.7626076260762504,18.157661647475653,-1.1307953260459749,4.5259135419154495,-2.2924549298909414,-3.839122486288848,-49.35963248389539,-4.017457433525928,-1.1719504848078488,-18.91891891891892,-3.5389765662362405,-13.526361279170263,-8.190409520476027,6.6788543570993175,-19.12306558585115,-2.157738095238093,-43.08206455406162,-1.2668332518674164,39.25293489861257,13.7931034482759,26.806083650190104,45.00406173842405,30.832476875642342,76.686807653575,17.505567928730486,41.406250000000014,38.21332006936506,44.882388992565005,0.9145187969924604,-0.0418947368421053,-0.4265563909774462,-0.6987744360902276,-0.0179913533834587,5.189248120300744,-1.1499699248120308,0.0472030075187964,-5.072451220060652,0.4081429388290034,870.1233333333333,2.14,80.92666666666666,37.69333333333336,1.2963333333333331,864.8333333333334,43.830000000000005,26.39333333333333,107.99333190917967,162.22333272298178,-3.3640000000000647,0.0059999999999998,-0.0700000000000046,0.3120000000000008,-0.0117500000000001,6.839999999999946,-0.3450000000000048,-0.172000000000004,-6.065000152587911,-0.3250015258789223,-0.0038692461641094,0.1043497388451713,0,-2,0,Orderly Decline,2.449489742783178,"5d%: -2.08%, MA20: +0.91, RSI: 39.3, VIX: 43.90, ATR: -0.0039, BBW: 0.10, Score: [0, -2, 0], Dist: 2.45",Orderly Decline,2.449489742783178,Volatile Chop,2.8284271247461903,0.3789373819630124,True,2008
