Date,Open_SP500,High_SP500,Low_SP500,Close_SP500,Volume_SP500,Open_Yield,High_Yield,Low_Yield,Close_Yield,Volume_Yield,Open_DXY,High_DXY,Low_DXY,Close_DXY,Volume_DXY,Open_Oil,High_Oil,Low_Oil,Close_Oil,Volume_Oil,Open_Copper,High_Copper,Low_Copper,Close_Copper,Volume_Copper,Open_Gold,High_Gold,Low_Gold,Close_Gold,Volume_Gold,Open_VIX,High_VIX,Low_VIX,Close_VIX,Volume_VIX,Open_RSP,High_RSP,Low_RSP,Close_RSP,Volume_RSP,Open_NYMO,High_NYMO,Low_NYMO,Close_NYMO,Volume_NYMO,Open_NYAD,High_NYAD,Low_NYAD,Close_NYAD,Volume_NYAD,5d_pct_SP500,5d_pct_Yield,5d_pct_DXY,5d_pct_Oil,5d_pct_Copper,5d_pct_Gold,5d_pct_VIX,5d_pct_RSP,5d_pct_NYMO,5d_pct_NYAD,10d_ROC_SP500,10d_ROC_Yield,10d_ROC_DXY,10d_ROC_Oil,10d_ROC_Copper,10d_ROC_Gold,10d_ROC_VIX,10d_ROC_RSP,10d_ROC_NYMO,10d_ROC_NYAD,RSI_14_SP500,RSI_14_Yield,RSI_14_DXY,RSI_14_Oil,RSI_14_Copper,RSI_14_Gold,RSI_14_VIX,RSI_14_RSP,RSI_14_NYMO,RSI_14_NYAD,20d_slope_SP500,20d_slope_Yield,20d_slope_DXY,20d_slope_Oil,20d_slope_Copper,20d_slope_Gold,20d_slope_VIX,20d_slope_RSP,20d_slope_NYMO,20d_slope_NYAD,SMA_3_SP500,SMA_3_Yield,SMA_3_DXY,SMA_3_Oil,SMA_3_Copper,SMA_3_Gold,SMA_3_VIX,SMA_3_RSP,SMA_3_NYMO,SMA_3_NYAD,5d_Slope_SP500,5d_Slope_Yield,5d_Slope_DXY,5d_Slope_Oil,5d_Slope_Copper,5d_Slope_Gold,5d_Slope_VIX,5d_Slope_RSP,5d_Slope_NYMO,5d_Slope_NYAD,Normalized_ATR,BBW,TrendScore_Euclidean,MomentumScore_Euclidean,VolatilityScore_Euclidean,MarketState_Euclidean,EuclideanDist_Euclidean,Diagnostics_Euclidean,TopState,TopDist,AltState,AltDist,DistanceDelta,IsBorderline,Year
2022-01-10,4655.34,4673.02,4582.24,4670.29,4511810000.0,1.78,1.81,1.77,1.78,0.0,95.74,96.23,95.74,95.99,0.0,78.88,79.45,77.83,78.23,389956.0,4.4015,4.431,4.3305,4.352,45316.0,1796.4,1802.0,1789.3,1798.8,173043.0,19.58,23.33,19.29,19.4,0.0,161.09,161.28,158.8,160.96,5845255.0,-39.18000030517578,-39.18000030517578,-39.18000030517578,-39.18000030517578,0.0,2220.25,2220.25,2220.25,2220.25,0.0,-2.632511633337231,9.202453987730074,-0.2597672485453062,2.825972660357534,-1.5718647517810602,-0.0722182100994395,16.86746987951806,-1.184848670882177,-133.9720798431704,-0.753211609704163,-2.5233814563813906,20.270270270270263,-0.1040691018836637,3.5199153103083303,-2.683363148479434,-0.5528527200353794,9.728506787330303,-0.8134089228493901,-142.26993124737842,-0.2480049368448478,62.22594142259411,86.0,40.20979020979022,81.21098626716608,54.44191343963557,51.30597014925374,35.259133389974494,71.9883889695211,61.29191824030112,71.49926248810348,5.358203007518628,0.0162932330827067,-0.021030075187969,0.4830300751879682,0.0103180451127818,1.63714285714285,-0.1649323308270679,0.3060075187969884,9.126413412739462,,4681.123333333334,1.7599999999999998,95.99333333333333,78.86333333333336,4.372166666666668,1795.1333333333332,19.256666666666664,161.58666666666667,-3.8000001907348255,2224.6266276041665,-33.65500000000041,0.0339999999999998,-0.104000000000014,0.8110000000000006,-0.0143499999999998,-3.080000000000048,0.7019999999999987,-0.4410000000000255,-29.613000106811523,-3.19604492187516,-0.0072061906219957,0.0571532958753276,0,1,2,Steady Climb,2.0,"5d%: -2.63%, MA20: +5.36, RSI: 62.2, VIX: 19.40, ATR: -0.0072, BBW: 0.06, Score: [0, 1, 2], Dist: 2.00",Steady Climb,2.0,Trend Pullback,2.23606797749979,0.2360679774997898,True,2022
2022-01-18,4632.24,4632.24,4568.7,4577.11,4748700000.0,1.83,1.87,1.81,1.87,0.0,95.22,95.83,95.13,95.73,0.0,84.32,86.63,83.5,85.43,163643.0,4.4195,4.4255,4.376,4.376,1000.0,1816.80005,1820.09998,1812.30005,1812.30005,900.0,21.18,23.2,21.18,22.79,0.0,160.5,160.55,158.54,159.01,4655407.0,-7.96999979019165,-7.96999979019165,-7.96999979019165,-7.96999979019165,0.0,,,,,,-1.995165182461911,5.0561797752809,-0.2708615480779164,9.203630320848788,0.5514705882353033,0.7505031131865847,17.474226804123717,-1.2114811133200898,-79.65798946372445,0.3328405620144137,-4.575153860266534,14.723926380368102,-0.5299251870324095,12.28969505783386,-1.0290625353386762,0.6777429031720628,37.289156626506006,-2.381975566333105,-106.91060406108969,-0.4228780414446409,24.05129222679708,83.05084745762711,44.52214452214452,78.61901877649913,46.70900692840649,50.41081291397092,66.7946257197697,34.56140350877189,39.94245217743043,51.62253516728857,0.7992180451127808,0.0212781954887217,-0.0640225563909804,0.6583759398496222,0.0069751879699246,0.857142857142814,-0.0679548872180458,0.2373458646616513,1.812436066534288,,4632.996666666667,1.7833333333333332,95.23,83.79000000000002,4.447500000000001,1816.73335,20.76333333333333,160.8166666666667,0.6766667366028211,,-6.8920000000003006,-0.0060000000000003,-0.2470000000000089,1.2079999999999884,0.0253999999999992,3.8299999999998966,0.147999999999998,0.06199999999998,2.6479999542236348,1.406982421874742,-0.001505753630566,0.0589562341554351,1,-2,1,Orderly Decline,3.1622776601683795,"5d%: -2.00%, MA20: +0.80, RSI: 24.1, VIX: 22.79, ATR: -0.0015, BBW: 0.06, Score: [1, -2, 1], Dist: 3.16",Orderly Decline,3.1622776601683795,Steady Climb,3.3166247903554,0.1543471301870203,True,2022
2022-01-20,4547.35,4602.11,4477.95,4482.73,4640870000.0,1.83,1.85,1.82,1.83,0.0,95.59,95.86,95.42,95.74,0.0,86.23,87.82,86.0,86.9,532202.0,4.449,4.586,4.444,4.5825,73188.0,1840.1,1848.5,1836.2,1842.6,233862.0,23.46,25.89,21.68,25.59,0.0,157.78,159.59,155.21,155.36,7227213.0,-144.6999969482422,-144.6999969482422,-144.6999969482422,-144.6999969482422,0.0,2203.449951171875,2203.449951171875,2203.449951171875,2203.449951171875,0.0,-5.15450611994458,5.780346820809257,0.7789473684210568,5.154888673765745,0.131104555883299,0.8373009358069172,45.23269012485811,-4.458520386200116,-416.83819301450137,-1.3542553011262726,-4.634534461704732,7.017543859649122,-0.4678240981391024,11.624919717405293,3.829160530191445,0.9588515697769971,29.70096300050684,-3.903012309024545,1262.5235264362204,-0.8058228418501678,18.94149248719901,78.18181818181817,47.40406320541756,78.99356348741965,59.205426356589136,57.55968570805609,73.65406643757163,24.17889587700914,28.818853753542143,39.13278713866131,-7.4323233082706945,0.021593984962406,-0.0524736842105282,0.680661654135337,0.0032958646616539,1.0920307142857224,0.1694586466165411,-0.0202556390977471,-5.331939909870465,,4530.866666666666,1.843333333333333,95.66,86.43000000000002,4.476166666666667,1832.7000166666664,24.076666666666668,157.24333333333334,-74.51333316167192,,-46.9100000000002,0.0359999999999998,0.1959999999999932,1.194999999999991,-0.0383000000000001,2.2700049999999137,1.4939999999999996,-1.3350000000000115,-26.305000162124635,,-0.0104646052740183,0.075435536959114,-4,-2,0,Sharp Decline,2.23606797749979,"5d%: -5.15%, MA20: -7.43, RSI: 18.9, VIX: 25.59, ATR: -0.0105, BBW: 0.08, Score: [-4, -2, 0], Dist: 2.24",Sharp Decline,2.23606797749979,Orderly Decline,2.449489742783178,0.21342176528338808,True,2022
2022-01-21,4471.38,4494.52,4395.34,4397.94,5589100000.0,1.77,1.79,1.73,1.75,0.0,95.81,95.84,95.5,95.64,0.0,84.57,85.56,82.78,85.14,509103.0,4.5295,4.5805,4.484,4.524,68199.0,1840.6,1843.7,1828.4,1831.8,225249.0,25.38,29.79,25.31,28.85,0.0,155.15,156.04,152.82,153.09,8646900.0,-229.3500061035156,-229.3500061035156,-229.3500061035156,-229.3500061035156,0.0,2187.860107421875,2187.860107421875,2187.860107421875,2187.860107421875,0.0,-5.603956188305292,2.3391812865497075,0.8967190631923083,3.677545056015585,-0.4839419269687672,0.5709893488525131,42.048252092565264,-5.418262696157184,-1142.5000277432528,-1.991648131810031,-6.348101063659895,1.1560693641618602,-0.6337662337662309,7.148250692172176,3.892524974164657,2.3809523809523725,47.11881693013768,-5.517496759859286,-1462.7451404825172,-1.732803713537745,16.447991836139778,69.35483870967741,49.64539007092198,79.0861159929702,52.96714075527221,50.8658013343081,78.21445900048522,20.868516284680368,22.21181844385515,28.242237844171058,-11.62700000000023,0.0217593984962405,-0.0438947368421074,0.6876240601503738,0.0042255639097743,1.1684968045112378,0.2990977443609024,-0.1613383458646635,-9.088578946608353,,4471.143333333333,1.8033333333333328,95.63,86.33333333333336,4.5255,1839.2,26.096666666666664,155.27,-148.30666859944657,2202.9166666666665,-48.26900000000057,0.0299999999999998,0.223999999999982,1.2699999999999962,0.0122499999999997,6.909999999999855,1.521999999999997,-1.7220000000000055,-39.226999664306646,,-0.0109753657394144,0.095307252961905,-4,-2,0,Sharp Decline,2.23606797749979,"5d%: -5.60%, MA20: -11.63, RSI: 16.4, VIX: 28.85, ATR: -0.0110, BBW: 0.10, Score: [-4, -2, 0], Dist: 2.24",Sharp Decline,2.23606797749979,Orderly Decline,2.449489742783178,0.21342176528338808,True,2022
2022-01-24,4356.32,4417.35,4222.62,4410.13,6928110000.0,1.73,1.74,1.71,1.74,0.0,95.64,96.13,95.63,95.92,0.0,84.91,86.09,81.9,83.31,511695.0,4.522,4.538,4.3865,4.4125,79001.0,1835.2,1844.9,1829.3,1841.7,244325.0,28.2,38.94,28.02,29.9,0.0,151.04,154.48,148.16,154.24,10107002.0,-212.759994506836,-212.759994506836,-212.759994506836,-212.759994506836,0.0,2186.9599609375,2186.9599609375,2186.9599609375,2186.9599609375,0.0,-5.419861243659996,-1.6949152542372947,0.7880634653777419,-0.6084466714387893,-0.1809750028277323,1.387283236994219,55.81031787389264,-4.542641416016835,1672.9999542236333,-1.8261448709084085,-5.70661295736824,-1.6949152542372947,0.1880091915604786,5.589353612167303,0.0566893424036152,2.46467119172138,59.38166311300637,-4.654756753415345,-2043.0136823090447,-1.8063111601226425,13.583504532861085,60.78431372549019,45.93908629441632,70.04991680532451,49.58677685950411,62.51504964804437,81.60646387832702,25.41216600341113,22.7658351305097,25.49072484351637,-16.035270676691916,0.0197969924812029,-0.042090225563912,0.6716090225563891,0.0046823308270675,1.2227824436089607,0.4308421052631577,-0.3132932330827087,-12.4874887885904,,4430.266666666666,1.7733333333333328,95.76666666666668,85.11666666666669,4.506333333333333,1838.7,28.113333333333333,154.23000000000002,-195.6033325195312,2192.7566731770835,-62.42000000000056,-0.0079999999999999,0.0949999999999913,0.4109999999999953,0.0413499999999991,6.089994999999914,2.211999999999999,-2.06300000000002,-57.14300093650818,,-0.0141537777797934,0.1088033411991213,-4,-2,0,Sharp Decline,2.23606797749979,"5d%: -5.42%, MA20: -16.04, RSI: 13.6, VIX: 29.90, ATR: -0.0142, BBW: 0.11, Score: [-4, -2, 0], Dist: 2.24",Sharp Decline,2.23606797749979,Orderly Decline,2.449489742783178,0.21342176528338808,True,2022
2022-01-25,4366.64,4411.01,4287.11,4356.45,5145050000.0,1.77,1.79,1.73,1.78,0.0,95.93,96.27,95.9,95.95,0.0,84.15,85.71,82.99,85.6,507219.0,4.456,4.478,4.3855,4.45,54589.0,1843.6,1854.2,1834.4,1852.5,197804.0,32.29,35.85,29.13,31.16,0.0,152.05,154.3,149.64,152.78,6199221.0,-204.25,-204.25,-204.25,-204.25,0.0,2182.39990234375,2182.39990234375,2182.39990234375,2182.39990234375,0.0,-4.820945968089029,-4.812834224598939,0.2298130157735389,0.1989933278707667,1.6910420475319876,2.218172978585975,36.72663448881088,-3.917992579083074,2462.735324677951,-2.0308484501961988,-6.719925315130326,0.0,-0.0416710073965931,9.420938258979916,2.2518382352941124,2.9853235490326924,60.61855670103093,-5.082007952286283,421.31188976284426,-1.7047673755770765,12.399566436694784,60.78431372549019,45.66326530612239,72.17928902627517,48.83504193849024,61.66154563787428,82.40109140518419,17.812852311161322,24.28426201729755,22.812011883692264,-19.35881954887215,0.0177293233082706,-0.0365714285714305,0.6270977443608998,0.003362781954887,1.5239853759398028,0.5516390977443599,-0.4226541353383435,-14.285654093448382,,4388.173333333333,1.7566666666666662,95.83666666666666,84.68333333333334,4.462166666666667,1842.0,29.97,153.37,-215.45333353678384,2185.739990234375,-46.87800000000034,-0.0340000000000002,0.0509999999999868,-0.606000000000011,0.0126999999999995,4.739989999999915,1.9219999999999973,-1.3810000000000244,-56.80599927902224,,-0.0107605963571257,0.1218973878034913,-4,-2,0,Sharp Decline,2.23606797749979,"5d%: -4.82%, MA20: -19.36, RSI: 12.4, VIX: 31.16, ATR: -0.0108, BBW: 0.12, Score: [-4, -2, 0], Dist: 2.24",Sharp Decline,2.23606797749979,Orderly Decline,2.449489742783178,0.21342176528338808,True,2022
2022-01-26,4408.43,4453.23,4304.8,4349.93,5570640000.0,1.79,1.86,1.77,1.85,0.0,95.96,96.54,95.91,96.49,0.0,85.26,87.95,85.01,87.35,459642.0,4.4565,4.5345,4.419,4.515,62131.0,1848.0,1850.2,1814.1,1829.7,270028.0,29.35,33.04,26.9,31.96,0.0,154.08,155.36,150.15,151.55,8083208.0,-172.50999450683594,-172.50999450683594,-172.50999450683594,-172.50999450683594,0.0,2181.330078125,2181.330078125,2181.330078125,2181.330078125,0.0,-4.033524828140022,1.0928961748633892,1.026070568526838,0.4484820607175699,1.0067114093959662,-0.732421875,34.0041928721174,-3.692170818505336,143.41750786111814,-1.628448311359898,-7.704956641849147,5.714285714285716,0.9098514955030224,7.547402117704993,1.941747572815511,0.6158922188616911,73.60130363932646,-6.726981782373198,-445.8500216775445,-2.315237614075172,14.565775379454152,62.96296296296296,53.44036697247706,73.39901477832518,54.71435206688341,51.31579022642466,80.62093139709566,19.22141119221424,34.332721555544666,28.20159548837293,-21.9419172932332,0.0156992481203007,-0.0293684210526323,0.629090225563907,0.0038041353383456,1.888571766917276,0.6680601503759399,-0.5114962406015039,-15.85078186558602,,4372.170000000001,1.7899999999999998,96.12,85.42000000000002,4.459166666666667,1841.3,31.006666666666664,152.85666666666668,-196.50666300455725,2183.5633138020835,-42.52200000000068,-0.0190000000000001,0.1060000000000005,-0.6310000000000043,-0.0210000000000003,1.7699999999997356,1.892999999999999,-1.028000000000013,-33.481999206542966,-8.657006835937615,-0.0097753297179496,0.1318917974412941,-4,-2,0,Sharp Decline,2.23606797749979,"5d%: -4.03%, MA20: -21.94, RSI: 14.6, VIX: 31.96, ATR: -0.0098, BBW: 0.13, Score: [-4, -2, 0], Dist: 2.24",Sharp Decline,2.23606797749979,Orderly Decline,2.449489742783178,0.21342176528338808,True,2022
2022-01-27,4380.58,4428.74,4309.5,4326.51,5214200000.0,1.83,1.84,1.78,1.81,0.0,96.55,97.29,96.53,97.26,0.0,87.15,88.54,86.2,86.61,427804.0,4.457,4.491,4.399,4.4235,69839.0,1819.0,1821.4,1790.6,1793.1,196036.0,32.19,33.0,28.42,30.49,0.0,153.13,154.49,149.86,150.7,5311300.0,-246.38999938964844,-246.38999938964844,-246.38999938964844,-246.38999938964844,0.0,2165.8701171875,2165.8701171875,2165.8701171875,2165.8701171875,0.0,-3.4849299422449964,-1.0928961748633892,1.5876331731773607,-0.3337169159954078,-3.469721767594103,-2.686421361120161,19.14810472840953,-2.99948506694131,70.27643717074838,-1.7054997761300927,-8.459805135040789,4.6242774566473965,2.3789473684210583,4.803969022265253,-3.343166175024592,-1.8716138565096017,73.04199772985243,-7.324272799950815,-639.500786661272,-3.0366582561274225,14.030135492914098,57.142857142857146,59.96055226824467,68.39938239835313,53.11091073038774,51.11111174422317,75.515947467167,16.538688718251663,26.62676819349153,18.027157118903048,-24.040834586466296,0.0142180451127819,-0.0125037593984978,0.6474736842105262,0.0045913533834585,1.8948874812029384,0.7734285714285712,-0.5996766917293258,-16.802849496755385,,4344.296666666667,1.8133333333333328,96.56666666666666,86.52000000000002,4.462833333333333,1825.1,31.203333333333333,151.67666666666665,-207.7166646321614,2176.5333658854165,-30.70900000000052,0.0069999999999997,0.1809999999999888,0.1359999999999896,-0.0209000000000002,-0.5100000000003226,1.5049999999999952,-0.7930000000000132,-3.0519989013671687,-4.969995117187757,-0.0070978687209784,0.1401157965569194,-4,-2,0,Sharp Decline,2.23606797749979,"5d%: -3.48%, MA20: -24.04, RSI: 14.0, VIX: 30.49, ATR: -0.0071, BBW: 0.14, Score: [-4, -2, 0], Dist: 2.24",Sharp Decline,2.23606797749979,Orderly Decline,2.449489742783178,0.21342176528338808,True,2022
2022-02-03,4535.41,4542.88,4470.39,4477.44,4401970000.0,1.8,1.85,1.8,1.83,0.0,96.02,96.25,95.24,95.38,0.0,87.98,90.45,86.75,90.27,465771.0,4.4785,4.502,4.423,4.471,46826.0,1807.4,1809.5,1788.5,1804.1,173722.0,22.63,25.81,22.3,24.35,0.0,156.87,157.62,155.66,155.87,5293925.0,-57.68999862670898,-57.68999862670898,-57.68999862670898,-57.68999862670898,0.0,2186.260009765625,2186.260009765625,2186.260009765625,2186.260009765625,0.0,3.4884930348016985,1.104972375690605,-1.932963191445625,4.22583997228958,1.0738103311857206,0.6134627181975327,-20.13775008199409,3.430656934306575,-76.58590090116591,0.9414180664075288,-0.1180084457462316,0.0,-0.3760183831209573,3.878020713463748,-2.4331696672122094,-2.089438836426793,-4.845642829230156,0.3282698249227556,-60.13130625887702,-0.7801375927375953,37.71961858389129,60.3448275862069,55.88822355289413,74.06969875959837,46.478873239436616,44.8481208148426,57.686453576864544,36.76535572249229,45.36659130357132,34.540356549690244,-16.380097744361063,0.003157894736842,0.0522932330827062,0.5408646616541343,0.0002413533834584,-0.0766166541354007,0.5222406015037592,-0.5272105263157935,-5.843864571779296,,4537.786666666667,1.7999999999999996,95.90333333333332,88.91000000000003,4.467,1805.3,22.8,156.86333333333334,27.046667734781938,2198.5799967447915,64.04299999999934,-0.0060000000000002,-0.3520000000000159,0.46799999999999,0.0268999999999999,4.92999999999984,-2.2500000000000058,1.7910000000000017,83.19599990844728,10.464990234374753,0.0143034859205258,0.1160949959654999,0,-2,0,Orderly Decline,2.449489742783178,"5d%: +3.49%, MA20: -16.38, RSI: 37.7, VIX: 24.35, ATR: 0.0143, BBW: 0.12, Score: [0, -2, 0], Dist: 2.45",Orderly Decline,2.449489742783178,Volatile Chop,2.8284271247461903,0.3789373819630124,True,2022
2022-02-09,4547.0,4590.03,4547.0,4587.18,4524350000.0,1.94,1.95,1.91,1.93,0.0,95.59,95.67,95.38,95.49,0.0,89.86,90.58,88.41,89.66,445618.0,4.474,4.643,4.4185,4.6025,107088.0,1827.0,1837.1,1825.5,1836.6,136722.0,21.27,21.3,19.93,19.96,0.0,158.76,160.07,158.58,159.92,3969824.0,107.33000183105467,107.33000183105467,107.33000183105467,107.33000183105467,0.0,2206.199951171875,2206.199951171875,2206.199951171875,2206.199951171875,0.0,-0.047936758342082,9.039548022598876,-0.4690431519699833,1.586222524359826,2.368772241992878,1.4527978788046123,-9.642372114078768,1.2985367707607498,91.7977190618571,0.1202560543228425,5.454110755805264,4.324324324324325,-1.0363768266141604,2.644533485975953,1.9379844961240345,0.3771110018035761,-37.54693366708385,5.522929726162973,-162.21668613339477,1.1401242432897751,57.4770569960056,59.25925925925924,47.01670644391408,57.96766743648959,51.14547537227953,48.12265331664581,37.84017278617711,61.14369501466266,64.82163171476947,51.12290999573327,-9.133954887218152,0.0073834586466164,0.0366917293233063,0.4586541353383427,-0.0025060150375941,-1.0491733458647134,0.1683984962406014,-0.3057819548872208,0.1037519336643072,,4530.863333333334,1.933333333333333,95.51,90.11333333333334,4.508666666666667,1828.7666666666664,21.42,157.67,37.37666702270512,2195.453369140625,-12.925000000001011,0.0449999999999998,-0.0580000000000022,0.3249999999999942,-0.0078500000000004,5.2899999999999405,-0.2790000000000022,-0.1260000000000019,-2.28600006103516,-1.9659912109376776,-0.0028176352355915,0.0965923091648295,-2,1,2,Trend Pullback,2.23606797749979,"5d%: -0.05%, MA20: -9.13, RSI: 57.5, VIX: 19.96, ATR: -0.0028, BBW: 0.10, Score: [-2, 1, 2], Dist: 2.24",Trend Pullback,2.23606797749979,Orderly Decline,2.23606797749979,0.0,True,2022
2022-02-11,4506.27,4526.33,4401.41,4418.64,5251500000.0,2.01,2.06,1.93,1.96,0.0,95.94,96.11,95.64,96.08,0.0,90.0,94.66,89.19,93.1,554423.0,4.615,4.629,4.4315,4.506,125829.0,1827.0,1867.4,1821.1,1842.1,239093.0,24.39,30.99,23.33,27.36,0.0,157.48,158.52,154.74,155.32,4224846.0,-57.0,-57.0,-57.0,-57.0,0.0,2179.77001953125,2179.77001953125,2179.77001953125,2179.77001953125,0.0,-1.8195634736353103,1.5544041450777255,0.6284038542103021,0.8558119380348783,0.4122562674094832,1.897333775860166,17.829457364341096,-0.2632761831374841,11.502349747600917,-0.1781363735512964,-0.2980696548845252,10.1123595505618,-1.2233987868818683,7.23335636950011,4.547563805104415,3.1064591962386645,-1.0845986984815648,1.330897703549061,-60.52358179863915,0.1438054573840164,50.55257587366728,67.74193548387098,51.81818181818178,78.50902737332557,55.11767925561032,50.13831258644532,45.16006097560976,52.495378927911226,58.52731811481464,47.2845530254413,-1.4893684210526967,0.0098195488721803,0.01082706766917,0.3896917293233083,0.0035530075187969,-0.4600005639097773,-0.107586466165414,-0.0521804511278237,7.101112822123939,,4503.3,1.9733333333333327,95.70666666666666,90.88,4.589333333333333,1838.7,23.743333333333336,157.54666666666665,19.986667315165235,2192.3199869791665,11.040999999999698,0.0209999999999998,0.0229999999999851,-0.652000000000012,0.0483999999999994,7.399999999999872,-0.1520000000000017,0.7429999999999857,25.06000003814697,3.4239990234372906,0.0024987326417177,0.0794582539415961,-3,1,0,Trend Pullback,2.0,"5d%: -1.82%, MA20: -1.49, RSI: 50.6, VIX: 27.36, ATR: 0.0025, BBW: 0.08, Score: [-3, 1, 0], Dist: 2.00",Trend Pullback,2.0,Orderly Decline,2.449489742783178,0.4494897427831779,True,2022
2022-02-15,4429.28,4472.77,4429.28,4471.07,4430830000.0,2.03,2.06,2.02,2.05,0.0,96.24,96.29,95.96,95.99,0.0,94.83,95.17,90.66,92.07,442641.0,4.4935,4.552,4.4725,4.5315,52578.0,1873.8,1881.6,1845.4,1856.2,214880.0,28.09,28.09,25.33,25.7,0.0,155.4,156.56,155.23,156.43,2951740.0,-0.449999988079071,-0.449999988079071,-0.449999988079071,-0.449999988079071,0.0,2182.179931640625,2182.179931640625,2182.179931640625,2182.179931640625,0.0,-1.1162126178249077,5.128205128205132,0.3659556670849051,3.032676812891677,1.5803631472763868,1.5482247387712755,19.869402985074625,-0.527788375937932,-101.69363941756735,-0.517889221057033,-1.659943605467018,13.888888888888884,-0.414980807137677,4.387755102040813,2.198917456021654,3.036358590063837,17.030965391621123,-0.267771756455204,-100.5430191542954,-1.0766434445329989,57.607385079125805,66.66666666666666,44.44444444444448,62.50000000000001,50.9862522414824,58.74587458745872,38.73290136789057,60.8251996450754,58.16580255014928,50.27515828913358,1.64788721804498,0.0107067669172931,-0.0087142857142892,0.4314511278195475,0.004995864661654,0.4514278571427801,-0.1917744360902259,0.0915789473684168,8.703766903482883,,4430.46,2.0033333333333325,96.14666666666666,93.54333333333336,4.515000000000001,1855.9,27.13,155.27666666666667,-58.80666706959403,2176.36328125,-40.82800000000052,0.0129999999999998,0.2049999999999958,1.56399999999998,-0.0003500000000004,8.849999999999866,2.1179999999999986,-1.0960000000000112,-45.54100036621095,-7.923022460937796,-0.0091315948978657,0.0681634252802045,1,1,0,Trend Pullback,2.0,"5d%: -1.12%, MA20: +1.65, RSI: 57.6, VIX: 25.70, ATR: -0.0091, BBW: 0.07, Score: [1, 1, 0], Dist: 2.00",Trend Pullback,2.0,Steady Climb,2.23606797749979,0.2360679774997898,True,2022
2022-02-18,4384.57,4394.6,4327.22,4348.87,4708060000.0,1.96,1.96,1.92,1.93,0.0,95.83,96.17,95.73,96.04,0.0,91.63,92.66,89.03,91.07,150382.0,4.5,4.572,4.496,4.5195,52252.0,1901.4,1905.0,1888.0,1899.8,161745.0,26.66,29.71,26.38,27.75,0.0,154.01,155.12,152.85,153.55,3681859.0,-65.66000366210938,-65.66000366210938,-65.66000366210938,-65.66000366210938,0.0,2170.6298828125,2170.6298828125,2170.6298828125,2170.6298828125,0.0,-1.5789926312168578,-1.530612244897955,-0.041631973355527,-2.1804511278195493,0.2996005326231676,3.1322946636990423,1.4254385964912242,-1.139582796806582,15.192988880893644,-0.4193165626122153,-3.369825331683152,0.0,0.5865102639296182,-1.3432997508395772,0.7130919220055709,5.089058524173029,19.509043927648584,-1.399858729852932,28.44288934668906,-0.5967059808451691,38.32478776162058,61.53846153846154,43.09392265193376,57.02598652550527,65.25821596244131,85.26603001364248,55.56402439024391,44.9443638122884,46.672769834365305,41.52473243152686,3.688293233082708,0.0163157894736841,-0.032135338345866,0.4742330827067641,0.0069654135338344,2.902105263157856,-0.2573007518796997,0.2008421052631548,11.776503708622515,-0.057665648496264,4401.38,1.9833333333333327,95.84666666666668,92.16333333333334,4.526333333333333,1891.1,26.716666666666665,154.8766666666667,-16.850001017252566,2179.4999186197915,-0.3419999999998677,0.0069999999999998,-0.1230000000000061,-0.4480000000000016,0.0062999999999995,12.189999999999674,-0.2540000000000029,0.0489999999999654,21.22400016784669,1.83798828124996,-7.864111826747357e-05,0.07115155268874,1,-2,0,Volatile Chop,3.0,"5d%: -1.58%, MA20: +3.69, RSI: 38.3, VIX: 27.75, ATR: -0.0001, BBW: 0.07, Score: [1, -2, 0], Dist: 3.00",Volatile Chop,3.0,Orderly Decline,3.3166247903554,0.3166247903553998,True,2022
2022-02-22,4332.74,4362.12,4267.11,4304.76,5121900000.0,1.94,1.96,1.92,1.95,0.0,96.08,96.26,95.84,96.03,0.0,91.75,96.0,90.35,92.35,789041.0,4.5195,4.5195,4.51,4.51,818.0,1908.09998,1912.0,1890.80005,1906.09998,173.0,31.8,32.04,28.4,28.81,0.0,153.3,153.99,150.97,152.02,4534400.0,-33.90999984741211,-33.90999984741211,-33.90999984741211,-33.90999984741211,0.0,,,,,,-2.201664368296574,-2.500000000000002,-0.3528068901110348,-3.257909071862564,0.0554631170271768,1.9631956777575563,1.6943169784680467,-1.3369678089304229,-71.49701647518256,0.1610412990101561,-3.9945404304763454,1.5625,0.6603773584905603,1.1279018834866372,1.0644257703081197,4.627290591722466,26.027996500437432,-2.444972084964381,55.76480998795312,-0.7312762856845567,33.370016782678135,61.53846153846154,44.827586206896605,59.427532939572906,57.050092764378434,85.38565431470282,64.0196479738027,38.49452120057171,43.13188102716133,36.15252156291122,1.202676691729324,0.0148571428571427,-0.0376691729323319,0.430390977443607,0.0081672932330826,3.8969924812029872,-0.1849398496240603,0.1425714285714268,9.058556174918234,-0.2613870491659126,4344.630000000001,1.9499999999999995,95.95666666666666,91.72666666666667,4.5175,1902.6333266666668,28.223333333333333,153.23333333333335,-45.13666788736976,,-19.641000000000187,-0.0220000000000004,-0.0850000000000139,-0.9090000000000096,0.0015499999999997,10.65999999999967,0.1249999999999962,-0.336000000000027,7.122999495267878,0.1989990234371555,-0.004562623700276,0.0769662078923169,0,-2,0,Orderly Decline,2.449489742783178,"5d%: -2.20%, MA20: +1.20, RSI: 33.4, VIX: 28.81, ATR: -0.0046, BBW: 0.08, Score: [0, -2, 0], Dist: 2.45",Orderly Decline,2.449489742783178,Volatile Chop,2.8284271247461903,0.3789373819630124,True,2022
2022-02-23,4324.93,4341.51,4221.51,4225.5,4797430000.0,1.98,2.0,1.96,1.98,0.0,96.04,96.24,95.85,96.19,0.0,91.74,93.9,90.64,92.1,440574.0,4.51,4.5455,4.4495,4.484,51561.0,1901.2,1912.9,1891.1,1910.4,154843.0,28.04,31.07,27.2,31.02,0.0,153.01,153.43,149.49,149.67,4773700.0,-102.12000274658205,-102.12000274658205,-102.12000274658205,-102.12000274658205,0.0,2156.860107421875,2156.860107421875,2156.860107421875,2156.860107421875,0.0,-5.492421277233406,-3.414634146341456,0.2083550369830211,0.0325839035516528,-1.048218029350112,2.919943971554795,20.70038910505836,-4.3214217221760665,22593.334544852965,-1.160299563368905,-6.547326795737741,1.538461538461533,0.5750731911334128,3.066248880931055,0.5155794664873259,4.513376005251923,44.68283582089552,-4.826402136589092,-484.3432590120609,-1.6721797180552778,26.165898134563022,66.15384615384616,53.91849529780561,58.648648648648624,48.80715705765403,84.92672714584782,66.84270086759713,31.63082437275979,41.13364596910653,36.84038967148064,-1.6468195488722794,0.0132556390977443,-0.0395263157894754,0.3670225563909746,0.0074796992481202,5.0359395639097855,-0.079203007518797,0.0799097744360867,6.809977296196432,,4293.043333333334,1.953333333333333,96.08666666666666,91.84000000000002,4.504499999999999,1905.4333266666663,29.19333333333333,151.74666666666667,-67.2300020853678,,-45.87600000000021,-0.032,0.0419999999999933,-0.2030000000000072,-0.0060000000000004,12.809995999999854,0.9679999999999972,-1.2219999999999984,-18.353000414371493,,-0.0108569400070997,0.0876152598710559,-4,-2,0,Sharp Decline,2.23606797749979,"5d%: -5.49%, MA20: -1.65, RSI: 26.2, VIX: 31.02, ATR: -0.0109, BBW: 0.09, Score: [-4, -2, 0], Dist: 2.24",Sharp Decline,2.23606797749979,Orderly Decline,2.449489742783178,0.21342176528338808,True,2022
2022-02-24,4155.77,4294.73,4114.65,4288.7,6752130000.0,1.88,1.97,1.86,1.97,0.0,96.22,97.74,96.22,97.14,0.0,92.52,100.54,91.45,92.81,872244.0,4.4625,4.585,4.442,4.456,50571.0,1911.9,1976.5,1878.6,1926.3,423048.0,37.5,37.79,29.45,30.32,0.0,146.54,151.27,146.12,151.1,8030904.0,-51.7400016784668,-51.7400016784668,-51.7400016784668,-51.7400016784668,0.0,2161.72998046875,2161.72998046875,2161.72998046875,2161.72998046875,0.0,-4.16334265174827,-3.902439024390236,1.5047021943573655,-0.9075379030535902,-1.7744957566405817,2.928132514026172,24.825030876904087,-3.7273016884358015,-201.550541518543,-1.3215052894648085,-6.506829904211308,2.0725388601036343,1.7279296261388577,3.5132723622574247,-3.183052688756105,4.884024828487421,51.903807615230455,-5.515257628814407,-148.206466780751,-2.015681791648294,36.79438023005236,61.66666666666666,74.58100558659207,56.076555023923454,48.51778656126485,89.93464052287577,61.96392785571143,39.034482758620655,50.35921689594646,45.22446343746749,-6.31772932330833,0.0123984962406014,-0.038789473684211,0.3226466165413527,0.0068661654135337,6.309999744360863,0.0796390977443599,-0.0360375939849617,3.4523907785577044,,4272.986666666667,1.966666666666666,96.45333333333332,92.42000000000002,4.483333333333333,1914.26666,30.05,150.92999999999998,-62.590001424153606,,-57.45200000000034,-0.016,0.1209999999999889,-0.2530000000000067,-0.0118000000000001,8.189997999999614,1.4159999999999977,-1.6670000000000111,-30.42100067138672,,-0.0133961340266281,0.0912474082266663,-4,-2,0,Sharp Decline,2.23606797749979,"5d%: -4.16%, MA20: -6.32, RSI: 36.8, VIX: 30.32, ATR: -0.0134, BBW: 0.09, Score: [-4, -2, 0], Dist: 2.24",Sharp Decline,2.23606797749979,Orderly Decline,2.449489742783178,0.21342176528338808,True,2022
2022-02-25,4298.38,4385.34,4286.83,4384.65,5177060000.0,2.0,2.01,1.96,1.99,0.0,97.0,97.22,96.52,96.62,0.0,93.32,95.64,90.06,91.59,523793.0,4.5075,4.5285,4.456,4.485,57823.0,1906.5,1925.0,1884.4,1887.6,229780.0,31.68,32.0,26.93,27.59,0.0,151.48,155.18,151.46,155.16,6433347.0,73.88999938964844,73.88999938964844,73.88999938964844,73.88999938964844,0.0,2179.780029296875,2179.780029296875,2179.780029296875,2179.780029296875,0.0,0.1002223612296848,1.015228426395942,0.8559498956158818,-0.1852659110723631,-0.8401503426928913,-0.7570977917981114,-1.849875489149766,0.6682670472977437,-306.1662920621195,0.1189647187581632,-2.6515958863963407,-1.970443349753681,1.1198325484039762,1.90253671562084,-3.745037021139608,2.7321214759986834,15.39104976997072,-1.4231257941550224,667.2897041698344,-0.5116390758271305,42.64235282165896,55.76923076923078,64.24999999999996,48.20717131474104,49.758919961427246,71.22340425531911,58.22975517890773,48.88975457732763,56.59857460038938,53.85991893112576,-9.991812030075298,0.0122030075187969,-0.0163157894736852,0.3062706766917281,0.006827819548872,7.364135112781896,0.2413233082706764,-0.1463007518797071,1.1620976001248364,,4299.616666666667,1.9799999999999995,96.65000000000002,92.16666666666669,4.4750000000000005,1908.1,29.64333333333333,151.97666666666666,-26.65666834513343,2166.123372395833,-30.64900000000056,0.0049999999999997,0.282999999999989,0.3129999999999889,-0.0169499999999999,5.919999999999777,0.7689999999999978,-0.9940000000000332,-6.826000213623049,,-0.0069900676222732,0.0888226378261635,-2,0,0,Trend Pullback,1.4142135623730951,"5d%: +0.10%, MA20: -9.99, RSI: 42.6, VIX: 27.59, ATR: -0.0070, BBW: 0.09, Score: [-2, 0, 0], Dist: 1.41",Trend Pullback,1.4142135623730951,Orderly Decline,1.4142135623730951,0.0,True,2022
2022-03-02,4322.56,4401.48,4322.56,4386.54,5337870000.0,1.78,1.87,1.77,1.87,0.0,97.37,97.83,97.29,97.39,0.0,107.12,112.51,105.18,110.6,651853.0,4.571,4.705,4.5525,4.6655,79624.0,1945.3,1951.4,1916.0,1922.3,227975.0,34.2,34.41,30.12,30.74,0.0,152.49,155.46,152.46,154.83,5611903.0,103.25,103.25,103.25,103.25,0.0,2184.219970703125,2184.219970703125,2184.219970703125,2184.219970703125,0.0,3.811146609868654,-5.5555555555555465,1.2475309283709324,20.086862106406087,4.047725245316669,0.6229061976549266,-0.9026434558349504,3.4475846863099013,-201.10653860460823,1.2685043034132537,-1.890598894671736,-8.780487804878035,1.458485258881148,20.12599109373303,2.9570782301665988,3.561038681176587,19.61089494163424,-1.0228217093907754,-23044.44505226467,0.0934862901505129,37.85736764385482,46.66666666666668,71.88940092165903,79.21316964285714,55.32094594594593,68.08780075981426,67.05696202531645,40.99752387690135,49.78167798813327,46.83370775091471,-14.447586466165564,0.0023157894736841,0.0664887218045087,0.3723007518796987,0.0012872180451127,7.182180315789464,0.5364962406015031,-0.3013157894736906,-1.3160452377975442,,4355.580000000001,1.806666666666666,97.17,103.24333333333334,4.572166666666667,1922.2666666666664,31.40333333333333,153.56,57.99333318074548,2177.2032877604165,24.676000000000045,-0.067,0.2009999999999899,2.552999999999993,0.0223499999999995,4.119999999999832,0.4429999999999992,0.7009999999999943,34.248000717163094,4.189965820312346,0.0056253903988109,0.0895642149050212,0,-2,0,Orderly Decline,2.449489742783178,"5d%: +3.81%, MA20: -14.45, RSI: 37.9, VIX: 30.74, ATR: 0.0056, BBW: 0.09, Score: [0, -2, 0], Dist: 2.45",Orderly Decline,2.449489742783178,Volatile Chop,2.8284271247461903,0.3789373819630124,True,2022
2022-03-07,4327.01,4327.01,4199.85,4201.09,6940470000.0,1.77,1.81,1.72,1.75,0.0,98.57,99.42,98.57,99.29,0.0,121.33,130.5,115.54,119.4,576022.0,4.92,5.0395,4.668,4.731,96666.0,1978.5,2007.5,1964.2,1995.9,372185.0,35.88,36.55,32.59,36.45,0.0,153.14,153.35,149.22,149.33,4467123.0,-92.93000030517578,-92.93000030517578,-92.93000030517578,-92.93000030517578,0.0,2152.469970703125,2152.469970703125,2152.469970703125,2152.469970703125,0.0,-3.951814611082904,-4.891304347826086,2.66776962051496,24.73882156289178,6.207206195981585,5.008681012258642,20.89552238805972,-3.189627228525116,-269.08661181442864,-1.1463037489658046,-3.39812411040109,-9.32642487046632,3.384006663890049,31.107938948061943,4.679721208098231,5.058427202863469,31.351351351351365,-2.7482904591338286,41.532127813150254,-0.8366194648460779,37.86011717426039,35.63218390804599,77.23880597014927,76.7785234899329,63.01688992428654,72.77637738566796,63.78139850644943,41.49659863945578,51.43981955319597,49.63211303020326,-11.491120300751993,-0.0091203007518797,0.1333157894736828,0.9375639097744334,0.0104041353383457,7.250526270676642,0.5515789473684205,-0.2361052631578982,2.715165349370556,,4297.816666666667,1.7699999999999996,98.57666666666668,114.25,4.816666666666666,1966.1333333333328,32.970000000000006,152.47333333333333,-12.22333383560177,2166.6200358072915,-3.291000000000763,-0.011,0.425999999999998,4.4179999999999975,0.1150999999999996,12.389999999999796,0.0819999999999989,0.1570000000000052,-6.994999980926518,-0.8569580078124431,-0.0007833681258913,0.0903132507588515,-4,-2,0,Sharp Decline,2.23606797749979,"5d%: -3.95%, MA20: -11.49, RSI: 37.9, VIX: 36.45, ATR: -0.0008, BBW: 0.09, Score: [-4, -2, 0], Dist: 2.24",Sharp Decline,2.23606797749979,Orderly Decline,2.449489742783178,0.21342176528338808,True,2022
2022-03-08,4202.66,4276.94,4157.87,4170.7,7243120000.0,1.85,1.88,1.84,1.87,0.0,99.24,99.32,98.71,99.06,0.0,120.67,129.44,117.07,123.7,583106.0,4.745,4.967,4.603,4.71,89595.0,2001.0,2078.8,1985.8,2043.3,447651.0,36.19,37.52,32.78,35.13,0.0,149.64,151.77,148.24,148.26,5654907.0,-66.33000183105469,-66.33000183105469,-66.33000183105469,-66.33000183105469,0.0,2153.6201171875,2153.6201171875,2153.6201171875,2153.6201171875,0.0,-3.1479752732069266,9.35672514619883,1.693871265783797,19.620926409438155,2.4692700968127923,5.118839386768181,5.432172869147656,-2.2031662269129337,-520.6087501944237,-0.7530020850219143,-3.114227041693396,-4.102564102564099,3.155263980006251,33.946940985381715,4.434589800443467,7.197944569518322,21.936827490454714,-2.4733587685830893,95.60602220444056,-0.7836327031009227,30.91943946843517,40.42553191489364,79.46257197696747,84.67441350581014,60.43249561659847,79.99358768836163,66.74955595026643,34.67166979362101,45.94514741443235,43.18118375910601,-12.82872932330826,-0.0116766917293233,0.1608721804511261,1.2262481203007498,0.0117511278195488,7.657669157894739,0.6158571428571428,-0.2955338345864698,0.6405413145857646,,4233.553333333334,1.7799999999999996,99.0,119.59333333333336,4.792833333333333,2001.9333333333327,34.52,150.39,-53.26000070571896,2158.316731770833,-26.80100000000094,-0.007,0.5019999999999932,3.705999999999992,0.0541,14.849999999999865,0.7500000000000009,-0.5789999999999987,-32.117000150680546,-5.033984375000097,-0.0064260196130148,0.0983296487365772,-4,-2,0,Sharp Decline,2.23606797749979,"5d%: -3.15%, MA20: -12.83, RSI: 30.9, VIX: 35.13, ATR: -0.0064, BBW: 0.10, Score: [-4, -2, 0], Dist: 2.24",Sharp Decline,2.23606797749979,Orderly Decline,2.449489742783178,0.21342176528338808,True,2022
2022-03-09,4223.1,4299.4,4223.1,4277.88,5662670000.0,1.91,1.95,1.9,1.95,0.0,99.12,99.12,97.85,97.97,0.0,124.66,126.84,103.63,108.7,594773.0,4.7105,4.7885,4.553,4.5725,60807.0,2060.2,2068.5,1981.0,1988.2,360345.0,33.74,34.12,31.39,32.45,0.0,150.91,152.27,150.5,151.4,4120120.0,39.810001373291016,39.810001373291016,39.810001373291016,39.810001373291016,0.0,2168.25,2168.25,2168.25,2168.25,0.0,-2.4771231996060683,4.278074866310155,0.5955436903172684,-1.717902350813738,-1.9933554817275767,3.4281849867346503,5.562784645413155,-2.2153329458115434,-61.44309794354381,-0.7311521237480578,1.2396166134185371,-1.5151515151515138,1.8505042104168807,18.02388707926168,1.9736842105263053,4.072445561139015,4.6099290780141855,1.15587626110778,-138.98354906245189,0.5280774835109581,38.92963441343291,45.09803921568628,68.8851913477537,62.74144357844799,51.82186234817812,66.59084446971852,63.86811692726037,40.51930304065601,49.35762892323746,46.22091536691384,-14.413248120300883,-0.012406015037594,0.178150375939847,1.5199924812030043,0.0120372180451127,8.680150390977396,0.6356992481203007,-0.3590451127819578,-0.5277895309423134,,4216.556666666667,1.8566666666666665,98.77333333333335,117.2666666666667,4.671166666666666,2009.1333333333328,34.67666666666667,149.66333333333333,-39.81666692097978,2158.1133626302085,-59.40800000000071,-0.0090000000000002,0.4839999999999939,3.7930000000000064,0.0038499999999993,30.199999999999783,1.4749999999999956,-1.8319999999999967,-48.88700027465822,-8.725976562500382,-0.0138872525643544,0.0948480937854895,-4,-2,0,Sharp Decline,2.23606797749979,"5d%: -2.48%, MA20: -14.41, RSI: 38.9, VIX: 32.45, ATR: -0.0139, BBW: 0.09, Score: [-4, -2, 0], Dist: 2.24",Sharp Decline,2.23606797749979,Orderly Decline,2.449489742783178,0.21342176528338808,True,2022
2022-04-22,4385.83,4385.83,4267.62,4271.78,4651940000.0,2.93,2.94,2.86,2.91,0.0,100.62,101.33,100.47,101.22,0.0,104.07,104.22,101.06,102.07,246116.0,4.679,4.7065,4.57,4.5815,48917.0,1953.1,1957.8,1928.0,1934.3,176681.0,22.71,28.27,22.62,28.21,0.0,156.07,156.16,152.27,152.39,3873011.0,-151.94000244140625,-151.94000244140625,-151.94000244140625,-151.94000244140625,0.0,2142.77001953125,2142.77001953125,2142.77001953125,2142.77001953125,0.0,-2.7503135963065195,2.826855123674909,0.8971291866028741,-4.562879850397394,-3.0062453689001734,-2.055800293685761,24.273127753303967,-2.018903105510206,111.08640643981072,-0.8339551370325826,-5.075985342906231,9.811320754717002,1.473684210526316,6.289701135061954,-2.510905415469722,-0.1806171947569379,30.904872389791183,-2.6635155850792125,91.79500138873856,-1.3784542681854584,28.07640622000397,80.45977011494253,78.46153846153842,53.50175087543771,43.40320591861896,53.39308578745195,69.11764705882354,34.778067885117466,32.88411397800553,19.693628193898903,-10.29103007518814,0.0320300751879698,0.1347969924812002,-0.2798270676691741,-0.0016530075187971,1.6454135338345208,0.1422030075187967,-0.1289774436090291,-11.80233834739915,,4374.963333333334,2.8899999999999992,100.73,102.87,4.645833333333333,1946.033333333333,23.736666666666668,156.00333333333333,-41.13333511352536,2161.8966471354165,6.98999999999984,0.0159999999999998,0.0129999999999864,-1.178000000000013,-0.0189000000000003,-8.420000000000101,-0.189000000000004,0.6019999999999688,17.76000061035158,,0.0016363202224833,0.0794123861172625,-4,-2,0,Sharp Decline,2.23606797749979,"5d%: -2.75%, MA20: -10.29, RSI: 28.1, VIX: 28.21, ATR: 0.0016, BBW: 0.08, Score: [-4, -2, 0], Dist: 2.24",Sharp Decline,2.23606797749979,Orderly Decline,2.449489742783178,0.21342176528338808,True,2022
2022-04-25,4255.34,4299.02,4200.82,4296.12,5240040000.0,2.84,2.84,2.76,2.83,0.0,101.12,101.86,101.04,101.75,0.0,101.38,101.55,95.28,98.54,328153.0,4.5815,4.6055,4.4065,4.449,59412.0,1931.9,1935.5,1891.8,1896.0,231494.0,30.04,31.6,26.8,27.02,0.0,151.5,153.03,149.41,152.85,3456600.0,-127.58999633789062,-127.58999633789062,-127.58999633789062,-127.58999633789062,0.0,2143.050048828125,2143.050048828125,2143.050048828125,2143.050048828125,0.0,-2.176155420806103,-1.0489510489510412,0.9624925580472344,-8.936327511320574,-7.35110370678883,-4.550946435763192,21.87640956247179,-1.5141752577319534,166.3674160197211,-0.8209955578132866,-4.281372819877549,4.428044280442811,1.9539078156312728,0.2849582739670175,-5.8412698412698365,-2.5493421052631526,27.69376181474479,-2.575052584613413,45.817138671875,-1.1954896713717522,26.615957168973694,72.82608695652175,79.23728813559319,44.0,30.45267489711925,39.68512486427797,68.71953921134248,35.18422418266735,34.970107362434845,18.866816755297805,-13.056503759398629,0.0319323308270676,0.1473157894736832,-0.1501052631578968,-0.0033988721804512,1.6345112781954552,0.2488195488721799,-0.2053684210526373,-12.37390988751462,,4320.52,2.8866666666666663,101.18333333333334,101.46666666666668,4.578166666666667,1926.1666666666667,25.97,153.96666666666667,-107.4433326721191,2149.4500325520835,-30.83700000000053,0.0109999999999998,0.050000000000005,-1.1050000000000135,-0.0455000000000003,-11.500000000000206,1.3389999999999975,-0.6910000000000083,-27.53200016021728,,-0.007177872126477,0.0866378559142287,-4,-2,0,Sharp Decline,2.23606797749979,"5d%: -2.18%, MA20: -13.06, RSI: 26.6, VIX: 27.02, ATR: -0.0072, BBW: 0.09, Score: [-4, -2, 0], Dist: 2.24",Sharp Decline,2.23606797749979,Orderly Decline,2.449489742783178,0.21342176528338808,True,2022
2022-04-26,4278.14,4278.14,4175.04,4175.2,4689970000.0,2.76,2.78,2.72,2.77,0.0,101.73,102.36,101.51,102.3,0.0,98.64,102.78,97.06,101.7,351850.0,4.477,4.5245,4.383,4.441,33060.0,1899.8,1912.2,1896.3,1904.1,166199.0,27.38,33.81,27.06,33.52,0.0,151.94,152.21,149.13,149.19,2998400.0,-219.4900054931641,-219.4900054931641,-219.4900054931641,-219.4900054931641,0.0,2124.18994140625,2124.18994140625,2124.18994140625,2124.18994140625,0.0,-6.432014629522143,-4.810996563573888,1.3272583201267896,-0.8385335413416573,-5.871131835523535,-2.802450229709041,56.85540477304634,-5.546058879392213,-998.076925928461,-2.1773282584960474,-5.378547001380163,-0.3597122302158251,2.371660162113476,7.8587336939230035,-4.164868364264141,-2.263627964274717,37.54616331555192,-3.9776018536397006,52.92273905099752,-1.545746408059312,24.119874563635378,62.65060240963855,79.5407098121085,49.68553459119498,29.053254437869768,43.702906350914944,73.46862081924088,31.920903954802256,36.44209527491352,18.69056809836745,-14.739180451128014,0.0322030075187969,0.1640676691729303,-0.0307368421052647,-0.0074902255639098,0.9921052631578778,0.315022556390977,-0.2514360902255638,-12.37331578785316,,4247.7,2.836666666666666,101.75666666666666,100.77000000000002,4.4905,1911.4666666666665,29.58333333333333,151.47666666666666,-166.3400014241536,2136.6700032552085,-51.98500000000041,-0.0090000000000004,0.2410000000000089,-0.8720000000000211,-0.0608500000000005,-14.73000000000014,1.918999999999999,-1.677000000000019,-52.73399925231934,-9.445971679687569,-0.0124509005556621,0.1021495731801524,-4,-2,0,Sharp Decline,2.23606797749979,"5d%: -6.43%, MA20: -14.74, RSI: 24.1, VIX: 33.52, ATR: -0.0125, BBW: 0.10, Score: [-4, -2, 0], Dist: 2.24",Sharp Decline,2.23606797749979,Orderly Decline,2.449489742783178,0.21342176528338808,True,2022
2022-04-27,4186.52,4240.71,4162.9,4183.96,4769680000.0,2.75,2.82,2.73,2.82,0.0,102.28,103.28,102.22,102.95,0.0,101.76,102.99,99.8,102.02,278781.0,4.3915,4.487,4.3915,4.4565,24293.0,1907.4,1908.1,1881.6,1888.7,178197.0,31.11,32.77,29.82,31.6,0.0,149.53,151.03,148.57,149.47,3588900.0,-202.1999969482422,-202.1999969482422,-202.1999969482422,-202.1999969482422,0.0,2121.889892578125,2121.889892578125,2121.889892578125,2121.889892578125,0.0,-6.17766764959804,-0.7042253521126751,2.5500547863333,-0.7104622871046296,-4.20249355116079,-3.4209449785232104,55.51181102362206,-5.970055359838955,-383.4314652758795,-2.683006383359665,-4.854859066049633,3.296703296703285,2.652308305912854,1.4115308151093409,-5.372120182609619,-4.422853094479018,30.2555647155812,-3.474329996771064,65.56128837756393,-1.6131294473554325,26.812103053852155,62.65060240963855,81.5442561205273,58.05733370442527,32.48288736776598,41.26016260162605,67.29788783685359,34.05692233478048,41.70007090480357,20.41565350933324,-17.265421052631616,0.0309473684210525,0.1886766917293199,0.0315037593984926,-0.0108943609022558,0.3255639097744467,0.4461127819548868,-0.3345939849624101,-13.571293253289134,,4218.426666666666,2.806666666666666,102.33333333333331,100.75333333333334,4.448833333333334,1896.2666666666664,30.71333333333334,150.50333333333333,-183.09333292643225,2129.7099609375,-66.60400000000043,-0.0230000000000001,0.4989999999999979,-0.7350000000000023,-0.0677000000000007,-15.520000000000197,3.0739999999999994,-2.3350000000000226,-66.64500007629397,-13.18798828125007,-0.0159188902379564,0.1082078907016831,-4,-2,0,Sharp Decline,2.23606797749979,"5d%: -6.18%, MA20: -17.27, RSI: 26.8, VIX: 31.60, ATR: -0.0159, BBW: 0.11, Score: [-4, -2, 0], Dist: 2.24",Sharp Decline,2.23606797749979,Orderly Decline,2.449489742783178,0.21342176528338808,True,2022
2022-04-28,4222.58,4308.45,4188.63,4287.5,4854180000.0,2.87,2.89,2.84,2.86,0.0,103.04,103.93,102.98,103.62,0.0,102.11,105.68,100.13,105.36,312064.0,4.4645,4.4935,4.3865,4.4335,50922.0,1886.8,1897.8,1870.9,1891.3,170910.0,29.91,32.0,28.0,29.99,0.0,150.74,152.71,148.73,152.07,4006200.0,-71.27999877929688,-71.27999877929688,-71.27999877929688,-71.27999877929688,0.0,2138.27001953125,2138.27001953125,2138.27001953125,2138.27001953125,0.0,-2.416208809967091,-2.0547945205479423,3.022469675879913,1.5126698140475847,-5.750425170068008,-2.92064469766965,32.23104056437389,-2.9299119111451555,66.542056191383,-1.121834584350856,-3.577797818103312,6.31970260223047,3.744493392070503,1.0647482014388476,-5.910441426145995,-4.70600090693808,37.442713107241055,-2.892720306513408,152.497343022097,-1.429961829569637,35.336614688891686,62.65060240963855,83.1903945111492,61.94010749936013,33.12182741116752,37.41201949106658,64.79663394109396,40.175054704595176,50.464642813003294,31.42959900021297,-18.179060150376,0.0287067669172932,0.2068496240601481,0.0775639097744314,-0.0135624060150376,-0.9430827067669668,0.5173609022556391,-0.3582406015037628,-12.532887140073278,,4215.553333333333,2.816666666666666,102.95666666666666,103.02666666666669,4.443666666666667,1894.7,31.703333333333337,150.2433333333333,-164.32333374023435,2128.116617838541,-51.59800000000045,-0.0340000000000004,0.581999999999996,-0.391000000000018,-0.0635500000000002,-14.920000000000297,2.314999999999999,-1.7580000000000255,-38.6349998474121,-9.986035156250002,-0.0120345189504374,0.1052956860303375,-4,-2,0,Sharp Decline,2.23606797749979,"5d%: -2.42%, MA20: -18.18, RSI: 35.3, VIX: 29.99, ATR: -0.0120, BBW: 0.11, Score: [-4, -2, 0], Dist: 2.24",Sharp Decline,2.23606797749979,Orderly Decline,2.449489742783178,0.21342176528338808,True,2022
2022-04-29,4253.75,4269.68,4124.28,4131.93,5084030000.0,2.85,2.93,2.85,2.89,0.0,103.67,103.67,102.82,102.96,0.0,105.17,107.99,103.78,104.69,294386.0,4.444,4.512,4.3715,4.4085,49489.0,1895.8,1921.3,1893.5,1911.7,177136.0,28.97,34.34,28.54,33.4,0.0,151.42,152.27,147.19,147.45,4108000.0,-158.64999389648438,-158.64999389648438,-158.64999389648438,-158.64999389648438,0.0,2120.320068359375,2120.320068359375,2120.320068359375,2120.320068359375,0.0,-3.27381091722887,-0.6872852233676952,1.7190278601066922,2.56686587635937,-3.776055876896212,-1.168381326578083,18.397731300957098,-3.241682525100076,4.416211232894862,-1.047706985222152,-5.934084446761478,2.1201413427561766,2.631578947368429,-2.1131369798971567,-6.66878374087011,-3.200162033520681,47.13656387665197,-5.195139201440247,120.40842803211976,-1.8729247160304217,29.495367972840853,61.25000000000001,74.5341614906831,58.57104772060784,29.904761904761884,41.40902179422202,69.40393151553582,32.60869565217395,46.18911460130711,28.138907377093417,-17.400676691729377,0.0257744360902255,0.2181203007518777,0.2312030075187951,-0.0158383458646618,-1.716090225563938,0.5533007518796986,-0.3466466165413567,-10.00481948744982,,4201.13,2.856666666666666,103.17666666666666,104.02333333333335,4.432833333333334,1897.233333333333,31.66333333333333,149.66333333333333,-144.04332987467444,2126.82666015625,-8.072000000000157,-0.0110000000000005,0.5999999999999922,1.0059999999999925,-0.0288500000000003,-9.330000000000236,0.8139999999999982,-0.4020000000000077,8.671000671386732,-3.016015625000181,-0.00195356649314,0.1167360075684513,-4,-2,0,Sharp Decline,2.23606797749979,"5d%: -3.27%, MA20: -17.40, RSI: 29.5, VIX: 33.40, ATR: -0.0020, BBW: 0.12, Score: [-4, -2, 0], Dist: 2.24",Sharp Decline,2.23606797749979,Orderly Decline,2.449489742783178,0.21342176528338808,True,2022
2022-05-02,4130.61,4169.81,4062.51,4155.38,5163790000.0,2.92,3.0,2.91,3.0,0.0,103.21,103.75,103.11,103.74,0.0,104.0,105.94,100.28,105.17,261878.0,4.393,4.404,4.204,4.268,47298.0,1896.2,1900.4,1853.4,1863.6,193825.0,33.35,36.64,31.74,32.34,0.0,147.6,148.83,144.74,147.85,5308800.0,-151.85000610351562,-151.85000610351562,-151.85000610351562,-151.85000610351562,0.0,2116.68994140625,2116.68994140625,2116.68994140625,2116.68994140625,0.0,-3.2759792557004896,6.0070671378091856,1.955773955773954,6.728232189973604,-4.068329961789163,-1.70886075949368,19.689119170984483,-3.2711808963035605,19.014037512297087,-1.2300276158407677,-5.380844276349183,4.895104895104896,2.9370906925977325,-2.809352185565095,-11.12036651395252,-6.182037857430533,45.87280108254399,-4.735824742268036,217.0146164222473,-2.0409247015681253,34.2558011387988,63.0952380952381,76.86882933709435,65.99059376837155,28.13620071684582,32.578253706754495,63.559033684926845,35.54957724827058,49.52956036188081,29.856982254958297,-19.50858646616541,0.0220451127819548,0.2194060150375914,0.2599172932330808,-0.0179868421052633,-1.8890977443609107,0.6413458646616541,-0.4237142857142895,-9.384007348870878,,4191.6033333333335,2.916666666666666,103.44,105.07333333333334,4.37,1888.8666666666663,31.91,149.1233333333333,-127.25999959309893,2125.0933430989585,-21.60800000000021,0.0209999999999997,0.3739999999999981,1.5959999999999877,-0.0088499999999999,1.859999999999825,0.9229999999999944,-0.792000000000014,8.609001159667992,-3.1379882812502164,-0.0052000057756451,0.1217087666128093,-4,-2,0,Sharp Decline,2.23606797749979,"5d%: -3.28%, MA20: -19.51, RSI: 34.3, VIX: 32.34, ATR: -0.0052, BBW: 0.12, Score: [-4, -2, 0], Dist: 2.24",Sharp Decline,2.23606797749979,Orderly Decline,2.449489742783178,0.21342176528338808,True,2022
2022-05-05,4270.43,4270.43,4106.01,4146.87,5077030000.0,2.94,3.11,2.93,3.07,0.0,102.68,103.94,102.35,103.75,0.0,107.58,111.37,106.45,108.26,286916.0,4.367,4.44,4.2765,4.2915,61503.0,1884.1,1910.7,1872.3,1875.7,218392.0,25.97,33.2,25.78,31.2,0.0,151.91,152.15,147.18,148.61,5450600.0,-80.06999969482422,-80.06999969482422,-80.06999969482422,-80.06999969482422,0.0,2122.239990234375,2122.239990234375,2122.239990234375,2122.239990234375,0.0,-3.280000000000005,7.342657342657333,0.1254584057131857,2.75246772968869,-3.2028871095071687,-0.824829482366618,4.034678226075372,-2.2752679686986133,12.33165132724494,-0.7496728266521258,-5.616957161000169,5.13698630136985,3.151720023861615,4.306773292224686,-8.769132653061218,-3.721383841494708,37.56613756613756,-5.138516532618398,87.0794418741287,-1.8630973219641245,37.67109541203388,64.28571428571428,70.94017094017099,52.18551885218552,25.00000000000003,26.62582469368519,60.993274702534926,39.40600122473978,49.61962723086951,34.12041164111497,-17.90233834586479,0.0143233082706766,0.2274285714285704,0.3865338345864648,-0.0254906015037594,-5.040977443609066,0.5661578947368416,-0.4436766917293278,-1.2281654142795626,,4207.506666666667,2.9833333333333325,103.27,106.16,4.304166666666666,1871.7,28.62333333333333,150.29999999999998,-34.45666758219397,2130.333333333333,6.888999999999651,0.0189999999999998,-0.1550000000000156,0.261999999999985,-0.0316500000000004,-8.610000000000204,-1.3290000000000002,0.3919999999999756,33.10499877929687,1.5899902343746717,0.0016612529449921,0.1169882492382409,-4,-2,0,Sharp Decline,2.23606797749979,"5d%: -3.28%, MA20: -17.90, RSI: 37.7, VIX: 31.20, ATR: 0.0017, BBW: 0.12, Score: [-4, -2, 0], Dist: 2.24",Sharp Decline,2.23606797749979,Orderly Decline,2.449489742783178,0.21342176528338808,True,2022
2022-05-09,4081.27,4081.27,3975.48,3991.24,5954520000.0,3.16,3.17,3.07,3.08,0.0,103.66,104.19,103.39,103.65,0.0,110.43,110.49,102.13,103.09,368183.0,4.238,4.245,4.124,4.1935,68326.0,1883.7,1885.6,1851.0,1858.6,218821.0,31.9,35.48,31.9,34.75,0.0,145.27,145.77,142.32,142.88,4993600.0,-232.8600006103516,-232.8600006103516,-232.8600006103516,-232.8600006103516,0.0,2091.719970703125,2091.719970703125,2091.719970703125,2091.719970703125,0.0,-3.950059922317584,2.6666666666666616,-0.0867553499132367,-1.977750309023485,-1.7455482661668076,-0.2682979180081535,7.452071737786015,-3.36151504903619,53.34869361257169,-1.179670683677736,-7.096636034375203,8.833922261484094,1.8673218673218803,4.617414248021112,-5.742863564846024,-1.9725738396624504,28.60843819393041,-6.522734707229305,82.5064717406836,-2.3951880243332946,28.21056137980809,59.99999999999999,67.58169934640532,50.84799999999999,17.198248905566004,25.46432062561091,65.5944055944056,28.6604361370717,38.51134131072783,28.50755067558676,-18.50550375939853,0.0152180451127819,0.2359398496240581,0.3724060150375908,-0.0286590225563909,-6.311353383458724,0.5690601503759395,-0.5151954887218091,-1.5713157668149544,,4087.15,3.0899999999999994,103.68666666666668,107.04000000000002,4.250666666666667,1872.3666666666663,32.04666666666666,146.24666666666667,-146.67333221435544,2108.3400065104165,-9.268999999999926,0.0349999999999997,0.0119999999999981,1.504999999999992,0.0006499999999992,4.349999999999703,-0.235000000000003,-0.1659999999999998,4.589002227783213,-1.377978515625235,-0.0023223359156552,0.1282233597980711,-4,-2,0,Sharp Decline,2.23606797749979,"5d%: -3.95%, MA20: -18.51, RSI: 28.2, VIX: 34.75, ATR: -0.0023, BBW: 0.13, Score: [-4, -2, 0], Dist: 2.24",Sharp Decline,2.23606797749979,Orderly Decline,2.449489742783178,0.21342176528338808,True,2022
2022-05-10,4035.18,4068.82,3958.17,4001.05,5885820000.0,2.98,2.99,2.97,2.99,0.0,103.73,103.98,103.5,103.92,0.0,102.65,104.16,98.86,99.76,389750.0,4.196,4.258,4.1285,4.1545,57707.0,1853.9,1864.7,1834.5,1841.0,260811.0,33.66,34.84,32.24,32.99,0.0,144.73,145.33,140.66,142.51,5322136.0,-211.83999633789065,-211.83999633789065,-211.83999633789065,-211.83999633789065,0.0,2089.260009765625,2089.260009765625,2089.260009765625,2089.260009765625,0.0,-4.177483786295211,1.013513513513531,0.434908669179479,-2.587637925983788,-3.000233481204784,-1.5823799850315343,12.786324786324798,-4.400617159723619,177.13237777598567,-1.6707769271276818,-4.171057673883882,7.942238267148016,1.5835777126099737,-1.907571288102261,-6.451249718531871,-3.313901580799328,-1.581145584725541,-4.477511897580266,-3.485356491784175,-1.6443883364545495,28.929562963099187,58.620689655172434,74.0136054421769,45.65280604826986,17.799352750809064,23.811700182815343,64.52648475120385,26.27631958465533,37.05664083297766,24.554720561930097,-20.082135338345925,0.0156616541353382,0.2323834586466147,0.2846240601503724,-0.0303834586466166,-6.883984962406023,0.5981052631578946,-0.5944812030075212,-3.630218028305167,,4038.5433333333335,3.063333333333333,103.74333333333334,104.20666666666668,4.205,1860.8,32.64333333333333,144.21333333333334,-190.5966644287109,2097.3466796875,-54.53100000000071,0.0439999999999998,0.1429999999999874,0.331999999999984,-0.0250000000000007,-1.0000000000001146,1.5769999999999988,-1.8350000000000173,-49.306999206542976,-9.902001953125254,-0.0136291723422603,0.1378223101419203,-4,-2,0,Sharp Decline,2.23606797749979,"5d%: -4.18%, MA20: -20.08, RSI: 28.9, VIX: 32.99, ATR: -0.0136, BBW: 0.14, Score: [-4, -2, 0], Dist: 2.24",Sharp Decline,2.23606797749979,Orderly Decline,2.449489742783178,0.21342176528338808,True,2022
2022-05-11,3990.08,4049.09,3928.82,3935.18,5816140000.0,2.95,3.08,2.91,2.92,0.0,103.9,104.11,103.37,103.85,0.0,99.0,106.44,98.2,105.71,382701.0,4.155,4.25,4.1485,4.209,54179.0,1836.6,1857.8,1830.6,1853.7,243561.0,32.87,34.39,30.69,32.56,0.0,142.49,144.87,140.52,140.67,3826000.0,-236.75,-236.75,-236.75,-236.75,0.0,2079.610107421875,2079.610107421875,2079.610107421875,2079.610107421875,0.0,-8.487803970540709,0.0,1.2281898820547754,-1.9478712549856336,-2.973720608575392,-0.8080051369863006,28.08811959087334,-8.190836705390947,-545.5212697012533,-3.003259915024492,-5.946041549154391,3.546099290780136,0.8742107819329714,3.616937855322489,-5.553685627734783,-1.8531264891195047,3.037974683544298,-5.887469057335926,17.087044299314048,-1.992553209482495,28.927435515599456,50.0,72.61410788381738,52.44274809160304,18.06451612903232,28.9156626506024,61.852207293666034,26.62964045600704,40.3477691322893,25.73459228056538,-21.96724812030079,0.0153684210526314,0.2289473684210496,0.0793233082706747,-0.0333026315789476,-7.536165413533919,0.6322556390977438,-0.681984962406021,-6.054932238643331,,3975.8233333333337,2.996666666666666,103.80666666666669,102.85333333333335,4.185666666666666,1851.1,33.43333333333333,142.01999999999998,-227.1499989827474,2086.8633626302085,-75.38700000000048,0.0149999999999998,0.2559999999999774,-2.127000000000003,-0.0465000000000005,-7.270000000000112,1.8689999999999969,-2.7150000000000305,-68.27499923706057,-14.000000000000473,-0.0191571923012417,0.1507671846955059,-4,-2,0,Sharp Decline,2.23606797749979,"5d%: -8.49%, MA20: -21.97, RSI: 28.9, VIX: 32.56, ATR: -0.0192, BBW: 0.15, Score: [-4, -2, 0], Dist: 2.24",Sharp Decline,2.23606797749979,Orderly Decline,2.449489742783178,0.21342176528338808,True,2022
2022-05-12,3903.95,3964.8,3858.87,3930.08,6286450000.0,2.84,2.88,2.82,2.82,0.0,104.01,104.93,103.88,104.85,0.0,105.63,107.37,102.66,106.13,323547.0,4.2115,4.223,4.037,4.1005,67529.0,1852.3,1858.8,1820.1,1824.6,255608.0,33.74,34.76,31.7,31.77,0.0,140.0,142.25,138.88,141.27,4555101.0,-188.5,-188.5,-188.5,-188.5,0.0,2081.27001953125,2081.27001953125,2081.27001953125,2081.27001953125,0.0,-5.227798315355914,-8.143322475570036,1.0602409638554189,-1.9674856826159328,-4.450658277991371,-2.7243162552647138,1.8269230769230704,-4.93910234842877,135.41900926494543,-1.9305060168336767,-8.336326530612247,-1.3986013986013957,1.187029530978556,0.7308276385725065,-7.5109958272245425,-3.5266747739649995,5.93531177059019,-7.1019925034523474,164.45006064555295,-2.665706364460718,32.40618692589696,45.26315789473683,73.91304347826083,55.342105263157904,18.39684625492778,27.07898035938152,54.81862479696805,31.79436804191232,48.063149139155655,29.870418375403148,-24.412699248120365,0.0129699248120299,0.2241954887218021,0.0504285714285709,-0.03353007518797,-7.405187969924839,0.6455639097744362,-0.7846466165413568,-8.394887082379565,,3955.436666666667,2.91,104.20666666666666,103.86666666666667,4.1546666666666665,1839.7666666666664,32.44,141.48333333333332,-212.36333211263025,2083.3800455729165,-54.56700000000055,-0.0430000000000003,0.0459999999999876,-1.5110000000000097,-0.0277500000000001,-8.580000000000268,0.5519999999999968,-2.062000000000029,-39.81100006103515,-10.7059814453128,-0.0138844501893092,0.1572238435504362,-4,-2,0,Sharp Decline,2.23606797749979,"5d%: -5.23%, MA20: -24.41, RSI: 32.4, VIX: 31.77, ATR: -0.0139, BBW: 0.16, Score: [-4, -2, 0], Dist: 2.24",Sharp Decline,2.23606797749979,Orderly Decline,2.449489742783178,0.21342176528338808,True,2022
2022-05-13,3963.9,4038.88,3963.9,4023.89,5183340000.0,2.91,2.94,2.89,2.94,0.0,104.77,105.01,104.47,104.56,0.0,106.65,110.64,106.29,110.49,240989.0,4.086,4.185,4.055,4.175,49917.0,1821.4,1827.6,1797.2,1808.2,179483.0,31.09,31.2,28.78,28.87,0.0,142.59,145.09,142.48,144.5,2373564.0,-42.619998931884766,-42.619998931884766,-42.619998931884766,-42.619998931884766,0.0,2098.409912109375,2098.409912109375,2098.409912109375,2098.409912109375,0.0,-2.411879689766072,-5.769230769230771,0.8682230368512567,0.6559169171904911,-2.156081556128442,-3.9621839813044346,-4.3723087114938775,-1.86757215619694,-66.46470992211522,-0.599231956138746,-2.614758720501087,1.730103806228378,1.5540015540015606,5.540166204986141,-5.296586140410575,-5.414029397918085,-13.562874251497004,-2.00067819599864,-73.13583323571171,-1.0333419268607535,36.91893710057182,55.55555555555555,69.11564625850343,65.38758691733196,30.51209103840684,29.80680772769089,52.39327296248383,37.46622635845094,53.98796599866657,36.8411431795545,-25.459969924812142,0.0082255639097744,0.2219022556390966,0.0774812030075166,-0.0345154135338347,-7.370075187969941,0.5965789473684208,-0.8297819548872234,-8.390563762636114,,3963.0500000000006,2.8933333333333326,104.42,107.44333333333334,4.1615,1828.8333333333333,31.066666666666663,142.14666666666668,-155.9566663106282,2086.430013020833,-44.258000000000735,-0.0760000000000002,0.257999999999988,-0.4660000000000127,-0.0317500000000006,-12.13000000000009,0.0969999999999932,-1.4170000000000254,-12.671000671386707,-7.168994140625256,-0.0109988096096068,0.1571060612713907,-4,-2,0,Sharp Decline,2.23606797749979,"5d%: -2.41%, MA20: -25.46, RSI: 36.9, VIX: 28.87, ATR: -0.0110, BBW: 0.16, Score: [-4, -2, 0], Dist: 2.24",Sharp Decline,2.23606797749979,Orderly Decline,2.449489742783178,0.21342176528338808,True,2022
2022-05-16,4013.02,4046.46,3983.99,4008.01,4415030000.0,2.93,2.93,2.85,2.88,0.0,104.47,104.64,104.14,104.19,0.0,110.98,114.9,108.11,114.2,289127.0,4.1795,4.22,4.1335,4.1915,41780.0,1809.4,1826.0,1785.0,1814.0,159493.0,30.01,30.23,27.36,27.47,0.0,144.02,145.13,142.97,143.99,2105606.0,-21.8799991607666,-21.8799991607666,-21.8799991607666,-21.8799991607666,0.0,2098.530029296875,2098.530029296875,2098.530029296875,2098.530029296875,0.0,0.4201701726781692,-6.493506493506496,0.520984081041953,10.776990978756418,-0.0476928579945301,-2.3996556547939307,-20.94964028776979,0.7768756998880244,-90.60379665746942,0.3255721936555877,-3.5464867232358976,-4.000000000000004,0.433776749566217,8.586098697347143,-1.7924086223055302,-2.661515346640908,-15.0587507730365,-2.6107541427122016,-85.59104492504855,-0.8579391697449146,41.064232343855245,55.55555555555555,63.17991631799163,65.87100050787203,32.466619817287395,29.0562529056253,40.98360655737704,41.37931034482761,59.93844139126054,41.496589833415584,-25.243022556391097,0.0072105263157893,0.2149398496240591,0.2066240601503758,-0.0333353383458647,-7.483233082706786,0.5050977443609017,-0.8226165413533882,-6.752022442064787,,3987.3266666666655,2.8799999999999994,104.53333333333336,110.27333333333335,4.155666666666666,1815.6,29.37,143.25333333333333,-84.33333269755042,2092.736653645833,-0.5670000000004256,-0.0450000000000002,0.274999999999988,2.116999999999989,-0.0091000000000003,-11.720000000000182,-1.2980000000000007,0.1999999999999814,40.38199996948247,0.5389892578123683,-0.0001414667129075,0.1557412902785833,-2,0,0,Trend Pullback,1.4142135623730951,"5d%: +0.42%, MA20: -25.24, RSI: 41.1, VIX: 27.47, ATR: -0.0001, BBW: 0.16, Score: [-2, 0, 0], Dist: 1.41",Trend Pullback,1.4142135623730951,Orderly Decline,1.4142135623730951,0.0,True,2022
2022-05-19,3899.0,3945.96,3876.58,3900.79,5113550000.0,2.83,2.86,2.77,2.86,0.0,103.83,103.88,102.66,102.72,0.0,109.09,112.62,105.13,112.21,68511.0,4.155,4.298,4.1445,4.283,56568.0,1815.1,1848.2,1808.4,1841.2,175242.0,31.24,33.11,29.06,29.35,0.0,140.2,142.78,139.88,141.19,2515025.0,-8.170000076293945,-8.170000076293945,-8.170000076293945,-8.170000076293945,0.0,2093.8798828125,2093.8798828125,2093.8798828125,2093.8798828125,0.0,-0.7452774498229009,1.4184397163120588,-2.0314735336194545,5.728823141430328,4.4506767467382025,0.9097884467828664,-7.6172489770223395,-0.056629149854892,-95.66578245289446,0.6058734889233586,-5.934114163212256,-6.84039087947883,-0.9927710843373516,3.648623683724361,-0.198065944308512,-1.8393133230260703,-5.92948717948717,-4.992934526613291,-89.79642799121672,-1.3363289520683774,37.65989706793088,48.598130841121495,48.41269841269844,58.89309366130558,42.70772806507847,33.206288708909014,44.12191582002903,40.08238276299115,57.49880369172558,41.15240390506924,-19.80319548872183,0.0042706766917292,0.1463909774436071,0.4969624060150366,-0.0235406015037594,-6.37000000000001,0.0831052631578941,-0.6277969924812051,4.303308343528808,-3.1554586539591574,3971.1066666666666,2.9066666666666663,103.29666666666668,111.40000000000002,4.2335,1825.3333333333333,28.80333333333333,143.24666666666667,15.033334096272824,2100.2032877604165,5.216000000000112,0.0169999999999997,-0.3280000000000029,0.8829999999999856,0.0219999999999996,-0.6700000000001555,-0.4390000000000018,0.3019999999999853,44.17600021362306,3.918994140624734,0.0013371650358004,0.1287114551470916,-3,-2,0,Orderly Decline,1.7320508075688772,"5d%: -0.75%, MA20: -19.80, RSI: 37.7, VIX: 29.35, ATR: 0.0013, BBW: 0.13, Score: [-3, -2, 0], Dist: 1.73",Orderly Decline,1.7320508075688772,Sharp Decline,2.0,0.2679491924311228,True,2022
2022-05-20,3927.76,3943.42,3810.32,3901.36,5130730000.0,2.85,2.86,2.77,2.79,0.0,102.9,103.26,102.77,103.15,0.0,111.45,114.04,110.85,113.23,229930.0,4.2775,4.3275,4.2505,4.275,45490.0,1839.6,1847.8,1830.6,1842.1,143045.0,28.78,32.91,28.06,29.43,0.0,142.36,142.57,138.12,141.19,4302400.0,-4.239999771118164,-4.239999771118164,-4.239999771118164,-4.239999771118164,0.0,2091.969970703125,2091.969970703125,2091.969970703125,2091.969970703125,0.0,-3.0450633590878406,-5.102040816326525,-1.3485080336648747,2.4798624309892325,2.3952095808383422,1.8747926114367708,1.9397298233460256,-2.290657439446364,-90.05161924594478,-0.3068962536388553,-5.383499784155566,-10.576923076923084,-0.4919930542157003,3.152045185387631,0.1874853527068287,-2.161674102400679,-2.5173898641934422,-4.115449915110359,-96.66378165607512,-0.904289189353602,36.09876759407221,39.805825242718456,45.90846047156734,59.41148995796357,50.48076923076928,43.39274738783036,45.65282342396175,39.31322207958922,57.37688553183537,41.63169300091408,-18.82941353383458,0.003172932330827,0.0969924812030051,0.5613684210526284,-0.0179503759398496,-5.502631578947428,-0.042195488721806,-0.5739849624060188,6.875376010120365,-2.7327155780075656,3908.61,2.8466666666666662,103.22666666666667,111.67666666666668,4.2455,1833.0666666666664,29.91333333333333,141.29666666666665,-14.5133330027262,2093.0865885416665,-33.05300000000035,-0.0150000000000001,-0.4060000000000192,-0.117000000000014,0.0202999999999996,6.789999999999813,0.4449999999999977,-0.9100000000000268,5.964999771118166,-1.4180175781254625,-0.0084721738060574,0.1302598959172895,-4,-2,0,Sharp Decline,2.23606797749979,"5d%: -3.05%, MA20: -18.83, RSI: 36.1, VIX: 29.43, ATR: -0.0085, BBW: 0.13, Score: [-4, -2, 0], Dist: 2.24",Sharp Decline,2.23606797749979,Orderly Decline,2.449489742783178,0.21342176528338808,True,2022
2022-05-23,3919.42,3981.88,3909.04,3973.75,4420030000.0,2.83,2.87,2.8,2.86,0.0,103.03,103.05,102.04,102.08,0.0,110.56,111.96,109.15,110.29,215623.0,4.2945,4.355,4.272,4.3455,50497.0,1844.4,1864.3,1843.3,1847.8,163266.0,28.98,30.39,28.29,28.48,0.0,142.58,143.59,141.17,143.18,2905545.0,74.01000213623047,74.01000213623047,74.01000213623047,74.01000213623047,0.0,2103.1298828125,2103.1298828125,2103.1298828125,2103.1298828125,0.0,-0.8547882864563761,-0.694444444444442,-2.025146367213748,-3.423817863397549,3.674102349994057,1.863285556780592,3.676738259919921,-0.5625390652128637,-438.2541360830537,0.2191940763967226,-0.4382096791974321,-7.142857142857151,-1.5147129763627645,6.9841885730914655,3.62465720758316,-0.5810825352415727,-18.043165467625897,0.2099664053751393,-131.78304644088385,0.5454799050151893,39.55794813396142,45.283018867924525,41.32334581772784,59.16279069767443,53.98851308232292,42.936802973977706,48.77114586658155,40.77669902912624,57.49753334331773,42.82772187456993,-19.03075187969933,0.0010075187969924,0.0606240601503738,0.6005263157894717,-0.0137755639097745,-4.680977443609088,-0.0890676691729329,-0.5643308270676749,7.728248143016849,-2.546023811971429,3925.3000000000006,2.836666666666666,102.65,111.91,4.301166666666667,1843.7,29.086666666666662,141.85333333333335,20.533334096272824,2096.326578776041,-40.13600000000078,-0.0290000000000002,-0.2720000000000092,-0.213000000000009,0.0210999999999996,7.849999999999961,0.7169999999999974,-1.1450000000000238,-5.7290002822876,-3.256030273437536,-0.0101002831078957,0.1231538409615389,-3,-2,0,Orderly Decline,1.7320508075688772,"5d%: -0.85%, MA20: -19.03, RSI: 39.6, VIX: 28.48, ATR: -0.0101, BBW: 0.12, Score: [-3, -2, 0], Dist: 1.73",Orderly Decline,1.7320508075688772,Sharp Decline,2.0,0.2679491924311228,True,2022
2022-05-24,3942.94,3955.68,3875.13,3941.48,4923190000.0,2.81,2.83,2.72,2.76,0.0,102.11,102.32,101.65,101.86,0.0,110.41,111.43,108.61,109.77,224794.0,4.341,4.3415,4.2565,4.305,45139.0,1852.3,1869.1,1847.6,1865.4,174762.0,29.43,31.07,29.04,29.45,0.0,142.21,142.7,139.81,142.29,4026400.0,54.22999954223633,54.22999954223633,54.22999954223633,54.22999954223633,0.0,2100.110107421875,2100.110107421875,2100.110107421875,2100.110107421875,0.0,-3.6041918876945855,-7.070707070707083,-1.4512383900928794,-2.3398576512455582,1.5569709837225831,2.556490186376381,12.835249042145591,-3.230413492927098,-35.74644720165294,-0.6250809394790502,-1.4888591744667057,-7.692307692307709,-1.9822940723633555,10.034081796311137,3.6225779275484538,1.3253666485605775,-10.73052440133374,-0.1543751315697172,-125.59950928989724,0.5193273027547685,29.468936384554624,42.85714285714285,45.03401360544216,52.57082896117523,47.85435630689204,49.04063205417611,57.07762557077625,30.938262992675263,50.06099404247552,33.692491069436144,-17.256609022556553,-0.0012406015037594,0.0144360902255632,0.5251654135338313,-0.0102248120300752,-4.243984962406069,-0.170135338345866,-0.5021428571428632,9.861345959426773,-2.119092164003745,3938.863333333333,2.803333333333333,102.36333333333334,111.09666666666668,4.3085,1851.7666666666664,29.12,142.22,41.33333396911625,2098.4033203125,-25.25200000000056,-0.0320000000000004,-0.322000000000015,-0.0580000000000149,0.0309499999999997,8.39999999999978,0.3229999999999956,-0.8040000000000037,0.6110000610351515,-2.1820312500001404,-0.0064067304667283,0.1238667399059909,-4,-2,0,Sharp Decline,2.23606797749979,"5d%: -3.60%, MA20: -17.26, RSI: 29.5, VIX: 29.45, ATR: -0.0064, BBW: 0.12, Score: [-4, -2, 0], Dist: 2.24",Sharp Decline,2.23606797749979,Orderly Decline,2.449489742783178,0.21342176528338808,True,2022
2022-05-31,4151.09,4168.34,4104.88,4132.15,6822640000.0,2.83,2.88,2.83,2.84,0.0,101.44,102.17,101.41,101.75,0.0,114.96,119.98,114.15,114.67,440796.0,4.341,4.349,4.289,4.295,323.0,1850.30005,1862.09998,1832.80005,1842.69995,4073.0,27.47,28.35,25.94,26.19,0.0,149.46,150.12,148.14,148.93,2746233.0,269.989990234375,269.989990234375,269.989990234375,269.989990234375,0.0,,,,,,3.986159169550163,-0.6993006993006978,-0.3232758620689613,3.971348263668495,-1.1621217351283075,-0.2760066024461549,-8.04073033707865,4.015924011733474,264.8020300518347,2.444935352583233,3.097297661432963,-1.388888888888895,-2.3418754199059366,0.4115586690017547,2.469283072885609,1.5821361631753073,-4.65962868583909,3.430793805125365,-1333.9579551652755,2.6694885824445347,58.21799307958475,41.93548387096772,33.28197226502316,73.4065934065934,60.04288777698359,50.51172471049826,32.617586912065434,61.70678336980309,75.08407532018455,74.31305094114566,-9.165796992481305,-0.0158345864661654,-0.1015413533834596,0.5038646616541325,0.0015206766917292,-1.2890977443609462,-0.1899323308270686,-0.1940751879699317,19.558113060858023,0.2158550061677156,4116.076666666667,2.78,101.75,114.61,4.286833333333333,1849.199983333333,26.47,148.74666666666667,291.6399993896485,,48.53399999999939,-0.0240000000000001,-0.0849999999999991,1.3879999999999784,-0.0124000000000004,0.1199999999996771,-0.747000000000006,1.899999999999976,75.17500114440918,13.712011718749809,0.0117454593855497,0.1084219859981598,0,1,-1,Trend Pullback,1.4142135623730951,"5d%: +3.99%, MA20: -9.17, RSI: 58.2, VIX: 26.19, ATR: 0.0117, BBW: 0.11, Score: [0, 1, -1], Dist: 1.41",Trend Pullback,1.4142135623730951,Volatile Chop,1.4142135623730951,0.0,True,2022
2022-06-01,4149.78,4166.54,4073.85,4101.23,4531800000.0,2.87,2.95,2.83,2.93,0.0,101.76,102.73,101.74,102.55,0.0,115.4,117.87,114.58,115.26,290530.0,4.2855,4.35,4.259,4.3285,56002.0,1840.0,1853.0,1830.2,1848.7,158036.0,26.05,27.73,25.38,25.69,0.0,149.58,149.89,146.13,147.35,2113400.0,203.0,203.0,203.0,203.0,0.0,2148.31005859375,2148.31005859375,2148.31005859375,2148.31005859375,0.0,4.053046063915056,6.159420289855078,0.6774003534262718,5.001366493577497,0.545876887340313,-0.8952503484507379,-12.76740237691001,3.556117787616841,274.3315539619286,2.295115432354456,0.3027746187803437,-1.3468013468013518,-0.7836687306501555,2.5444839857651225,2.11134701580562,1.638352850623992,-1.5708812260536442,0.2108269858541955,140.52132266580082,1.6556881637687093,60.88581205994571,50.5263157894737,40.997229916897545,68.02567006417517,58.80619012527638,48.43161955356365,32.5012735608762,62.29749631811488,71.93244908760907,80.06747093695267,-5.900375939849721,-0.015233082706767,-0.1148872180451162,0.5247218045112765,0.0025718045112781,-1.0945871804511835,-0.1956390977443619,-0.0921203007518821,21.599631594894525,,4130.54,2.836666666666666,101.99,115.0,4.31,1849.56665,25.866666666666664,148.8733333333333,274.01999918619794,,56.08499999999949,0.0149999999999998,-0.0610000000000087,1.4539999999999962,0.0031999999999997,-3.4400100000001115,-0.9170000000000016,1.968999999999988,62.49899826049805,,0.0136751657429599,0.1047102185002263,0,1,-1,Trend Pullback,1.4142135623730951,"5d%: +4.05%, MA20: -5.90, RSI: 60.9, VIX: 25.69, ATR: 0.0137, BBW: 0.10, Score: [0, 1, -1], Dist: 1.41",Trend Pullback,1.4142135623730951,Volatile Chop,1.4142135623730951,0.0,True,2022
2022-06-06,4134.72,4168.78,4109.18,4121.43,4332700000.0,2.97,3.04,2.96,3.04,0.0,102.17,102.47,101.85,102.44,0.0,120.82,120.99,117.63,118.5,246825.0,4.467,4.472,4.406,4.435,63738.0,1853.7,1861.2,1843.0,1843.7,103179.0,25.37,25.81,24.82,25.07,0.0,149.37,149.91,148.35,148.71,2004900.0,153.35000610351562,153.35000610351562,153.35000610351562,153.35000610351562,0.0,2153.280029296875,2153.280029296875,2153.280029296875,2153.280029296875,0.0,-0.8852302897379594,10.948905109489049,0.7573522179600722,2.98079429912228,2.983861604551264,-0.7322457330533494,-2.527216174183511,-1.084209125981106,-56.068982471735815,-0.0589459284986548,5.640853445977823,8.960573476702516,-0.68831798351916,4.654243575024286,3.742690058479514,0.0868573910211223,-14.814814814814811,5.326156243360014,-3716.745622207297,2.930733206134084,57.0476971640196,59.756097560975626,37.51783166904426,59.78161965423111,64.83851310176719,59.36907926241055,42.43379571248425,58.5137085137085,59.11943786909093,72.10263216102632,6.737781954887143,-0.009390977443609,-0.1469248120300796,0.6389172932330823,0.0135428571428571,0.6317288345864408,-0.3974511278195488,0.316030075187967,27.549142940779383,,4135.596666666667,2.97,102.11666666666666,118.08000000000004,4.4865,1855.1,24.86,148.94000000000003,191.04334004720056,2155.4099934895835,-5.473000000000392,0.0509999999999997,0.0959999999999949,0.9799999999999888,0.0588499999999998,1.4500049999999556,-0.3330000000000032,-0.3330000000000219,-39.32999877929692,,-0.0013279371480288,0.0887113374404134,1,1,0,Trend Pullback,2.0,"5d%: -0.89%, MA20: +6.74, RSI: 57.0, VIX: 25.07, ATR: -0.0013, BBW: 0.09, Score: [1, 1, 0], Dist: 2.00",Trend Pullback,2.0,Steady Climb,2.23606797749979,0.2360679774997898,True,2022
2022-06-13,3838.15,3838.15,3734.3,3749.63,5636890000.0,3.28,3.37,3.25,3.37,0.0,104.21,105.29,104.21,105.08,0.0,120.19,122.25,117.47,120.93,372403.0,4.2775,4.278,4.17,4.2115,85782.0,1879.0,1882.5,1819.0,1831.8,252543.0,31.37,35.05,31.29,34.02,0.0,137.42,137.89,134.39,135.05,3705400.0,-280.010009765625,-280.010009765625,-280.010009765625,-280.010009765625,0.0,2085.989990234375,2085.989990234375,2085.989990234375,2085.989990234375,0.0,-9.021140720575149,10.855263157894736,2.577118313158921,2.0506329113924027,-5.039458850056366,-0.645441232304611,35.70003988831274,-9.185663371662969,-282.5953691691478,-3.125001771575086,-9.826513140174686,22.99270072992701,3.3539883938231485,5.0925523594334,-2.2059677232091013,-1.3729607494750495,32.27060653188183,-10.170280697086598,-180.216003635497,-3.182105638763899,37.72752162961341,76.84210526315795,74.91694352159465,83.04347826086955,41.540404040404034,46.03174800012501,65.2533039647577,37.80378037803782,34.67870352015736,46.98430753767758,6.305684210526317,0.0103759398496239,-0.0510751879699264,0.6003458646616487,0.012966917293233,2.3713532706766367,-0.2325864661654141,0.2273308270676624,4.887857044191289,,3889.436666666667,3.1899999999999995,104.15,121.03666666666668,4.2956666666666665,1853.3666666666663,29.28666666666666,140.13666666666666,-155.4800046284993,2109.2000325520835,-58.40000000000023,0.0309999999999994,0.4319999999999818,0.6439999999999824,-0.0335500000000002,6.429999999999949,0.7429999999999972,-2.148000000000025,-83.91900138854983,-11.926977539062918,-0.0155748700538453,0.1140759587597122,0,-2,0,Orderly Decline,2.449489742783178,"5d%: -9.02%, MA20: +6.31, RSI: 37.7, VIX: 34.02, ATR: -0.0156, BBW: 0.11, Score: [0, -2, 0], Dist: 2.45",Orderly Decline,2.449489742783178,Volatile Chop,2.8284271247461903,0.3789373819630124,True,2022
2022-06-14,3763.52,3778.18,3705.68,3735.48,5153890000.0,3.35,3.48,3.3,3.48,0.0,105.19,105.65,104.62,105.52,0.0,121.09,123.68,116.62,118.93,366320.0,4.2005,4.251,4.116,4.1565,64827.0,1820.9,1833.3,1806.1,1813.5,165146.0,33.01,34.0,32.06,32.69,0.0,135.79,136.12,133.16,134.35,3562609.0,-282.8999938964844,-282.8999938964844,-282.8999938964844,-282.8999938964844,0.0,2078.050048828125,2078.050048828125,2078.050048828125,2078.050048828125,0.0,-10.21948335368258,17.17171717171717,3.127443315089917,-0.4019763838874368,-6.290158944876567,-2.0841207278224694,36.09492089925062,-10.510890561513351,-243.29129534085607,-4.021921949146923,-9.5996031121813,22.535211267605646,3.7051597051597,3.715008284642885,-3.2246798603026705,-1.5846285772135538,24.81863306605574,-9.789834150271949,-204.78166010928865,-3.5506253401543786,38.4913629354846,87.50000000000006,79.32692307692301,76.05233219567694,40.79355238685683,37.17252240606901,58.74730021598271,38.02051901025953,35.19320501837275,45.73904397926829,1.9153233082706729,0.0176015037593984,0.0120375939849587,0.614541353383457,0.0090357142857143,1.6042856766917335,-0.1027443609022563,0.0581503759398437,-2.811654384871175,,3795.323333333334,3.336666666666666,104.91666666666669,120.17666666666668,4.220833333333334,1840.2666666666664,31.48666666666666,136.70333333333335,-237.18000284830725,2091.61669921875,-103.70100000000048,0.0929999999999997,0.7129999999999798,0.1599999999999876,-0.0608000000000007,-2.159999999999899,2.378999999999999,-3.745999999999997,-119.38300094604496,-19.84597167968752,-0.0277610909441358,0.1315387562873075,0,-2,0,Orderly Decline,2.449489742783178,"5d%: -10.22%, MA20: +1.92, RSI: 38.5, VIX: 32.69, ATR: -0.0278, BBW: 0.13, Score: [0, -2, 0], Dist: 2.45",Orderly Decline,2.449489742783178,Volatile Chop,2.8284271247461903,0.3789373819630124,True,2022
2022-06-15,3764.05,3837.56,3722.3,3789.99,5530480000.0,3.38,3.45,3.35,3.4,0.0,105.35,105.79,104.66,105.16,0.0,119.07,119.61,114.6,115.31,301750.0,4.144,4.204,4.117,4.1635,48456.0,1809.7,1845.4,1808.4,1819.6,203421.0,32.39,32.77,27.76,29.62,0.0,135.55,137.42,133.45,135.64,2899900.0,-157.66000366210938,-157.66000366210938,-157.66000366210938,-157.66000366210938,0.0,2091.3798828125,2091.3798828125,2091.3798828125,2091.3798828125,0.0,-7.915408295410109,12.211221122112214,2.5551004486054074,-5.568749488166402,-6.532719721629821,-1.987611096148667,23.62270450751252,-8.357543409229107,-274.5571348481128,-2.7712870674669987,-7.588942829346312,16.040955631399314,2.545099951243301,0.0433801839319736,-3.811944091486663,-1.5740790825985895,15.29778123783574,-7.947064811672888,-177.66502643453663,-2.649998102160156,39.65513461369814,81.55339805825245,74.21874999999994,62.06395348837211,44.03669724770642,42.947705785681045,53.0472940029254,37.358950899664514,36.52413262257456,44.99834031202134,-2.515496240601623,0.0248045112781954,0.0748120300751851,0.6430451127819529,0.0045244360902254,0.6318797368420775,-0.0217518796992487,-0.1148721804511268,-9.868000161020383,,3758.3666666666672,3.416666666666666,105.25333333333332,118.39000000000004,4.177166666666667,1821.6333333333328,32.10999999999999,135.01333333333332,-240.19000244140625,2085.139973958333,-102.87699999999997,0.1229999999999997,0.7819999999999796,-0.6940000000000078,-0.0765500000000002,-10.700000000000166,2.538999999999997,-3.692,-98.8649997711182,-19.06899414062544,-0.027144398797886,0.1396106275333389,-4,-2,0,Sharp Decline,2.23606797749979,"5d%: -7.92%, MA20: -2.52, RSI: 39.7, VIX: 29.62, ATR: -0.0271, BBW: 0.14, Score: [-4, -2, 0], Dist: 2.24",Sharp Decline,2.23606797749979,Orderly Decline,2.449489742783178,0.21342176528338808,True,2022
2022-06-16,3728.18,3728.18,3639.77,3666.77,5644930000.0,3.44,3.45,3.31,3.31,0.0,104.9,105.49,103.42,103.63,0.0,115.98,118.08,112.31,117.59,162543.0,4.173,4.219,4.041,4.108,67945.0,1835.8,1860.2,1816.3,1849.9,180893.0,30.35,34.82,30.35,32.95,0.0,132.85,132.85,129.92,130.84,2967424.0,-268.8299865722656,-268.8299865722656,-268.8299865722656,-268.8299865722656,0.0,2068.6298828125,2068.6298828125,2068.6298828125,2068.6298828125,0.0,-8.737325216162006,8.881578947368428,0.3972098430536697,-3.2260719282363626,-6.231454005934733,-0.1565198618307395,26.29359908010733,-9.547182855167646,611.1904550217412,-2.917691223529706,-12.211443155319111,13.745704467353947,1.8276505846516635,0.6160691366475568,-9.763866007688094,-1.1488725018702572,33.29288025889969,-12.738428704815252,-201.5487384942349,-4.376192108298083,29.554033565117365,74.77477477477481,61.688311688311664,59.13361169102296,40.7248157248157,50.52679774310688,61.86329995646495,26.657018813314053,27.63870075143174,34.1229091610073,-4.481360902255706,0.0313834586466164,0.1173383458646575,0.5843007518796979,0.0009157894736841,-0.1752630451128047,-0.014097744360903,-0.2068120300751921,-13.064586675256717,,3730.7466666666674,3.396666666666666,104.77,117.27666666666669,4.142666666666667,1827.6666666666667,31.75333333333333,133.61,-236.46332804361973,2079.353271484375,-62.10400000000028,0.1039999999999996,0.5249999999999909,-1.414000000000002,-0.0573000000000004,-12.840000000000126,1.1999999999999964,-2.438000000000008,-37.39899978637694,-11.160034179687525,-0.0169369772306417,0.1579549241518386,-4,-2,0,Sharp Decline,2.23606797749979,"5d%: -8.74%, MA20: -4.48, RSI: 29.6, VIX: 32.95, ATR: -0.0169, BBW: 0.16, Score: [-4, -2, 0], Dist: 2.24",Sharp Decline,2.23606797749979,Orderly Decline,2.449489742783178,0.21342176528338808,True,2022
2022-06-17,3665.9,3707.71,3636.87,3674.84,8520740000.0,3.21,3.31,3.2,3.24,0.0,103.88,105.09,103.83,104.7,0.0,117.08,118.97,108.25,109.56,103149.0,4.1025,4.116,3.99,4.0135,48218.0,1859.3,1861.5,1836.1,1840.6,141718.0,32.84,33.31,30.47,31.13,0.0,131.15,132.26,129.56,131.14,3359122.0,-187.8999938964844,-187.8999938964844,-187.8999938964844,-187.8999938964844,0.0,2074.77001953125,2074.77001953125,2074.77001953125,2074.77001953125,0.0,-5.7941069405208045,2.5316455696202445,0.5280844935189544,-9.20692798541477,-6.543252998020732,-1.8608371101039745,12.180180180180166,-6.801222372255012,26.42130641429661,-1.7074032272951345,-10.556061277242035,9.459459459459474,2.5063638143724365,-7.83208547152352,-10.252683363148495,-0.5188628256404759,25.574828559903185,-11.493554700681653,-221.1867076415089,-3.483352462689804,22.02611050670125,71.55172413793105,67.595818815331,39.48874475391074,32.98490127758423,46.16796871593909,61.75575836592785,19.504447268106706,26.87328182044419,28.797119077383968,-10.366045112782013,0.034766917293233,0.1424060150375911,0.5093834586466124,-0.0043274436090226,-0.5979697368421499,0.112571428571428,-0.4374962406015112,-19.309473700272417,,3710.533333333334,3.316666666666666,104.49666666666668,114.15333333333336,4.095,1836.7,31.23333333333333,132.54,-204.7966613769531,2078.2599283854165,-42.782000000000735,0.0329999999999992,-0.0960000000000066,-1.1780000000000148,-0.0421000000000009,-6.34000000000018,0.5999999999999993,-1.915000000000022,-11.80499572753905,-7.897045898437659,-0.0116418674010299,0.1723261212112148,-4,-2,0,Sharp Decline,2.23606797749979,"5d%: -5.79%, MA20: -10.37, RSI: 22.0, VIX: 31.13, ATR: -0.0116, BBW: 0.17, Score: [-4, -2, 0], Dist: 2.24",Sharp Decline,2.23606797749979,Orderly Decline,2.449489742783178,0.21342176528338808,True,2022
2022-06-24,3821.75,3913.65,3821.75,3911.74,8120260000.0,3.12,3.14,3.06,3.13,0.0,104.38,104.51,103.95,104.19,0.0,103.99,108.58,103.64,107.62,321591.0,3.741,3.798,3.64,3.7405,66095.0,1824.2,1833.7,1817.7,1830.3,139723.0,29.07,29.72,26.83,27.23,0.0,134.85,138.12,134.8,138.07,2259532.0,77.4800033569336,77.4800033569336,77.4800033569336,77.4800033569336,0.0,2097.60009765625,2097.60009765625,2097.60009765625,2097.60009765625,0.0,6.680811722578728,-5.438066465256808,0.5403840586702735,-8.478612126881535,-8.94595910418695,-1.0595167306340914,-17.359635811836117,5.525833078569242,-128.8211907997495,1.4004542370993134,-2.6402377408644595,2.960526315789469,0.9397403603952804,-11.431157929388524,-14.61994978315454,-1.2143782383419732,4.369490226140282,-4.548911164880753,-304.9735579914226,-1.558097916795809,39.18491163281456,56.69291338582678,63.576158940397285,32.65494912118412,6.79267572356774,44.225189965132905,54.8605577689243,33.814102564102555,46.50216875579349,35.07336778860379,-25.561872180451203,0.0308947368421052,0.1884511278195457,-0.2667894736842108,-0.024443984962406,-1.158345601503817,0.3053909774436091,-1.0834060150375973,-28.896150422634047,,3822.453333333333,3.119999999999999,104.27333333333335,106.02666666666669,3.807833333333333,1832.8333333333333,28.41,134.80333333333334,-25.46666463216142,2083.2566731770835,34.29699999999955,-0.0560000000000002,0.109999999999992,-3.001000000000014,-0.0807500000000005,-4.240000000000059,-0.9980000000000022,0.7239999999999973,52.53599700927735,,0.0087677095103456,0.1888049872652096,0,-2,0,Orderly Decline,2.449489742783178,"5d%: +6.68%, MA20: -25.56, RSI: 39.2, VIX: 27.23, ATR: 0.0088, BBW: 0.19, Score: [0, -2, 0], Dist: 2.45",Orderly Decline,2.449489742783178,Volatile Chop,2.8284271247461903,0.3789373819630124,True,2022
2022-06-28,3913.0,3945.86,3820.14,3821.55,4270120000.0,3.24,3.25,3.19,3.21,0.0,103.97,104.61,103.77,104.51,0.0,110.18,112.22,109.62,111.76,306748.0,3.7535,3.843,3.7325,3.774,26394.0,1823.6,1830.9,1819.1,1821.2,111397.0,26.9,28.68,26.47,28.36,0.0,138.75,139.94,135.78,135.9,1664200.0,20.200000762939453,20.200000762939453,20.200000762939453,20.200000762939453,0.0,2089.070068359375,2089.070068359375,2089.070068359375,2089.070068359375,0.0,1.5076538133601105,-3.0211480362537846,0.0670241286863326,1.003163126976947,-6.653475142221121,-0.7304033656426734,-6.061609804571056,2.419172507347956,-116.4830683475448,0.6892353703547238,1.9180559148502585,-4.747774480712175,-0.5424438523029984,-7.582899197883075,-10.388222723495188,-0.5786657932088657,-16.63727219282776,0.629396519807468,-107.21402809129836,0.1476554604489699,32.11132093386361,59.99999999999999,63.7735849056604,39.1612354774724,10.74183976261132,40.72072294997655,58.523173605655934,27.347978350843647,42.40405965344317,27.738291142933846,-24.46549624060165,0.0227368421052631,0.1655187969924791,-0.5662706766917309,-0.0372421052631579,-1.580300278195561,0.2836541353383449,-1.060556390977444,-21.103789396931365,,3877.8000000000006,3.176666666666666,104.21333333333332,109.65000000000002,3.759,1825.4333333333327,27.51333333333333,137.32333333333335,66.1000022888184,2095.6133626302085,42.24899999999938,-0.0270000000000003,-0.1010000000000093,-0.0730000000000092,-0.0764500000000004,-2.769996000000256,-0.8200000000000061,1.6069999999999929,63.13800125122072,,0.0110554617890644,0.1821688770246624,-1,-2,-1,Sharp Decline,2.23606797749979,"5d%: +1.51%, MA20: -24.47, RSI: 32.1, VIX: 28.36, ATR: 0.0111, BBW: 0.18, Score: [-1, -2, -1], Dist: 2.24",Sharp Decline,2.23606797749979,Orderly Decline,2.449489742783178,0.21342176528338808,True,2022
2022-07-05,3792.61,3832.19,3742.06,3831.39,5076590000.0,2.87,2.87,2.78,2.81,0.0,105.14,106.79,105.05,106.5,0.0,108.8,111.45,97.43,99.5,594215.0,3.608,3.618,3.4245,3.425,919.0,1805.40002,1805.40002,1761.80005,1761.80005,64.0,27.37,29.82,27.3,27.54,0.0,134.03,135.57,132.46,135.55,1646500.0,51.380001068115234,51.380001068115234,51.380001068115234,51.380001068115234,0.0,,,,,,-1.7620015845706938,-11.91222570532915,2.4629593996536414,-9.190471844482971,-8.9700996677741,-3.452430403331863,2.189239332096471,-1.7753623188405676,-48.93659345496235,-0.4990063118032628,4.260049417117462,-13.271604938271608,1.7191977077363862,-9.182183278568823,-14.66301233337486,-4.2812099315440495,-11.53228397044651,3.3628183620558305,-127.34433354820698,0.7191120815583707,56.60398694710993,26.666666666666657,58.852867830423925,27.90266034233865,8.275862068965537,26.88244563292253,32.89334741288279,51.252505010020045,69.17877371527494,52.24993722273375,-15.688812030075384,-0.0007819548872181,0.1193609022556358,-0.8609473684210551,-0.0481984962406016,-2.323759443609013,0.1268045112781958,-0.7418120300751863,-2.6701578269327504,,3814.033333333334,2.8899999999999992,105.44333333333331,104.56333333333336,3.5796666666666668,1790.2000166666664,27.649999999999995,135.21666666666667,15.71000035603845,,-18.57300000000072,-0.0840000000000003,0.2579999999999843,-0.8280000000000014,-0.0381000000000007,-6.050000000000175,-0.0150000000000034,-0.5930000000000146,-17.83400077819826,-3.4880126953127784,-0.0048475879511093,0.1491537806645431,-3,1,0,Trend Pullback,2.0,"5d%: -1.76%, MA20: -15.69, RSI: 56.6, VIX: 27.54, ATR: -0.0048, BBW: 0.15, Score: [-3, 1, 0], Dist: 2.00",Trend Pullback,2.0,Orderly Decline,2.449489742783178,0.4494897427831779,True,2022
2022-07-13,3779.67,3829.44,3759.07,3801.78,4109390000.0,2.96,3.07,2.9,2.9,0.0,108.19,108.58,107.48,107.96,0.0,95.89,97.96,93.67,96.3,347193.0,3.261,3.343,3.2165,3.3225,87207.0,1723.6,1744.3,1704.5,1735.5,300550.0,27.35,29.06,26.23,26.82,0.0,133.31,135.22,132.8,134.38,1679844.0,-13.739999771118164,-13.739999771118164,-13.739999771118164,-13.739999771118164,0.0,2076.9599609375,2076.9599609375,2076.9599609375,2076.9599609375,0.0,-1.126114411143586,-0.3436426116838587,0.8029878618113884,-2.263270070029433,-2.508802816901412,-0.0575871004894867,0.3367003367003462,-0.8850862959138617,-206.26449688186125,-0.2799167470391883,-0.5173293558896286,-9.657320872274145,3.301119510094708,-13.833214030064433,-11.963434022257555,-4.705688556995391,-5.430183356840612,-1.1184694628403324,-168.01979827806082,-0.5796889058577892,54.22031473533624,38.39285714285714,81.1258278145695,38.67124856815579,21.78847026781662,12.417823228634036,41.9501133786848,55.35931790499388,56.4918348150686,55.18210680269682,7.9431278195487005,-0.026421052631579,0.1719624060150356,-0.9547744360902288,-0.0459360902255639,-6.187067195488759,-0.3670827067669186,0.1675488721804466,17.63900750221167,,3825.003333333334,2.95,108.01666666666664,98.74333333333334,3.347,1730.6666666666667,26.759999999999994,135.09666666666666,1.040000041325925,2080.4733072916665,-10.075000000000134,0.0079999999999996,0.2829999999999857,-0.4020000000000055,-0.0381500000000003,-3.140000000000004,0.1210000000000006,-0.2670000000000205,-11.699000406265268,-1.860009765625064,-0.0026500744388155,0.0720088679878625,1,1,0,Trend Pullback,2.0,"5d%: -1.13%, MA20: +7.94, RSI: 54.2, VIX: 26.82, ATR: -0.0027, BBW: 0.07, Score: [1, 1, 0], Dist: 2.00",Trend Pullback,2.0,Steady Climb,2.23606797749979,0.2360679774997898,True,2022
2022-07-18,3883.79,3902.44,3818.63,3830.85,4046870000.0,2.96,3.02,2.96,2.96,0.0,107.98,108.04,106.89,107.37,0.0,97.27,102.8,95.85,102.6,84669.0,3.2465,3.371,3.217,3.346,62478.0,1706.4,1722.0,1704.4,1710.2,157535.0,24.83,25.91,24.38,25.3,0.0,136.96,137.29,134.8,135.26,1122712.0,52.22999954223633,52.22999954223633,52.22999954223633,52.22999954223633,0.0,2082.27001953125,2082.27001953125,2082.27001953125,2082.27001953125,0.0,-0.6117636070703036,-1.0033444816053616,-0.6017404184410213,-1.4314535498126668,-2.463197784579496,-1.2415545417797549,-3.324417271685143,-0.3829724554426317,251.24411529390264,-0.0825325798677001,0.1443012759683393,2.422145328719716,2.120981548411649,-5.376740754403775,-7.158712541620426,-5.0679988898140405,-5.243445692883886,-0.4489585633326021,10.306232788544612,-0.3550728616708909,42.2924549298909,38.83495145631068,74.25742574257433,42.0379255197624,31.38131426016986,14.365671641791124,44.38393464942138,40.91511936339522,46.66308063628667,44.947632824239165,5.837278195488565,-0.0192180451127819,0.2686691729323287,-0.852413533834589,-0.044565037593985,-8.344210187969948,-0.2942255639097751,0.1518421052631537,8.889495971686861,,3828.130000000001,2.95,107.99,98.65666666666668,3.263833333333333,1706.533333333333,25.30999999999999,134.80999999999997,2.7899996439616266,2075.5166829427085,-1.0960000000006145,-0.0120000000000002,0.055000000000006,-1.3060000000000045,-0.0469500000000002,-7.520000000000246,-0.4770000000000021,-0.1670000000000125,-3.336999917030338,-2.292993164062663,-0.0002860983854759,0.0598310029768191,1,0,0,Trend Pullback,2.23606797749979,"5d%: -0.61%, MA20: +5.84, RSI: 42.3, VIX: 25.30, ATR: -0.0003, BBW: 0.06, Score: [1, 0, 0], Dist: 2.24",Trend Pullback,2.23606797749979,Volatile Chop,2.23606797749979,0.0,True,2022
2022-08-30,4041.25,4044.98,3965.21,3986.16,3835860000.0,3.07,3.15,3.07,3.11,0.0,108.7,109.11,108.29,108.77,0.0,96.9,97.66,90.54,91.64,386272.0,3.6,3.6355,3.535,3.551,73875.0,1749.8,1752.8,1732.9,1736.3,130664.0,25.75,27.69,25.13,26.21,0.0,143.73,143.78,141.18,141.78,2164600.0,-271.1000061035156,-271.1000061035156,-271.1000061035156,-271.1000061035156,0.0,2129.090087890625,2129.090087890625,2129.090087890625,2129.090087890625,0.0,-3.4531199666725576,1.967213114754096,0.1380961148959691,-2.2402389588222715,-3.910161006629676,-1.4138087667499466,8.710078805474918,-2.850486501301908,37.83110617646977,-1.0894083615786363,-7.410573260243424,10.283687943262422,2.131455399061033,5.9054663122616535,-2.0278659125396503,-2.983740291669001,33.11325545962418,-6.962399107552974,-268.16574332429195,-3.4290469646450106,30.686754464593506,72.85714285714282,83.61581920903947,49.545312010034486,41.60272804774082,22.35714285714282,73.66495976591078,34.17484805984098,26.26577246928264,33.386388293920334,-1.2358195488723818,0.0206466165413533,0.1807669172932315,0.1611729323308245,0.0085864661654135,-2.894962406015085,0.1386917293233079,0.0168947368421029,-23.30076693771477,-0.3054972024788882,4024.810000000001,3.086666666666666,108.80333333333334,93.90333333333336,3.62,1745.2666666666664,25.99333333333333,143.06666666666663,-206.1499989827473,2143.666748046875,-27.935000000000286,0.005,0.0559999999999753,0.4709999999999869,-0.0114,-3.4700000000000832,0.6939999999999983,-0.7840000000000132,-1.416998291015602,-1.701977539062828,-0.007007997671945,0.0854360746590255,-4,-2,0,Sharp Decline,2.23606797749979,"5d%: -3.45%, MA20: -1.24, RSI: 30.7, VIX: 26.21, ATR: -0.0070, BBW: 0.09, Score: [-4, -2, 0], Dist: 2.24",Sharp Decline,2.23606797749979,Orderly Decline,2.449489742783178,0.21342176528338808,True,2022
2022-08-31,4000.67,4015.37,3954.53,3955.0,4542490000.0,3.13,3.14,3.1,3.13,0.0,108.75,109.2,108.38,108.7,0.0,92.31,92.73,88.27,89.55,344147.0,3.557,3.599,3.4445,3.5185,82647.0,1735.5,1738.0,1720.6,1726.2,176731.0,25.86,26.62,25.31,25.87,0.0,142.28,142.72,140.61,140.76,2165557.0,-302.3399963378906,-302.3399963378906,-302.3399963378906,-302.3399963378906,0.0,2117.43994140625,2117.43994140625,2117.43994140625,2117.43994140625,0.0,-4.486363647340963,0.6430868167202508,0.0184026499815859,-5.627568763831814,-3.444017563117463,-2.003973885892707,13.36546888694128,-4.029453876048272,126.4210283096077,-1.9676473028379604,-7.464600237714203,8.304498269896188,1.9986863094679563,1.634320735444339,-1.813869122366396,-2.8423481735802336,30.000000000000004,-6.756756756756765,-1280.5544284746516,-3.2270791730606097,29.264684124870485,69.35483870967738,84.25047438330174,42.41368387709851,33.27402135231313,21.79665738161559,70.92250922509227,30.574712643678097,25.661202431446085,29.002314997696928,-5.387917293233203,0.0213308270676691,0.1917669172932304,0.2107518796992473,0.0060943609022556,-3.4543609022556367,0.2368571428571423,-0.1188270676691756,-25.52934601862629,-1.2243608288299292,3990.5900000000006,3.116666666666666,108.77,92.73333333333336,3.5605,1737.3999999999996,26.096666666666664,141.9433333333333,-255.72333272298167,2130.873372395833,-47.77300000000026,0.0079999999999999,0.055,-0.2010000000000051,-0.0273000000000003,-7.210000000000169,1.1209999999999978,-1.5420000000000185,-44.21000099182128,-9.243969726562542,-0.0120791403286979,0.0977304486089938,-4,-2,0,Sharp Decline,2.23606797749979,"5d%: -4.49%, MA20: -5.39, RSI: 29.3, VIX: 25.87, ATR: -0.0121, BBW: 0.10, Score: [-4, -2, 0], Dist: 2.24",Sharp Decline,2.23606797749979,Orderly Decline,2.449489742783178,0.21342176528338808,True,2022
2022-09-01,3936.73,3970.23,3903.65,3966.85,4152250000.0,3.22,3.3,3.22,3.27,0.0,108.84,109.98,108.77,109.69,0.0,88.83,89.63,85.98,86.61,305106.0,3.5155,3.5165,3.4035,3.4065,65614.0,1723.0,1723.0,1699.1,1709.3,198618.0,26.88,27.45,25.25,25.56,0.0,139.81,140.99,138.64,140.88,1838842.0,-333.7699890136719,-333.7699890136719,-333.7699890136719,-333.7699890136719,0.0,2105.93994140625,2105.93994140625,2105.93994140625,2105.93994140625,0.0,-5.531397054620967,7.920792079207928,1.1247349497556902,-6.387808041504539,-7.907542579075422,-3.505701704866216,17.355371900826434,-5.405223930705705,1146.8060639008097,-3.2565764976846934,-7.397507785253065,13.541666666666677,2.056196501674723,-4.298342541436462,-6.195786864931852,-3.4948057813911526,30.67484662576687,-6.973058637083995,-1018.464467837662,-3.960711974657716,21.37662622423626,79.16666666666663,85.48951048951052,41.50650960942343,29.4025157232704,15.11169513797634,72.85822592873389,22.40493319630005,20.092742313163512,19.5744438912553,-8.817007518796963,0.0219022556390977,0.2022255639097697,0.1752857142857113,0.0022759398496239,-4.287744360902262,0.2954736842105264,-0.2413007518797057,-26.98042108636154,-2.102361188616088,3969.336666666668,3.1699999999999995,109.05333333333331,89.2666666666667,3.4919999999999995,1723.9333333333332,25.879999999999995,141.14,-302.403330485026,2117.489990234375,-55.97400000000031,0.027,0.0429999999999908,-0.7359999999999998,-0.0507000000000005,-10.39000000000029,0.8829999999999965,-1.86900000000002,-66.8620002746582,-14.551025390625398,-0.0141104402737689,0.1067754942484125,-4,-2,0,Sharp Decline,2.23606797749979,"5d%: -5.53%, MA20: -8.82, RSI: 21.4, VIX: 25.56, ATR: -0.0141, BBW: 0.11, Score: [-4, -2, 0], Dist: 2.24",Sharp Decline,2.23606797749979,Orderly Decline,2.449489742783178,0.21342176528338808,True,2022
2022-09-02,3994.66,4018.43,3906.21,3924.26,3665850000.0,3.26,3.29,3.18,3.19,0.0,109.64,109.72,108.93,109.53,0.0,86.56,89.66,86.35,86.87,277533.0,3.411,3.455,3.3815,3.4135,66565.0,1707.8,1729.5,1705.9,1722.6,174684.0,25.51,26.28,23.19,25.47,0.0,142.34,142.95,139.21,139.86,1296333.0,-316.489990234375,-316.489990234375,-316.489990234375,-316.489990234375,0.0,2100.3701171875,2100.3701171875,2100.3701171875,2100.3701171875,0.0,-3.287609114612844,4.9342105263157965,0.6709558823529527,-6.651622609069419,-7.668379767378964,-1.554463367241976,-0.3521126760563375,-2.962603205439518,106.02135157792692,-2.5721047867447333,-7.194547449674571,6.688963210702337,1.257280207081446,-4.296573757849497,-6.849501978441808,-2.2860060128197968,23.64077669902911,-6.4105995717344655,217.34681598441105,-3.3432688926364085,17.45566261695288,77.027027027027,80.04032258064524,45.74396782841825,32.77027027027023,24.510465901417945,71.46189735614308,20.00000000000003,22.58102882989885,18.659325865453056,-11.826804511278304,0.0227969924812028,0.2105864661654118,0.0660150375939849,-0.002990977443609,-4.805488721804585,0.3357142857142854,-0.3590300751879755,-28.825653930893523,-3.1058577229206006,3948.703333333333,3.196666666666666,109.30666666666669,87.67666666666669,3.4461666666666666,1719.3666666666666,25.63333333333333,140.5,-317.53332519531244,2107.9166666666665,-25.72300000000028,0.0479999999999996,0.1639999999999885,-2.0360000000000085,-0.067450000000001,-10.450000000000207,-0.0340000000000037,-0.9030000000000205,-46.89099884033204,-12.841040039062744,-0.006554866395193,0.1180894759014993,-4,-2,0,Sharp Decline,2.23606797749979,"5d%: -3.29%, MA20: -11.83, RSI: 17.5, VIX: 25.47, ATR: -0.0066, BBW: 0.12, Score: [-4, -2, 0], Dist: 2.24",Sharp Decline,2.23606797749979,Orderly Decline,2.449489742783178,0.21342176528338808,True,2022
2022-09-06,3930.89,3942.55,3886.75,3908.19,4127340000.0,3.25,3.35,3.24,3.34,0.0,109.6,110.55,109.38,110.21,0.0,86.84,90.39,86.18,86.88,420255.0,3.394,3.47,3.3825,3.469,785.0,1709.69995,1717.40002,1699.69995,1700.40002,697.0,25.46,27.8,25.33,26.91,0.0,140.3,140.49,138.53,139.47,1868500.0,-233.72999572753903,-233.72999572753903,-233.72999572753903,-233.72999572753903,0.0,,,,,,-3.037257387839565,7.395498392282951,1.2587284086732708,-10.442222451293691,-3.959025470653388,-2.8176247356689665,2.67073636016788,-2.6659222555656337,20.64729307910367,-2.130384505343053,-5.55342086375269,9.868421052631572,1.0637322329206669,-3.712734123905581,-4.997946049568669,-2.745366048959053,13.0672268907563,-4.681519956260249,12.608401655794776,-2.487968426612508,15.827437208421571,80.23255813953486,83.18425760286226,50.64886911383017,37.86104605776736,22.42125045352074,75.71225071225071,17.86069651741296,29.81003161417837,17.87784840958159,-15.273278195488857,0.0241879699248119,0.2253308270676676,-0.0292180451127827,-0.0069319548872181,-5.23436090225567,0.3638947368421049,-0.4815263157894767,-30.32203718486586,-4.132705849095422,3933.1,3.2666666666666657,109.81,86.78666666666668,3.4296666666666664,1710.7666733333333,25.98,140.07000000000002,-294.66332499186194,,-23.20100000000013,0.0319999999999997,0.2300000000000003,-2.531000000000002,-0.0541500000000004,-8.120000000000031,-0.2130000000000037,-0.7760000000000126,-30.81899719238279,-11.459008789062834,-0.0059365076928194,0.1289491350012891,-4,-2,0,Sharp Decline,2.23606797749979,"5d%: -3.04%, MA20: -15.27, RSI: 15.8, VIX: 26.91, ATR: -0.0059, BBW: 0.13, Score: [-4, -2, 0], Dist: 2.24",Sharp Decline,2.23606797749979,Orderly Decline,2.449489742783178,0.21342176528338808,True,2022
2022-09-13,4037.12,4037.12,3921.28,3932.69,4224550000.0,3.3,3.46,3.29,3.42,0.0,108.23,109.96,107.68,109.82,0.0,88.09,89.31,85.06,87.31,347998.0,3.619,3.6925,3.522,3.5555,83581.0,1736.0,1742.9,1706.7,1717.4,232696.0,23.67,28.15,23.53,27.27,0.0,143.96,144.35,140.87,141.28,2008130.0,-21.600000381469727,-21.600000381469727,-21.600000381469727,-21.600000381469727,0.0,2131.070068359375,2131.070068359375,2131.070068359375,2131.070068359375,0.0,0.6268886620149017,2.39520958083832,-0.3538698847654453,0.4949355432780855,2.493513980974349,0.999763573279666,1.3377926421404671,1.2977701297770097,-90.7585672458365,1.461644827292807,-2.429408948025236,9.967845659164,0.9004042631385323,-9.998969178435214,-1.5642303433001217,-1.8460307481282467,4.044257916825633,-1.4027496685044216,-88.85046154037609,-0.6998783329740355,37.18625810499897,72.28915662650603,60.03344481605343,39.25826929502174,40.47619047619047,38.251070440143856,59.00798175598632,41.08645753634279,58.04308901183261,38.56064959022592,-17.84515789473689,0.0282330827067668,0.1423984962405978,-0.266699248120303,-0.009042105263158,-3.8404509624060994,0.2801879699248115,-0.5143609022556398,-8.720699195575001,,4036.820000000001,3.366666666666666,109.05,87.29333333333335,3.578,1728.8666666666666,24.643333333333327,144.70666666666668,51.33666674296065,2141.15673828125,49.19299999999943,0.0089999999999997,-0.4600000000000064,0.664999999999992,0.0420499999999996,8.119995999999846,-0.7930000000000014,1.846999999999988,88.2589996337891,,0.0125087408364247,0.1247320731421992,-1,-2,-1,Sharp Decline,2.23606797749979,"5d%: +0.63%, MA20: -17.85, RSI: 37.2, VIX: 27.27, ATR: 0.0125, BBW: 0.12, Score: [-1, -2, -1], Dist: 2.24",Sharp Decline,2.23606797749979,Orderly Decline,2.449489742783178,0.21342176528338808,True,2022
2022-09-14,3940.73,3961.94,3912.18,3946.01,4293240000.0,3.46,3.48,3.38,3.41,0.0,109.93,109.93,109.28,109.66,0.0,87.94,90.19,86.18,88.48,335381.0,3.5315,3.5575,3.5015,3.5195,56398.0,1711.6,1717.3,1703.3,1709.1,163288.0,26.73,27.56,26.16,26.16,0.0,141.55,141.8,140.07,141.27,1575925.0,-20.690000534057617,-20.690000534057617,-20.690000534057617,-20.690000534057617,0.0,2130.6201171875,2130.6201171875,2130.6201171875,2130.6201171875,0.0,-0.8507815581915934,4.281345565749239,-0.163874726875457,7.981449841347343,2.594373997959476,-1.0823011922676318,6.168831168831157,-0.8840244159124322,-81.43395541925247,0.6985418879935201,-1.007235033214915,9.646302250803874,0.8182403236186353,-3.4482758620689613,-0.8870740636440555,-1.566549559407937,-0.1907668828691311,-0.3597122302158251,-92.3681298162135,0.0718630604490178,37.29118813948629,69.23076923076925,58.05921052631573,39.29883138564275,41.348158443363424,36.522630971734735,59.61981566820277,39.378442171518536,55.497953638100775,35.50585978545459,-17.104157894736954,0.0278646616541352,0.1281954887218014,-0.2969548872180486,-0.0088225563909775,-3.4754133984963107,0.279631578947368,-0.4778270676691764,-2.911405995017606,,3996.370000000001,3.396666666666666,109.27,87.85666666666668,3.561833333333334,1722.3666666666666,25.766666666666666,143.21666666666667,28.596666971842485,2138.5000813802085,0.9869999999997456,0.037,-0.1420000000000008,1.497999999999994,0.0333499999999998,-0.0400000000002982,0.5519999999999976,0.0840000000000008,38.39000053405762,6.482006835937351,0.0002501260767204,0.1172114474686499,-3,-2,0,Orderly Decline,1.7320508075688772,"5d%: -0.85%, MA20: -17.10, RSI: 37.3, VIX: 26.16, ATR: 0.0003, BBW: 0.12, Score: [-3, -2, 0], Dist: 1.73",Orderly Decline,1.7320508075688772,Sharp Decline,2.0,0.2679491924311228,True,2022
2022-09-15,3932.41,3959.14,3888.28,3901.35,4441830000.0,3.47,3.47,3.41,3.46,0.0,109.61,109.92,109.42,109.74,0.0,88.91,89.15,84.53,85.1,235358.0,3.5175,3.5525,3.4665,3.49,58543.0,1707.2,1707.8,1668.9,1677.3,268094.0,26.1,26.93,25.42,26.27,0.0,140.86,142.26,139.79,140.15,1678771.0,-88.47000122070312,-88.47000122070312,-88.47000122070312,-88.47000122070312,0.0,2118.169921875,2118.169921875,2118.169921875,2118.169921875,0.0,-2.616707187395473,5.167173252279622,0.0273448181569602,1.8673689250658263,-1.0490501842925992,-2.493896058597844,11.266412537060578,-2.511129660545341,16.193855962561265,-0.060394410170772,-1.3565107458912815,10.543130990415328,0.9567617295308084,-4.969290898939138,-0.8100042631803306,-2.8328119568995502,1.5461925009663702,-0.4333617504972853,-70.73824095643953,0.034474671723883,30.21593249617966,78.6666666666667,60.67226890756304,38.01679586563308,34.942363112391945,28.247799953360985,63.66402921485088,31.91927512355849,46.87506321393835,25.30149490716414,-15.497563909774517,0.0268796992481202,0.1059999999999982,-0.3528120300751894,-0.0089135338345865,-3.240225458646642,0.2481052631578942,-0.4184436090225591,2.766218110851775,,3926.6833333333343,3.43,109.74,86.96333333333335,3.521666666666667,1701.2666666666664,26.566666666666663,140.9,-43.58666737874345,2126.6200358072915,-25.50100000000064,0.0339999999999999,0.0719999999999873,1.0399999999999887,-0.0027500000000003,-3.3400000000002588,0.9579999999999976,-0.9439999999999948,4.176999855041507,1.482031249999911,-0.0065364553295655,0.1121081714625249,-4,-2,0,Sharp Decline,2.23606797749979,"5d%: -2.62%, MA20: -15.50, RSI: 30.2, VIX: 26.27, ATR: -0.0065, BBW: 0.11, Score: [-4, -2, 0], Dist: 2.24",Sharp Decline,2.23606797749979,Orderly Decline,2.449489742783178,0.21342176528338808,True,2022
2022-09-16,3880.95,3880.95,3837.08,3873.33,7954650000.0,3.45,3.49,3.42,3.45,0.0,109.8,110.26,109.48,109.76,0.0,85.16,86.59,84.27,85.11,87829.0,3.478,3.544,3.4285,3.5165,61283.0,1673.7,1689.9,1661.9,1683.5,217226.0,27.47,28.45,26.14,26.3,0.0,138.61,139.04,137.58,138.75,2430907.0,-152.0,-152.0,-152.0,-152.0,0.0,2105.1201171875,2105.1201171875,2105.1201171875,2105.1201171875,0.0,-4.770416191337878,3.915662650602414,0.6972477064220328,-1.9357068786726608,-1.443385650224216,-2.60904778433414,15.40149188240456,-4.796212433100044,-419.79803051501057,-1.5650484350714366,-2.3575380969787063,5.504587155963314,0.063816209317169,-1.731901627987531,3.229120798473506,-1.5093898086936175,2.8951486697965656,-1.5119250425894348,-54.45965634921905,-0.0389291357569598,35.57916477601664,77.33333333333337,58.51063829787244,36.93723299375616,37.43910925539319,33.49925007451466,52.91798107255521,37.1168582375479,50.08767156300829,26.71874409447466,-14.480834586466273,0.0268270676691728,0.0813007518796953,-0.4349398496240624,-0.0099154135338345,-3.543383383458714,0.2117368421052626,-0.3809172932330833,5.608037610161574,,3906.896666666667,3.4399999999999995,109.72,86.23000000000002,3.5086666666666666,1689.9666666666665,26.24333333333333,140.0566666666667,-87.05333391825354,2117.970052083333,-49.6420000000007,0.0329999999999999,0.2809999999999796,-0.2680000000000161,-0.0247000000000002,-13.410000000000185,0.9249999999999988,-1.7010000000000147,-42.07700023651124,-6.403027343750302,-0.0128163621483324,0.1039663804753047,-4,-2,0,Sharp Decline,2.23606797749979,"5d%: -4.77%, MA20: -14.48, RSI: 35.6, VIX: 26.30, ATR: -0.0128, BBW: 0.10, Score: [-4, -2, 0], Dist: 2.24",Sharp Decline,2.23606797749979,Orderly Decline,2.449489742783178,0.21342176528338808,True,2022
2022-09-19,3849.91,3900.45,3838.5,3899.89,3766850000.0,3.51,3.51,3.46,3.49,0.0,109.64,110.18,109.49,109.74,0.0,85.21,86.22,82.1,85.73,59626.0,3.5525,3.558,3.4745,3.5125,46278.0,1685.4,1688.8,1667.6,1678.2,141171.0,27.69,27.95,25.56,25.76,0.0,136.86,139.22,136.86,139.15,1283100.0,-100.45999908447266,-100.45999908447266,-100.45999908447266,-100.45999908447266,0.0,2110.300048828125,2110.300048828125,2110.300048828125,2110.300048828125,0.0,-5.121630202339911,3.869047619047628,1.3015785101079924,-2.33538391433128,-2.714305497853476,-3.584970699758694,7.917888563049846,-5.404486743711756,-178.4353510682999,-2.020141450821955,-0.6210088016594284,9.404388714733546,0.1917282936181763,-1.3123057442154915,2.900249011278744,-2.57749912922326,1.1385944248135216,-0.5076505076505144,-68.25808013388432,0.4727705635958035,39.765431712129256,76.38888888888894,58.00711743772236,29.188191881918826,42.19607843137256,32.65404806483218,48.21002386634845,39.8727984344423,54.98594068307785,31.368101589329925,-13.15079699248132,0.0256165413533833,0.0664887218045079,-0.4746616541353381,-0.0096402255639098,-3.695338300751911,0.1608496240601499,-0.3395563909774434,7.883255618676212,,3891.523333333334,3.4666666666666663,109.74666666666668,85.31333333333335,3.506333333333333,1679.6666666666667,26.11,139.35,-113.64333343505857,2111.196695963541,-50.55000000000055,0.0219999999999999,0.277999999999993,-0.7550000000000044,-0.0253500000000001,-15.43000000000038,0.3859999999999962,-1.783000000000003,-62.7030004501343,-11.02800292968768,-0.0129619040537042,0.0960825791779821,-4,-2,0,Sharp Decline,2.23606797749979,"5d%: -5.12%, MA20: -13.15, RSI: 39.8, VIX: 25.76, ATR: -0.0130, BBW: 0.10, Score: [-4, -2, 0], Dist: 2.24",Sharp Decline,2.23606797749979,Orderly Decline,2.449489742783178,0.21342176528338808,True,2022
2022-09-20,3875.23,3876.01,3827.54,3855.93,4058050000.0,3.55,3.6,3.53,3.57,0.0,109.58,110.29,109.36,110.22,0.0,85.61,86.45,83.52,84.45,279813.0,3.527,3.5475,3.483,3.503,48626.0,1684.9,1688.8,1668.1,1671.1,143933.0,25.65,27.81,25.61,27.16,0.0,138.01,138.1,135.92,136.91,1497645.0,-194.52999877929688,-194.52999877929688,-194.52999877929688,-194.52999877929688,0.0,2091.1298828125,2091.1298828125,2091.1298828125,2091.1298828125,0.0,-1.951844666119129,4.385964912280693,0.3642323802586,-3.2756843431451133,-1.4765855716495468,-2.695935716781195,-0.4033736707004021,-3.0931483578709007,800.6018302952479,-1.874184530104317,-1.3371918970162766,6.886227544910173,0.0090735867888547,-2.79696132596684,0.9801095416546612,-1.7231251267569414,0.9290226681531122,-1.83552018355202,-16.771487470499046,-0.4399336240497042,39.79596633914719,78.75000000000003,62.0232172470979,34.37635810517169,45.90443686006825,33.6836804171532,53.40014316392269,38.49787435049598,54.021407374938384,30.88091918355365,-11.69669924812038,0.0258571428571428,0.058857142857139,-0.4931578947368452,-0.0087281954887218,-3.922180436090284,0.1085338345864653,-0.3049774436090248,9.029503660273738,,3876.3833333333337,3.5033333333333325,109.90666666666668,85.09666666666668,3.510666666666667,1677.5999999999997,26.406666666666663,138.26999999999998,-148.99666595458982,2102.183349609375,-13.828000000000385,0.0179999999999994,-0.0059999999999934,-0.6530000000000085,-0.0088999999999999,-10.400000000000311,-0.2880000000000033,-0.678000000000008,-28.90299968719483,-6.704003906250345,-0.0035861646865997,0.0969778958511654,-3,-2,0,Orderly Decline,1.7320508075688772,"5d%: -1.95%, MA20: -11.70, RSI: 39.8, VIX: 27.16, ATR: -0.0036, BBW: 0.10, Score: [-3, -2, 0], Dist: 1.73",Orderly Decline,1.7320508075688772,Sharp Decline,2.0,0.2679491924311228,True,2022
2022-09-21,3871.4,3907.07,3789.49,3789.93,4078330000.0,3.53,3.62,3.5,3.51,0.0,110.16,111.58,110.13,110.64,0.0,84.25,86.68,82.49,82.94,339683.0,3.4995,3.516,3.4025,3.467,63155.0,1673.2,1696.9,1661.3,1675.7,227938.0,28.03,30.18,25.55,27.99,0.0,137.64,138.8,134.64,134.64,2226800.0,-237.4499969482422,-237.4499969482422,-237.4499969482422,-237.4499969482422,0.0,2077.8798828125,2077.8798828125,2077.8798828125,2077.8798828125,0.0,-3.955387847471248,2.9325513196480912,0.893671347802294,-6.261301989150092,-1.4916891603920956,-1.9542449242291204,6.995412844036686,-4.693140794223838,1047.6558280285103,-2.475346681914325,-4.772517695301604,7.339449541284404,0.7283321194464731,1.2204051745179356,1.0639848418597886,-3.0153953003819844,13.595779220779214,-5.535676699642189,113.07429266532046,-1.7940961273670395,37.73570887260946,72.61904761904765,65.20376175548589,35.265269728042824,45.63189143341816,37.00462933703125,57.330567081604414,36.35147190008921,53.36667672218418,30.53134722320592,-11.80527067669166,0.0272781954887217,0.0696165413533796,-0.5308872180451168,-0.0079285714285715,-4.35203009022559,0.1189849624060144,-0.3361879699248144,7.130413445494231,,3848.583333333334,3.523333333333333,110.2,84.37333333333335,3.494166666666666,1675.0,26.97,136.89999999999998,-177.47999827067054,2093.103271484375,-18.162000000000017,0.0349999999999994,0.1119999999999891,-0.7430000000000065,-0.0010500000000006,-7.510000000000085,0.1490000000000013,-0.9720000000000162,-35.9669994354248,-8.685034179687884,-0.0047921729425081,0.1020443490931068,-4,-2,0,Sharp Decline,2.23606797749979,"5d%: -3.96%, MA20: -11.81, RSI: 37.7, VIX: 27.99, ATR: -0.0048, BBW: 0.10, Score: [-4, -2, 0], Dist: 2.24",Sharp Decline,2.23606797749979,Orderly Decline,2.449489742783178,0.21342176528338808,True,2022
2022-09-22,3782.36,3790.9,3749.45,3757.99,4284600000.0,3.55,3.72,3.55,3.71,0.0,111.48,111.81,110.46,111.35,0.0,83.07,86.0,82.4,83.49,303492.0,3.44,3.522,3.4205,3.471,63729.0,1682.8,1693.5,1663.3,1681.1,241279.0,28.16,28.38,26.71,27.35,0.0,134.56,134.71,132.6,132.71,3304900.0,-308.2099914550781,-308.2099914550781,-308.2099914550781,-308.2099914550781,0.0,2059.389892578125,2059.389892578125,2059.389892578125,2059.389892578125,0.0,-3.674625450164693,7.225433526011571,1.4671040641516253,-1.8918918918918948,-0.5444126074498623,0.2265545817683234,4.11115340692807,-5.308597930788439,248.3779667711285,-2.775038427740628,-6.195178449295835,12.765957446808509,1.4948500592470992,-0.0598515681111022,-1.5877516302806982,-2.2729915126148192,15.840745446844572,-7.686421814134658,304.79379291534457,-2.833756869820958,34.93204051597263,74.44444444444447,63.60655737704917,42.21556886227545,56.69781931464177,42.28665039095191,56.05138607167006,33.1407346264961,51.2741265514883,29.09247133418269,-12.578759398496336,0.0272030075187969,0.0778270676691681,-0.5260751879699261,-0.0067251879699249,-4.397819593984982,0.1411353383458641,-0.391676691729325,4.770217918453365,,3801.283333333334,3.596666666666666,110.73666666666666,83.62666666666668,3.4803333333333337,1675.9666666666665,27.5,134.75333333333333,-246.72999572753903,2076.133219401041,-24.0240000000005,0.0219999999999995,0.2259999999999911,-0.4979999999999995,-0.0059500000000004,-1.5600000000003256,0.4299999999999975,-1.2860000000000122,-34.048999023437496,-9.457031250000108,-0.0063927791186247,0.1060174106223138,-4,-2,0,Sharp Decline,2.23606797749979,"5d%: -3.67%, MA20: -12.58, RSI: 34.9, VIX: 27.35, ATR: -0.0064, BBW: 0.11, Score: [-4, -2, 0], Dist: 2.24",Sharp Decline,2.23606797749979,Orderly Decline,2.449489742783178,0.21342176528338808,True,2022
2022-09-23,3727.14,3727.14,3647.47,3693.23,5144270000.0,3.77,3.77,3.66,3.7,0.0,111.24,113.23,111.08,113.19,0.0,83.54,83.92,78.04,78.74,334271.0,3.464,3.4725,3.327,3.343,94020.0,1680.1,1685.0,1646.6,1655.6,243045.0,27.68,32.31,27.58,29.92,0.0,131.38,131.38,128.69,130.48,4099632.0,-384.8200073242188,-384.8200073242188,-384.8200073242188,-384.8200073242188,0.0,2037.8199462890625,2037.8199462890625,2037.8199462890625,2037.8199462890625,0.0,-4.649745825943052,7.246376811594213,3.125,-7.484431911643763,-4.933883122422866,-1.657261657261666,13.76425855513308,-5.960360360360372,153.17105745014396,-3.1969753340418627,-9.19834978954408,11.44578313253013,3.8440366972477102,-9.27526212697316,-6.306053811659195,-4.2230706930463935,31.28565160157965,-10.47070124879924,-909.6360555595865,-4.711989556678253,33.84925128979488,80.72289156626512,73.5218508997429,33.42845495311863,44.14937759336099,32.8205092965147,62.88361320208455,31.56446540880501,46.78407631459906,26.259686251261968,-13.108954887218156,0.0302406015037593,0.0940902255639064,-0.4790075187969944,-0.0059342105263158,-4.233157969924839,0.1279398496240599,-0.4462180451127881,2.457721767568948,,3747.0500000000006,3.6399999999999992,111.72666666666667,81.72333333333334,3.427,1670.8,28.42,132.61,-310.1599985758464,2058.363240559896,-34.06400000000049,0.0539999999999992,0.4079999999999936,-0.6030000000000075,-0.0136500000000003,-0.7300000000003638,0.4329999999999998,-1.6590000000000222,-44.94099807739258,-12.388061523437564,-0.0092233627475138,0.1063417312715676,-4,-2,0,Sharp Decline,2.23606797749979,"5d%: -4.65%, MA20: -13.11, RSI: 33.8, VIX: 29.92, ATR: -0.0092, BBW: 0.11, Score: [-4, -2, 0], Dist: 2.24",Sharp Decline,2.23606797749979,Orderly Decline,2.449489742783178,0.21342176528338808,True,2022
2022-09-26,3682.72,3715.67,3644.76,3655.04,4886140000.0,3.78,3.9,3.74,3.88,0.0,113.02,114.53,112.94,114.1,0.0,79.23,80.31,76.25,76.71,280927.0,3.3505,3.3645,3.274,3.2945,87207.0,1651.0,1657.2,1627.7,1633.4,219861.0,31.74,32.88,29.83,32.26,0.0,129.99,130.98,128.09,128.59,2987228.0,-431.239990234375,-431.239990234375,-431.239990234375,-431.239990234375,0.0,2018.969970703125,2018.969970703125,2018.969970703125,2018.969970703125,0.0,-6.278382210780298,11.174785100286533,3.9730271550938654,-10.52140440919166,-6.206405693950179,-2.6695268740317024,25.23291925465836,-7.588932806324111,329.26537344656265,-4.327824290944626,-11.078456893594558,15.476190476190489,5.326317732853325,-12.61107313738894,-8.75225038083367,-6.158795817534168,35.14872224549643,-12.583276682528888,-436.69580267746,-6.26053756934647,32.83379670441445,81.39534883720935,74.28214731585517,30.84745762711865,35.3484466834593,32.82050593030827,64.7220693450743,29.80697847067557,40.37503795159629,23.557307827644664,-13.067368421052674,0.03096992481203,0.1293082706766887,-0.5200751879699261,-0.0058432330827068,-4.155564015037621,0.1282255639097743,-0.4759398496240632,0.9991576832936238,,3702.086666666668,3.763333333333332,112.88,79.64666666666666,3.3695,1656.6999999999998,29.84333333333333,130.59333333333333,-374.7566630045573,2038.726603190104,-51.12599999999981,0.0559999999999996,0.8029999999999883,-1.4940000000000169,-0.0371000000000004,-3.520000000000235,0.8509999999999951,-2.154000000000005,-68.24000091552733,-17.670019531250247,-0.0139878086149535,0.119739931675448,-4,-2,0,Sharp Decline,2.23606797749979,"5d%: -6.28%, MA20: -13.07, RSI: 32.8, VIX: 32.26, ATR: -0.0140, BBW: 0.12, Score: [-4, -2, 0], Dist: 2.24",Sharp Decline,2.23606797749979,Orderly Decline,2.449489742783178,0.21342176528338808,True,2022
2022-09-27,3686.44,3717.53,3623.29,3647.29,4577740000.0,3.81,3.99,3.81,3.96,0.0,114.02,114.47,113.33,114.11,0.0,76.47,79.51,76.42,78.5,283614.0,3.2955,3.353,3.268,3.2835,62826.0,1629.2,1650.1,1628.7,1636.2,197058.0,31.2,34.14,30.3,32.6,0.0,129.86,130.57,127.26,128.18,2756000.0,-360.04998779296875,-360.04998779296875,-360.04998779296875,-360.04998779296875,0.0,2017.989990234375,2017.989990234375,2017.989990234375,2017.989990234375,0.0,-5.41088660841872,10.924369747899163,3.5293050263110137,-7.045589105979877,-6.2660576648586925,-2.088444736999573,20.02945508100147,-6.376451683587748,85.08712797631888,-3.4976255267202383,-7.257119172881666,15.789473684210533,3.906392278273541,-10.090482189898063,-7.650119533117694,-4.7280773261907605,19.545287862119554,-9.27236693091732,1566.8980621956357,-5.306258100281792,25.306643699325846,89.65517241379315,77.90849673202604,42.64957264957267,37.0598591549296,23.122065727699493,74.5073891625616,20.461095100864554,37.24985459090695,23.43194419033832,-15.044195488722004,0.0334210526315788,0.1756390977443571,-0.560894736842108,-0.0059413533834587,-4.562030210526352,0.2093834586466155,-0.5807067669172943,-2.587022603544077,,3665.186666666667,3.846666666666666,113.8,77.98333333333335,3.307,1641.7333333333331,31.59333333333333,129.08333333333334,-392.0366617838542,2024.9266357421875,-49.84800000000018,0.0809999999999995,1.030999999999988,-1.9680000000000035,-0.0541000000000004,-9.550000000000033,1.212999999999998,-2.0800000000000023,-62.07899932861326,-18.43797607421893,-0.0136671336800748,0.1310860489557049,-4,-2,0,Sharp Decline,2.23606797749979,"5d%: -5.41%, MA20: -15.04, RSI: 25.3, VIX: 32.60, ATR: -0.0137, BBW: 0.13, Score: [-4, -2, 0], Dist: 2.24",Sharp Decline,2.23606797749979,Orderly Decline,2.449489742783178,0.21342176528338808,True,2022
2022-09-28,3651.94,3736.74,3640.61,3719.04,4684850000.0,3.91,3.91,3.7,3.71,0.0,114.19,114.78,112.56,112.6,0.0,78.08,82.34,76.55,82.15,324678.0,3.294,3.392,3.243,3.3585,84400.0,1636.5,1671.6,1622.2,1670.0,279817.0,34.5,34.88,30.03,30.18,0.0,128.95,131.81,128.45,131.16,4854617.0,-169.24000549316406,-169.24000549316406,-169.24000549316406,-169.24000549316406,0.0,2039.760009765625,2039.760009765625,2039.760009765625,2039.760009765625,0.0,-1.8704830959938576,5.698005698005693,1.7715112075198824,-0.9524957800819744,-3.129506778194413,-0.3401563525690765,7.824222936763125,-2.584670231729047,-28.72604435953987,-1.8345561436052813,-5.751886082397162,8.797653958944274,2.681014043406882,-7.154159132007232,-4.574513425202442,-2.2877537885436783,15.366972477064223,-7.156508812911455,717.979705774196,-4.26449120089103,30.02810004729713,69.09090909090911,66.00221483942411,47.26915520628684,34.58371454711798,37.23296032553405,68.63301191151447,25.80645161290323,45.88213404570533,30.30499769507953,-16.953398496240677,0.0368571428571428,0.2147744360902221,-0.4891879699248156,-0.0069334586466165,-4.755037759398539,0.295586466165413,-0.6812255639097801,-5.372044977747406,,3673.790000000001,3.849999999999999,113.60333333333332,79.12,3.3121666666666667,1646.533333333333,31.68,129.30999999999997,-320.1766611735026,2025.5733235677085,-38.82300000000033,0.1069999999999997,0.968999999999996,-1.5660000000000025,-0.0543500000000004,-12.670000000000018,1.4129999999999974,-1.704000000000009,-36.822998046874986,-16.019970703125388,-0.0104389842540011,0.1352979755774818,-3,-2,0,Orderly Decline,1.7320508075688772,"5d%: -1.87%, MA20: -16.95, RSI: 30.0, VIX: 30.18, ATR: -0.0104, BBW: 0.14, Score: [-3, -2, 0], Dist: 1.73",Orderly Decline,1.7320508075688772,Sharp Decline,2.0,0.2679491924311228,True,2022
2022-09-29,3687.01,3687.01,3610.4,3640.47,4681810000.0,3.82,3.83,3.72,3.75,0.0,113.01,113.79,111.92,112.25,0.0,81.9,82.94,80.34,81.23,286126.0,3.381,3.4335,3.3055,3.418,86454.0,1669.0,1673.1,1649.3,1668.6,201961.0,31.67,33.46,31.16,31.84,0.0,129.97,130.0,127.74,128.68,3154628.0,-246.92999267578125,-246.92999267578125,-246.92999267578125,-246.92999267578125,0.0,2019.8199462890625,2019.8199462890625,2019.8199462890625,2019.8199462890625,0.0,-3.1272036381150614,1.0781671159029615,0.8082622361921921,-2.7069110073062563,-1.526937481993662,-0.7435607637856112,16.416819012797077,-3.036696556401175,-19.88254776880862,-1.9214402494481253,-6.686916067515092,8.381502890173408,2.287224348460004,-4.547591069330192,-2.0630372492836724,-0.5186907529958873,21.202893033878944,-8.184088476632178,179.11155111185465,-4.643157971900491,21.00916808149404,69.3693693693694,68.74279123414068,37.97577854671282,36.72566371681417,34.17721518987341,74.49918787222524,17.85983421250937,36.4236578578274,20.76211162243364,-17.963022556391046,0.0354436090225564,0.2233082706766914,-0.4222932330827083,-0.0073233082706767,-4.506090421052644,0.3376090225563906,-0.7402932330827084,-6.402736953505894,,3668.933333333334,3.806666666666666,112.98666666666668,80.62666666666668,3.353333333333333,1658.2666666666664,31.54,129.34,-258.739995320638,2025.8566487630208,-12.383999999999816,0.026,0.3419999999999957,-0.2920000000000082,-0.0284500000000004,-4.160000000000338,0.8339999999999955,-0.5400000000000131,30.27099914550785,-5.908972167969007,-0.0034017585641413,0.1451789721837251,-4,-2,0,Sharp Decline,2.23606797749979,"5d%: -3.13%, MA20: -17.96, RSI: 21.0, VIX: 31.84, ATR: -0.0034, BBW: 0.15, Score: [-4, -2, 0], Dist: 2.24",Sharp Decline,2.23606797749979,Orderly Decline,2.449489742783178,0.21342176528338808,True,2022
2022-09-30,3633.48,3671.44,3584.13,3585.62,5645360000.0,3.71,3.8,3.69,3.8,0.0,111.75,112.67,111.58,112.12,0.0,81.74,82.56,79.14,79.49,253154.0,3.427,3.4745,3.3885,3.4125,75356.0,1669.5,1684.4,1667.5,1672.0,179989.0,31.61,33.25,29.39,31.62,0.0,128.57,129.85,127.08,127.28,2548300.0,-221.6000061035156,-221.6000061035156,-221.6000061035156,-221.6000061035156,0.0,2014.8199462890625,2014.8199462890625,2014.8199462890625,2014.8199462890625,0.0,-2.9137096796029494,2.7027027027026973,-0.9453131902111388,0.9525019050037996,2.078970984145978,0.9905774341628426,5.681818181818188,-2.4524831391784074,-42.41463492390275,-1.128657124094001,-7.427975411338561,10.144927536231862,2.150145772594758,-6.603219363177071,-2.957486136783738,-0.6831006831006792,20.22813688212928,-8.266666666666666,45.78947769968131,-4.289549568272665,14.922799278123136,69.64285714285717,73.30873308733088,32.63510682865524,31.25,31.049723756906104,72.00454287336741,12.716328066215183,33.012707229962075,13.971667336432176,-20.185390977443724,0.0340150375939849,0.219977443609021,-0.3872706766917327,-0.0070868421052632,-4.3369175187970255,0.392007518796992,-0.834924812030075,-9.18972182596536,,3648.376666666667,3.753333333333333,112.32333333333334,80.95666666666669,3.396333333333333,1670.1999999999998,31.213333333333328,129.04,-212.5900014241536,2024.7999674479167,-4.152000000000067,-0.0070000000000005,-0.3380000000000095,1.0419999999999916,0.0213999999999994,6.259999999999887,0.1759999999999962,-0.1030000000000034,53.77800140380866,-1.5209960937503344,-0.0011579587351699,0.1570811987052116,-4,-2,0,Sharp Decline,2.23606797749979,"5d%: -2.91%, MA20: -20.19, RSI: 14.9, VIX: 31.62, ATR: -0.0012, BBW: 0.16, Score: [-4, -2, 0], Dist: 2.24",Sharp Decline,2.23606797749979,Orderly Decline,2.449489742783178,0.21342176528338808,True,2022
2022-10-04,3726.46,3791.92,3726.46,3790.93,5146580000.0,3.59,3.66,3.56,3.62,0.0,111.59,111.89,110.06,110.07,0.0,83.22,86.98,83.22,86.52,302549.0,3.4165,3.5315,3.402,3.49,76841.0,1708.4,1738.7,1704.0,1730.5,205084.0,29.52,29.62,28.56,29.07,0.0,132.85,135.36,132.81,135.34,4074842.0,86.83000183105469,86.83000183105469,86.83000183105469,86.83000183105469,0.0,2055.909912109375,2055.909912109375,2055.909912109375,2055.909912109375,0.0,3.938266493752885,-8.585858585858585,-3.540443431776364,10.216560509554128,6.289020861885186,5.76335411318909,-10.82822085889571,5.585894835387739,-124.11609631298823,1.8790936554941016,-1.6857152489801464,1.400560224089653,-0.1360914534567325,2.4511545293072645,-0.3711104767342266,3.554544910537971,7.032400589101617,-1.1467387334745394,-144.63579004571284,-1.6842555305916829,39.82841851191098,58.53658536585366,52.403282532239125,46.65071770334927,47.16073147256981,55.1442307692308,59.29712460063898,39.70843457132938,54.528759905512224,32.27852572863438,-23.650443609022687,0.0309398496240601,0.2187218045112763,-0.3608045112781987,-0.0099398496240602,-3.567218330827092,0.4345263157894734,-0.9690075187969962,-12.826556321911344,,3684.993333333334,3.69,111.31333333333332,83.21333333333334,3.4375,1701.4999999999998,30.26333333333333,131.15,-65.86000188191727,2034.9966227213545,-7.114000000000305,-0.0530000000000003,-0.5200000000000052,0.7599999999999917,0.0306999999999995,13.35999999999989,-0.3560000000000022,0.1419999999999872,54.21199722290045,0.7599975585936295,-0.0018765843737553,0.1602829072814225,0,-2,0,Orderly Decline,2.449489742783178,"5d%: +3.94%, MA20: -23.65, RSI: 39.8, VIX: 29.07, ATR: -0.0019, BBW: 0.16, Score: [0, -2, 0], Dist: 2.45",Orderly Decline,2.449489742783178,Volatile Chop,2.8284271247461903,0.3789373819630124,True,2022
2022-10-07,3706.74,3706.74,3620.73,3639.66,4449660000.0,3.83,3.91,3.83,3.88,0.0,112.25,112.88,111.95,112.8,0.0,88.93,93.31,88.0,92.64,429162.0,3.4395,3.448,3.373,3.3865,53149.0,1721.0,1722.8,1698.4,1709.3,157445.0,30.37,32.02,29.88,31.36,0.0,132.01,132.2,129.39,130.15,3197884.0,-123.5500030517578,-123.5500030517578,-123.5500030517578,-123.5500030517578,0.0,2012.949951171875,2012.949951171875,2012.949951171875,2012.949951171875,0.0,1.5071312632124911,2.1052631578947434,0.6064930431680216,16.54296137878979,-0.7619047619047636,2.2308612440191444,-0.8222643896268256,2.254871150219984,-44.24639005016808,-0.0928120212742467,-1.450491845891,4.86486486486486,-0.344553405777892,17.65303530607063,1.301226443314385,3.2435370862527124,4.812834224598928,-0.2529123237277608,-67.894080167286,-1.220421615878109,34.02222631546633,64.02877697841726,63.73429084380609,61.013707363723285,39.21232876712328,58.36471221086603,65.30054644808743,35.52123552123551,49.0494889437406,28.17948002342139,-19.28380451127835,0.0252932330827067,0.1802406015037581,-0.1643458646616569,-0.0083864661654135,-0.7197744360902596,0.3660751879699245,-0.768481203007523,-4.7653082281127,-6.9137946795700485,3722.486666666667,3.823333333333333,112.04333333333334,89.61666666666669,3.444333333333333,1716.9666666666665,30.143333333333327,132.75666666666666,-41.17000071207678,2030.3599853515625,42.26499999999962,0.0169999999999997,-0.0400000000000137,2.2049999999999974,0.0157499999999997,11.639999999999851,-0.3750000000000031,1.604000000000001,48.04700145721437,4.765014648437384,0.0116123484061697,0.1408943220811128,-1,-2,-1,Sharp Decline,2.23606797749979,"5d%: +1.51%, MA20: -19.28, RSI: 34.0, VIX: 31.36, ATR: 0.0116, BBW: 0.14, Score: [-1, -2, -1], Dist: 2.24",Sharp Decline,2.23606797749979,Orderly Decline,2.449489742783178,0.21342176528338808,True,2022
2022-10-10,3647.51,3652.17,3588.1,3612.39,3834320000.0,3.89,3.89,3.89,3.89,0.0,112.75,113.33,112.62,113.14,0.0,93.48,93.64,90.54,91.13,289508.0,3.384,3.477,3.371,3.4305,58566.0,1703.4,1707.4,1672.5,1675.2,157149.0,32.93,33.99,32.05,32.45,0.0,130.61,130.76,128.4,129.27,3571819.0,-148.36000061035156,-148.36000061035156,-148.36000061035156,-148.36000061035156,0.0,2003.800048828125,2003.800048828125,2003.800048828125,2003.800048828125,0.0,-1.7953311603048028,6.57534246575342,1.2438478747203607,8.96807365777832,0.6011730205278454,-1.5746180963572276,7.807308970099669,-1.192387067186429,136.20442185412745,-1.497348460436454,-1.1668818945893888,0.2577319587628857,-0.8413672217353119,18.798070655716348,4.128092275003792,2.5590792212562663,0.5889646621202838,0.5288125048604098,-65.59688248538377,-0.7513693663168675,34.734097234410655,62.12121212121214,63.27272727272727,60.56962025316453,44.13904607922392,50.96289337717241,64.70261256253475,37.14670255720055,52.01554109085391,29.504831250028644,-17.462285714285752,0.0243308270676691,0.171699248120301,0.0025939849624053,-0.0076860902255639,0.2067669172931994,0.3204135338345863,-0.677751879699254,-1.663112838286207,-6.696259875763703,3665.523333333334,3.866666666666666,112.73333333333332,90.74,3.421,1701.7666666666664,31.443333333333328,130.91,-99.1633345286051,2016.7233479817708,-12.395000000000298,0.0669999999999998,0.4289999999999809,1.9949999999999912,-0.0091000000000003,0.4900000000000178,0.3969999999999964,-0.3390000000000117,-23.389000511169428,-6.510998535156608,-0.0034312463493698,0.1211324990286207,-3,-2,0,Orderly Decline,1.7320508075688772,"5d%: -1.80%, MA20: -17.46, RSI: 34.7, VIX: 32.45, ATR: -0.0034, BBW: 0.12, Score: [-3, -2, 0], Dist: 1.73",Orderly Decline,1.7320508075688772,Sharp Decline,2.0,0.2679491924311228,True,2022
2022-10-11,3595.86,3640.66,3568.45,3588.84,4759030000.0,3.9,3.97,3.87,3.94,0.0,113.08,113.5,112.41,113.22,0.0,91.14,91.35,87.91,89.35,333158.0,3.4365,3.4745,3.3835,3.462,60599.0,1675.6,1691.3,1667.5,1686.0,171814.0,33.56,34.43,32.45,33.63,0.0,128.79,130.44,127.73,128.69,2521942.0,-135.33999633789062,-135.33999633789062,-135.33999633789062,-135.33999633789062,0.0,1999.780029296875,1999.780029296875,1999.780029296875,1999.780029296875,0.0,-5.330881868037651,8.83977900552486,2.861815208503682,3.270920018492829,-0.8022922636103158,-2.571511123952619,15.686274509803932,-4.913551056598198,-255.8677801265304,-2.7301722941211137,-1.6025597087152343,-0.5050505050505083,-0.7799491718517237,13.8216560509554,5.436272270443121,3.04363769710303,3.1595092024539806,0.3978779840848823,-62.41077602376921,-0.9023811329899156,36.68648455396513,66.41221374045803,62.10131332082549,60.056479447756494,49.59283387622151,52.35052487448653,65.37622682660853,39.38637174455941,54.57707668130979,30.840957493956964,-14.707443609022745,0.0233007518796992,0.1517218045112763,0.1547969924812033,-0.0054131578947368,0.8646616541353038,0.2944887218045103,-0.5546766917293275,2.613759329085964,-6.180190099271651,3613.630000000001,3.903333333333333,113.05333333333334,91.04000000000002,3.426333333333333,1690.1666666666663,32.48,129.37,-135.74999999999997,2005.510009765625,-50.070000000000654,0.0659999999999994,0.7869999999999886,1.4099999999999917,-0.0233000000000006,-12.210000000000276,0.9569999999999956,-1.6800000000000066,-61.95500087738039,-13.597973632812662,-0.0139515832413817,0.1196289326716396,-4,-2,0,Sharp Decline,2.23606797749979,"5d%: -5.33%, MA20: -14.71, RSI: 36.7, VIX: 33.63, ATR: -0.0140, BBW: 0.12, Score: [-4, -2, 0], Dist: 2.24",Sharp Decline,2.23606797749979,Orderly Decline,2.449489742783178,0.21342176528338808,True,2022
2022-10-12,3590.83,3608.34,3573.86,3577.03,4006830000.0,3.95,3.98,3.88,3.9,0.0,113.31,113.59,113.05,113.32,0.0,88.67,90.07,86.28,87.27,332271.0,3.4245,3.465,3.398,3.425,56579.0,1673.4,1685.1,1668.0,1677.5,131769.0,33.54,34.53,33.11,33.57,0.0,128.74,129.14,127.91,128.02,2420061.0,-136.25,-136.25,-136.25,-136.25,0.0,1992.699951171875,1992.699951171875,1992.699951171875,1992.699951171875,0.0,-5.451618701232796,3.723404255319162,2.0257495273251047,-0.5583409298085762,-2.1568347378945973,-2.516271501627143,17.583187390542896,-5.036718344336466,-631.811067669258,-2.54363752117579,-3.8184585269316784,5.121293800539073,0.6394316163410352,6.232501521606815,1.9800506178353487,0.4491017964071808,11.23260437375746,-2.3940225678560467,-19.49303026611908,-2.307137034182627,37.69113565870384,58.260869565217405,59.8009950248756,55.65868263473054,46.44513137557959,49.18991899189921,67.51126126126125,41.24019424729175,58.22302962271563,32.66982696599844,-14.346233082706815,0.0231353383458645,0.1491804511278194,0.2691127819548854,-0.003287969924812,1.4088721804510975,0.3262030075187965,-0.5049699248120342,5.128962353297643,-5.855022688557359,3592.753333333334,3.91,113.22666666666667,89.25,3.4391666666666665,1679.5666666666666,33.21666666666666,128.66,-139.9833323160807,1998.760009765625,-52.10100000000067,0.042,0.5179999999999917,0.5859999999999961,-0.0092500000000004,-11.52000000000022,1.2089999999999974,-1.628000000000012,-44.469999504089365,-11.947985839843884,-0.0145654355708508,0.1143724411239654,-4,-2,0,Sharp Decline,2.23606797749979,"5d%: -5.45%, MA20: -14.35, RSI: 37.7, VIX: 33.57, ATR: -0.0146, BBW: 0.11, Score: [-4, -2, 0], Dist: 2.24",Sharp Decline,2.23606797749979,Orderly Decline,2.449489742783178,0.21342176528338808,True,2022
2022-11-02,3852.9,3894.44,3758.68,3759.69,4899000000.0,4.04,4.08,3.98,4.06,0.0,111.54,112.15,110.43,111.35,0.0,88.62,90.36,87.72,90.0,280961.0,3.4715,3.516,3.433,3.4685,72678.0,1651.4,1673.1,1637.4,1650.0,220926.0,26.04,26.62,25.39,25.86,0.0,139.64,143.55,136.49,136.49,4327490.0,147.42999267578125,147.42999267578125,147.42999267578125,147.42999267578125,0.0,2034.280029296875,2034.280029296875,2034.280029296875,2034.280029296875,0.0,-1.8511460345637776,1.2468827930174564,1.5041020966271468,2.3774314639972705,-2.157968970380808,-1.1502516175413424,-5.2052785923753735,-0.5174927113702488,-49.30541607771163,0.1136856659820884,1.746338453544638,-1.6949152542372947,-1.4427332271198523,5.201636469900639,4.535864978902948,0.966833924856192,-15.929778933680105,3.905298416565152,393.5721075780357,1.5783920794705697,55.92044525335657,56.79012345679007,44.02366863905323,52.082358446420216,51.80412371134021,41.01198402130491,10.313315926892969,60.64796523113395,58.127493741742505,59.14227015921932,12.693526315789358,0.0141127819548871,-0.1018721804511284,-0.1371503759398515,0.0006334586466164,-3.3020300751879703,-0.3209774436090232,0.5062030075187933,25.03120326422212,1.513376611695204,3829.256666666668,4.063333333333333,111.45333333333332,88.30000000000001,3.4386666666666668,1646.8,25.849999999999994,138.65,242.27999877929688,2044.02001953125,11.567999999999598,0.0219999999999995,0.449999999999992,-0.1630000000000062,-0.0289500000000001,-6.39000000000014,-0.445000000000004,0.7629999999999918,1.6849975585937265,5.024011230468412,0.0030768494210957,0.110801849329605,1,1,0,Trend Pullback,2.0,"5d%: -1.85%, MA20: +12.69, RSI: 55.9, VIX: 25.86, ATR: 0.0031, BBW: 0.11, Score: [1, 1, 0], Dist: 2.00",Trend Pullback,2.0,Steady Climb,2.23606797749979,0.2360679774997898,True,2022
2022-11-08,3817.02,3859.4,3786.28,3828.11,4607640000.0,4.2,4.2,4.12,4.13,0.0,110.06,110.61,109.37,109.62,0.0,91.87,92.17,88.52,88.91,344223.0,3.6005,3.6995,3.5625,3.6825,95727.0,1678.0,1720.4,1667.1,1716.0,297618.0,24.71,26.16,24.24,25.54,0.0,139.36,141.13,138.34,139.84,6172400.0,248.6000061035156,248.6000061035156,248.6000061035156,248.6000061035156,0.0,2054.8701171875,2054.8701171875,2054.8701171875,2054.8701171875,0.0,-0.7258629184927701,1.975308641975304,-1.668460710441333,0.6110671042208748,6.047516198704095,4.018912529550822,-1.0461061604029376,-0.0428877769835578,-15.53123979282347,0.1750169571852922,-0.8032940237515884,0.4866180048661794,-1.1987381703470024,4.207688701359591,8.404474536355622,3.498190591073591,-10.260014054813782,2.1251734462864214,-8.140264708946921,1.3784424097619707,60.10765277418768,50.0,33.497053045186675,57.52688172043011,66.32333184057322,72.54685777287762,19.2941176470588,70.34548944337809,61.99059359597974,70.58030845701228,12.217075187969874,0.0081954887218044,-0.1236541353383507,0.2156240601503745,0.0073387218045111,-0.6236090225564547,-0.502796992481204,0.6124962406015021,19.62636843373005,3.1088631307271366,3801.820000000001,4.166666666666666,110.20666666666666,91.10333333333335,3.6575,1691.033333333333,24.813333333333333,138.92,213.71666971842453,2048.07666015625,-8.774000000000658,0.0419999999999995,-0.3190000000000125,0.944999999999993,0.0479999999999994,8.819999999999919,-0.423000000000004,-0.0360000000000301,-12.724998474121112,0.1149658203123387,-0.0022919926543387,0.0985707089416432,1,1,0,Trend Pullback,2.0,"5d%: -0.73%, MA20: +12.22, RSI: 60.1, VIX: 25.54, ATR: -0.0023, BBW: 0.10, Score: [1, 1, 0], Dist: 2.00",Trend Pullback,2.0,Steady Climb,2.23606797749979,0.2360679774997898,True,2022
2022-12-15,3958.37,3958.37,3879.45,3895.75,4493900000.0,3.51,3.52,3.43,3.45,0.0,103.67,104.88,103.54,104.56,0.0,77.37,77.77,75.33,76.11,224663.0,3.8635,3.8675,3.757,3.763,60786.0,1818.7,1819.7,1782.0,1787.8,185317.0,21.52,23.67,21.25,22.83,0.0,144.46,144.72,142.55,143.09,3411200.0,-130.25,-130.25,-130.25,-130.25,0.0,2039.47998046875,2039.47998046875,2039.47998046875,2039.47998046875,0.0,-1.7095957875721268,-1.1461318051575908,-0.2004390569819492,6.507136859781704,-3.1028711214111104,-0.7604773799611442,2.4226110363391617,-1.419221495005174,115.53863865998392,-0.8695633600047881,-4.435591686147921,-2.2662889518413443,-0.162322161749262,-6.291553804481653,-1.427635887360834,-1.5094755398854187,15.070564516129023,-3.985774676239684,-183.9347893720632,-2.217918339880265,39.22651020576813,36.55913978494623,40.64171122994658,49.62339388568896,60.13363028953227,56.95283011833328,56.80093403385872,39.43459511260181,35.942833856628624,42.36392364119675,0.5646165413532986,-0.0175112781954888,-0.1605714285714327,-0.4876165413533862,0.0144616541353382,3.850601240601479,-0.013872180451128,0.0576691729323282,-11.232578869869837,,3970.240000000001,3.483333333333333,104.10333333333334,76.26,3.827666666666667,1810.6666666666667,22.17333333333333,145.52,-50.13333352406816,2054.02001953125,14.88899999999929,-0.0050000000000001,-0.2830000000000028,1.600999999999994,-0.0047500000000004,4.920000000000009,-0.258000000000001,0.5439999999999972,19.576000308990498,2.0629882812499445,0.0038218571520244,0.051469868746554,1,-2,1,Orderly Decline,3.1622776601683795,"5d%: -1.71%, MA20: +0.56, RSI: 39.2, VIX: 22.83, ATR: 0.0038, BBW: 0.05, Score: [1, -2, 1], Dist: 3.16",Orderly Decline,3.1622776601683795,Steady Climb,3.3166247903554,0.1543471301870203,True,2022
