Date,Open_SP500,High_SP500,Low_SP500,Close_SP500,Volume_SP500,Open_Yield,High_Yield,Low_Yield,Close_Yield,Volume_Yield,Open_DXY,High_DXY,Low_DXY,Close_DXY,Volume_DXY,Open_Oil,High_Oil,Low_Oil,Close_Oil,Volume_Oil,Open_Copper,High_Copper,Low_Copper,Close_Copper,Volume_Copper,Open_Gold,High_Gold,Low_Gold,Close_Gold,Volume_Gold,Open_VIX,High_VIX,Low_VIX,Close_VIX,Volume_VIX,Open_RSP,High_RSP,Low_RSP,Close_RSP,Volume_RSP,Open_NYMO,High_NYMO,Low_NYMO,Close_NYMO,Volume_NYMO,Open_NYAD,High_NYAD,Low_NYAD,Close_NYAD,Volume_NYAD,5d_pct_SP500,5d_pct_Yield,5d_pct_DXY,5d_pct_Oil,5d_pct_Copper,5d_pct_Gold,5d_pct_VIX,5d_pct_RSP,5d_pct_NYMO,5d_pct_NYAD,10d_ROC_SP500,10d_ROC_Yield,10d_ROC_DXY,10d_ROC_Oil,10d_ROC_Copper,10d_ROC_Gold,10d_ROC_VIX,10d_ROC_RSP,10d_ROC_NYMO,10d_ROC_NYAD,RSI_14_SP500,RSI_14_Yield,RSI_14_DXY,RSI_14_Oil,RSI_14_Copper,RSI_14_Gold,RSI_14_VIX,RSI_14_RSP,RSI_14_NYMO,RSI_14_NYAD,20d_slope_SP500,20d_slope_Yield,20d_slope_DXY,20d_slope_Oil,20d_slope_Copper,20d_slope_Gold,20d_slope_VIX,20d_slope_RSP,20d_slope_NYMO,20d_slope_NYAD,SMA_3_SP500,SMA_3_Yield,SMA_3_DXY,SMA_3_Oil,SMA_3_Copper,SMA_3_Gold,SMA_3_VIX,SMA_3_RSP,SMA_3_NYMO,SMA_3_NYAD,5d_Slope_SP500,5d_Slope_Yield,5d_Slope_DXY,5d_Slope_Oil,5d_Slope_Copper,5d_Slope_Gold,5d_Slope_VIX,5d_Slope_RSP,5d_Slope_NYMO,5d_Slope_NYAD,Normalized_ATR,BBW,TrendScore_Euclidean,MomentumScore_Euclidean,VolatilityScore_Euclidean,MarketState_Euclidean,EuclideanDist_Euclidean,Diagnostics_Euclidean,TopState,TopDist,AltState,AltDist,DistanceDelta,IsBorderline,Year
2009-01-05,929.17,936.63,919.53,927.45,5413910000.0,2.49,2.52,2.41,2.49,0.0,81.56,83.17,81.34,82.64,0.0,47.04,49.28,45.56,48.81,258762.0,1.469,1.498,1.416,1.459,10650.0,880.7,885.5,843.5,857.8,95451.0,39.24,40.22,38.3,39.08,0.0,28.59,29.24,28.42,28.9,2954300.0,336.0,336.0,336.0,336.0,0.0,190.52999877929688,190.52999877929688,190.52999877929688,190.52999877929688,0.0,6.2614573785517935,16.355140186915882,2.16343182099148,29.43516308671441,11.92942079018029,-1.5381083562901798,-9.91240202858461,8.605787298008272,121.92867473279485,14.604510543937966,4.76346466654618,20.28985507246379,3.98892663898327,34.75980121479847,12.101421436803683,-0.3253544039042655,-17.448246725813277,5.705925384052657,124.19430903248669,15.999999256801756,62.50917479291184,45.53571428571431,44.99999999999999,53.28998699609883,53.53418308227115,60.28681742967456,15.641952983725105,63.68563685636857,61.37404034617223,67.12883643941801,0.7784962406014663,-0.0322857142857143,-0.3139097744360916,-0.2003007518797001,-0.0073165413533834,6.216842105263159,-1.234593984962407,0.0393684210526312,-0.1055862369393976,0.7466391886087289,920.8333333333334,2.3833333333333333,81.93,46.58333333333335,1.4433333333333334,873.8666666666667,39.42333333333333,28.48333333333333,311.78333536783856,186.13666788736973,15.182999999999913,0.0699999999999998,0.2530000000000003,2.183999999999997,0.0413499999999997,2.559999999999961,-1.2280000000000055,0.5779999999999953,53.87700271606443,6.294000244140608,0.0163706938379426,0.0913972390622375,4,1,-2,Volatile Chop,4.123105625617661,"5d%: +6.26%, MA20: +0.78, RSI: 62.5, VIX: 39.08, ATR: 0.0164, BBW: 0.09, Score: [4, 1, -2], Dist: 4.12",Volatile Chop,4.123105625617661,Steady Climb,4.47213595499958,0.349030329381919,True,2009
2009-01-06,931.17,943.85,927.28,934.7,5392620000.0,2.56,2.61,2.47,2.51,0.0,82.6,84.02,82.43,82.85,0.0,48.4,50.47,47.6,48.58,331307.0,1.4525,1.587,1.45,1.583,16837.0,843.5,871.4,838.8,866.0,101200.0,38.06,39.33,37.34,38.56,0.0,29.25,29.83,29.1,29.57,963800.0,377.010009765625,377.010009765625,377.010009765625,377.010009765625,0.0,197.3099975585937,197.3099975585937,197.3099975585937,197.3099975585937,0.0,7.508453911803281,19.523809523809497,2.6896380763510086,21.389305347326328,20.701486847121608,-1.062492859590991,-12.164009111617302,12.433460076045622,325.6633296428208,22.89629013272909,5.273235121863329,17.84037558685445,1.90651906519066,43.43076468851492,19.33660007538636,3.4153331741103354,-14.177609614956598,8.117001828153558,115.5574745124123,17.958983989264166,67.69790718835307,49.07407407407408,53.28054298642535,55.51341099972907,66.72932330827068,58.501440922190206,4.8611111111111,71.12582781456955,70.27567007579395,75.83867836432076,0.7532105263157579,-0.0272631578947368,-0.2492481203007547,-0.0589624060150376,-0.0049432330827067,5.480676691729306,-1.1750601503759408,0.0426766917293225,1.8626016315660925,0.9307744076377448,931.3166666666666,2.473333333333333,82.44333333333333,47.910000000000025,1.501,867.7666666666668,38.943333333333335,29.07333333333333,347.93333943684894,191.98333231608072,15.721999999999907,0.1109999999999999,0.4859999999999838,2.488999999999998,0.0435499999999998,-2.550000000000112,-1.2080000000000102,0.6819999999999969,64.46600036621093,7.81899871826172,0.0168203701722476,0.1006021628284555,4,2,-2,Volatile Chop,4.47213595499958,"5d%: +7.51%, MA20: +0.75, RSI: 67.7, VIX: 38.56, ATR: 0.0168, BBW: 0.10, Score: [4, 2, -2], Dist: 4.47",Volatile Chop,4.47213595499958,Steady Climb,4.58257569495584,0.11043973995626022,True,2009
2009-01-07,927.45,927.45,902.37,906.65,4704940000.0,2.47,2.54,2.46,2.49,0.0,82.86,83.27,81.63,82.28,0.0,48.41,49.09,42.41,42.63,306262.0,1.587,1.6225,1.5,1.5115,13718.0,864.2,867.8,836.0,841.7,119843.0,38.56,43.82,38.56,43.39,0.0,29.19,29.19,28.44,28.59,884500.0,223.9499969482422,223.9499969482422,223.9499969482422,223.9499969482422,0.0,187.1699981689453,187.1699981689453,187.1699981689453,187.1699981689453,0.0,1.7975837599928155,19.13875598086125,1.7058096415327515,9.223674096848589,14.464218099204862,-3.252873563218384,4.227720393946677,5.3814964983413205,23.73611257595143,10.177768300666036,4.017759829285361,16.355140186915882,1.467505241090139,6.815334502630943,12.337421033073229,-0.6491973559962227,-2.6256732495511748,7.846095812900788,129.31598254192104,16.196918327114606,48.08245727374171,56.98924731182797,60.230179028133,48.84386174016687,61.52512998266898,49.73903966597077,28.20388349514561,54.40115440115439,52.52838768120198,62.98094598433083,1.1949473684210317,-0.0204135338345865,-0.1651353383458664,0.0262030075187953,-0.0022984962406015,4.512857142857124,-1.1446015037593995,0.0658571428571421,5.06472213286206,1.2746765710357388,922.9333333333334,2.4966666666666666,82.58999999999999,46.67333333333335,1.5178333333333331,855.1666666666666,40.34333333333333,29.02,312.32000223795575,191.6699981689453,11.231999999999925,0.1089999999999999,0.5229999999999877,2.3309999999999977,0.0573999999999998,-3.450000000000123,-0.7060000000000048,0.597999999999999,45.94800109863281,6.561997985839822,0.0123884630232172,0.1001019080521484,3,0,-1,Volatile Chop,3.1622776601683795,"5d%: +1.80%, MA20: +1.19, RSI: 48.1, VIX: 43.39, ATR: 0.0124, BBW: 0.10, Score: [3, 0, -1], Dist: 3.16",Volatile Chop,3.1622776601683795,Steady Climb,3.3166247903554,0.1543471301870203,True,2009
2009-01-20,849.64,849.64,804.47,805.22,6375230000.0,2.38,2.5,2.33,2.35,0.0,85.07,86.41,84.97,86.22,0.0,36.14,39.55,32.7,38.74,354707.0,1.52,1.5225,1.4625,1.49,298.0,838.70001,862.70001,824.0,854.59998,20.0,50.12,57.36,49.27,56.65,0.0,26.47,26.47,24.96,24.96,973400.0,-27.440000534057617,-27.440000534057617,-27.440000534057617,-27.440000534057617,0.0,163.07000732421875,163.07000732421875,163.07000732421875,163.07000732421875,0.0,-7.47362857077195,1.7316017316017396,3.854492893278727,3.0593242883745653,0.1007725898555689,4.092567600487196,23.582024432809767,-8.066298342541433,-242.9166637692188,-6.997826662450068,-13.179147123834166,-5.622489959839361,4.332042594385288,-20.631018233968447,2.124742974640159,-0.3730496619258616,44.95905834186284,-13.633217993079583,-108.16666682561238,-14.412424096473542,35.901264933239645,64.04494382022472,82.1345707656613,47.70609318996415,61.23348017621145,44.462273350698055,65.93351662084478,42.90254237288136,45.00389433389565,51.25273624308231,-0.8330827067669234,0.0131954887218044,0.2157593984962373,0.0551578947368406,0.0145481203007518,-1.89000000000001,0.1004887218045101,0.0229624060150374,,0.930089953429714,833.0266666666666,2.283333333333333,84.95666666666666,36.88333333333336,1.4903333333333333,833.9333266666666,51.25333333333333,25.98,,168.8999989827474,-6.833000000000057,-0.0120000000000002,0.2549999999999879,-0.4540000000000041,-0.00155,2.4399999999999227,0.8269999999999962,-0.1810000000000047,,-0.9520004272461172,-0.0084858796353792,0.1486792730983299,-4,-2,0,Sharp Decline,2.23606797749979,"5d%: -7.47%, MA20: -0.83, RSI: 35.9, VIX: 56.65, ATR: -0.0085, BBW: 0.15, Score: [-4, -2, 0], Dist: 2.24",Sharp Decline,2.23606797749979,Orderly Decline,2.449489742783178,0.21342176528338808,True,2009
2009-01-21,806.77,841.72,804.3,840.24,6467830000.0,2.43,2.53,2.4,2.53,0.0,86.26,86.5,85.17,85.82,0.0,40.91,44.43,40.24,43.55,276261.0,1.4805,1.5175,1.426,1.4335,12083.0,857.3,864.6,843.0,850.1,123210.0,51.52,54.12,46.15,46.42,0.0,25.42,26.17,24.92,26.17,835900.0,,,,,,172.97999572753906,172.97999572753906,172.97999572753906,172.97999572753906,0.0,-3.618990812007472,10.000000000000009,1.8393259760294267,15.272631021704598,-7.336780866192627,3.5823077860362984,7.279870580078573,-3.645066273932252,-234.5098090547638,-2.304304691806236,-10.105916336792554,0.7968127490039834,3.5847917923959027,-10.354055166735288,-9.444093493367022,-1.8360277136258647,20.383817427385885,-11.498140006763602,-107.27832148305988,-12.330851012164011,39.56435315554084,70.75471698113209,77.95454545454544,57.124842370744005,56.71021377672209,44.65341099482235,54.99270377319159,45.11201629327904,35.9661441229902,51.53222182685858,-1.9554736842105656,0.0112857142857142,0.2326992481202981,-0.0212330827067668,0.0136304511278195,-1.6333085563909897,0.3400601503759392,-0.0121503759398503,,0.612029903096366,831.86,2.393333333333333,85.41666666666667,39.600000000000016,1.483666666666667,848.1999933333333,49.72666666666667,25.933333333333334,,170.2133331298828,-12.564000000000036,0.0189999999999998,0.368999999999992,0.1149999999999939,-0.0074,9.889995999999943,2.3729999999999927,-0.3860000000000024,,-1.8949981689453383,-0.0149528706083976,0.1543346002731347,-4,-2,0,Sharp Decline,2.23606797749979,"5d%: -3.62%, MA20: -1.96, RSI: 39.6, VIX: 46.42, ATR: -0.0150, BBW: 0.15, Score: [-4, -2, 0], Dist: 2.24",Sharp Decline,2.23606797749979,Orderly Decline,2.449489742783178,0.21342176528338808,True,2009
2009-01-22,839.74,839.74,811.29,827.5,5843830000.0,2.51,2.64,2.49,2.59,0.0,85.51,86.11,85.22,85.52,0.0,44.21,45.1,40.41,43.67,317569.0,1.4785,1.483,1.385,1.396,12638.0,854.0,863.2,843.5,858.8,107559.0,50.65,51.76,46.51,47.29,0.0,25.65,26.06,25.09,25.61,1250800.0,-33.650001525878906,-33.650001525878906,-33.650001525878906,-33.650001525878906,0.0,165.02999877929688,165.02999877929688,165.02999877929688,165.02999877929688,0.0,-1.794403171061687,17.194570135746613,1.3030087656953349,17.14055793991416,-6.151260504201694,6.181998021760626,-3.76475376475377,-1.9900497512437831,-264.9509909564558,-0.3201249016141716,-8.72993988860089,4.016064257028096,3.937773456490024,2.439596528266485,-7.641415812107189,2.031602708803604,8.988246139663513,-10.423224903812525,-115.02567626006972,-11.82881851057358,34.32391043417077,68.04123711340206,74.22324510932107,48.229920060905975,49.11392405063291,42.93628652327679,57.72082185977547,38.72296601441814,24.15652347838359,42.57205826514526,-2.4161353383458857,0.0124736842105262,0.262669172932331,-0.0698045112781966,0.012016917293233,-1.7981957443609295,0.3814360902255627,-0.0262406015037602,,0.4849998187301702,824.32,2.49,85.85333333333334,41.986666666666686,1.4398333333333333,854.4999933333332,50.120000000000005,25.58,,167.02666727701822,-4.328000000000054,0.0789999999999997,0.4579999999999868,1.5879999999999967,-0.00715,12.989997999999916,0.0210000000000001,-0.1270000000000025,,0.8870010375976372,-0.0052302114803626,0.1631093885451933,-3,-2,0,Orderly Decline,1.7320508075688772,"5d%: -1.79%, MA20: -2.42, RSI: 34.3, VIX: 47.29, ATR: -0.0052, BBW: 0.16, Score: [-3, -2, 0], Dist: 1.73",Orderly Decline,1.7320508075688772,Sharp Decline,2.0,0.2679491924311228,True,2009
2009-01-23,822.16,838.61,806.07,831.95,5832160000.0,2.59,2.68,2.58,2.62,0.0,85.56,86.81,85.31,85.61,0.0,43.26,47.0,41.4,46.47,269756.0,1.43,1.479,1.373,1.472,12424.0,857.2,903.8,852.1,895.8,197174.0,50.39,51.11,46.43,47.27,0.0,24.96,26.15,24.8,25.86,642600.0,,,,,,167.41000366210938,167.41000366210938,167.41000366210938,167.41000366210938,0.0,-1.3973498945172635,19.090909090909093,1.3855992420653829,31.271186440677965,1.2727898176814634,10.962467484206616,-7.313725490196077,-1.710376282782211,-264.9509909564558,-0.9642627122354196,-8.549789497982918,7.377049180327866,4.991415256315901,11.43884892086331,-0.4732927653820273,4.833235810415437,11.066729323308277,-10.2706453851492,-114.87227187432036,-12.44704890752548,27.04703232035311,62.195121951219534,72.84848484848486,50.237833882180745,50.67484662576686,53.83168854380602,58.7031451960362,33.96226415094341,12.71722458166154,38.90199540665588,-3.2437368421052697,0.0140751879699247,0.2782406015037554,-0.0358496240601511,0.0100067669172932,-1.7031581203007722,0.4271578947368409,-0.0598195488721809,,0.1380750154194034,833.23,2.58,85.64999999999999,44.56333333333336,1.4338333333333333,868.2333333333332,46.99333333333333,25.88,,168.47333272298178,-4.236000000000101,0.1009999999999999,0.3769999999999877,2.358000000000001,-0.0209000000000002,11.319999999999943,-0.7110000000000039,-0.1900000000000025,,-0.9629989624023618,-0.0050916521425567,0.1691158259518037,-3,-2,0,Orderly Decline,1.7320508075688772,"5d%: -1.40%, MA20: -3.24, RSI: 27.0, VIX: 47.27, ATR: -0.0051, BBW: 0.17, Score: [-3, -2, 0], Dist: 1.73",Orderly Decline,1.7320508075688772,Sharp Decline,2.0,0.2679491924311228,True,2009
2009-01-26,832.5,852.53,827.69,836.57,6039940000.0,2.66,2.69,2.61,2.64,0.0,85.51,86.28,84.2,84.73,0.0,46.05,48.59,45.25,45.73,277496.0,1.467,1.631,1.443,1.5865,16649.0,898.9,916.3,889.0,908.8,148370.0,47.89,47.93,44.29,45.69,0.0,25.95,26.6,25.67,25.96,635800.0,26.549999237060547,26.549999237060547,26.549999237060547,26.549999237060547,0.0,171.5,171.5,171.5,171.5,0.0,-1.5938926269232545,14.782608695652176,0.6175038593991378,25.25335524513832,3.86252045826514,8.203357542564582,-0.9108653220559536,-2.6621672290963683,-187.97216358048644,-1.7698587563461765,-6.040321221991352,9.543568464730278,2.504234212436507,12.00097967180993,1.7313241423533077,6.292397660818705,6.702475478748249,-7.483962936564492,-79.07306797329142,-6.5496970317282415,29.134906786665454,59.74025974025975,62.54501800720293,43.98437499999999,56.8733153638814,62.50000245098088,56.90123198997703,33.59375000000004,11.600963351021464,39.97682489859084,-4.075142857142875,0.0157443609022556,0.2908045112781953,0.0177669172932318,0.007987969924812,-1.2406768872180671,0.4757518796992475,-0.0946315789473682,,-0.2461579745873552,832.0066666666667,2.6166666666666667,85.28666666666668,45.29000000000002,1.4848333333333334,887.7999999999998,46.75,25.81,,167.9800008138021,-1.4060000000001047,0.0879999999999998,0.2099999999999878,2.4849999999999945,-0.0205000000000001,11.600001999999938,-0.7040000000000013,-0.0970000000000036,,-1.2399993896484531,-0.0016806722689076,0.1737487591010654,-3,-2,0,Orderly Decline,1.7320508075688772,"5d%: -1.59%, MA20: -4.08, RSI: 29.1, VIX: 45.69, ATR: -0.0017, BBW: 0.17, Score: [-3, -2, 0], Dist: 1.73",Orderly Decline,1.7320508075688772,Sharp Decline,2.0,0.2679491924311228,True,2009
2009-01-27,837.3,850.45,835.4,845.71,5353260000.0,2.61,2.64,2.52,2.52,0.0,84.42,84.77,83.72,84.43,0.0,45.65,47.49,41.41,41.58,308439.0,1.5865,1.625,1.4545,1.4845,16624.0,902.9,907.6,892.2,899.5,113675.0,45.11,45.93,42.2,42.25,0.0,26.03,26.49,25.93,26.31,482200.0,,,,,,177.19000244140625,177.19000244140625,177.19000244140625,177.19000244140625,0.0,5.028439432701615,7.234042553191489,-2.076084435165848,7.330924109447578,-0.3691275167785224,5.253922425788038,-25.41924095322153,5.4086538461538325,-196.75655510322449,8.65885477585946,-2.8209960241766807,9.090909090909085,1.698385931100943,10.614525139664789,-0.2687269062814912,9.561510353227764,-7.831588132635259,-3.0939226519337004,38.2812405315542,1.0550964652414896,29.744616925388087,50.574712643678176,59.38242280285044,38.14363143631437,44.56101601325234,58.166749520575245,53.63117496555796,31.13425925925928,1.705924649520469,39.27962707674179,-4.714827067669169,0.0173233082706766,0.2837518796992465,-0.0077669172932339,0.0072071428571428,-0.5229324962406355,0.485601503759398,-0.1252556390977442,,-0.5414437659701037,838.0766666666667,2.5933333333333333,84.92333333333335,44.59333333333334,1.5143333333333333,901.3666666666668,45.07,26.043333333333333,,172.03333536783853,5.440999999999914,0.0669999999999996,-0.3190000000000031,1.6899999999999995,0.0231499999999998,15.410003999999889,-2.10700000000001,0.1689999999999965,,1.1289993286132691,0.006433647467808,0.176232694563845,0,-2,0,Orderly Decline,2.449489742783178,"5d%: +5.03%, MA20: -4.71, RSI: 29.7, VIX: 42.25, ATR: 0.0064, BBW: 0.18, Score: [0, -2, 0], Dist: 2.45",Orderly Decline,2.449489742783178,Volatile Chop,2.8284271247461903,0.3789373819630124,True,2009
2009-01-30,845.69,851.66,821.67,825.88,5350580000.0,2.83,2.86,2.76,2.84,0.0,85.51,86.13,85.44,86.0,0.0,41.65,43.44,41.02,41.68,237726.0,1.462,1.475,1.4065,1.4685,13329.0,911.0,931.3,903.1,928.4,129072.0,42.63,45.53,42.09,44.84,0.0,26.43,26.51,25.34,25.48,642920.0,,,,,,169.66000366210938,169.66000366210938,169.66000366210938,169.66000366210938,0.0,-0.7296111545165074,8.396946564885477,0.4555542576801796,-10.30772541424575,-0.2377717391304434,3.639205179727623,-5.140681193145758,-1.4694508894044778,-212.956899250959,1.3440057050242205,-2.1167658283357427,29.09090909090908,1.847465656087155,17.740112994350277,1.0319917440660298,15.000619348445433,-12.078431372549014,-3.1546940326871886,86.3235246681423,0.3667832469249399,36.88301119023397,69.72477064220183,72.08994708994712,51.82325182325182,44.18158567774936,66.75799392840074,51.91796429927839,36.6182572614108,3.5301483784272705,43.051932981864006,-5.179383458646639,0.0158270676691729,0.21446616541353,-0.1485187969924812,-0.0001676691729323,1.9362405263157647,0.280511278195488,-0.1667443609022565,,-0.8939550184665783,848.3699999999999,2.773333333333333,85.31666666666666,41.76000000000002,1.474,907.7,42.376666666666665,26.39,,178.07666524251303,6.389999999999977,0.0419999999999997,-0.0720000000000093,-1.3630000000000058,-0.01195,0.079999999999945,-1.531000000000001,0.2319999999999983,,3.550997924804671,0.0077372015304886,0.1796457186030113,-3,-2,0,Orderly Decline,1.7320508075688772,"5d%: -0.73%, MA20: -5.18, RSI: 36.9, VIX: 44.84, ATR: 0.0077, BBW: 0.18, Score: [-3, -2, 0], Dist: 1.73",Orderly Decline,1.7320508075688772,Sharp Decline,2.0,0.2679491924311228,True,2009
2009-02-10,866.87,868.05,822.99,827.16,6770170000.0,2.96,2.96,2.81,2.85,0.0,85.05,85.96,84.73,85.81,0.0,39.76,41.8,37.35,37.55,359674.0,1.604,1.6375,1.5485,1.576,18417.0,895.9,919.7,892.0,914.2,114810.0,45.14,48.12,44.18,46.67,0.0,26.82,27.1,25.46,25.62,721100.0,-39.040000915527344,-39.040000915527344,-39.040000915527344,-39.040000915527344,0.0,176.39999389648438,176.39999389648438,176.39999389648438,176.39999389648438,0.0,-1.353591489666195,0.3521126760563486,0.8935920047031143,-7.920549288867096,3.547963206307503,2.431372549019617,8.383650719925683,-0.8513931888544879,-31.1585231074063,1.286167999123866,-2.193423277482831,13.095238095238091,1.6344901101504217,-9.692159692159697,6.163691478612332,1.634241245136181,10.461538461538456,-2.622576966932721,-247.04332217468504,-0.4458539048686538,46.85153090699017,63.559322033898326,49.93359893758306,31.90591073582631,59.62187711006077,64.56156292594278,50.58438522674148,46.40522875816993,0.0,52.10954781380057,0.0113308270676412,0.0431654135338345,0.0735338345864662,0.1639699248120291,0.003666917293233,5.696691864661647,-0.3071804511278203,-0.0093233082706766,,0.5972332373597529,855.2166666666667,2.953333333333333,85.31666666666666,39.09333333333336,1.6058333333333337,907.1,44.56,26.563333333333333,,183.8066609700521,9.912999999999917,0.0449999999999996,-0.0870000000000044,-0.2590000000000098,0.0279499999999998,1.2700000000000198,0.0679999999999977,0.3749999999999986,,4.146997070312483,0.0119843802891821,0.0848386941374787,-1,0,-1,Trend Pullback,1.4142135623730951,"5d%: -1.35%, MA20: +0.01, RSI: 46.9, VIX: 46.67, ATR: 0.0120, BBW: 0.08, Score: [-1, 0, -1], Dist: 1.41",Trend Pullback,1.4142135623730951,Volatile Chop,1.4142135623730951,0.0,True,2009
2009-02-12,829.91,835.48,808.06,835.19,6476460000.0,2.77,2.84,2.72,2.73,0.0,85.86,86.73,85.52,86.55,0.0,35.92,36.25,33.55,33.98,326176.0,1.557,1.564,1.502,1.5345,15309.0,939.4,954.0,936.5,949.2,124887.0,44.52,48.63,41.21,41.25,0.0,25.43,26.01,25.04,25.97,951200.0,-31.739999771118164,-31.739999771118164,-31.739999771118164,-31.739999771118164,0.0,178.5800018310547,178.5800018310547,178.5800018310547,178.5800018310547,0.0,-1.2602707335816032,-5.862068965517242,0.5693702068324313,-17.46417294146224,2.299999999999991,3.828483920367544,-5.671163960667725,-0.9156810377718538,-2012.0482174297056,0.3765938705829086,-1.177319734008564,-3.1914893617021267,1.4892120075046922,-18.00193050193051,5.283018867924527,4.71042471042471,-3.2371569317382165,-1.292284302546565,-183.5043440481737,0.7446730030039816,50.815874294923454,54.54545454545454,55.91939546599497,13.755078351712145,54.674644727000754,62.75071633237825,38.38734567901235,50.76495132127955,0.0,57.65592778356825,0.5082857142856914,0.0380827067669172,0.0442706766917261,-0.0371428571428582,0.005710902255639,5.364511473684191,-0.3391127819548872,0.0077443609022555,,0.7592782959902163,832.0300000000001,2.78,86.04666666666667,35.82333333333335,1.5501666666666667,935.9666666666668,44.15,25.813333333333333,,177.86000061035156,-6.566000000000018,-0.0410000000000003,-0.0100000000000114,-1.308000000000004,0.0027499999999998,6.049999999999884,0.4899999999999975,-0.2110000000000028,,-0.986999511718772,-0.0078616841676744,0.0789651062600418,1,1,0,Trend Pullback,2.0,"5d%: -1.26%, MA20: +0.51, RSI: 50.8, VIX: 41.25, ATR: -0.0079, BBW: 0.08, Score: [1, 1, 0], Dist: 2.00",Trend Pullback,2.0,Steady Climb,2.23606797749979,0.2360679774997898,True,2009
2009-02-18,791.06,796.17,780.43,788.42,5740710000.0,2.63,2.76,2.63,2.73,0.0,87.81,88.25,87.48,88.01,0.0,35.02,36.22,34.13,34.62,73864.0,1.438,1.449,1.4065,1.436,11702.0,964.8,988.7,961.6,978.2,117775.0,48.66,50.29,46.0,48.46,0.0,24.63,24.63,23.94,24.2,999600.0,-236.0200042724609,-236.0200042724609,-236.0200042724609,-236.0200042724609,0.0,157.13999938964844,157.13999938964844,157.13999938964844,157.13999938964844,0.0,-4.683495333430054,-4.210526315789476,2.563803752476401,-7.802929427430094,-8.883248730964477,7.000656311529196,3.835440325691031,-5.542544886807188,504.559422995784,-10.918364610680287,-5.97369142884403,-3.873239436619713,3.4803057025279305,-15.105443845022082,-5.650459921156381,9.602240896358548,12.540640966093818,-6.346749226006199,316.1876354836405,-9.772625123206655,28.918746001279587,52.55474452554744,68.55555555555563,29.262926292629288,44.80968858131487,70.56672760511883,66.97530864197532,28.6290322580645,0.0,29.74896231433761,-0.2126165413534063,0.0192706766917293,0.0519548872180453,-0.4391954887218053,0.0044251879699247,4.373985248120271,-0.2165639097744369,-0.0094511278195489,,0.396135258495356,801.4766666666666,2.7566666666666664,87.21,35.68666666666669,1.465,962.4666666666668,46.68333333333334,24.76333333333333,-165.16666920979816,164.67666625976562,-8.288000000000173,-0.0260000000000001,0.3799999999999854,-0.3670000000000056,-0.0312500000000001,10.329999999999956,0.2379999999999937,-0.2620000000000025,,-3.1949996948242347,-0.0105121635676418,0.103605809365978,-3,-2,0,Orderly Decline,1.7320508075688772,"5d%: -4.68%, MA20: -0.21, RSI: 28.9, VIX: 48.46, ATR: -0.0105, BBW: 0.10, Score: [-3, -2, 0], Dist: 1.73",Orderly Decline,1.7320508075688772,Sharp Decline,2.0,0.2679491924311228,True,2009
2009-02-19,787.91,797.58,777.03,778.94,5746940000.0,2.8,2.88,2.78,2.86,0.0,88.06,88.06,86.94,87.44,0.0,34.75,39.85,34.59,39.48,82550.0,1.44,1.493,1.436,1.471,13036.0,987.0,987.9,969.5,976.5,116161.0,48.54,48.54,44.81,47.08,0.0,24.42,24.69,23.8,23.87,760400.0,-270.9599914550781,-270.9599914550781,-270.9599914550781,-270.9599914550781,0.0,150.99000549316406,150.99000549316406,150.99000549316406,150.99000549316406,0.0,-6.572792477271083,3.6231884057970953,1.9351830263464544,9.849749582637736,-4.480519480519474,3.388035997882488,5.726476532674596,-7.659574468085106,594.057338885229,-15.459126353192254,-6.403277939992547,-1.718213058419249,2.030338389731612,-2.083333333333337,-3.91900718484649,8.235424517845269,7.366020524515382,-7.120622568093382,377.7993225700257,-12.520278010529806,31.983453080775107,51.49253731343284,62.05357142857144,45.60931899641577,51.17493472584858,67.30959446092976,59.14508836826962,31.791044776119392,0.0,31.39255533608032,-1.3857293233082937,0.0129248120300751,0.0945789473684182,-0.5464887218045125,0.0031733082706766,4.577293233082703,0.0169473684210504,-0.0497969924812039,,-0.0335714125095484,785.5099999999999,2.75,87.67666666666666,36.34333333333336,1.4425,973.9,48.06666666666666,24.149999999999995,-233.5833333333333,156.89666748046875,-13.666000000000077,-0.0130000000000002,0.5489999999999916,-0.1690000000000021,-0.0322,8.519999999999923,1.5269999999999968,-0.4890000000000013,,-5.894001770019553,-0.0175443551493055,0.1201339755141057,-4,-2,0,Sharp Decline,2.23606797749979,"5d%: -6.57%, MA20: -1.39, RSI: 32.0, VIX: 47.08, ATR: -0.0175, BBW: 0.12, Score: [-4, -2, 0], Dist: 2.24",Sharp Decline,2.23606797749979,Orderly Decline,2.449489742783178,0.21342176528338808,True,2009
2009-02-20,775.87,778.69,754.25,770.05,8210590000.0,2.78,2.81,2.69,2.77,0.0,87.49,88.13,86.23,86.49,0.0,38.86,39.5,36.91,38.94,244809.0,1.4555,1.4695,1.395,1.416,11290.0,973.2,1007.7,971.5,1002.2,163165.0,47.08,52.04,42.02,49.3,0.0,23.36,23.94,23.04,23.66,1109200.0,-313.7699890136719,-313.7699890136719,-313.7699890136719,-313.7699890136719,0.0,144.61000061035156,144.61000061035156,144.61000061035156,144.61000061035156,0.0,-7.799422885810426,1.46520146520146,-0.0693240901213143,14.596821659799897,-7.722385141739984,5.583649388959122,19.51515151515151,-8.89487870619946,888.5632995473022,-19.0222874187449,-8.961399775373891,-4.482758620689653,0.4996514059958157,-5.416565460286627,-5.600000000000005,9.625902428352662,12.73725131488681,-9.729111026325832,-19001.80694715847,-18.717330316625656,33.89674069800981,47.5177304964539,52.66594124047875,43.94341290893015,45.75586095392077,67.91262135922331,59.1618734593262,35.03289473684208,0.0,31.944645160069896,-2.116060150375945,0.0107067669172931,0.1200526315789453,-0.5022105263157897,0.0016105263157894,4.499398496240568,0.0815338345864644,-0.0746090225563914,,-0.3857443329086921,779.1366666666667,2.786666666666666,87.31333333333333,37.680000000000014,1.441,985.6333333333332,48.28,23.91,-273.5833282470703,150.91333516438803,-15.092000000000075,0.0109999999999997,0.3749999999999926,0.8109999999999966,-0.0229499999999999,9.059999999999814,1.718999999999998,-0.5710000000000024,-64.87499885559082,-7.2369995117187695,-0.0195987273553666,0.1380246382042235,-4,-2,0,Sharp Decline,2.23606797749979,"5d%: -7.80%, MA20: -2.12, RSI: 33.9, VIX: 49.30, ATR: -0.0196, BBW: 0.14, Score: [-4, -2, 0], Dist: 2.24",Sharp Decline,2.23606797749979,Orderly Decline,2.449489742783178,0.21342176528338808,True,2009
2009-02-23,773.25,777.85,742.37,743.33,6509300000.0,2.86,2.88,2.77,2.78,0.0,86.85,87.37,85.63,87.24,0.0,39.73,41.49,37.87,38.44,285905.0,1.432,1.484,1.416,1.437,12433.0,994.3,999.6,976.2,995.0,111088.0,49.3,53.16,48.97,52.62,0.0,23.77,23.9,22.69,22.74,638800.0,-380.239990234375,-380.239990234375,-380.239990234375,-380.239990234375,0.0,133.64999389648438,133.64999389648438,133.64999389648438,133.64999389648438,0.0,-10.099898408398234,-3.472222222222221,1.3947001394700065,2.4793388429751984,-6.597335066623334,5.603905752494165,22.57162823200558,-11.551925320886824,478.66381910242046,-23.33505851390617,-14.422058484918256,-6.711409395973156,2.214411247803172,-4.306696539706256,-11.759287688056496,8.826424587115822,21.328106986396133,-15.808959644576092,-23006.02396867984,-28.77697935326803,29.43445373941792,52.30769230769229,55.927051671732535,46.18959107806692,50.49833887043189,72.86458333333329,63.157894736842096,30.691642651296803,0.0,27.727727651280983,-3.0823684210526467,0.0076541353383457,0.1247819548872172,-0.4576315789473699,-0.0013864661654135,4.735939849624042,0.1905789473684211,-0.107804511278196,,-0.9215187933211936,764.1066666666666,2.803333333333333,87.05666666666667,38.95333333333335,1.4413333333333334,991.2333333333336,49.66666666666666,23.42333333333333,-321.6566569010417,143.08333333333334,-12.38100000000023,-0.002,0.0759999999999877,0.7409999999999985,-0.0194500000000001,12.949999999999855,1.1159999999999943,-0.4610000000000006,-57.33099670410156,-7.100999450683611,-0.0166561285028187,0.1671584705572202,-4,-2,0,Sharp Decline,2.23606797749979,"5d%: -10.10%, MA20: -3.08, RSI: 29.4, VIX: 52.62, ATR: -0.0167, BBW: 0.17, Score: [-4, -2, 0], Dist: 2.24",Sharp Decline,2.23606797749979,Orderly Decline,2.449489742783178,0.21342176528338808,True,2009
2009-02-24,744.69,775.49,744.69,773.14,7234490000.0,2.78,2.8,2.69,2.8,0.0,87.31,87.64,86.76,86.89,0.0,38.1,40.13,37.65,39.96,238188.0,1.434,1.5295,1.412,1.487,11010.0,992.1,997.0,960.2,969.5,156165.0,52.5,52.56,44.28,45.49,0.0,22.85,23.88,22.73,23.77,595200.0,-208.7700042724609,-208.7700042724609,-208.7700042724609,-208.7700042724609,0.0,144.47999572753906,144.47999572753906,144.47999572753906,144.47999572753906,0.0,-2.0312480200717187,5.263157894736836,-0.7878511075588013,14.400229029487544,4.681450193593806,0.2585315408479838,-6.514591039868467,-2.502050861361771,7.74113622813799,-11.12204853751788,-11.122095897182405,-7.590759075907593,2.4767071588630563,1.0111223458038276,-7.811531308121511,8.590949820788541,4.2392300641613145,-12.158167036215817,-331.78639389343493,-22.890537710065896,34.89393169108472,48.333333333333336,60.00000000000003,48.16472694717995,46.88057040998218,68.98422090729781,53.8388625592417,36.29139072847682,26.41738954035398,32.712020081018764,-4.273736842105287,0.0049473684210525,0.1401879699248096,-0.3688721804511286,-0.0029135338345865,5.238195488721767,0.3437142857142848,-0.1472631578947371,,-1.54557898958823,762.1733333333333,2.783333333333333,86.87333333333333,39.11333333333335,1.4466666666666663,988.9,49.13666666666666,23.39,-300.92666117350257,140.913330078125,-11.005000000000088,0.0279999999999996,-0.2200000000000084,1.1339999999999948,0.0012999999999998,7.999999999999934,0.8759999999999971,-0.382,-45.0689956665039,-7.035000610351571,-0.0142341619887731,0.1763497417158791,-4,-2,0,Sharp Decline,2.23606797749979,"5d%: -2.03%, MA20: -4.27, RSI: 34.9, VIX: 45.49, ATR: -0.0142, BBW: 0.18, Score: [-4, -2, 0], Dist: 2.24",Sharp Decline,2.23606797749979,Orderly Decline,2.449489742783178,0.21342176528338808,True,2009
2009-02-25,770.64,780.12,752.89,764.9,7483640000.0,2.81,2.95,2.8,2.95,0.0,86.74,88.04,86.58,87.91,0.0,39.92,42.83,39.4,42.5,323428.0,1.5195,1.535,1.49,1.5245,9073.0,962.5,979.7,945.2,966.2,140321.0,45.73,47.23,42.84,44.67,0.0,23.61,23.99,23.08,23.49,620197.0,-211.8500061035156,-211.8500061035156,-211.8500061035156,-211.8500061035156,0.0,139.07000732421875,139.07000732421875,139.07000732421875,139.07000732421875,0.0,-2.983181552979375,8.058608058608074,-0.1136234518804735,22.76140958983248,6.162952646239561,-1.2267429973420565,-7.820883202641349,-2.9338842975206614,-10.24065661020984,-11.499294982573382,-7.526959717587889,3.5087719298245723,2.4472672182729305,13.182423435419445,-3.2677664974619325,5.688033253117486,-4.285408185129636,-8.313817330210782,442.6485684821199,-21.162124639398648,34.58068062107819,51.5625,61.54649947753396,54.46355446355446,49.44868532654792,66.29327902240325,51.29419191919192,35.630689206762014,26.292626275522267,31.30783929836454,-4.833037593984991,0.0026015037593984,0.1342481203007506,-0.2580075187969938,-0.0018657894736842,5.432255639097724,0.3619999999999984,-0.1657368421052636,,-1.8995790524590328,760.4566666666666,2.8433333333333337,87.34666666666665,40.30000000000002,1.4828333333333334,976.9,47.59333333333333,23.33333333333333,-266.9533335367839,139.06666564941406,-6.617000000000106,0.0059999999999996,-0.2440000000000094,0.9639999999999974,0.0067999999999998,0.1099999999998786,-0.0400000000000085,-0.1990000000000032,-5.477999877929665,-4.266001892089868,-0.0086508040266702,0.185381126600974,-4,-2,0,Sharp Decline,2.23606797749979,"5d%: -2.98%, MA20: -4.83, RSI: 34.6, VIX: 44.67, ATR: -0.0087, BBW: 0.19, Score: [-4, -2, 0], Dist: 2.24",Sharp Decline,2.23606797749979,Orderly Decline,2.449489742783178,0.21342176528338808,True,2009
2009-02-26,765.76,779.42,751.75,752.83,7599970000.0,2.99,3.02,2.96,2.98,0.0,87.82,88.09,87.31,87.73,0.0,42.39,45.3,42.27,45.22,287202.0,1.5295,1.605,1.525,1.579,13758.0,953.6,957.6,932.2,942.6,133178.0,43.75,45.33,41.91,44.66,0.0,23.77,23.97,23.02,23.04,357300.0,-193.19000244140625,-193.19000244140625,-193.19000244140625,-193.19000244140625,0.0,136.30999755859375,136.30999755859375,136.30999755859375,136.30999755859375,0.0,-3.351991167484014,4.195804195804209,0.3316559926807017,14.539007092198595,7.3419442556084125,-3.4715821812596026,-5.140186915887856,-3.4771679932970367,-28.701650231106235,-9.722503080003486,-9.70446422145992,7.971014492753636,2.273257169503373,25.82081246521981,2.5324675324675194,-0.2011646373742737,0.2919380193128207,-10.870406189555135,394.8514290750669,-23.678615397365,28.54506873327797,53.07692307692308,58.89243876464328,57.70254849752757,56.44371941272431,56.82692307692307,51.47291732657587,29.22673656618609,28.34292277748193,26.130365440407047,-5.270353383458679,0.0002631578947367,0.1348947368421031,-0.167706766917294,-0.0017432330827068,5.341052631578929,0.3145563909774428,-0.1793909774436096,,-2.2003909347648896,763.6233333333333,2.91,87.50999999999999,42.56000000000002,1.5301666666666665,959.4333333333334,44.94,23.433333333333334,-204.60333760579428,139.95333353678384,-2.4990000000000623,0.0209999999999999,0.1339999999999932,0.7059999999999954,0.0177999999999998,-5.330000000000012,-0.8630000000000013,-0.065000000000005,22.32199554443365,-2.3970001220703265,-0.0033194745161591,0.1878693048505158,-4,-2,0,Sharp Decline,2.23606797749979,"5d%: -3.35%, MA20: -5.27, RSI: 28.5, VIX: 44.66, ATR: -0.0033, BBW: 0.19, Score: [-4, -2, 0], Dist: 2.24",Sharp Decline,2.23606797749979,Orderly Decline,2.449489742783178,0.21342176528338808,True,2009
2009-02-27,749.93,751.27,734.52,735.09,8926480000.0,2.93,3.05,2.92,3.04,0.0,87.91,88.49,87.68,88.01,0.0,44.59,44.91,42.55,44.76,274579.0,1.5695,1.578,1.477,1.5385,12710.0,947.0,964.0,927.0,942.5,148526.0,44.66,47.34,44.46,46.35,0.0,22.53,23.16,22.48,22.61,650871.0,-212.32000732421875,-212.32000732421875,-212.32000732421875,-212.32000732421875,0.0,131.5500030517578,131.5500030517578,131.5500030517578,131.5500030517578,0.0,-4.539964937341723,9.747292418772568,1.7574286044629517,14.946070878274265,8.651129943502834,-5.956894831370985,-5.983772819472611,-4.437869822485208,-32.3325956087638,-9.0311856050562,-11.98529675882135,11.35531135531136,1.6868861929520529,31.72454384932313,0.2606712284131562,-0.7058575642646447,12.363636363636378,-12.938005390835585,568.9351255680206,-26.33553494068699,18.477593615715165,52.34375,64.84375000000011,58.912621359223294,41.428571428571416,56.77884615384616,54.52887537993921,19.69696969696966,27.55706835177118,15.859312362903538,-5.310473684210535,-8.270676691734158e-05,0.1315263157894725,-0.0307744360902265,-0.0007206766917293,4.633984962405999,0.2224360902255634,-0.1783383458646619,,-2.3235188304929824,750.94,2.99,87.88333333333333,44.16000000000002,1.5473333333333332,950.4333333333334,45.22666666666667,23.046666666666667,-205.78667195638025,135.6433359781901,-1.2869999999999906,0.0589999999999999,0.3149999999999978,1.661999999999996,0.0413499999999998,-14.8000000000002,-1.723000000000008,-0.0490000000000025,40.95499572753911,-1.1179992675781307,-0.0017508060237521,0.2028942567998646,-4,-2,0,Sharp Decline,2.23606797749979,"5d%: -4.54%, MA20: -5.31, RSI: 18.5, VIX: 46.35, ATR: -0.0018, BBW: 0.20, Score: [-4, -2, 0], Dist: 2.24",Sharp Decline,2.23606797749979,Orderly Decline,2.449489742783178,0.21342176528338808,True,2009
2009-03-02,729.57,729.57,699.7,700.82,7868290000.0,2.96,2.98,2.88,2.92,0.0,88.58,89.03,88.41,88.94,0.0,44.34,44.49,39.84,40.15,245234.0,1.525,1.5495,1.506,1.516,9727.0,940.3,959.5,921.0,940.0,124350.0,49.96,53.25,48.35,52.65,0.0,22.1,22.28,21.29,21.39,1608901.0,-310.760009765625,-310.760009765625,-310.760009765625,-310.760009765625,0.0,119.4800033569336,119.4800033569336,119.4800033569336,119.4800033569336,0.0,-5.718859725828363,5.035971223021596,1.9486474094452035,4.448491155046819,5.497564370215735,-5.527638190954775,0.0570125427594048,-5.936675461741414,-18.27266522543393,-10.602312896868394,-15.24115911179914,1.388888888888884,3.3705253370525323,7.038123167155419,-1.4624634384140411,-0.2334960730206003,22.64150943396226,-16.80280046674446,372.92651665712464,-31.463315492462907,15.460674157303371,45.92592592592593,72.24008574490892,50.99159663865546,40.88345864661654,62.48677248677249,61.57205240174672,16.370106761565836,24.1162358821295,13.86909131128678,-5.878781954887238,0.0024736842105263,0.1371879699248112,0.0836165413533829,-0.0010093984962406,4.132631578947361,0.1938345864661652,-0.1937969924812033,,-2.5966391771359554,729.58,2.98,88.22666666666667,43.37666666666669,1.5445,941.7000000000002,47.88666666666666,22.346666666666664,-238.7566731770833,129.11333465576172,-3.6790000000000544,0.0699999999999999,0.2379999999999912,1.7899999999999952,0.0294999999999998,-13.190000000000191,-1.3370000000000026,-0.0990000000000026,35.141996765136746,-1.2369979858398523,-0.0052495647955253,0.2343178345927167,-4,-2,0,Sharp Decline,2.23606797749979,"5d%: -5.72%, MA20: -5.88, RSI: 15.5, VIX: 52.65, ATR: -0.0052, BBW: 0.23, Score: [-4, -2, 0], Dist: 2.24",Sharp Decline,2.23606797749979,Orderly Decline,2.449489742783178,0.21342176528338808,True,2009
2009-03-03,704.44,711.67,692.3,696.33,7583230000.0,2.94,2.97,2.86,2.94,0.0,89.0,89.33,88.34,88.91,0.0,40.1,42.07,39.44,41.65,241538.0,1.521,1.631,1.515,1.6045,13910.0,928.0,933.5,905.7,913.6,130261.0,52.65,52.76,48.5,50.93,0.0,21.62,21.73,21.01,21.17,873500.0,-311.2799987792969,-311.2799987792969,-311.2799987792969,-311.2799987792969,0.0,114.69000244140624,114.69000244140624,114.69000244140624,114.69000244140624,0.0,-9.934811289029144,5.000000000000004,2.3247784555184614,4.229229229229214,7.901815736381978,-5.765858690046411,11.958672235656188,-10.93815734118636,49.10187881830596,-20.61876672692523,-11.764258651494597,10.526315789473673,1.518611555149585,19.238476953907814,12.953185498064055,-5.522233712512925,4.665022605836433,-13.166529942575869,60.644058376344255,-29.447586021236905,18.32356786596293,53.78151260504202,68.58513189448443,57.010943912448695,52.44215938303341,49.84536082474226,55.66188197767145,19.14008321775312,28.816307349162827,14.845631922693926,-7.075278195488737,0.0033007518796992,0.1633984962406009,0.1309473684210512,-0.0015676691729323,3.887218045112777,0.2845338345864654,-0.2342255639097745,,-3.0934511170351424,710.7466666666668,2.9666666666666663,88.62,42.18666666666669,1.5530000000000002,932.0333333333332,49.97666666666667,21.723333333333333,-278.1200052897136,121.90666961669922,-17.44500000000002,0.0329999999999997,0.4199999999999939,0.2639999999999923,0.0071999999999997,-8.27000000000015,1.5999999999999872,-0.5640000000000024,-20.445001220703126,-5.75199890136719,-0.0250527767007022,0.2611442729938314,-4,-2,0,Sharp Decline,2.23606797749979,"5d%: -9.93%, MA20: -7.08, RSI: 18.3, VIX: 50.93, ATR: -0.0251, BBW: 0.26, Score: [-4, -2, 0], Dist: 2.24",Sharp Decline,2.23606797749979,Orderly Decline,2.449489742783178,0.21342176528338808,True,2009
2009-03-04,698.6,724.12,698.6,712.87,7673620000.0,2.99,3.04,2.98,3.01,0.0,89.21,89.62,88.41,88.58,0.0,41.38,45.76,41.04,45.38,319761.0,1.607,1.737,1.5925,1.694,20634.0,916.5,923.7,900.4,906.7,102120.0,48.02,48.83,45.02,47.56,0.0,21.58,22.24,21.4,21.83,381500.0,-164.33999633789062,-164.33999633789062,-164.33999633789062,-164.33999633789062,0.0,123.6999969482422,123.6999969482422,123.6999969482422,123.6999969482422,0.0,-6.802196365537972,2.033898305084736,0.7621431008986379,6.776470588235295,11.118399475237783,-6.158145311529706,6.46966644280278,-7.0668369518944285,-22.42624894823477,-11.051995086290534,-9.582456051343192,10.25641025641024,0.6476536757186624,31.08030040439053,17.966573816155986,-7.309343692496418,-1.8572018159306647,-9.79338842975207,-30.37031041310509,-21.280388552431862,22.08158174342863,60.683760683760696,66.20370370370374,65.05102040816327,62.08791208791208,38.92145369284879,53.899613899613904,23.691099476439742,41.781738866337946,20.97694645146045,-8.154804511278213,0.0023984962406014,0.1858646616541336,0.1767443609022543,-0.0015251879699248,2.9124812030074936,0.3496541353383445,-0.2725939849624071,,-3.589706736399722,703.34,2.956666666666667,88.81,42.39333333333335,1.6048333333333336,920.1,50.38,21.46333333333333,-262.1266682942708,119.29000091552734,-18.91500000000013,-0.0080000000000006,0.3209999999999848,-0.6770000000000055,0.0096999999999999,-10.780000000000143,2.050999999999996,-0.6290000000000004,-31.6429992675781,-6.559000396728526,-0.0265335895745369,0.2726073289339299,-4,-2,0,Sharp Decline,2.23606797749979,"5d%: -6.80%, MA20: -8.15, RSI: 22.1, VIX: 47.56, ATR: -0.0265, BBW: 0.27, Score: [-4, -2, 0], Dist: 2.24",Sharp Decline,2.23606797749979,Orderly Decline,2.449489742783178,0.21342176528338808,True,2009
2009-03-05,708.27,708.27,677.93,682.55,7507250000.0,2.93,2.93,2.81,2.82,0.0,88.5,89.49,88.48,89.11,0.0,45.42,45.7,42.86,43.61,228192.0,1.715,1.72,1.634,1.6535,12162.0,906.8,937.5,906.2,927.8,105847.0,47.56,51.95,46.98,50.17,0.0,21.31,21.54,20.66,20.83,887500.0,-263.0,-263.0,-263.0,-263.0,0.0,112.0999984741211,112.0999984741211,112.0999984741211,112.0999984741211,0.0,-9.335440936200746,-5.369127516778526,1.57300809301264,-3.5603715170278605,4.718176060797985,-1.5701251856567011,12.337662337662358,-9.592013888888896,36.1354090151569,-17.7609856342825,-12.374508948057628,-1.3986013986013957,1.909881061299168,10.460992907801426,12.40652617267164,-4.98719918074757,6.563296516567552,-12.735651445328877,-2.9376999210593,-25.756676338953888,18.89214966984589,53.38345864661654,65.2380952380953,65.44754571703561,58.85416666666667,44.27807486631014,61.68150864326873,19.835680751173683,37.228848894203445,18.68876891421193,-8.597526315789498,0.0040601503759398,0.1832406015037579,0.2845187969924807,0.0009718045112781,1.5974436090225543,0.3196541353383456,-0.2885112781954894,,-3.7976766658008585,697.25,2.9233333333333333,88.86666666666667,43.54666666666668,1.6506666666666667,916.0333333333332,49.553333333333335,21.276666666666667,-246.2066650390625,116.82999928792316,-11.86799999999998,-0.0040000000000004,0.2599999999999917,-0.2790000000000012,0.0295999999999998,-10.070000000000102,1.0379999999999905,-0.3860000000000017,-4.125997924804681,-4.208000183105474,-0.0173877371621126,0.2942519269322439,-4,-2,0,Sharp Decline,2.23606797749979,"5d%: -9.34%, MA20: -8.60, RSI: 18.9, VIX: 50.17, ATR: -0.0174, BBW: 0.29, Score: [-4, -2, 0], Dist: 2.24",Sharp Decline,2.23606797749979,Orderly Decline,2.449489742783178,0.21342176528338808,True,2009
2009-03-06,684.04,699.09,666.79,683.38,7331830000.0,2.8,2.89,2.77,2.83,0.0,89.06,89.1,87.88,88.51,0.0,43.61,46.3,43.45,45.52,306347.0,1.642,1.7185,1.636,1.689,10293.0,934.2,945.5,930.6,942.7,107514.0,50.17,51.95,47.65,49.33,0.0,21.09,21.3,20.19,20.74,678600.0,-254.7700042724609,-254.7700042724609,-254.7700042724609,-254.7700042724609,0.0,110.1999969482422,110.1999969482422,110.1999969482422,110.1999969482422,0.0,-7.034512780747937,-6.907894736842102,0.5681172594023343,1.6979445933869686,9.782255443613908,0.0212201591512029,6.429341963322544,-8.270676691729328,19.993404052317977,-16.229574768702616,-11.255113304330887,2.166064981949467,2.3355301190889133,16.89779147406267,19.27966101694916,-5.936938734783482,0.0608519269776897,-12.341504649196969,-18.803578037108,-23.79503735348592,19.83853334454628,47.899159663865554,64.5465253239105,63.55329949238579,60.69651741293533,50.12827090815803,58.569898232458485,20.2395209580838,39.25380207579449,19.111835858287463,-9.383616541353398,0.0038571428571427,0.193142857142855,0.3528270676691719,0.0027736842105262,0.7156390977443486,0.3326466165413532,-0.3148947368421061,,-4.1201126901727,692.9333333333334,2.8866666666666667,88.73333333333333,44.83666666666668,1.6788333333333334,925.7333333333336,49.02,21.13333333333333,-227.37000020345053,115.33333079020184,-9.303000000000049,-0.0350000000000004,0.1839999999999852,0.2929999999999949,0.0407999999999998,-6.270000000000198,0.2549999999999965,-0.3120000000000038,4.506002807617233,-3.46800155639649,-0.0136132166583746,0.3058130226946708,-4,-2,0,Sharp Decline,2.23606797749979,"5d%: -7.03%, MA20: -9.38, RSI: 19.8, VIX: 49.33, ATR: -0.0136, BBW: 0.31, Score: [-4, -2, 0], Dist: 2.24",Sharp Decline,2.23606797749979,Orderly Decline,2.449489742783178,0.21342176528338808,True,2009
2009-03-09,680.76,695.27,672.88,676.53,7277320000.0,2.87,2.94,2.85,2.89,0.0,88.59,89.46,88.12,89.01,0.0,45.76,48.83,44.97,47.07,390590.0,1.6925,1.701,1.626,1.6395,12895.0,941.2,942.8,911.1,918.0,108004.0,49.35,51.34,48.4,49.68,0.0,20.59,21.16,20.42,20.59,623000.0,-270.239990234375,-270.239990234375,-270.239990234375,-270.239990234375,0.0,103.7300033569336,103.7300033569336,103.7300033569336,103.7300033569336,0.0,-3.465939898975501,-1.0273972602739656,0.0787047447717625,17.23536737235367,8.146437994722945,-2.3404255319148914,-5.641025641025643,-3.7400654511454015,-13.039007033694638,-13.182122160600027,-8.986587383799938,3.956834532374121,2.0288858321870773,22.450572320499496,14.091858037578287,-7.738693467336688,-5.587229190421894,-9.454705364995595,-28.929098155140764,-22.386825219554176,22.792270531400945,61.16504854368932,59.59731543624167,71.28330995792426,67.24409448818895,37.42299794661192,51.595744680851055,23.570432357043217,45.01544905971763,20.14008626615092,-9.7177142857143,0.0037744360902255,0.1950300751879675,0.4568947368421037,0.0044090225563909,0.1976691729323154,0.322240601503759,-0.3271879699248126,,-4.2948720716892375,680.82,2.8466666666666662,88.87666666666667,45.40000000000001,1.6606666666666667,929.5,49.72666666666667,20.72,-262.6699981689453,108.67666625976562,-4.866000000000073,-0.0299999999999999,-0.0660000000000037,1.2699999999999942,0.0394999999999998,1.9599999999999096,-0.7400000000000051,-0.1640000000000036,16.026000976562518,-2.115001678466798,-0.0071925856946477,0.3044927965819892,-4,-2,0,Sharp Decline,2.23606797749979,"5d%: -3.47%, MA20: -9.72, RSI: 22.8, VIX: 49.68, ATR: -0.0072, BBW: 0.30, Score: [-4, -2, 0], Dist: 2.24",Sharp Decline,2.23606797749979,Orderly Decline,2.449489742783178,0.21342176528338808,True,2009
2009-03-10,679.28,719.6,679.28,719.6,8618330000.0,2.93,2.99,2.92,2.98,0.0,89.29,89.31,87.83,88.93,0.0,47.25,48.32,45.33,45.71,289157.0,1.649,1.706,1.6385,1.6845,12561.0,922.9,923.2,891.1,895.9,138514.0,49.68,49.68,43.88,44.37,0.0,20.94,22.03,20.93,22.03,640800.0,-81.93000030517578,-81.93000030517578,-81.93000030517578,-81.93000030517578,0.0,115.47000122070312,115.47000122070312,115.47000122070312,115.47000122070312,0.0,3.3418063274596843,1.3605442176870763,0.0224946575188456,9.747899159663875,4.985976939856651,-1.9373905429071805,-12.880424111525624,4.062352385451118,-73.67964513413352,0.6800930880574096,-6.925007113847426,6.428571428571428,2.347796063988961,14.389389389389384,13.281775386684602,-7.591542031975251,-2.462079577929221,-7.320151451409329,-60.75585638334766,-20.07890044622032,36.19845981068507,61.90476190476191,56.478873239436645,68.75211362867772,68.69826937547028,29.99513855128828,44.48340976530887,37.12930011862396,58.43746302035291,30.124962555337333,-9.54614285714288,0.0059172932330826,0.1891654135338319,0.5607744360902244,0.007081954887218,-0.714436090225593,0.3027293233082705,-0.3207669172932334,,-4.306451054623259,693.17,2.9,88.81666666666668,46.10000000000002,1.671,918.8666666666668,47.79333333333333,21.12,-202.3133316040039,109.8000005086263,-6.909000000000059,-0.0280000000000002,0.0129999999999942,1.0979999999999932,0.0064999999999999,4.47999999999997,-0.0730000000000031,-0.2250000000000014,-0.8349990844726193,-3.5419998168945463,-0.0096011673151751,0.2799452340599458,0,-2,0,Orderly Decline,2.449489742783178,"5d%: +3.34%, MA20: -9.55, RSI: 36.2, VIX: 44.37, ATR: -0.0096, BBW: 0.28, Score: [0, -2, 0], Dist: 2.45",Orderly Decline,2.449489742783178,Volatile Chop,2.8284271247461903,0.3789373819630124,True,2009
2009-03-17,753.88,778.12,749.93,778.12,6156800000.0,2.94,3.01,2.91,3.0,0.0,86.99,87.35,86.73,86.93,0.0,47.06,49.82,46.53,49.16,214930.0,1.738,1.763,1.708,1.724,11719.0,924.5,925.3,912.4,916.8,70710.0,44.23,44.59,40.74,40.8,0.0,23.25,23.96,22.98,23.94,1492600.0,236.33999633789065,236.33999633789065,236.33999633789065,236.33999633789065,0.0,139.02999877929688,139.02999877929688,139.02999877929688,139.02999877929688,0.0,8.13229571984435,0.6711409395973256,-2.248959856066568,7.547582585867407,2.344909468685064,2.332849648398261,-8.045977011494255,8.669995460735368,-388.4657579123191,20.403565696307947,11.745867620237526,2.0408163265306145,-2.2269710943650822,18.031212484994,7.447803053910862,0.3502626970227629,-19.89004516002356,13.084553613604143,-175.92521114903371,21.222422024383203,52.87366315972525,52.94117647058823,41.025641025641086,60.611854684512416,64.85480268056588,36.986301369863,43.73583684040143,52.851711026616,74.55485876152258,49.97779769756535,-3.3020977443609114,0.00896992481203,0.0374887218045098,0.5649774436090222,0.0160060150375939,-4.192180451127835,-0.2636165413533853,-0.1054360902255647,18.667150359763248,-2.011090346028036,762.8533333333334,2.9466666666666668,87.10333333333334,47.58666666666668,1.7118333333333335,922.9666666666668,42.3,23.46,182.50999959309897,133.38333129882812,10.376999999999986,-0.0090000000000002,-0.4400000000000058,0.7199999999999944,0.0163999999999997,7.159999999999869,-0.2510000000000055,0.3369999999999968,67.37700004577638,4.323999023437497,0.0133359893075617,0.192944254653541,0,1,-1,Trend Pullback,1.4142135623730951,"5d%: +8.13%, MA20: -3.30, RSI: 52.9, VIX: 40.80, ATR: 0.0133, BBW: 0.19, Score: [0, 1, -1], Dist: 1.41",Trend Pullback,1.4142135623730951,Volatile Chop,1.4142135623730951,0.0,True,2009
2009-03-18,776.01,803.04,765.64,794.35,9098450000.0,3.01,3.02,2.47,2.53,0.0,86.81,87.1,83.96,84.6,0.0,48.67,49.87,46.92,48.14,125337.0,1.725,1.7695,1.6935,1.7165,11903.0,915.2,954.0,882.7,889.1,226078.0,41.14,42.39,38.98,40.06,0.0,23.78,25.0,23.62,24.81,1284691.0,308.6000061035156,308.6000061035156,308.6000061035156,308.6000061035156,0.0,147.7100067138672,147.7100067138672,147.7100067138672,147.7100067138672,0.0,10.1183874902961,-13.356164383561651,-3.7214066234209753,13.725490196078429,5.59827745309136,-2.3718019106182098,-8.140334785599624,12.009029345372468,-956.0333221484926,26.09698436358383,11.42985397056968,-15.946843853820605,-4.49311356965455,6.081974438078452,1.328217237308138,-1.941105106429908,-15.769554247266615,13.6509390746679,-287.7814366437126,19.4098709441934,58.8649756597489,32.55813953488371,29.4349540078843,54.91913746630728,61.008807045636495,36.20422898401239,42.72612270714738,60.64981949458485,75.9663857822693,55.936268725072566,-1.906706766917332,0.0071954887218044,0.0167744360902242,0.5392406015037585,0.0157672932330826,-4.20436090225567,-0.3302932330827074,-0.0581428571428572,24.23806001189956,-1.377594149023074,775.4533333333334,2.8266666666666667,86.16000000000001,48.21666666666669,1.7291666666666667,909.3,41.53333333333333,23.96333333333333,235.87000020345053,138.9800008138021,11.667000000000025,0.0219999999999997,-0.2589999999999989,1.3979999999999966,0.0319499999999998,1.019999999999874,-0.3060000000000037,0.3679999999999998,59.9389991760254,4.55800018310546,0.0146874803298294,0.1954343878099648,0,1,-1,Trend Pullback,1.4142135623730951,"5d%: +10.12%, MA20: -1.91, RSI: 58.9, VIX: 40.06, ATR: 0.0147, BBW: 0.20, Score: [0, 1, -1], Dist: 1.41",Trend Pullback,1.4142135623730951,Volatile Chop,1.4142135623730951,0.0,True,2009
2009-03-20,784.58,788.91,766.2,768.54,7643720000.0,2.58,2.63,2.57,2.63,0.0,83.07,84.04,82.76,83.84,0.0,51.06,52.13,50.3,51.06,180152.0,1.8105,1.853,1.787,1.796,11114.0,959.2,967.8,946.7,956.2,108944.0,43.6,47.63,43.07,45.89,0.0,24.54,24.54,23.54,23.67,1159600.0,162.2100067138672,162.2100067138672,162.2100067138672,162.2100067138672,0.0,138.22000122070312,138.22000122070312,138.22000122070312,138.22000122070312,0.0,1.5848258542066065,-8.996539792387548,-4.106142056502349,10.40000000000001,7.900270351456884,2.806149876357389,8.333333333333325,1.587982832618029,9.217615168049576,5.57592663753137,12.461587989112942,-7.067137809187285,-5.276239972884422,12.17047451669595,6.335109532267613,1.4320568579611723,-6.973444151631858,14.127290260366454,-163.66919338761463,25.42650185881685,66.28041157803631,38.01652892561983,20.279720279720365,69.05344044708349,71.08433734939757,53.07283763277695,38.52681602172437,64.61538461538464,73.7661438889817,60.566079047857066,1.051451127819542,-0.0052406015037594,-0.1005639097744369,0.5120150375939845,0.0160830827067668,-3.4126315789474053,-0.4249097744360913,0.0475263157894731,32.9638722613342,-0.0704886242859387,782.31,2.5866666666666664,83.85666666666667,50.27000000000002,1.7733333333333334,934.7,43.21,24.35333333333333,248.55333964029947,143.97333780924478,9.543999999999906,-0.1,-1.0950000000000133,1.1509999999999962,0.0255499999999998,2.449999999999932,-0.104000000000001,0.4229999999999982,39.85900115966796,4.76500244140625,0.0124183516798083,0.1967833717810558,3,2,-1,Steady Climb,3.3166247903554,"5d%: +1.58%, MA20: +1.05, RSI: 66.3, VIX: 45.89, ATR: 0.0124, BBW: 0.20, Score: [3, 2, -1], Dist: 3.32",Steady Climb,3.3166247903554,Volatile Chop,3.7416573867739413,0.4250325964185415,True,2009
2009-03-31,790.88,810.48,790.88,797.87,6089100000.0,2.74,2.74,2.68,2.69,0.0,85.77,85.81,85.09,85.43,0.0,48.64,50.0,47.77,49.66,240254.0,1.7665,1.859,1.7655,1.8445,16707.0,919.3,926.9,913.6,925.0,93007.0,45.54,45.54,42.27,44.14,0.0,24.77,25.23,24.48,24.77,1056600.0,98.79000091552734,98.79000091552734,98.79000091552734,98.79000091552734,0.0,146.1699981689453,146.1699981689453,146.1699981689453,146.1699981689453,0.0,-1.0234208306455606,1.5094339622641506,1.872167898879096,-8.00296406076325,2.131782945736438,0.129898246373683,2.8185418122524952,-1.2754085292945416,-45.45906351659268,2.568243493921263,2.538168919960926,-10.33333333333334,-1.7255262855170872,1.0170870626525552,6.989559164733183,0.894415357766154,8.186274509803937,3.467000835421885,-58.20004973923702,5.135581854519633,64.84420472624268,38.61386138613861,36.19909502262445,63.93006461421513,69.58855098389981,53.39023233760075,50.99586621570839,63.39468302658487,55.89779028704344,63.93395173143362,7.83902255639095,-0.0156240601503759,-0.313887218045116,0.5586090225563897,0.0116304511278195,1.044511278195464,-0.3897218045112786,0.2804661654135332,27.786564065459988,2.355526400687996,800.4466666666667,2.72,85.47000000000001,50.15000000000001,1.8155,921.9666666666668,43.57333333333333,24.95,91.69333394368488,144.89666748046875,-3.5120000000000275,0.0109999999999996,0.531999999999991,-1.1530000000000025,-0.0047000000000002,-2.4800000000000013,0.4009999999999933,-0.102000000000004,-38.39700164794925,-0.6629974365234625,-0.0044017195783774,0.2577272637541193,1,1,0,Trend Pullback,2.0,"5d%: -1.02%, MA20: +7.84, RSI: 64.8, VIX: 44.14, ATR: -0.0044, BBW: 0.26, Score: [1, 1, 0], Dist: 2.00",Trend Pullback,2.0,Steady Climb,2.23606797749979,0.2360679774997898,True,2009
2009-04-06,839.75,839.75,822.79,835.48,6210000000.0,2.89,2.94,2.85,2.94,0.0,84.01,84.92,83.73,84.57,0.0,52.4,53.6,49.81,51.05,228983.0,1.99,2.037,1.933,1.959,16693.0,898.0,899.5,865.0,872.8,123648.0,41.96,43.02,40.83,40.93,0.0,26.51,26.65,26.12,26.53,666700.0,171.88999938964844,171.88999938964844,171.88999938964844,171.88999938964844,0.0,162.32000732421875,162.32000732421875,162.32000732421875,162.32000732421875,0.0,6.088656940053094,8.487084870848705,-1.5139163852335047,5.453418715141511,10.928652321630803,-4.892666448730532,-10.122968818620992,8.507157464212689,898.7798287841422,16.995820165378706,1.5262722986438604,10.526315789473673,1.3664149586479546,-5.11152416356877,6.409560021727323,-8.367454068241475,-5.320379366180883,3.471138845553834,-37.78413198598541,8.227771668361129,61.59818828857975,47.457627118644055,37.83505154639167,53.775469436676,69.26229508196721,40.67005937234945,50.26694045174538,62.68364348677767,47.180591128438266,60.55661728781693,6.438992481202994,-0.0106992481203008,-0.2164436090225552,0.3643233082706768,0.0149417293233082,0.1934586466165087,-0.1481654135338363,0.2417368421052625,12.83893996790836,2.439090109229983,837.4533333333334,2.866666666666667,84.39666666666666,52.06666666666669,1.9498333333333333,893.0,40.89,26.62,233.0600026448568,165.07666524251303,14.644999999999945,0.0459999999999997,-0.4380000000000101,1.117999999999995,0.0514499999999998,-5.690000000000016,-1.378000000000008,0.6579999999999968,66.55300216674806,7.823997497558567,0.0175288456934934,0.1869009993605044,4,1,-2,Volatile Chop,4.123105625617661,"5d%: +6.09%, MA20: +6.44, RSI: 61.6, VIX: 40.93, ATR: 0.0175, BBW: 0.19, Score: [4, 1, -2], Dist: 4.12",Volatile Chop,4.123105625617661,Steady Climb,4.47213595499958,0.349030329381919,True,2009
2009-04-14,856.88,856.88,840.25,841.5,7569840000.0,2.87,2.88,2.78,2.79,0.0,84.61,85.06,84.5,84.64,0.0,49.96,51.12,48.85,49.41,284710.0,2.139,2.235,2.0825,2.115,20948.0,894.2,899.7,887.1,892.0,57461.0,37.95,38.5,36.88,37.67,0.0,27.6,28.04,27.18,27.21,1062600.0,104.9499969482422,104.9499969482422,104.9499969482422,104.9499969482422,0.0,164.10000610351562,164.10000610351562,164.10000610351562,164.10000610351562,0.0,0.7205438789677832,-5.102040816326525,0.0827716684403512,-3.212536728697357,7.963246554364489,2.1998166819431786,-7.964817981920347,2.5631360723709085,-38.943511943160495,1.096598508489155,6.853072263913762,2.952029520295208,-1.4323978106440038,2.0656889072505624,19.762174405436017,-2.800479459518368,-17.281510759771624,11.288343558282213,509.8198868757119,18.2787945843069,58.25093283582088,57.95454545454547,55.80357142857144,40.81960626757734,75.87939698492461,38.25701624815365,37.2577519379845,61.27659574468085,46.5286255915873,60.05589820119685,3.879864661654116,0.0085563909774434,0.0060300751879677,0.0220075187969912,0.017772932330827,-2.78669172932332,-0.2426691729323305,0.1809323308270667,-4.350188259612352,1.6475864152262962,852.2633333333333,2.856666666666667,85.02333333333333,50.56666666666669,2.1038333333333337,890.3666666666667,37.33666666666667,27.66333333333333,171.99999491373697,169.01333618164062,8.750999999999928,-0.016,0.0639999999999954,0.1089999999999974,0.0413999999999999,4.599999999999908,-1.010000000000002,0.4919999999999969,20.718998336791984,3.6409988403320312,0.0103992869875221,0.1252028141684957,3,1,-1,Steady Climb,3.1622776601683795,"5d%: +0.72%, MA20: +3.88, RSI: 58.3, VIX: 37.67, ATR: 0.0104, BBW: 0.13, Score: [3, 1, -1], Dist: 3.16",Steady Climb,3.1622776601683795,Volatile Chop,3.3166247903554,0.1543471301870203,True,2009
2009-04-22,847.26,861.78,840.57,843.55,7327860000.0,2.89,2.97,2.88,2.96,0.0,86.5,86.76,86.09,86.19,0.0,48.68,49.09,47.7,48.85,238729.0,2.0785,2.106,2.023,2.0595,12379.0,884.8,894.8,882.8,892.5,59579.0,37.14,38.19,36.01,38.1,0.0,27.7,28.75,27.51,28.01,2282200.0,107.80999755859376,107.80999755859376,107.80999755859376,107.80999755859376,0.0,180.5,180.5,180.5,180.5,0.0,-0.9987559561533188,7.246376811594213,1.3046544428772844,-0.8121827411167515,-6.343792633015011,-0.1119194180190241,5.335913740669063,1.082641645615312,-24.975643807825044,5.481536436691004,3.4332658941818472,1.718213058419238,1.0552233556102577,-0.6103763987792443,3.492462311557776,1.0415487376882249,-5.669720227779152,8.861251457442677,89.94009997652445,17.612561780347804,57.7936728913638,64.99999999999997,55.26717557251905,51.0304659498208,66.38132295719845,38.12415654520916,40.32407407407408,63.78433367243132,47.17671117351275,64.09086714940025,2.8704436090225505,0.0100150375939849,0.0884736842105223,-0.259466165413535,0.0225045112781954,-3.147293233082734,-0.4135187969924827,0.1803834586466161,-2.4510379676532064,1.8931353576201209,842.0066666666667,2.9,86.46999999999998,47.08000000000002,2.083333333333333,887.5666666666666,38.14,27.703333333333333,94.73333231608072,177.7633310953776,-3.687000000000045,0.0289999999999996,0.4409999999999884,-0.9580000000000082,-0.0290000000000001,-1.3900000000000334,0.5329999999999939,-0.0720000000000034,-19.28299942016605,1.2379989624023278,-0.0043708138225357,0.1061989034878078,1,1,0,Trend Pullback,2.0,"5d%: -1.00%, MA20: +2.87, RSI: 57.8, VIX: 38.10, ATR: -0.0044, BBW: 0.11, Score: [1, 1, 0], Dist: 2.00",Trend Pullback,2.0,Steady Climb,2.23606797749979,0.2360679774997898,True,2009
2009-04-23,844.62,852.87,835.45,851.92,6563100000.0,2.95,2.99,2.93,2.93,0.0,86.3,86.38,85.29,85.52,0.0,48.49,49.92,48.37,49.62,227296.0,2.041,2.0985,1.9675,1.992,13985.0,891.3,910.4,890.5,906.6,90672.0,38.1,38.52,37.01,37.15,0.0,28.01,28.37,27.68,28.33,3137200.0,111.26000213623048,111.26000213623048,111.26000213623048,111.26000213623048,0.0,182.88999938964844,182.88999938964844,182.88999938964844,182.88999938964844,0.0,-1.5462845255980628,3.5335689045936425,0.340255778481735,-0.7202881152460927,-8.181608665591156,3.0461468515571744,3.799944118468845,-0.0705467372134172,-45.75593495921654,2.116132415954408,3.243007416743416,2.807017543859658,0.1874414245548239,0.4860267314702238,-0.3252439329497147,2.3366068405011875,-4.375804375804382,7.882711348057869,-5.791698921477495,13.645689252039595,54.53511221429308,59.57446808510638,58.67098865478112,41.985138004246274,57.62331838565024,49.19860627177702,39.04078888390857,60.61946902654866,41.65724255258871,60.74830721663148,2.619939849624044,0.0096917293233082,0.0842105263157875,-0.2255488721804523,0.0207996240601503,-2.9145864661654506,-0.3863984962406023,0.1773007518796985,-2.934225919909948,1.8485262648503549,848.5166666666668,2.93,86.09666666666668,48.32666666666669,2.0461666666666667,893.9333333333334,37.46333333333334,28.096666666666664,114.12000020345052,181.4399973551432,-6.302000000000186,0.0229999999999995,0.2519999999999879,-0.6080000000000064,-0.0327000000000002,4.019999999999872,0.7819999999999987,-0.1530000000000028,-29.03600082397463,0.0669982910156284,-0.0073974082073436,0.1050226982721319,1,1,0,Trend Pullback,2.0,"5d%: -1.55%, MA20: +2.62, RSI: 54.5, VIX: 37.15, ATR: -0.0074, BBW: 0.11, Score: [1, 1, 0], Dist: 2.00",Trend Pullback,2.0,Steady Climb,2.23606797749979,0.2360679774997898,True,2009
2009-05-14,884.24,898.36,882.52,893.07,6134870000.0,3.09,3.14,3.08,3.11,0.0,82.57,82.88,82.22,82.28,0.0,57.73,59.0,56.55,58.62,260456.0,2.02,2.05,1.967,2.027,16808.0,927.0,929.4,920.5,928.4,76204.0,33.65,33.96,31.32,31.37,0.0,29.28,30.14,29.18,29.85,2487200.0,-72.41000366210938,-72.41000366210938,-72.41000366210938,-72.41000366210938,0.0,198.83999633789065,198.83999633789065,198.83999633789065,198.83999633789065,0.0,-1.578152723746118,-5.757575757575761,-1.977603049797472,3.3680126961735057,-6.352506352506337,1.4090660841070468,-6.190191387559796,-2.989925251868697,-193.46844265023515,-2.653480032657085,2.3212382992862324,-0.3205128205128305,-2.753811606193124,14.671361502347423,-1.0012210012209866,4.174147217235191,-14.054794520547942,1.5306122448979664,-159.9172565795401,1.9169605932204403,57.78331980048717,57.97101449275361,29.850746268656835,76.16580310880832,48.293391430646345,58.52205005959474,33.594220349187225,54.58515283842795,36.99041306692003,55.36110040764688,3.821691729323276,0.0212857142857142,-0.211075187969927,0.6308796992481196,0.0004413533834585,2.1090225563909617,-0.2873082706766924,0.1880676691729326,-6.760999966048659,1.7483836697456503,895.1133333333333,3.1333333333333333,82.36333333333333,58.49666666666669,2.0480000000000005,926.0666666666666,32.27333333333333,29.933333333333334,-70.79333210984866,198.25999959309897,-6.782000000000085,-0.0490000000000003,-0.3100000000000088,0.2839999999999936,-0.0326500000000003,2.9799999999999502,0.0169999999999955,-0.4340000000000006,-59.49999914467337,-3.4579986572265926,-0.0075940295833474,0.1262603345235213,1,1,0,Trend Pullback,2.0,"5d%: -1.58%, MA20: +3.82, RSI: 57.8, VIX: 31.37, ATR: -0.0076, BBW: 0.13, Score: [1, 1, 0], Dist: 2.00",Trend Pullback,2.0,Steady Climb,2.23606797749979,0.2360679774997898,True,2009
2009-05-21,900.42,900.42,879.61,888.33,6019840000.0,3.18,3.38,3.15,3.35,0.0,81.18,81.42,80.37,80.56,0.0,61.68,61.87,59.92,61.05,237412.0,2.099,2.1,2.0135,2.051,16789.0,938.5,957.0,935.8,951.2,130919.0,29.03,32.77,29.03,31.35,0.0,30.18,30.21,29.55,29.93,1072900.0,-93.5199966430664,-93.5199966430664,-93.5199966430664,-93.5199966430664,0.0,197.5,197.5,197.5,197.5,0.0,-0.5307534683731463,7.717041800643098,-2.0904229460379176,4.145342886386905,1.1840157868771684,2.45583800086171,-0.0637551801083824,0.268006700167489,29.15342067853457,-0.6739068409625126,-2.1005300918017555,1.5151515151515138,-4.0266857279008805,7.652971257273844,-5.243705243705232,3.899508465319501,-6.249999999999989,-2.729931751706205,-220.71769093773304,-3.3095048901559454,52.7614571092832,63.235294117647065,20.70484581497796,72.33921457029028,45.26515151515153,86.54292343387479,40.060392551585295,51.92307692307693,38.8271759796178,49.733710448627264,2.5855563909774406,0.0119172932330826,-0.2073007518796988,0.6099097744360892,0.0037428571428571,1.8450375939849504,-0.4419624060150382,0.1020225563909771,-11.060842161048631,0.8840301398944098,899.9766666666668,3.2633333333333336,81.17666666666666,60.91333333333336,2.0756666666666668,938.4333333333334,29.72666666666667,30.406666666666663,-29.753332138061523,202.80333455403647,4.604999999999844,0.0299999999999999,-0.3620000000000092,1.0149999999999957,0.0210999999999998,1.3399999999999048,-0.9000000000000027,0.2699999999999968,26.53200063705446,2.4250015258788844,0.0051838843672957,0.0936153329998669,1,1,0,Trend Pullback,2.0,"5d%: -0.53%, MA20: +2.59, RSI: 52.8, VIX: 31.35, ATR: 0.0052, BBW: 0.09, Score: [1, 1, 0], Dist: 2.00",Trend Pullback,2.0,Steady Climb,2.23606797749979,0.2360679774997898,True,2009
2009-05-27,909.95,913.84,891.87,893.06,5698800000.0,3.52,3.71,3.51,3.7,0.0,80.11,80.82,79.96,80.33,0.0,62.87,63.82,62.19,63.45,261888.0,2.14,2.159,2.0925,2.121,14094.0,953.3,959.6,946.2,953.3,151332.0,30.8,32.53,29.62,32.36,0.0,30.86,31.1,30.2,30.2,995100.0,-73.3499984741211,-73.3499984741211,-73.3499984741211,-73.3499984741211,0.0,200.0200042724609,200.0200042724609,200.0200042724609,200.0200042724609,0.0,-1.6594540429233806,14.197530864197528,-2.012686020980736,6.3704945515507205,2.488523798018849,2.870400345311319,12.36111111111111,-1.788617886178867,-829.850717234242,-2.9923847402342885,-1.6832718665712676,16.35220125786163,-2.405540031587905,7.816482582837736,1.6778523489932915,3.1821625717068924,1.7610062893081757,-1.4681892332789492,-16045.651552937446,-1.859571822546724,42.98882237643694,77.22772277227723,23.90977443609026,72.83236994219654,42.53393665158372,77.43189238293525,49.795918367346935,43.20337197049526,38.06854317102895,44.208992162229336,1.0853458646616363,0.0140827067669172,-0.2472105263157915,0.5981954887218033,0.0022263157894735,3.262405729323301,-0.3381353383458648,0.0350300751879694,-12.746120194765862,0.2722254817647107,896.7966666666666,3.546666666666667,80.14,62.52333333333335,2.1220000000000003,955.0999933333331,31.870000000000005,30.296666666666663,-52.03666512171427,201.72000122070312,-1.2070000000000969,0.0749999999999998,-0.4730000000000091,0.522999999999996,0.0146999999999998,7.429995999999916,0.7239999999999979,-0.0530000000000039,-8.987999725341801,-0.4210006713867434,-0.001351532931718,0.0695373724323786,1,0,0,Trend Pullback,2.23606797749979,"5d%: -1.66%, MA20: +1.09, RSI: 43.0, VIX: 32.36, ATR: -0.0014, BBW: 0.07, Score: [1, 0, 0], Dist: 2.24",Trend Pullback,2.23606797749979,Volatile Chop,2.23606797749979,0.0,True,2009
2009-05-28,892.96,909.45,887.6,906.83,5738980000.0,3.69,3.76,3.58,3.67,0.0,80.75,81.13,80.28,80.43,0.0,62.91,65.44,62.75,65.08,281439.0,2.094,2.1645,2.079,2.137,15979.0,950.2,966.7,945.8,963.2,121231.0,31.54,33.32,31.1,31.67,0.0,30.55,30.71,29.87,30.63,872500.0,-32.61000061035156,-32.61000061035156,-32.61000061035156,-32.61000061035156,0.0,204.9499969482422,204.9499969482422,204.9499969482422,204.9499969482422,0.0,0.3718994543260967,14.687499999999986,-0.6914433880725879,4.900064474532551,1.4478993591265032,2.752293577981657,9.094040647605928,0.2946954813359603,463.2124494853206,0.1123464860139034,2.5918635170603777,18.0064308681672,-2.5090909090909053,12.168217855911756,5.219103889709498,4.028512798358364,-5.8841010401188605,4.539249146757673,-76.77846449394885,6.672561151106571,49.85294117647061,70.78651685393257,23.44931921331328,74.86631016042782,46.8427095292767,78.90907689256883,45.93103448275863,49.2391304347826,44.25205704750535,50.39191324035805,0.3823383458646694,0.0179323308270676,-0.2456390977443617,0.5764135338345858,0.0002421052631578,3.3312027518796983,-0.2648195488721809,0.0035263157894733,-13.989593865795246,-0.0062030763554405,903.4066666666668,3.62,80.29666666666667,63.660000000000025,2.135166666666667,956.5333266666668,31.55,30.55,-32.92333300908407,204.24000040690103,0.1179999999999131,0.1139999999999997,-0.1750000000000086,0.4219999999999998,0.0125499999999996,3.3699979999998657,0.5929999999999966,0.0209999999999967,-3.441000032424922,0.0850006103515502,0.0001301236174364,0.0647671193769434,1,0,0,Trend Pullback,2.23606797749979,"5d%: +0.37%, MA20: +0.38, RSI: 49.9, VIX: 31.67, ATR: 0.0001, BBW: 0.06, Score: [1, 0, 0], Dist: 2.24",Trend Pullback,2.23606797749979,Volatile Chop,2.23606797749979,0.0,True,2009
2009-06-15,942.45,942.45,919.65,923.72,4697880000.0,3.76,3.78,3.71,3.71,0.0,80.11,81.37,80.11,81.14,0.0,72.2,72.35,69.58,70.62,242211.0,2.382,2.3945,2.269,2.285,21980.0,940.3,940.3,926.5,927.5,91532.0,29.7,31.09,29.64,30.81,0.0,31.91,31.93,31.23,31.35,847500.0,-167.24000549316406,-167.24000549316406,-167.24000549316406,-167.24000549316406,0.0,208.8800048828125,208.8800048828125,208.8800048828125,208.8800048828125,0.0,-1.6419277211065395,-4.62724935732648,0.2842664689160834,3.7156704361873913,1.420328450954278,-2.624671916010501,3.493449781659397,-1.939318110728805,472.543686186094,-4.881603334587281,-2.031032910157282,-0.2688172043010861,2.4883162814197224,2.974628171478577,-1.4661492022423397,-5.35714285714286,2.563249001331558,-3.3302497687326515,-256.57710824440346,-5.829310138451083,55.06928144165971,57.142857142857125,55.4126473740622,71.9034852546917,58.37903717245584,40.93485255880275,50.660180681028486,54.03348554033487,37.809088128569385,50.78418117575501,3.2824812030074977,0.0402330827067669,-0.1178872180451147,0.7654736842105265,0.0202763157894736,1.4175940902255255,-0.1540375939849631,0.1530300751879692,2.3490676055277224,1.4729248161602666,938.2733333333334,3.786666666666666,80.23,71.78000000000003,2.367833333333333,943.4,29.02333333333333,31.99666666666666,-84.13666852315266,216.8100026448568,1.6600000000000557,-0.0200000000000005,-0.1919999999999995,1.0569999999999993,0.0320499999999997,-1.6300000000000947,-0.3400000000000035,0.0719999999999951,-7.128000164031978,0.0439987182616906,0.0017970813666479,0.0896947772597746,1,1,0,Trend Pullback,2.0,"5d%: -1.64%, MA20: +3.28, RSI: 55.1, VIX: 30.81, ATR: 0.0018, BBW: 0.09, Score: [1, 1, 0], Dist: 2.00",Trend Pullback,2.0,Steady Climb,2.23606797749979,0.2360679774997898,True,2009
2009-06-19,919.96,927.09,915.8,921.23,5713390000.0,3.84,3.88,3.78,3.79,0.0,80.56,80.74,79.97,80.26,0.0,71.35,72.3,68.9,69.55,115712.0,2.259,2.2955,2.2225,2.2505,18856.0,934.0,939.7,931.5,936.2,57557.0,29.16,29.32,27.56,27.99,0.0,30.92,31.17,30.72,30.88,1374000.0,-138.7100067138672,-138.7100067138672,-138.7100067138672,-138.7100067138672,0.0,207.3999938964844,207.3999938964844,207.3999938964844,207.3999938964844,0.0,-2.640005918347932,0.0,0.1497379585724934,-3.456413103831213,-5.182220349694533,-0.478367173381522,-0.5683836589698066,-4.425874342308889,150.42427918818504,-5.70584370351731,-2.006190896616278,-1.813471502590669,-0.5082434610140019,1.621858562244305,-1.466725043782824,-2.7425722002908715,-5.50303848750845,-4.573547589616811,-511.4803040079557,-7.253376967566361,37.77677361048353,53.09734513274335,55.71878279118576,53.15139701104612,44.83798040693294,32.50798722044728,43.00341296928328,33.18872017353577,30.07336855772438,37.1316251335384,1.536932330827046,0.0180300751879698,0.024015037593984,0.5523984962406006,0.0122676691729323,-1.616841879699256,-0.0759699248120303,0.055578947368421,-8.584165435805355,0.3374510915655824,916.77,3.7566666666666655,80.34666666666668,70.65000000000002,2.260666666666667,935.6,29.85333333333333,30.77333333333333,-186.1100006103516,204.2999979654948,-6.869000000000086,0.0019999999999994,-0.0030000000000089,-0.0930000000000038,-0.0228500000000003,-0.3700000000001798,0.4489999999999971,-0.3760000000000022,-32.75699920654297,-3.9190002441406486,-0.0074563355513824,0.0786832243316096,0,-2,0,Orderly Decline,2.449489742783178,"5d%: -2.64%, MA20: +1.54, RSI: 37.8, VIX: 27.99, ATR: -0.0075, BBW: 0.08, Score: [0, -2, 0], Dist: 2.45",Orderly Decline,2.449489742783178,Volatile Chop,2.8284271247461903,0.3789373819630124,True,2009
2009-06-22,918.13,918.13,893.04,893.04,4903940000.0,3.72,3.74,3.69,3.69,0.0,80.28,80.93,80.24,80.78,0.0,69.89,69.89,66.25,66.93,278468.0,2.248,2.248,2.1225,2.132,22028.0,935.1,935.6,918.3,921.0,96762.0,30.4,32.05,30.3,31.17,0.0,30.6,30.6,29.78,29.78,1956300.0,-243.9900054931641,-243.9900054931641,-243.9900054931641,-243.9900054931641,0.0,196.25,196.25,196.25,196.25,0.0,-3.3213527908890206,-0.5390835579514808,-0.4436775942814885,-5.225148683092606,-6.695842450765865,-0.7008086253369239,1.1684518013632017,-5.007974481658694,45.89212956174962,-6.0465360913306565,-4.908746299806211,-5.141388174807204,-0.1606723519960384,-1.7036275517697153,-5.370616955170881,-3.307086614173227,4.702720859926113,-6.850172036284008,735.2961764482334,-10.632971518456523,27.4904214559387,52.17391304347825,62.82327586206898,45.49499443826477,39.11900065746219,26.691176470588218,54.42020665901263,26.795096322241665,25.80829317451285,28.25076105010752,0.9293383458646374,0.0140601503759398,0.0332631578947343,0.4675864661654119,0.0090710526315789,-1.9902253082706889,-0.09218045112782,0.0231052631578945,-10.655782033805565,0.0267442402086765,910.88,3.77,80.55,69.28333333333336,2.218166666666667,930.6,29.73,30.476666666666663,-189.55667114257807,202.5799967447917,0.141999999999966,0.0320000000000001,-0.1860000000000073,-0.1240000000000086,-0.00525,1.9799999999998472,-0.8290000000000026,-0.1000000000000025,9.806999206542995,-0.1050018310546911,0.0001590074352772,0.0758998414328305,0,-2,0,Orderly Decline,2.449489742783178,"5d%: -3.32%, MA20: +0.93, RSI: 27.5, VIX: 31.17, ATR: 0.0002, BBW: 0.08, Score: [0, -2, 0], Dist: 2.45",Orderly Decline,2.449489742783178,Volatile Chop,2.8284271247461903,0.3789373819630124,True,2009
2009-06-24,896.31,910.85,896.31,900.94,4636720000.0,3.65,3.7,3.58,3.69,0.0,79.87,80.75,79.56,80.56,0.0,68.55,69.86,68.06,68.67,242855.0,2.189,2.289,2.161,2.2675,14906.0,926.4,944.4,922.8,934.4,116253.0,30.58,30.58,28.79,29.05,0.0,29.99,30.48,29.91,30.11,2381800.0,-135.27000427246094,-135.27000427246094,-135.27000427246094,-135.27000427246094,0.0,201.52999877929688,201.52999877929688,201.52999877929688,201.52999877929688,0.0,-1.0727893621460205,1.0958904109588996,0.4864662591991919,-3.322539771927357,0.3540606328833906,-0.1709401709401703,-7.894736842105255,-1.8258884903814887,-42.10571033338415,0.0595775358749772,-4.068572645477286,-6.345177664974622,0.2863189343956129,-3.7291462217860616,-4.203633291085762,-2.12632240494397,2.073085031623334,-7.751225490196079,239.5331419537512,-8.048546578921256,29.04300423985468,48.48484848484848,55.89743589743594,49.55527318932656,47.67844767844767,28.97278314310799,46.73599075678799,25.95744680851064,34.91296860433937,29.50962880775101,-0.843511278195501,0.0046541353383458,0.0365939849624049,0.2545263157894725,0.0018481203007518,-2.8704511278195843,-0.0211879699248128,-0.063030075187971,-15.5523684265022,-0.7939098731019458,896.36,3.673333333333333,80.39333333333333,68.28000000000003,2.1993333333333336,926.5666666666666,30.26666666666667,29.886666666666667,-202.13666788736973,197.7133331298828,-5.655000000000057,-0.0160000000000003,-0.0490000000000082,-0.8020000000000068,-0.0262,-3.700000000000087,-0.078,-0.2790000000000052,-4.502000427246079,-1.9940002441406104,-0.0062767775878527,0.0775376770656878,-3,-2,0,Orderly Decline,1.7320508075688772,"5d%: -1.07%, MA20: -0.84, RSI: 29.0, VIX: 29.05, ATR: -0.0063, BBW: 0.08, Score: [-3, -2, 0], Dist: 1.73",Orderly Decline,1.7320508075688772,Sharp Decline,2.0,0.2679491924311228,True,2009
2009-06-25,899.45,921.42,896.27,920.26,4911240000.0,3.7,3.71,3.54,3.55,0.0,80.54,80.91,80.25,80.4,0.0,68.29,70.93,68.11,70.23,254942.0,2.259,2.331,2.231,2.3015,16699.0,932.0,940.4,930.3,939.5,76944.0,29.45,29.56,26.3,26.36,0.0,30.01,30.88,29.92,30.87,1844600.0,-33.619998931884766,-33.619998931884766,-33.619998931884766,-33.619998931884766,0.0,211.5599975585937,211.5599975585937,211.5599975585937,211.5599975585937,0.0,0.2057994054683876,-7.310704960835512,-0.2605135839225836,-1.5973097940311098,1.2984154929577496,0.524288465653755,-12.221112221112229,0.3249918752031178,-81.92181603957422,3.660150597648948,-2.6066526262316203,-8.031088082901562,1.2466943709860343,-3.370941111722625,-5.869120654396731,-2.338877338877343,-6.225542511561722,-4.51592947726569,12.894553917727958,-4.53068965180079,41.453322989397456,34.34343434343435,48.43930635838152,55.2864737152983,51.18483412322276,38.36858006042296,41.61522633744856,36.33027522935781,45.41829419087507,40.83864949237035,-1.701932330827082,0.003533834586466,0.0461503759398476,0.1641353383458662,-0.0004289473684211,-3.113533834586474,0.0009999999999992,-0.1019548872180459,-16.60438349587577,-1.1432256024583036,905.4333333333334,3.6266666666666665,80.26666666666667,69.38000000000002,2.2558333333333334,932.7333333333332,28.663333333333338,30.25,-132.0133323669434,202.8166656494141,-6.098999999999999,-0.0430000000000004,-0.0520000000000048,-0.5710000000000031,-0.0060999999999999,-1.2300000000001952,0.062999999999996,-0.243000000000006,1.2960006713867505,-1.715998840332037,-0.0066274748440658,0.0753202673920924,-2,0,0,Trend Pullback,1.4142135623730951,"5d%: +0.21%, MA20: -1.70, RSI: 41.5, VIX: 26.36, ATR: -0.0066, BBW: 0.08, Score: [-2, 0, 0], Dist: 1.41",Trend Pullback,1.4142135623730951,Orderly Decline,1.4142135623730951,0.0,True,2009
2009-06-26,918.84,922.0,913.03,918.9,6076660000.0,3.54,3.55,3.49,3.51,0.0,80.38,80.4,79.61,79.88,0.0,70.34,71.29,68.81,69.16,208025.0,2.3075,2.3315,2.2725,2.2935,12356.0,940.1,949.0,936.6,941.0,73575.0,27.09,27.22,25.76,25.93,0.0,30.78,30.94,30.57,30.76,823200.0,-12.329999923706056,-12.329999923706056,-12.329999923706056,-12.329999923706056,0.0,213.8000030517578,213.8000030517578,213.8000030517578,213.8000030517578,0.0,-0.2529227228813657,-7.387862796833778,-0.4734612509344704,-0.5607476635513975,1.9106865141079727,0.5127109591967383,-7.359771346909605,-0.3886010362694203,-91.1109513900172,3.0858289988512366,-2.8862514663763883,-7.387862796833778,-0.3244322435737468,-3.997779011660196,-3.370549820939539,0.0318911448921044,-7.886323268206031,-4.797276385020122,-77.73966409176319,-2.796087284298332,41.30733550936265,30.999999999999982,44.2329227323628,53.03116147308779,52.83018867924527,43.66041896361632,40.26369168356998,38.29787234042556,51.21764719589311,45.47157740488576,-2.078781954887216,-4.51127819550475e-05,0.0546541353383436,0.1139172932330804,-0.002187969924812,-3.0990225563910108,-0.0211578947368421,-0.123097744360903,-15.467879716973558,-1.27368431378128,913.3666666666668,3.583333333333333,80.28,69.35333333333335,2.2875,938.3,27.113333333333333,30.58,-60.406667709350586,208.9633331298828,0.5959999999998373,-0.048,0.0059999999999913,0.3099999999999935,0.0237499999999998,1.999999999999879,-0.5380000000000011,0.0309999999999981,31.890001678466824,1.3600006103515412,0.000648601588856,0.07534432900427,-2,0,0,Trend Pullback,1.4142135623730951,"5d%: -0.25%, MA20: -2.08, RSI: 41.3, VIX: 25.93, ATR: 0.0006, BBW: 0.08, Score: [-2, 0, 0], Dist: 1.41",Trend Pullback,1.4142135623730951,Orderly Decline,1.4142135623730951,0.0,True,2009
2009-07-02,921.24,921.24,896.42,896.42,3931000000.0,3.56,3.57,3.46,3.5,0.0,79.66,80.61,79.6,80.15,0.0,69.22,69.74,66.26,66.73,243250.0,2.3355,2.344,2.266,2.3055,14672.0,940.9,942.1,926.6,931.0,101814.0,26.22,28.62,26.22,27.95,0.0,30.75,30.75,29.99,30.02,1492700.0,-54.880001068115234,-54.880001068115234,-54.880001068115234,-54.880001068115234,0.0,210.92999267578125,210.92999267578125,210.92999267578125,210.92999267578125,0.0,-2.590572229587296,-1.4084507042253502,-0.3109452736318463,-4.983625231382605,0.1737996958505405,-0.9047365620010628,6.031866464339908,-2.7534823453190804,63.23617731013002,-0.2977901730396581,-2.3901042063656286,-8.616187989556135,-0.5706488028780488,-6.501331091495022,1.474471830985924,-0.3851915257864324,-6.926406926406936,-2.4374390640233945,-70.48986357590789,3.35146085581104,33.397799266422126,32.94117647058822,50.0717360114778,36.39159405433109,44.5337620578778,45.03582395086998,49.52561669829222,30.75630252100838,50.03023789175573,44.35826297088442,-1.7144135338346238,-0.0196842105263158,-0.0102030075187978,-0.010947368421054,-0.0028533834586466,-1.7178947368421251,-0.1796691729323314,-0.1129774436090241,-1.921533895076667,-0.6425112502019279,913.0233333333334,3.52,79.97,68.64333333333336,2.302666666666666,933.2333333333332,26.84,30.61333333333333,-6.173333485921224,215.27999877929688,0.6559999999999786,-0.0010000000000003,-0.1290000000000098,-0.111000000000005,0.0036499999999999,-1.0000000000000977,0.0139999999999995,0.0329999999999991,16.644999885559084,1.902000427246096,0.0007317998259744,0.0731259317891549,-4,-2,0,Sharp Decline,2.23606797749979,"5d%: -2.59%, MA20: -1.71, RSI: 33.4, VIX: 27.95, ATR: 0.0007, BBW: 0.07, Score: [-4, -2, 0], Dist: 2.24",Sharp Decline,2.23606797749979,Orderly Decline,2.449489742783178,0.21342176528338808,True,2009
2009-07-07,898.6,898.6,879.93,881.03,4673300000.0,3.54,3.55,3.46,3.46,0.0,80.39,80.73,80.08,80.62,0.0,64.19,64.91,62.21,62.93,262358.0,2.262,2.297,2.2005,2.2255,15450.0,924.6,932.4,921.0,929.1,78415.0,29.0,30.94,28.9,30.85,0.0,29.93,29.93,29.19,29.23,2382500.0,-165.05999755859375,-165.05999755859375,-165.05999755859375,-165.05999755859375,0.0,199.5399932861328,199.5399932861328,199.5399932861328,199.5399932861328,0.0,-4.982582530763679,-0.8595988538682042,0.9769539078156252,-11.973702615750447,-4.320722269991418,-1.2331242691612676,21.69625246548324,-5.952380952380942,-1001.9672373773644,-8.333333333333337,-1.3448445758308725,-6.233062330623307,-0.198068828918041,-5.976393246675638,4.385553470919312,0.8794788273615683,-1.0266281681103662,-1.846877098723976,-32.34968898624896,1.676429699940285,38.59985261606485,36.70886075949365,49.2512479201332,32.65869365225392,47.43150684931504,48.31338411316648,45.29562982005142,34.79087452471484,53.95958557721434,48.205545731280445,-1.8502556390977607,-0.0226842105263159,-0.0153458646616549,-0.1810300751879723,-0.0032233082706767,-1.11030075187972,-0.1527293233082712,-0.1105413533834594,2.694759422675115,-0.3146392478082495,892.0566666666667,3.49,80.40666666666668,64.57000000000002,2.2605,928.0333333333332,29.266666666666666,29.726666666666663,-101.42666498819987,206.36666361490884,-7.992000000000125,0.0019999999999998,0.123999999999992,-1.8040000000000045,-0.0117500000000001,-2.9800000000001208,0.8899999999999968,-0.3090000000000039,-24.59999923706055,-2.104998779296891,-0.0090712007536634,0.0802335538105165,-4,-2,0,Sharp Decline,2.23606797749979,"5d%: -4.98%, MA20: -1.85, RSI: 38.6, VIX: 30.85, ATR: -0.0091, BBW: 0.08, Score: [-4, -2, 0], Dist: 2.24",Sharp Decline,2.23606797749979,Orderly Decline,2.449489742783178,0.21342176528338808,True,2009
2009-07-08,881.9,886.8,869.32,879.56,5721780000.0,3.44,3.45,3.28,3.29,0.0,80.71,80.89,80.52,80.77,0.0,61.75,62.68,60.01,60.14,334958.0,2.201,2.24,2.142,2.159,20388.0,917.7,925.9,904.8,909.3,131006.0,30.85,33.05,30.43,31.3,0.0,29.41,29.44,28.74,29.12,3314900.0,-193.0800018310547,-193.0800018310547,-193.0800018310547,-193.0800018310547,0.0,195.3600006103516,195.3600006103516,195.3600006103516,195.3600006103516,0.0,-4.324935822129417,-6.5340909090909065,0.7987021090727575,-13.950493632851623,-4.973591549295775,-1.951692904895408,18.785578747628072,-5.4852320675105375,1263.559349658765,-8.659062955701845,-1.7361188694000718,-9.615384615384617,1.1648296593186336,-13.142692085499707,-1.7966795542415426,-1.6228497241155493,2.3544800523217946,-2.183406113537112,-14.998896315601884,0.0,38.540210433375016,30.851063829787226,55.33807829181493,27.284105131414265,42.2273781902552,37.62743280815569,49.36034115138593,35.12476007677542,52.52536523191845,46.069893105152566,-2.0913458646616627,-0.0225563909774436,0.0001654135338346,-0.3014962406015058,-0.0047349624060151,-1.0020300751879885,-0.1047744360902266,-0.1207819548872179,2.6643459413284645,-0.3377369816141968,886.4366666666666,3.42,80.61333333333333,62.37333333333336,2.211666666666667,920.8,30.383333333333336,29.426666666666662,-147.4933319091797,201.1766662597656,-10.119000000000131,-0.0150000000000003,0.1799999999999882,-1.918000000000008,-0.0173,-1.3900000000001196,1.1779999999999995,-0.4240000000000032,-43.66599922180176,-4.108001708984418,-0.0115046159443359,0.0836643626686572,-4,-2,0,Sharp Decline,2.23606797749979,"5d%: -4.32%, MA20: -2.09, RSI: 38.5, VIX: 31.30, ATR: -0.0115, BBW: 0.08, Score: [-4, -2, 0], Dist: 2.24",Sharp Decline,2.23606797749979,Orderly Decline,2.449489742783178,0.21342176528338808,True,2009
2009-07-09,881.28,887.86,878.45,882.68,4347170000.0,3.35,3.43,3.34,3.41,0.0,80.65,80.72,79.69,79.86,0.0,60.38,61.62,59.25,60.41,314800.0,2.163,2.2435,2.155,2.2375,19247.0,909.3,918.9,906.2,916.2,91682.0,30.23,30.49,29.28,29.78,0.0,29.28,29.55,29.14,29.35,1397500.0,-140.2100067138672,-140.2100067138672,-140.2100067138672,-140.2100067138672,0.0,196.8600006103516,196.8600006103516,196.8600006103516,196.8600006103516,0.0,-4.402542969469215,-3.672316384180785,0.2888358658796885,-12.84085990477566,-3.990559965672602,-2.666525018591304,13.577421815408089,-5.353111899387297,-377.5336608143684,-10.935166403850705,-2.0267720380935605,-7.588075880758804,-0.86891757696127,-12.028542303771673,-1.3230429988974723,-1.9477739726027288,2.512908777969014,-2.5240783792759847,3.651957038055609,-2.317271968060486,36.41622897160693,26.13636363636361,43.84236453201967,27.07112970711293,47.578947368421055,41.88712522045858,49.33404368673416,36.70411985018729,52.83014168030347,45.23024193215542,-2.214105263157913,-0.0246842105263158,0.0005714285714289,-0.4237443609022565,-0.0053789473684211,-1.1066917293233436,-0.0756992481203013,-0.1234210526315795,2.727669229722564,-0.3546993399024935,881.09,3.3866666666666667,80.41666666666667,61.16000000000002,2.207333333333333,918.2,30.64333333333333,29.23333333333333,-166.11666870117188,197.25333150227863,-10.29300000000001,-0.0540000000000001,0.2749999999999931,-2.214000000000002,-0.0423000000000001,-6.590000000000051,1.3059999999999992,-0.457000000000002,-59.738000106811526,-6.272999572753932,-0.0116610776272261,0.0847249478759536,-4,-2,0,Sharp Decline,2.23606797749979,"5d%: -4.40%, MA20: -2.21, RSI: 36.4, VIX: 29.78, ATR: -0.0117, BBW: 0.08, Score: [-4, -2, 0], Dist: 2.24",Sharp Decline,2.23606797749979,Orderly Decline,2.449489742783178,0.21342176528338808,True,2009
2009-07-10,880.03,883.57,872.81,879.13,3912080000.0,3.33,3.35,3.27,3.3,0.0,79.94,80.52,79.9,80.23,0.0,60.45,60.89,58.72,59.89,264745.0,2.222,2.243,2.1865,2.2115,14506.0,912.1,915.2,906.6,912.5,72833.0,29.78,30.34,28.82,29.02,0.0,29.1,29.42,28.95,29.25,762600.0,-131.39999389648438,-131.39999389648438,-131.39999389648438,-131.39999389648438,0.0,196.0599975585937,196.0599975585937,196.0599975585937,196.0599975585937,0.0,-1.928783382789312,-5.714285714285716,0.0998128509045459,-10.250262250861686,-4.0772066796790245,-1.9871106337271736,3.828264758497313,-2.5649566955363023,139.43147109890734,-7.049730068518089,-4.469389085693177,-7.042253521126762,-0.2114427860696488,-14.723052826427452,-3.910493156636974,-2.873869079297497,10.09104704097117,-5.247813411078717,290.8387806992651,-7.326526838187886,34.06027563228838,24.21052631578945,49.75450081833059,28.62831858407077,47.280334728033466,39.74025974025974,52.944539736992574,34.70919324577862,50.47468231358861,42.2625537326995,-2.2495413533834947,-0.0229774436090227,-0.0049699248120319,-0.5064511278195505,-0.0045672932330827,-1.044511278195498,-0.0698947368421058,-0.11248120300752,3.362714248313043,-0.3528572254611168,880.4566666666666,3.333333333333333,80.28666666666666,60.14666666666668,2.2026666666666666,912.6666666666666,30.03333333333333,29.24,-154.89666748046875,196.09333292643228,-4.664000000000094,-0.0400000000000005,-0.0260000000000149,-1.6550000000000125,-0.0227500000000001,-4.4300000000001045,0.5959999999999988,-0.2150000000000027,-27.9400016784668,-4.140998840332047,-0.0053052449580836,0.0826473893671784,-3,-2,0,Orderly Decline,1.7320508075688772,"5d%: -1.93%, MA20: -2.25, RSI: 34.1, VIX: 29.02, ATR: -0.0053, BBW: 0.08, Score: [-3, -2, 0], Dist: 1.73",Orderly Decline,1.7320508075688772,Sharp Decline,2.0,0.2679491924311228,True,2009
2009-07-16,930.17,943.96,927.45,940.74,4898640000.0,3.58,3.6,3.51,3.56,0.0,79.44,79.63,79.13,79.22,0.0,62.0,62.25,60.29,62.02,250043.0,2.3865,2.41,2.357,2.3895,14775.0,939.3,940.5,932.6,935.4,60370.0,25.96,26.18,24.51,25.42,0.0,31.15,31.69,30.94,31.56,1539500.0,181.1199951171875,181.1199951171875,181.1199951171875,181.1199951171875,0.0,229.8000030517578,229.8000030517578,229.8000030517578,229.8000030517578,0.0,6.577695200978839,4.398826979472137,-0.8014024542950193,2.665121668597936,6.793296089385481,2.095612311722328,-14.640698455339152,7.529812606473585,-229.17765241022147,16.732704632367113,1.8855663738858164,0.5649717514124353,-0.5148813261333651,-10.517962775934208,2.5316455696202667,-0.6267927334537293,-3.0511060259343914,1.7736214124475902,258.5114676881477,3.9677891331022286,57.40633588890496,50.5263157894737,37.90983606557376,27.70233568712655,57.18954248366013,48.1810115350488,46.83288409703505,56.35359116022097,64.00125152872553,61.57654817763187,-0.8060751879699604,-0.0193909774436091,-0.0192706766917322,-0.6666090225563923,0.0017293233082706,-0.7067669172932723,-0.1351654135338357,-0.038992481203008,10.01409781893394,0.2764060687301688,926.42,3.536666666666666,79.57333333333334,61.02666666666668,2.3601666666666667,932.5333333333332,25.44333333333333,31.006666666666664,122.5599988301595,221.683334350586,12.670999999999898,0.0529999999999999,-0.1130000000000163,0.1889999999999997,0.0396499999999998,5.669999999999913,-1.178000000000003,0.471999999999999,74.74600105285647,6.89600067138672,0.0134691838340029,0.0825873672567095,0,1,-1,Trend Pullback,1.4142135623730951,"5d%: +6.58%, MA20: -0.81, RSI: 57.4, VIX: 25.42, ATR: 0.0135, BBW: 0.08, Score: [0, 1, -1], Dist: 1.41",Trend Pullback,1.4142135623730951,Volatile Chop,1.4142135623730951,0.0,True,2009
2009-08-11,1005.77,1005.77,992.4,994.35,5773160000.0,3.76,3.77,3.68,3.69,0.0,79.24,79.36,79.01,79.18,0.0,70.76,71.25,68.71,69.45,389079.0,2.775,2.809,2.733,2.7365,25162.0,948.4,951.9,943.6,947.6,50678.0,24.98,26.98,24.98,25.99,0.0,34.82,34.84,34.31,34.45,591700.0,-27.8700008392334,-27.8700008392334,-27.8700008392334,-27.8700008392334,0.0,264.8500061035156,264.8500061035156,264.8500061035156,264.8500061035156,0.0,-1.1236513697608477,0.2717391304347671,1.81303844670182,-2.75833099971996,-2.110534788052232,-2.279055377951944,4.419445560466051,-0.318287037037035,-113.9923696475877,-2.924891273502417,1.5036442702272224,0.0,0.4185161699429507,3.3020972780008817,8.569728228526085,0.9051219252475872,3.9184326269491976,3.3603360336033727,-116.81143747403252,4.345598637229431,69.41391941391944,57.142857142857146,54.31192660550471,60.40061633281974,68.47635726795095,47.02815432742443,66.62269129287598,74.43298969072166,36.574550585179736,67.88575649846885,4.66579699248118,0.0122481203007518,-0.0645338345864687,0.5893684210526303,0.0248492481203007,1.324360902255613,0.0354436090225566,0.2246165413533824,-1.6500074630393111,2.9804813700511,1003.9766666666668,3.77,79.13666666666667,70.3266666666667,2.7641666666666667,951.3333333333334,25.246666666666663,34.82666666666666,54.79666709899902,270.40000406901044,1.0659999999998506,0.0269999999999996,0.442999999999992,-0.2680000000000007,-0.00765,-5.240000000000111,0.0059999999999978,0.1329999999999949,-27.269997406005874,0.2430053710937265,0.0010720571227433,0.1002484862021802,1,2,0,Trend Pullback,2.23606797749979,"5d%: -1.12%, MA20: +4.67, RSI: 69.4, VIX: 25.99, ATR: 0.0011, BBW: 0.10, Score: [1, 2, 0], Dist: 2.24",Trend Pullback,2.23606797749979,Steady Climb,2.449489742783178,0.21342176528338808,True,2009
2009-08-19,986.88,999.61,980.62,996.46,4257000000.0,3.42,3.5,3.4,3.46,0.0,78.92,79.22,78.34,78.47,0.0,70.25,72.8,68.05,72.42,126682.0,2.77,2.7925,2.6475,2.7605,32826.0,940.2,946.8,933.3,944.8,80904.0,28.08,28.14,26.14,26.26,0.0,33.93,34.61,33.85,34.48,389500.0,-62.65999984741211,-62.65999984741211,-62.65999984741211,-62.65999984741211,0.0,268.8399963378906,268.8399963378906,268.8399963378906,268.8399963378906,0.0,-0.9295990296377954,-6.486486486486487,-0.4061429115370107,3.2212086659065164,-2.23127324242961,-0.8083989501312394,3.1827111984283007,-1.2882908674491933,-559.7211982487378,-0.881176326965516,-0.6243018988351667,-7.978723404255317,1.225490196078427,0.6252605252188514,-1.831436699857747,-2.224981889682298,5.461847389558239,-0.0579710144927636,-144.7539477936004,-0.5879511818043359,53.88058508512511,40.99999999999999,43.34415584415583,64.90750816104463,63.617463617463606,53.968253968253954,53.70689655172416,57.68535262206144,36.73004921497424,56.75480902080563,1.6565714285714137,-0.0029172932330827,0.0091729323308257,0.1552932330827039,0.0196676691729323,-0.1445864661654319,0.1131804511278196,0.1121729323308265,-16.782022686291466,1.1784667624566745,988.62,3.4933333333333336,78.89999999999999,69.45333333333336,2.7641666666666667,939.9333333333332,26.77666666666667,34.18666666666666,-111.1266695658366,263.2666727701823,-6.528000000000056,-0.0439999999999998,0.1100000000000078,-0.5710000000000023,-0.0267500000000004,-4.730000000000033,0.4639999999999981,-0.2820000000000017,-42.53200130462647,-3.160998535156272,-0.0065511912169079,0.049609806609178,1,1,0,Trend Pullback,2.0,"5d%: -0.93%, MA20: +1.66, RSI: 53.9, VIX: 26.26, ATR: -0.0066, BBW: 0.05, Score: [1, 1, 0], Dist: 2.00",Trend Pullback,2.0,Steady Climb,2.23606797749979,0.2360679774997898,True,2009
2009-08-20,996.41,1008.92,996.39,1007.37,4893160000.0,3.48,3.5,3.43,3.44,0.0,78.45,78.67,78.3,78.38,0.0,72.15,72.88,71.65,72.54,241477.0,2.7675,2.799,2.719,2.7415,22794.0,944.2,947.3,938.5,941.7,52319.0,26.45,26.45,24.75,25.09,0.0,34.58,34.94,34.43,34.88,801000.0,-3.1600000858306885,-3.1600000858306885,-3.1600000858306885,-3.1600000858306885,0.0,276.6400146484375,276.6400146484375,276.6400146484375,276.6400146484375,0.0,-0.5292624885211317,-4.178272980501385,-0.1401452414320325,2.864435621100414,-5.919698009608798,-1.547307893361205,1.5378389316066388,-1.13378684807256,-108.02845537812216,0.574426344749468,1.032013479359728,-8.266666666666666,0.3970795439989683,0.834028356964156,-0.3815406976744206,-2.2016824176965377,-2.259446825087663,1.631701631701632,-105.0543826978464,4.2390441912077526,57.35087589622293,46.59090909090909,50.28248587570622,59.66228893058164,58.66372980910425,41.08723135271816,46.61224489795918,60.472972972973,41.08914227611602,59.28159250786968,1.132157894736813,-0.007421052631579,0.0063157894736826,0.1503458646616535,0.0180804511278195,-0.1945864661654248,0.1048120300751878,0.0875563909774431,-18.08459410631568,0.909812399498498,997.8333333333334,3.4766666666666666,78.59666666666665,71.38333333333335,2.7545,941.9,25.843333333333334,34.533333333333324,-51.26666776339213,270.1433410644531,-4.696000000000136,-0.0290000000000006,0.0009999999999898,0.5479999999999975,-0.0381500000000002,-3.290000000000181,0.5009999999999976,-0.2180000000000026,-23.962000274658205,-1.4619995117187423,-0.004661643686034,0.0480659844505967,1,1,0,Trend Pullback,2.0,"5d%: -0.53%, MA20: +1.13, RSI: 57.4, VIX: 25.09, ATR: -0.0047, BBW: 0.05, Score: [1, 1, 0], Dist: 2.00",Trend Pullback,2.0,Steady Climb,2.23606797749979,0.2360679774997898,True,2009
2009-09-04,1003.84,1016.48,1001.65,1016.4,4097370000.0,3.37,3.45,3.34,3.44,0.0,78.43,78.7,78.02,78.14,0.0,68.19,68.78,67.12,68.02,229782.0,2.87,2.8975,2.8325,2.8665,17122.0,994.3,998.4,987.0,996.7,117550.0,26.98,26.98,24.86,25.26,0.0,35.0,35.33,34.69,35.3,1014900.0,-33.709999084472656,-33.709999084472656,-33.709999084472656,-33.709999084472656,0.0,285.3800048828125,285.3800048828125,285.3800048828125,285.3800048828125,0.0,-1.2177699163208433,-0.2898550724637738,-0.2934796478244239,-6.488864448721476,-2.846975088967973,3.952857738840221,2.019386106623577,-1.9988895058301148,117.76485840646689,-0.8649703951818077,-0.948222934715892,-3.370786516853941,0.1281394156842585,-7.9442414399783505,-0.4860267314702349,4.399287734366819,0.9996001599360316,-0.8983717012914116,-144.58994677891698,-0.5263375121212888,66.63038548752829,46.37681159420288,37.25055432372497,53.80011968880909,58.67992766726939,79.82370225269351,39.08713692946058,64.89795918367344,59.54647401358151,69.45290695230057,0.7195864661653912,-0.0221052631578948,-0.0429323308270692,9.022556390739184e-05,0.0044492481203007,1.1548120300751812,0.1049097744360898,0.0298270676691721,-8.780157876373234,0.7015936371079015,1004.7966666666669,3.356666666666667,78.32666666666665,68.01,2.8525000000000005,990.9666666666668,27.08666666666667,34.86333333333333,-131.543332417806,276.43333943684894,-7.725000000000093,-0.034,0.0389999999999979,-1.1470000000000051,-0.0171499999999999,10.279999999999882,0.7569999999999988,-0.3400000000000042,-35.49499969482422,-3.676995849609427,-0.0076003541912633,0.0600089595293427,1,2,0,Trend Pullback,2.23606797749979,"5d%: -1.22%, MA20: +0.72, RSI: 66.6, VIX: 25.26, ATR: -0.0076, BBW: 0.06, Score: [1, 2, 0], Dist: 2.24",Trend Pullback,2.23606797749979,Steady Climb,2.449489742783178,0.21342176528338808,True,2009
2009-09-29,1063.69,1069.62,1057.83,1060.61,4949900000.0,3.3,3.34,3.28,3.29,0.0,76.93,77.33,76.8,77.12,0.0,67.11,67.33,65.82,66.71,247345.0,2.71,2.7495,2.687,2.729,17195.0,992.6,997.2,986.1,994.4,105185.0,24.88,25.28,24.54,25.19,0.0,37.52,37.75,37.25,37.42,593900.0,-65.29000091552734,-65.29000091552734,-65.29000091552734,-65.29000091552734,0.0,316.5599975585937,316.5599975585937,316.5599975585937,316.5599975585937,0.0,-1.0311106134408443,-4.913294797687861,1.3137151865475485,-6.764500349406011,-4.7303194274742495,-2.0777941900541608,9.142114384748725,-1.3965744400527005,-199.5881686194008,-2.620890047249313,0.7581011371516899,-4.637681159420293,0.757773713091181,-5.949527703369539,-4.07732864674869,-1.182549935406929,7.557643040136641,0.1605995717344877,-146.43669849306983,0.2470070246095579,63.20023260321767,34.92063492063495,50.4109589041096,37.72678762006403,35.74561403508774,48.44649021864209,55.90230664857532,63.16916488222698,40.03000822805469,62.541955293770215,3.440744360902233,0.0005112781954886,-0.1083308270676701,-0.050563909774439,-0.0056037593984962,1.7921051278195193,-0.1729097744360905,0.1584736842105256,5.690202943185219,2.632015165171228,1055.99,3.306666666666666,76.99333333333334,66.52333333333335,2.732166666666666,993.3666666666668,25.22666666666667,37.14666666666666,-80.65666834513347,313.52667236328125,-3.385000000000142,-0.0410000000000002,0.2619999999999941,-1.236999999999999,-0.0342500000000005,-6.560000000000231,0.571999999999998,-0.2020000000000076,-34.3210000038147,-2.79999389648443,-0.0031915595742074,0.0936466036730005,1,1,0,Trend Pullback,2.0,"5d%: -1.03%, MA20: +3.44, RSI: 63.2, VIX: 25.19, ATR: -0.0032, BBW: 0.09, Score: [1, 1, 0], Dist: 2.00",Trend Pullback,2.0,Steady Climb,2.23606797749979,0.2360679774997898,True,2009
2009-10-01,1054.91,1054.91,1029.45,1029.85,5791450000.0,3.29,3.3,3.17,3.19,0.0,76.65,77.27,76.59,77.19,0.0,70.4,71.39,69.13,70.82,334690.0,2.8145,2.8225,2.7055,2.737,22428.0,1008.3,1011.1,998.6,1000.7,113352.0,25.98,28.42,25.98,28.27,0.0,37.19,37.19,36.11,36.11,1198000.0,-207.8099975585937,-207.8099975585937,-207.8099975585937,-207.8099975585937,0.0,302.6199951171875,302.6199951171875,302.6199951171875,302.6199951171875,0.0,-1.9918536706066023,-5.621301775147924,0.3771131339401767,7.482167248444371,1.0149474072707276,0.1801982180398509,13.3066132264529,-2.167434299647786,85.61093181306943,-2.437293744634239,-3.344939886812648,-6.176470588235294,1.312508203176277,-2.276804194839255,-5.490331491712697,-1.262950172668964,19.53488372093024,-4.622292657157956,-257.0036239047444,-6.321202602647524,44.71090670170823,38.09523809523813,56.93779904306215,53.90904445579965,42.96724470134877,47.16417910447764,72.68722466960352,44.6069469835466,30.450921546545374,48.15805197755586,2.83463157894733,-0.0026766917293233,-0.0684661654135361,-0.0897293233082724,-0.0076127819548872,0.5070674736841838,-0.0747744360902265,0.1279999999999994,-2.025428719628124,2.012157629486309,1049.18,3.2633333333333336,76.98666666666666,69.38000000000001,2.7616666666666667,1001.4666666666668,26.35666666666667,36.94333333333333,-124.38999938964842,310.9633280436198,2.882999999999866,-0.0180000000000003,-0.0190000000000068,1.0129999999999932,0.0207499999999997,2.3599999999999257,0.0899999999999992,0.1569999999999964,9.004000091552744,1.669998168945287,0.0027994368111859,0.071914318741297,1,0,0,Trend Pullback,2.23606797749979,"5d%: -1.99%, MA20: +2.83, RSI: 44.7, VIX: 28.27, ATR: 0.0028, BBW: 0.07, Score: [1, 0, 0], Dist: 2.24",Trend Pullback,2.23606797749979,Volatile Chop,2.23606797749979,0.0,True,2009
2009-10-02,1029.71,1030.6,1019.95,1025.21,5583240000.0,3.16,3.22,3.11,3.22,0.0,77.23,77.47,76.68,77.0,0.0,70.35,70.69,68.32,69.95,312014.0,2.718,2.725,2.64,2.6815,21955.0,999.0,1008.8,987.0,1004.3,141245.0,29.34,29.56,27.98,28.68,0.0,35.72,36.14,35.38,35.91,1429100.0,-245.75,-245.75,-245.75,-245.75,0.0,297.6400146484375,297.6400146484375,297.6400146484375,297.6400146484375,0.0,-1.835538788563551,-3.3033033033032955,0.247363624528063,5.952741593456534,-2.1528918080642168,1.2807583703106085,11.987504880905895,-1.9656019656019816,86.8110941079269,-3.02358867890572,-4.03351118599643,-7.20461095100865,0.7457804527018164,-2.9011660188784094,-3.716337522441648,-0.5938830050480015,19.899665551839465,-4.974861074358305,-314.23590093399724,-8.474783678989628,39.928207696802765,33.8983050847458,53.504672897196215,52.72363818090956,42.2348484848485,51.61943319838053,76.19565217391303,39.62616822429904,27.23257602828185,41.802654922344296,1.768300751879665,-0.0070751879699249,-0.041556390977446,-0.0949398496240615,-0.0090180451127819,0.1090223308270565,0.042075187969924,0.0790451127819543,-9.013549025255935,1.301834267064145,1037.38,3.24,76.94666666666666,70.46000000000002,2.7458333333333336,1004.7666666666668,27.52,36.43999999999999,-184.543332417806,304.6566670735677,-3.496000000000049,-0.0270000000000002,0.0359999999999899,1.3369999999999935,0.0084999999999995,3.3399999999998182,0.6049999999999991,-0.1130000000000003,-20.74599876403807,-1.1990051269531647,-0.0034100330663962,0.0631428186278186,1,-2,0,Volatile Chop,3.0,"5d%: -1.84%, MA20: +1.77, RSI: 39.9, VIX: 28.68, ATR: -0.0034, BBW: 0.06, Score: [1, -2, 0], Dist: 3.00",Volatile Chop,3.0,Orderly Decline,3.3166247903554,0.3166247903553998,True,2009
2009-10-07,1053.65,1058.02,1050.1,1057.58,4238220000.0,3.24,3.25,3.17,3.18,0.0,76.24,76.63,76.13,76.49,0.0,71.16,71.76,68.88,69.57,372435.0,2.766,2.804,2.751,2.7795,20887.0,1042.7,1049.7,1037.8,1044.4,140676.0,25.78,25.82,24.57,24.68,0.0,36.91,37.14,36.83,37.12,1514500.0,-37.93000030517578,-37.93000030517578,-37.93000030517578,-37.93000030517578,0.0,317.04998779296875,317.04998779296875,317.04998779296875,317.04998779296875,0.0,0.047300109736259,-3.92749244712991,-0.2087410306588544,-1.472879195581367,-1.4012061014544108,3.477657782621635,-3.6313939867239298,-0.4825737265415575,-62.096532006747296,1.064676430099909,-0.3101228237201492,-7.017543859649111,0.5785667324128774,0.8699434536755035,-1.0149572649572614,2.9574132492113714,5.065985525755656,-1.09245936584067,290.2263298678916,-0.5988223329816522,46.94523827913798,30.35714285714289,53.27510917030565,42.18749999999999,41.99312714776634,63.66047745358095,54.13654618473896,42.965779467680605,39.84446744751855,46.25670111546992,-0.291037593984992,-0.0120300751879699,0.0092105263157889,-0.1038120300751902,-0.0093593984962406,0.5128571428571208,0.1993684210526316,-0.0212481203007531,-17.735541506458947,-0.0957597546111475,1050.92,3.216666666666667,76.49000000000001,70.28666666666668,2.763666666666667,1033.9666666666665,25.74,36.9,-66.17333348592122,313.5633239746094,0.5890000000000221,-0.0090000000000005,-0.1170000000000152,0.0129999999999977,-0.0079000000000001,7.789999999999895,-0.1250000000000016,-0.0079999999999988,21.287999725341805,0.9940002441405836,0.0005569318633105,0.0486291462902077,-1,0,1,Trend Pullback,1.4142135623730951,"5d%: +0.05%, MA20: -0.29, RSI: 46.9, VIX: 24.68, ATR: 0.0006, BBW: 0.05, Score: [-1, 0, 1], Dist: 1.41",Trend Pullback,1.4142135623730951,Orderly Decline,1.4142135623730951,0.0,True,2009
2009-10-30,1065.41,1065.41,1033.38,1036.19,6512420000.0,3.47,3.47,3.39,3.39,0.0,75.92,76.43,75.83,76.3,0.0,79.98,80.21,76.85,77.0,412394.0,3.0335,3.05,2.942,2.9555,27568.0,1047.1,1049.2,1035.4,1040.4,129455.0,24.76,31.59,24.76,30.69,0.0,37.0,37.06,35.85,35.92,1304174.0,-302.760009765625,-302.760009765625,-302.760009765625,-302.760009765625,0.0,299.9800109863281,299.9800109863281,299.9800109863281,299.9800109863281,0.0,-4.020933679140404,-2.586206896551724,1.0997747449317696,-4.347826086956519,-2.603394298896033,-1.5145778114350583,37.80871127076786,-5.398999209902544,110.71828034458018,-7.68425920378003,-4.733929096793177,-0.877192982456132,0.92592592592593,-1.948300012733984,3.865752943243717,-1.055634807417971,43.210452636490906,-6.311945748565472,548.3083614976974,-9.085944128117596,38.7120442487865,50.54945054945057,52.196382428940616,59.292476332835086,56.55355954757149,40.81632653061229,67.96071094480823,36.2258953168044,32.94568357698253,34.5109538931286,1.164556390977441,0.0146917293233081,-0.0454210526315794,0.6271729323308255,0.0161860902255638,0.7766917293232627,-0.103315789473685,0.0277218045112779,-9.23770659740706,0.1245338841488439,1048.3100000000002,3.4333333333333336,76.21666666666667,78.11000000000001,2.971833333333333,1039.3333333333333,27.786666666666665,36.36333333333334,-285.26666768391925,304.07667032877606,-5.13000000000013,-0.0100000000000003,0.1269999999999934,-0.2480000000000067,-0.0090500000000004,-3.090000000000096,0.8579999999999992,-0.3220000000000012,-25.80900115966796,-4.376004028320357,-0.0049508294810798,0.0701304398709281,0,-2,0,Orderly Decline,2.449489742783178,"5d%: -4.02%, MA20: +1.16, RSI: 38.7, VIX: 30.69, ATR: -0.0050, BBW: 0.07, Score: [0, -2, 0], Dist: 2.45",Orderly Decline,2.449489742783178,Volatile Chop,2.8284271247461903,0.3789373819630124,True,2009
2009-11-02,1036.18,1052.18,1029.38,1042.88,6202640000.0,3.4,3.45,3.39,3.42,0.0,76.39,76.41,75.93,76.29,0.0,77.02,78.66,76.56,78.13,371006.0,2.9475,2.9875,2.9225,2.945,30274.0,1043.4,1063.4,1042.2,1054.0,132632.0,30.7,31.84,28.07,29.78,0.0,36.05,36.6,35.65,36.14,1216800.0,-258.6700134277344,-258.6700134277344,-258.6700134277344,-258.6700134277344,0.0,302.7099914550781,302.7099914550781,302.7099914550781,302.7099914550781,0.0,-2.2559632597591195,-3.661971830985911,0.3023928477517756,-0.6990340620233959,-2.1919628030554694,1.0740314537782902,22.50102838338133,-3.575240128068291,19.76572763435427,-4.595170568624917,-5.012250548769936,0.588235294117645,1.032975764799371,-1.859062931792499,-0.724759817967302,-0.3874870050089685,38.57608189855748,-6.687322489026581,-1515.8183193575942,-10.530828535929226,41.62105379554375,56.32183908045977,54.15549597855235,59.79330708661415,60.75768406004286,44.45564516129031,65.24472384373598,38.51351351351348,37.58731347776747,37.2907780997306,-0.059578947368428,0.0124887218045112,-0.0234962406015056,0.5454812030075167,0.0137597744360901,-0.0104511278195883,0.0742857142857137,-0.0242105263157902,-14.840601490852526,-0.5831950252217444,1048.3933333333334,3.436666666666667,76.17,78.33333333333336,2.9766666666666666,1047.1666666666667,28.41,36.36333333333332,-256.60667419433594,304.6233317057292,-5.882000000000146,-0.0280000000000003,0.0259999999999895,-0.3040000000000115,-0.0080500000000001,0.6899999999998854,1.2689999999999988,-0.3249999999999978,-13.93700256347655,-3.6119995117187726,-0.0056401503528691,0.0693576825217371,-2,0,0,Trend Pullback,1.4142135623730951,"5d%: -2.26%, MA20: -0.06, RSI: 41.6, VIX: 29.78, ATR: -0.0056, BBW: 0.07, Score: [-2, 0, 0], Dist: 1.41",Trend Pullback,1.4142135623730951,Orderly Decline,1.4142135623730951,0.0,True,2009
2009-11-03,1040.92,1046.36,1033.94,1045.41,5487500000.0,3.4,3.49,3.39,3.47,0.0,76.1,76.82,76.07,76.39,0.0,78.09,79.77,76.55,79.6,373992.0,2.961,2.9895,2.895,2.956,28070.0,1060.4,1088.5,1055.5,1084.9,208684.0,30.62,30.8,28.77,28.81,0.0,35.92,36.48,35.84,36.46,791800.0,-193.4100036621093,-193.4100036621093,-193.4100036621093,-193.4100036621093,0.0,307.5400085449219,307.5400085449219,307.5400085449219,307.5400085449219,0.0,-1.6926679267639022,0.2890173410404761,0.3283425269240858,0.0628535512256389,-1.4338112704234796,4.780761058528116,16.02899718082964,-1.8837459634014952,-20.26960087303073,-1.6438481038948516,-4.184004546037789,3.8922155688622784,1.0850866746063392,0.6448349981034163,0.8185538881309684,2.484413376157213,37.84688995215311,-5.175552665799743,280.653411601319,-7.548470107405548,35.83885276781915,53.08641975308643,62.35294117647082,60.645472061657,58.44057532172596,57.781201848998485,62.87321505841626,35.18518518518519,37.75279964833692,35.14009928204587,-0.9638646616541696,0.0104586466165412,-0.0063458646616542,0.4765939849624064,0.01148984962406,-0.4444360902255677,0.2068120300751874,-0.0632255639097756,-17.838857333821462,-1.1029171133399929,1041.4933333333336,3.426666666666667,76.32666666666667,78.24333333333335,2.952166666666667,1059.7666666666669,29.76,36.173333333333325,-251.61334228515625,303.4100036621094,-4.75000000000004,-0.0100000000000004,0.0169999999999842,-0.3300000000000041,-0.0083000000000003,4.710000000000016,1.2679999999999998,-0.2260000000000017,0.9709960937499889,-2.1029998779297188,-0.004543671860801,0.0714730331395725,-3,-2,0,Orderly Decline,1.7320508075688772,"5d%: -1.69%, MA20: -0.96, RSI: 35.8, VIX: 28.81, ATR: -0.0045, BBW: 0.07, Score: [-3, -2, 0], Dist: 1.73",Orderly Decline,1.7320508075688772,Sharp Decline,2.0,0.2679491924311228,True,2009
2009-11-05,1047.3,1066.65,1047.3,1066.63,4848350000.0,3.52,3.55,3.51,3.53,0.0,75.88,75.98,75.51,75.74,0.0,80.29,80.52,79.34,79.62,257603.0,2.9975,2.9975,2.943,2.957,18766.0,1094.1,1095.2,1084.3,1089.3,111073.0,27.28,27.39,25.41,25.43,0.0,36.74,37.22,36.66,37.22,900000.0,-45.380001068115234,-45.380001068115234,-45.380001068115234,-45.380001068115234,0.0,317.0899963378906,317.0899963378906,317.0899963378906,317.0899963378906,0.0,0.0487754546904417,0.8571428571428452,-0.2370916754478536,-0.3130086390384368,-2.3931341805578543,4.030178588482469,2.70597738287559,0.5130974885228179,-78.22352262535232,1.899223536606676,-2.404589581941785,3.2163742690058506,0.8656279131708411,-1.9337356817341944,-1.367578385590407,2.900056678632157,22.90961817303043,-3.500129634430904,-22.25457958107604,-4.854920397623164,43.89394906306202,56.79012345679012,51.724137931034505,52.869931542917335,57.90219702338767,65.85570469798661,57.98084596967278,42.47311827956986,50.06464882325016,43.43300111431751,-2.1823834586466058,0.0078796992481202,0.0139699248120279,0.3500751879699236,0.0086161654135337,0.1936842105262676,0.3629548872180447,-0.1133834586466168,-17.961022844529694,-1.68821030236725,1052.8466666666666,3.516666666666666,75.92333333333333,79.87333333333335,2.968666666666666,1087.1666666666667,27.320000000000004,36.69333333333333,-131.6300036112467,310.5466715494792,-3.000000000000151,0.0179999999999995,-0.0470000000000098,0.3659999999999919,-0.0072500000000005,12.49000000000004,0.4039999999999979,-0.0720000000000054,21.39299926757818,-0.0779968261719098,-0.0028125966830111,0.073583701149825,-2,0,0,Trend Pullback,1.4142135623730951,"5d%: +0.05%, MA20: -2.18, RSI: 43.9, VIX: 25.43, ATR: -0.0028, BBW: 0.07, Score: [-2, 0, 0], Dist: 1.41",Trend Pullback,1.4142135623730951,Orderly Decline,1.4142135623730951,0.0,True,2009
