Date,Open_NYAD,High_NYAD,Low_NYAD,Close_NYAD,Volume_NYAD,Open_NYMO,High_NYMO,Low_NYMO,Close_NYMO,Volume_NYMO
2005-01-03,182.490005,182.490005,182.490005,182.490005,0.0,,,,,
2005-01-04,175.470001,175.470001,175.470001,175.470001,0.0,,,,,
2005-01-05,169.610001,169.610001,169.610001,169.610001,0.0,,,,,
2005-01-06,171.800003,171.800003,171.800003,171.800003,0.0,,,,,
2005-01-07,169.490005,169.490005,169.490005,169.490005,0.0,,,,,
2005-01-10,173.470001,173.470001,173.470001,173.470001,0.0,,,,,
2005-01-11,169.5,169.5,169.5,169.5,0.0,,,,,
2005-01-12,170.139999,170.139999,170.139999,170.139999,0.0,,,,,
2005-01-13,168.240005,168.240005,168.240005,168.240005,0.0,,,,,
2005-01-14,173.300003,173.300003,173.300003,173.300003,0.0,,,,,
2005-01-18,179.020004,179.020004,179.020004,179.020004,0.0,,,,,
2005-01-19,175.479996,175.479996,175.479996,175.479996,0.0,,,,,
2005-01-20,170.110001,170.110001,170.110001,170.110001,0.0,,,,,
2005-01-21,168.710007,168.710007,168.710007,168.710007,0.0,,,,,
2005-01-24,164.949997,164.949997,164.949997,164.949997,0.0,,,,,
2005-01-25,165.309998,165.309998,165.309998,165.309998,0.0,,,,,
2005-01-26,170.470001,170.470001,170.470001,170.470001,0.0,,,,,
2005-01-27,171.869995,171.869995,171.869995,171.869995,0.0,,,,,
2005-01-28,170.850006,170.850006,170.850006,170.850006,0.0,,,,,
2005-01-31,178.080002,178.080002,178.080002,178.080002,0.0,,,,,
2005-02-01,183.149994,183.149994,183.149994,183.149994,0.0,,,,,
2005-02-02,186.380005,186.380005,186.380005,186.380005,0.0,,,,,
2005-02-03,185.110001,185.110001,185.110001,185.110001,0.0,,,,,
2005-02-04,191.850006,191.850006,191.850006,191.850006,0.0,,,,,
2005-02-07,192.210007,192.210007,192.210007,192.210007,0.0,,,,,
2005-02-08,193.179993,193.179993,193.179993,193.179993,0.0,,,,,
2005-02-09,188.229996,188.229996,188.229996,188.229996,0.0,,,,,
2005-02-10,190.470001,190.470001,190.470001,190.470001,0.0,,,,,
2005-02-11,194.949997,194.949997,194.949997,194.949997,0.0,,,,,
2005-02-14,196.029999,196.029999,196.029999,196.029999,0.0,,,,,
2005-02-15,196.639999,196.639999,196.639999,196.639999,0.0,,,,,
2005-02-16,197.130005,197.130005,197.130005,197.130005,0.0,,,,,
2005-02-17,192.470001,192.470001,192.470001,192.470001,0.0,,,,,
2005-02-18,189.880005,189.880005,189.880005,189.880005,0.0,,,,,
2005-02-22,182.110001,182.110001,182.110001,182.110001,0.0,,,,,
2005-02-23,185.529999,185.529999,185.529999,185.529999,0.0,,,,,
2005-02-24,190.169998,190.169998,190.169998,190.169998,0.0,,,,,
2005-02-25,197.479996,197.479996,197.479996,197.479996,0.0,,,,,
2005-02-28,194.630005,194.630005,194.630005,194.630005,0.0,,,,,
2005-03-01,198.710007,198.710007,198.710007,198.710007,0.0,,,,,
2005-03-02,198.229996,198.229996,198.229996,198.229996,0.0,,,,,
2005-03-03,198.970001,198.970001,198.970001,198.970001,0.0,,,,,
2005-03-04,206.100006,206.100006,206.100006,206.100006,0.0,,,,,
2005-03-07,206.429993,206.429993,206.429993,206.429993,0.0,,,,,
2005-03-08,202.509995,202.509995,202.509995,202.509995,0.0,,,,,
2005-03-09,195.460007,195.460007,195.460007,195.460007,0.0,,,,,
2005-03-10,193.449997,193.449997,193.449997,193.449997,0.0,,,,,
2005-03-11,190.779999,190.779999,190.779999,190.779999,0.0,,,,,
2005-03-14,192.929993,192.929993,192.929993,192.929993,0.0,,,,,
2005-03-15,188.839996,188.839996,188.839996,188.839996,0.0,,,,,
2005-03-16,183.479996,183.479996,183.479996,183.479996,0.0,,,,,
2005-03-17,186.139999,186.139999,186.139999,186.139999,0.0,,,,,
2005-03-18,182.550003,182.550003,182.550003,182.550003,0.0,,,,,
2005-03-21,178.039993,178.039993,178.039993,178.039993,0.0,,,,,
2005-03-22,172.460007,172.460007,172.460007,172.460007,0.0,,,,,
2005-03-23,166.169998,166.169998,166.169998,166.169998,0.0,,,,,
2005-03-24,168.850006,168.850006,168.850006,168.850006,0.0,,,,,
2005-03-28,168.0,168.0,168.0,168.0,0.0,,,,,
2005-03-29,162.270004,162.270004,162.270004,162.270004,0.0,,,,,
2005-03-30,170.039993,170.039993,170.039993,170.039993,0.0,,,,,
2005-03-31,172.889999,172.889999,172.889999,172.889999,0.0,,,,,
2005-04-01,171.270004,171.270004,171.270004,171.270004,0.0,,,,,
2005-04-04,171.690002,171.690002,171.690002,171.690002,0.0,,,,,
2005-04-05,173.789993,173.789993,173.789993,173.789993,0.0,,,,,
2005-04-06,175.970001,175.970001,175.970001,175.970001,0.0,,,,,
2005-04-07,179.240005,179.240005,179.240005,179.240005,0.0,,,,,
2005-04-08,172.690002,172.690002,172.690002,172.690002,0.0,,,,,
2005-04-11,170.940002,170.940002,170.940002,170.940002,0.0,,,,,
2005-04-12,174.910004,174.910004,174.910004,174.910004,0.0,,,,,
2005-04-13,167.679993,167.679993,167.679993,167.679993,0.0,,,,,
2005-04-14,160.389999,160.389999,160.389999,160.389999,0.0,,,,,
2005-04-15,153.259995,153.259995,153.259995,153.259995,0.0,,,,,
2005-04-18,156.059998,156.059998,156.059998,156.059998,0.0,,,,,
2005-04-19,162.740005,162.740005,162.740005,162.740005,0.0,,,,,
2005-04-20,155.0,155.0,155.0,155.0,0.0,,,,,
2005-04-21,161.720001,161.720001,161.720001,161.720001,0.0,,,,,
2005-04-22,158.639999,158.639999,158.639999,158.639999,0.0,,,,,
2005-04-25,164.919998,164.919998,164.919998,164.919998,0.0,,,,,
2005-04-26,159.839996,159.839996,159.839996,159.839996,0.0,,,,,
2005-04-27,160.169998,160.169998,160.169998,160.169998,0.0,,,,,
2005-04-28,153.929993,153.929993,153.929993,153.929993,0.0,,,,,
2005-04-29,158.960007,158.960007,158.960007,158.960007,0.0,,,,,
2005-05-02,162.990005,162.990005,162.990005,162.990005,0.0,,,,,
2005-05-03,162.800003,162.800003,162.800003,162.800003,0.0,,,,,
2005-05-04,170.559998,170.559998,170.559998,170.559998,0.0,,,,,
2005-05-05,170.419998,170.419998,170.419998,170.419998,0.0,,,,,
2005-05-06,170.070007,170.070007,170.070007,170.070007,0.0,,,,,
2005-05-09,174.929993,174.929993,174.929993,174.929993,0.0,,,,,
2005-05-10,169.559998,169.559998,169.559998,169.559998,0.0,,,,,
2005-05-11,170.669998,170.669998,170.669998,170.669998,0.0,,,,,
2005-05-12,163.729996,163.729996,163.729996,163.729996,0.0,,,,,
2005-05-13,158.190002,158.190002,158.190002,158.190002,0.0,,,,,
2005-05-16,164.759995,164.759995,164.759995,164.759995,0.0,,,,,
2005-05-17,168.869995,168.869995,168.869995,168.869995,0.0,,,,,
2005-05-18,176.720001,176.720001,176.720001,176.720001,0.0,,,,,
2005-05-19,179.009995,179.009995,179.009995,179.009995,0.0,,,,,
2005-05-20,176.850006,176.850006,176.850006,176.850006,0.0,,,,,
2005-05-23,180.25,180.25,180.25,180.25,0.0,,,,,
2005-05-24,179.5,179.5,179.5,179.5,0.0,,,,,
2005-05-25,174.070007,174.070007,174.070007,174.070007,0.0,,,,,
2005-05-26,179.570007,179.570007,179.570007,179.570007,0.0,,,,,
2005-05-27,183.639999,183.639999,183.639999,183.639999,0.0,,,,,
2005-05-31,183.550003,183.550003,183.550003,183.550003,0.0,,,,,
2005-06-01,190.119995,190.119995,190.119995,190.119995,0.0,,,,,
2005-06-02,191.600006,191.600006,191.600006,191.600006,0.0,,,,,
2005-06-03,188.75,188.75,188.75,188.75,0.0,,,,,
2005-06-06,191.639999,191.639999,191.639999,191.639999,0.0,,,,,
2005-06-07,193.009995,193.009995,193.009995,193.009995,0.0,,,,,
2005-06-08,190.399994,190.399994,190.399994,190.399994,0.0,,,,,
2005-06-09,192.570007,192.570007,192.570007,192.570007,0.0,,,,,
2005-06-10,192.529999,192.529999,192.529999,192.529999,0.0,,,,,
2005-06-13,194.5,194.5,194.5,194.5,0.0,,,,,
2005-06-14,198.089996,198.089996,198.089996,198.089996,0.0,,,,,
2005-06-15,200.710007,200.710007,200.710007,200.710007,0.0,,,,,
2005-06-16,205.080002,205.080002,205.080002,205.080002,0.0,,,,,
2005-06-17,208.360001,208.360001,208.360001,208.360001,0.0,,,,,
2005-06-20,205.449997,205.449997,205.449997,205.449997,0.0,,,,,
2005-06-21,205.080002,205.080002,205.080002,205.080002,0.0,,,,,
2005-06-22,206.839996,206.839996,206.839996,206.839996,0.0,,,,,
2005-06-23,201.360001,201.360001,201.360001,201.360001,0.0,,,,,
2005-06-24,197.759995,197.759995,197.759995,197.759995,0.0,,,,,
2005-06-27,197.539993,197.539993,197.539993,197.539993,0.0,,,,,
2005-06-28,203.869995,203.869995,203.869995,203.869995,0.0,,,,,
2005-06-29,205.619995,205.619995,205.619995,205.619995,0.0,,,,,
2005-06-30,204.029999,204.029999,204.029999,204.029999,0.0,,,,,
2005-07-01,208.100006,208.100006,208.100006,208.100006,0.0,,,,,
2005-07-05,213.070007,213.070007,213.070007,213.070007,0.0,,,,,
2005-07-06,210.169998,210.169998,210.169998,210.169998,0.0,,,,,
2005-07-07,211.740005,211.740005,211.740005,211.740005,0.0,,,,,
2005-07-08,219.229996,219.229996,219.229996,219.229996,0.0,,,,,
2005-07-11,225.270004,225.270004,225.270004,225.270004,0.0,,,,,
2005-07-12,226.110001,226.110001,226.110001,226.110001,0.0,,,,,
2005-07-13,223.869995,223.869995,223.869995,223.869995,0.0,,,,,
2005-07-14,222.229996,222.229996,222.229996,222.229996,0.0,,,,,
2005-07-15,222.479996,222.479996,222.479996,222.479996,0.0,,,,,
2005-07-18,218.279999,218.279999,218.279999,218.279999,0.0,,,,,
2005-07-19,224.149994,224.149994,224.149994,224.149994,0.0,,,,,
2005-07-20,229.619995,229.619995,229.619995,229.619995,0.0,,,,,
2005-07-21,224.410004,224.410004,224.410004,224.410004,0.0,,,,,
2005-07-22,229.649994,229.649994,229.649994,229.649994,0.0,,,,,
2005-07-25,225.740005,225.740005,225.740005,225.740005,0.0,,,,,
2005-07-26,227.759995,227.759995,227.759995,227.759995,0.0,,,,,
2005-07-27,229.789993,229.789993,229.789993,229.789993,0.0,,,,,
2005-07-28,236.580002,236.580002,236.580002,236.580002,0.0,,,,,
2005-07-29,233.860001,233.860001,233.860001,233.860001,0.0,,,,,
2005-08-01,235.300003,235.300003,235.300003,235.300003,0.0,,,,,
2005-08-02,240.160004,240.160004,240.160004,240.160004,0.0,,,,,
2005-08-03,239.029999,239.029999,239.029999,239.029999,0.0,,,,,
2005-08-04,233.740005,233.740005,233.740005,233.740005,0.0,,,,,
2005-08-05,226.279999,226.279999,226.279999,226.279999,0.0,,,,,
2005-08-08,223.270004,223.270004,223.270004,223.270004,0.0,,,,,
2005-08-09,226.190002,226.190002,226.190002,226.190002,0.0,,,,,
2005-08-10,228.130005,228.130005,228.130005,228.130005,0.0,,,,,
2005-08-11,232.759995,232.759995,232.759995,232.759995,0.0,,,,,
2005-08-12,229.289993,229.289993,229.289993,229.289993,0.0,,,,,
2005-08-15,231.729996,231.729996,231.729996,231.729996,0.0,,,,,
2005-08-16,225.190002,225.190002,225.190002,225.190002,0.0,,,,,
2005-08-17,224.300003,224.300003,224.300003,224.300003,0.0,,,,,
2005-08-18,221.139999,221.139999,221.139999,221.139999,0.0,,,,,
2005-08-19,222.210007,222.210007,222.210007,222.210007,0.0,,,,,
2005-08-22,225.520004,225.520004,225.520004,225.520004,0.0,,,,,
2005-08-23,222.529999,222.529999,222.529999,222.529999,0.0,,,,,
2005-08-24,220.679993,220.679993,220.679993,220.679993,0.0,,,,,
2005-08-25,223.490005,223.490005,223.490005,223.490005,0.0,,,,,
2005-08-26,217.589996,217.589996,217.589996,217.589996,0.0,,,,,
2005-08-29,221.869995,221.869995,221.869995,221.869995,0.0,,,,,
2005-08-30,219.190002,219.190002,219.190002,219.190002,0.0,,,,,
2005-08-31,227.009995,227.009995,227.009995,227.009995,0.0,,,,,
2005-09-01,229.529999,229.529999,229.529999,229.529999,0.0,,,,,
2005-09-02,227.539993,227.539993,227.539993,227.539993,0.0,,,,,
2005-09-06,234.990005,234.990005,234.990005,234.990005,0.0,,,,,
2005-09-07,235.990005,235.990005,235.990005,235.990005,0.0,,,,,
2005-09-08,231.440002,231.440002,231.440002,231.440002,0.0,,,,,
2005-09-09,237.710007,237.710007,237.710007,237.710007,0.0,,,,,
2005-09-12,237.490005,237.490005,237.490005,237.490005,0.0,,,,,
2005-09-13,231.139999,231.139999,231.139999,231.139999,0.0,,,,,
2005-09-14,227.009995,227.009995,227.009995,227.009995,0.0,,,,,
2005-09-15,226.520004,226.520004,226.520004,226.520004,0.0,,,,,
2005-09-16,230.160004,230.160004,230.160004,230.160004,0.0,,,,,
2005-09-19,225.360001,225.360001,225.360001,225.360001,0.0,,,,,
2005-09-20,219.800003,219.800003,219.800003,219.800003,0.0,,,,,
2005-09-21,214.899994,214.899994,214.899994,214.899994,0.0,,,,,
2005-09-22,214.130005,214.130005,214.130005,214.130005,0.0,,,,,
2005-09-23,215.369995,215.369995,215.369995,215.369995,0.0,,,,,
2005-09-26,217.309998,217.309998,217.309998,217.309998,0.0,,,,,
2005-09-27,215.889999,215.889999,215.889999,215.889999,0.0,,,,,
2005-09-28,215.440002,215.440002,215.440002,215.440002,0.0,,,,,
2005-09-29,221.330002,221.330002,221.330002,221.330002,0.0,,,,,
2005-09-30,224.669998,224.669998,224.669998,224.669998,0.0,,,,,
2005-10-03,226.470001,226.470001,226.470001,226.470001,0.0,,,,,
2005-10-04,222.020004,222.020004,222.020004,222.020004,0.0,,,,,
2005-10-05,213.089996,213.089996,213.089996,213.089996,0.0,,,,,
2005-10-06,208.910004,208.910004,208.910004,208.910004,0.0,,,,,
2005-10-07,212.360001,212.360001,212.360001,212.360001,0.0,,,,,
2005-10-10,206.729996,206.729996,206.729996,206.729996,0.0,,,,,
2005-10-11,203.690002,203.690002,203.690002,203.690002,0.0,,,,,
2005-10-12,196.070007,196.070007,196.070007,196.070007,0.0,,,,,
2005-10-13,192.449997,192.449997,192.449997,192.449997,0.0,,,,,
2005-10-14,198.050003,198.050003,198.050003,198.050003,0.0,,,,,
2005-10-17,199.410004,199.410004,199.410004,199.410004,0.0,,,,,
2005-10-18,192.789993,192.789993,192.789993,192.789993,0.0,,,,,
2005-10-19,197.570007,197.570007,197.570007,197.570007,0.0,,,,,
2005-10-20,190.630005,190.630005,190.630005,190.630005,0.0,,,,,
2005-10-21,195.139999,195.139999,195.139999,195.139999,0.0,,,,,
2005-10-24,203.490005,203.490005,203.490005,203.490005,0.0,,,,,
2005-10-25,200.940002,200.940002,200.940002,200.940002,0.0,,,,,
2005-10-26,197.229996,197.229996,197.229996,197.229996,0.0,,,,,
2005-10-27,190.300003,190.300003,190.300003,190.300003,0.0,,,,,
2005-10-28,197.820007,197.820007,197.820007,197.820007,0.0,,,,,
2005-10-31,204.429993,204.429993,204.429993,204.429993,0.0,,,,,
2005-11-01,203.550003,203.550003,203.550003,203.550003,0.0,,,,,
2005-11-02,210.350006,210.350006,210.350006,210.350006,0.0,,,,,
2005-11-03,210.880005,210.880005,210.880005,210.880005,0.0,,,,,
2005-11-04,209.529999,209.529999,209.529999,209.529999,0.0,,,,,
2005-11-07,212.279999,212.279999,212.279999,212.279999,0.0,,,,,
2005-11-08,209.110001,209.110001,209.110001,209.110001,0.0,,,,,
2005-11-09,211.25,211.25,211.25,211.25,0.0,,,,,
2005-11-10,214.210007,214.210007,214.210007,214.210007,0.0,,,,,
2005-11-11,216.410004,216.410004,216.410004,216.410004,0.0,,,,,
2005-11-14,213.389999,213.389999,213.389999,213.389999,0.0,,,,,
2005-11-15,209.169998,209.169998,209.169998,209.169998,0.0,,,,,
2005-11-16,208.869995,208.869995,208.869995,208.869995,0.0,,,,,
2005-11-17,216.039993,216.039993,216.039993,216.039993,0.0,,,,,
2005-11-18,218.610001,218.610001,218.610001,218.610001,0.0,,,,,
2005-11-21,222.300003,222.300003,222.300003,222.300003,0.0,,,,,
2005-11-22,224.589996,224.589996,224.589996,224.589996,0.0,,,,,
2005-11-23,227.289993,227.289993,227.289993,227.289993,0.0,,,,,
2005-11-25,230.25,230.25,230.25,230.25,0.0,,,,,
2005-11-28,224.470001,224.470001,224.470001,224.470001,0.0,,,,,
2005-11-29,226.869995,226.869995,226.869995,226.869995,0.0,,,,,
2005-11-30,225.690002,225.690002,225.690002,225.690002,0.0,,,,,
2005-12-01,233.240005,233.240005,233.240005,233.240005,0.0,,,,,
2005-12-02,233.800003,233.800003,233.800003,233.800003,0.0,,,,,
2005-12-05,230.649994,230.649994,230.649994,230.649994,0.0,,,,,
2005-12-06,231.820007,231.820007,231.820007,231.820007,0.0,,,,,
2005-12-07,227.259995,227.259995,227.259995,227.259995,0.0,,,,,
2005-12-08,228.029999,228.029999,228.029999,228.029999,0.0,,,,,
2005-12-09,230.520004,230.520004,230.520004,230.520004,0.0,,,,,
2005-12-12,231.289993,231.289993,231.289993,231.289993,0.0,,,,,
2005-12-13,232.639999,232.639999,232.639999,232.639999,0.0,,,,,
2005-12-14,235.619995,235.619995,235.619995,235.619995,0.0,,,,,
2005-12-15,231.470001,231.470001,231.470001,231.470001,0.0,,,,,
2005-12-16,230.460007,230.460007,230.460007,230.460007,0.0,,,,,
2005-12-19,224.229996,224.229996,224.229996,224.229996,0.0,,,,,
2005-12-20,224.520004,224.520004,224.520004,224.520004,0.0,,,,,
2005-12-21,228.210007,228.210007,228.210007,228.210007,0.0,,,,,
2005-12-22,231.259995,231.259995,231.259995,231.259995,0.0,,,,,
2005-12-23,234.470001,234.470001,234.470001,234.470001,0.0,,,,,
2005-12-27,228.160004,228.160004,228.160004,228.160004,0.0,,,,,
2005-12-28,231.449997,231.449997,231.449997,231.449997,0.0,,,,,
2005-12-29,230.990005,230.990005,230.990005,230.990005,0.0,,,,,
2005-12-30,227.020004,227.020004,227.020004,227.020004,0.0,,,,,
2006-01-03,234.110001,234.110001,234.110001,234.110001,0.0,,,,,
2006-01-04,239.399994,239.399994,239.399994,239.399994,0.0,,,,,
2006-01-05,239.940002,239.940002,239.940002,239.940002,0.0,,,,,
2006-01-06,246.229996,246.229996,246.229996,246.229996,0.0,,,,,
2006-01-09,250.529999,250.529999,250.529999,250.529999,0.0,,,,,
2006-01-10,251.600006,251.600006,251.600006,251.600006,0.0,,,,,
2006-01-11,251.479996,251.479996,251.479996,251.479996,0.0,,,,,
2006-01-12,246.860001,246.860001,246.860001,246.860001,0.0,,,,,
2006-01-13,247.889999,247.889999,247.889999,247.889999,0.0,,,,,
2006-01-17,243.839996,243.839996,243.839996,243.839996,0.0,,,,,
2006-01-18,241.949997,241.949997,241.949997,241.949997,0.0,,,,,
2006-01-19,247.479996,247.479996,247.479996,247.479996,0.0,,,,,
2006-01-20,240.509995,240.509995,240.509995,240.509995,0.0,,,,,
2006-01-23,243.910004,243.910004,243.910004,243.910004,0.0,,,,,
2006-01-24,249.149994,249.149994,249.149994,249.149994,0.0,,,,,
2006-01-25,248.190002,248.190002,248.190002,248.190002,0.0,,,,,
2006-01-26,252.75,252.75,252.75,252.75,0.0,,,,,
2006-01-27,256.149994,256.149994,256.149994,256.149994,0.0,,,,,
2006-01-30,255.279999,255.279999,255.279999,255.279999,0.0,,,,,
2006-01-31,256.119995,256.119995,256.119995,256.119995,0.0,,,,,
2006-02-01,256.98999,256.98999,256.98999,256.98999,0.0,,,,,
2006-02-02,250.919998,250.919998,250.919998,250.919998,0.0,,,,,
2006-02-03,247.570007,247.570007,247.570007,247.570007,0.0,,,,,
2006-02-06,249.919998,249.919998,249.919998,249.919998,0.0,,,,,
2006-02-07,243.789993,243.789993,243.789993,243.789993,0.0,,,,,
2006-02-08,246.360001,246.360001,246.360001,246.360001,0.0,,,,,
2006-02-09,246.740005,246.740005,246.740005,246.740005,0.0,,,,,
2006-02-10,247.570007,247.570007,247.570007,247.570007,0.0,,,,,
2006-02-13,243.270004,243.270004,243.270004,243.270004,0.0,,,,,
2006-02-14,248.589996,248.589996,248.589996,248.589996,0.0,,,,,
2006-02-15,251.740005,251.740005,251.740005,251.740005,0.0,,,,,
2006-02-16,257.140015,257.140015,257.140015,257.140015,0.0,,,,,
2006-02-17,258.279999,258.279999,258.279999,258.279999,0.0,,,,,
2006-02-21,257.170013,257.170013,257.170013,257.170013,0.0,,,,,
2006-02-22,262.730011,262.730011,262.730011,262.730011,0.0,,,,,
2006-02-23,260.369995,260.369995,260.369995,260.369995,0.0,,,,,
2006-02-24,263.109985,263.109985,263.109985,263.109985,0.0,,,,,
2006-02-27,265.329987,265.329987,265.329987,265.329987,0.0,,,,,
2006-02-28,259.209991,259.209991,259.209991,259.209991,0.0,,,,,
2006-03-01,264.899994,264.899994,264.899994,264.899994,0.0,,,,,
2006-03-02,263.25,263.25,263.25,263.25,0.0,,,,,
2006-03-03,260.339996,260.339996,260.339996,260.339996,0.0,,,,,
2006-03-06,254.589996,254.589996,254.589996,254.589996,0.0,,,,,
2006-03-07,249.009995,249.009995,249.009995,249.009995,0.0,,,,,
2006-03-08,248.860001,248.860001,248.860001,248.860001,0.0,,,,,
2006-03-09,247.360001,247.360001,247.360001,247.360001,0.0,,,,,
2006-03-10,254.240005,254.240005,254.240005,254.240005,0.0,,,,,
2006-03-13,255.600006,255.600006,255.600006,255.600006,0.0,,,,,
2006-03-14,262.269989,262.269989,262.269989,262.269989,0.0,,,,,
2006-03-15,266.309998,266.309998,266.309998,266.309998,0.0,,,,,
2006-03-16,269.630005,269.630005,269.630005,269.630005,0.0,,,,,
2006-03-17,271.51001,271.51001,271.51001,271.51001,0.0,,,,,
2006-03-20,270.470001,270.470001,270.470001,270.470001,0.0,,,,,
2006-03-21,264.089996,264.089996,264.089996,264.089996,0.0,,,,,
2006-03-22,269.140015,269.140015,269.140015,269.140015,0.0,,,,,
2006-03-23,268.950012,268.950012,268.950012,268.950012,0.0,,,,,
2006-03-24,271.799988,271.799988,271.799988,271.799988,0.0,,,,,
2006-03-27,269.799988,269.799988,269.799988,269.799988,0.0,,,,,
2006-03-28,265.769989,265.769989,265.769989,265.769989,0.0,,,,,
2006-03-29,272.869995,272.869995,272.869995,272.869995,0.0,,,,,
2006-03-30,270.850006,270.850006,270.850006,270.850006,0.0,,,,,
2006-03-31,271.519989,271.519989,271.519989,271.519989,0.0,,,,,
2006-04-03,272.029999,272.029999,272.029999,272.029999,0.0,,,,,
2006-04-04,275.339996,275.339996,275.339996,275.339996,0.0,,,,,
2006-04-05,278.730011,278.730011,278.730011,278.730011,0.0,,,,,
2006-04-06,276.880005,276.880005,276.880005,276.880005,0.0,,,,,
2006-04-07,268.779999,268.779999,268.779999,268.779999,0.0,,,,,
2006-04-10,267.070007,267.070007,267.070007,267.070007,0.0,,,,,
2006-04-11,259.5,259.5,259.5,259.5,0.0,,,,,
2006-04-12,260.359985,260.359985,260.359985,260.359985,0.0,,,,,
2006-04-13,259.700012,259.700012,259.700012,259.700012,0.0,,,,,
2006-04-17,258.450012,258.450012,258.450012,258.450012,0.0,,,,,
2006-04-18,267.109985,267.109985,267.109985,267.109985,0.0,,,,,
2006-04-19,270.640015,270.640015,270.640015,270.640015,0.0,,,,,
2006-04-20,269.700012,269.700012,269.700012,269.700012,0.0,,,,,
2006-04-21,270.640015,270.640015,270.640015,270.640015,0.0,,,,,
2006-04-24,267.660004,267.660004,267.660004,267.660004,0.0,,,,,
2006-04-25,264.720001,264.720001,264.720001,264.720001,0.0,,,,,
2006-04-26,267.01001,267.01001,267.01001,267.01001,0.0,,,,,
2006-04-27,267.640015,267.640015,267.640015,267.640015,0.0,,,,,
2006-04-28,269.579987,269.579987,269.579987,269.579987,0.0,,,,,
2006-05-01,268.220001,268.220001,268.220001,268.220001,0.0,,,,,
2006-05-02,271.690002,271.690002,271.690002,271.690002,0.0,,,,,
2006-05-03,269.559998,269.559998,269.559998,269.559998,0.0,,,,,
2006-05-04,273.529999,273.529999,273.529999,273.529999,0.0,,,,,
2006-05-05,279.609985,279.609985,279.609985,279.609985,0.0,,,,,
2006-05-08,279.179993,279.179993,279.179993,279.179993,0.0,,,,,
2006-05-09,278.559998,278.559998,278.559998,278.559998,0.0,,,,,
2006-05-10,276.829987,276.829987,276.829987,276.829987,0.0,,,,,
2006-05-11,267.779999,267.779999,267.779999,267.779999,0.0,,,,,
2006-05-12,259.670013,259.670013,259.670013,259.670013,0.0,,,,,
2006-05-15,258.049988,258.049988,258.049988,258.049988,0.0,,,,,
2006-05-16,258.109985,258.109985,258.109985,258.109985,0.0,,,,,
2006-05-17,248.919998,248.919998,248.919998,248.919998,0.0,,,,,
2006-05-18,245.119995,245.119995,245.119995,245.119995,0.0,,,,,
2006-05-19,247.039993,247.039993,247.039993,247.039993,0.0,,,,,
2006-05-22,242.100006,242.100006,242.100006,242.100006,0.0,,,,,
2006-05-23,240.580002,240.580002,240.580002,240.580002,0.0,,,,,
2006-05-24,238.270004,238.270004,238.270004,238.270004,0.0,,,,,
2006-05-25,245.770004,245.770004,245.770004,245.770004,0.0,,,,,
2006-05-26,250.919998,250.919998,250.919998,250.919998,0.0,,,,,
2006-05-30,242.75,242.75,242.75,242.75,0.0,,,,,
2006-05-31,249.410004,249.410004,249.410004,249.410004,0.0,,,,,
2006-06-01,257.519989,257.519989,257.519989,257.519989,0.0,,,,,
2006-06-02,261.269989,261.269989,261.269989,261.269989,0.0,,,,,
2006-06-05,252.020004,252.020004,252.020004,252.020004,0.0,,,,,
2006-06-06,248.210007,248.210007,248.210007,248.210007,0.0,,,,,
2006-06-07,245.169998,245.169998,245.169998,245.169998,0.0,,,,,
2006-06-08,242.669998,242.669998,242.669998,242.669998,0.0,,,,,
2006-06-09,241.119995,241.119995,241.119995,241.119995,0.0,,,,,
2006-06-12,232.529999,232.529999,232.529999,232.529999,0.0,,,,,
2006-06-13,224.279999,224.279999,224.279999,224.279999,0.0,,,,,
2006-06-14,225.389999,225.389999,225.389999,225.389999,0.0,,,,,
2006-06-15,234.789993,234.789993,234.789993,234.789993,0.0,,,,,
2006-06-16,230.589996,230.589996,230.589996,230.589996,0.0,,,,,
2006-06-19,223.910004,223.910004,223.910004,223.910004,0.0,,,,,
2006-06-20,222.490005,222.490005,222.490005,222.490005,0.0,,,,,
2006-06-21,229.610001,229.610001,229.610001,229.610001,0.0,,,,,
2006-06-22,225.309998,225.309998,225.309998,225.309998,0.0,,,,,
2006-06-23,225.539993,225.539993,225.539993,225.539993,0.0,,,,,
2006-06-26,229.580002,229.580002,229.580002,229.580002,0.0,,,,,
2006-06-27,222.600006,222.600006,222.600006,222.600006,0.0,,,,,
2006-06-28,225.199997,225.199997,225.199997,225.199997,0.0,,,,,
2006-06-29,234.800003,234.800003,234.800003,234.800003,0.0,,,,,
2006-06-30,238.690002,238.690002,238.690002,238.690002,0.0,,,,,
2006-07-03,244.380005,244.380005,244.380005,244.380005,0.0,,,,,
2006-07-05,238.229996,238.229996,238.229996,238.229996,0.0,,,,,
2006-07-06,241.410004,241.410004,241.410004,241.410004,0.0,,,,,
2006-07-07,236.410004,236.410004,236.410004,236.410004,0.0,,,,,
2006-07-10,238.759995,238.759995,238.759995,238.759995,0.0,,,,,
2006-07-11,241.289993,241.289993,241.289993,241.289993,0.0,,,,,
2006-07-12,234.740005,234.740005,234.740005,234.740005,0.0,,,,,
2006-07-13,226.330002,226.330002,226.330002,226.330002,0.0,,,,,
2006-07-14,221.389999,221.389999,221.389999,221.389999,0.0,,,,,
2006-07-17,218.860001,218.860001,218.860001,218.860001,0.0,,,,,
2006-07-18,220.419998,220.419998,220.419998,220.419998,0.0,,,,,
2006-07-19,230.330002,230.330002,230.330002,230.330002,0.0,,,,,
2006-07-20,224.139999,224.139999,224.139999,224.139999,0.0,,,,,
2006-07-21,218.990005,218.990005,218.990005,218.990005,0.0,,,,,
2006-07-24,228.710007,228.710007,228.710007,228.710007,0.0,,,,,
2006-07-25,233.220001,233.220001,233.220001,233.220001,0.0,,,,,
2006-07-26,233.589996,233.589996,233.589996,233.589996,0.0,,,,,
2006-07-27,230.449997,230.449997,230.449997,230.449997,0.0,,,,,
2006-07-28,238.369995,238.369995,238.369995,238.369995,0.0,,,,,
2006-07-31,237.789993,237.789993,237.789993,237.789993,0.0,,,,,
2006-08-01,234.169998,234.169998,234.169998,234.169998,0.0,,,,,
2006-08-02,238.899994,238.899994,238.899994,238.899994,0.0,,,,,
2006-08-03,241.779999,241.779999,241.779999,241.779999,0.0,,,,,
2006-08-04,242.479996,242.479996,242.479996,242.479996,0.0,,,,,
2006-08-07,238.449997,238.449997,238.449997,238.449997,0.0,,,,,
2006-08-08,235.020004,235.020004,235.020004,235.020004,0.0,,,,,
2006-08-09,231.389999,231.389999,231.389999,231.389999,0.0,,,,,
2006-08-10,234.600006,234.600006,234.600006,234.600006,0.0,,,,,
2006-08-11,229.580002,229.580002,229.580002,229.580002,0.0,,,,,
2006-08-14,230.679993,230.679993,230.679993,230.679993,0.0,,,,,
2006-08-15,240.309998,240.309998,240.309998,240.309998,0.0,,,,,
2006-08-16,246.800003,246.800003,246.800003,246.800003,0.0,,,,,
2006-08-17,247.850006,247.850006,247.850006,247.850006,0.0,,,,,
2006-08-18,249.169998,249.169998,249.169998,249.169998,0.0,,,,,
2006-08-21,246.149994,246.149994,246.149994,246.149994,0.0,,,,,
2006-08-22,248.160004,248.160004,248.160004,248.160004,0.0,,,,,
2006-08-23,242.130005,242.130005,242.130005,242.130005,0.0,,,,,
2006-08-24,242.449997,242.449997,242.449997,242.449997,0.0,,,,,
2006-08-25,242.190002,242.190002,242.190002,242.190002,0.0,,,,,
2006-08-28,248.289993,248.289993,248.289993,248.289993,0.0,,,,,
2006-08-29,252.440002,252.440002,252.440002,252.440002,0.0,,,,,
2006-08-30,254.869995,254.869995,254.869995,254.869995,0.0,,,,,
2006-08-31,257.339996,257.339996,257.339996,257.339996,0.0,,,,,
2006-09-01,261.899994,261.899994,261.899994,261.899994,0.0,,,,,
2006-09-05,263.940002,263.940002,263.940002,263.940002,0.0,,,,,
2006-09-06,255.070007,255.070007,255.070007,255.070007,0.0,,,,,
2006-09-07,249.910004,249.910004,249.910004,249.910004,0.0,,,,,
2006-09-08,253.229996,253.229996,253.229996,253.229996,0.0,,,,,
2006-09-11,251.860001,251.860001,251.860001,251.860001,0.0,,,,,
2006-09-12,259.420013,259.420013,259.420013,259.420013,0.0,,,,,
2006-09-13,263.100006,263.100006,263.100006,263.100006,0.0,,,,,
2006-09-14,260.48999,260.48999,260.48999,260.48999,0.0,,,,,
2006-09-15,263.019989,263.019989,263.019989,263.019989,0.0,,,,,
2006-09-18,262.220001,262.220001,262.220001,262.220001,0.0,,,,,
2006-09-19,259.660004,259.660004,259.660004,259.660004,0.0,,,,,
2006-09-20,264.040009,264.040009,264.040009,264.040009,0.0,,,,,
2006-09-21,260.230011,260.230011,260.230011,260.230011,0.0,,,,,
2006-09-22,256.200012,256.200012,256.200012,256.200012,0.0,,,,,
2006-09-25,261.540009,261.540009,261.540009,261.540009,0.0,,,,,
2006-09-26,265.829987,265.829987,265.829987,265.829987,0.0,,,,,
2006-09-27,268.720001,268.720001,268.720001,268.720001,0.0,,,,,
2006-09-28,269.26001,269.26001,269.26001,269.26001,0.0,,,,,
2006-09-29,265.709991,265.709991,265.709991,265.709991,0.0,,,,,
2006-10-02,264.029999,264.029999,264.029999,264.029999,0.0,,,,,
2006-10-03,263.790009,263.790009,263.790009,263.790009,0.0,,,,,
2006-10-04,271.670013,271.670013,271.670013,271.670013,0.0,,,,,
2006-10-05,276.839996,276.839996,276.839996,276.839996,0.0,,,,,
2006-10-06,272.820007,272.820007,272.820007,272.820007,0.0,,,,,
2006-10-09,276.26001,276.26001,276.26001,276.26001,0.0,,,,,
2006-10-10,277.730011,277.730011,277.730011,277.730011,0.0,,,,,
2006-10-11,273.709991,273.709991,273.709991,273.709991,0.0,,,,,
2006-10-12,281.399994,281.399994,281.399994,281.399994,0.0,,,,,
2006-10-13,283.640015,283.640015,283.640015,283.640015,0.0,,,,,
2006-10-16,288.910004,288.910004,288.910004,288.910004,0.0,,,,,
2006-10-17,284.769989,284.769989,284.769989,284.769989,0.0,,,,,
2006-10-18,285.600006,285.600006,285.600006,285.600006,0.0,,,,,
2006-10-19,288.149994,288.149994,288.149994,288.149994,0.0,,,,,
2006-10-20,285.839996,285.839996,285.839996,285.839996,0.0,,,,,
2006-10-23,288.920013,288.920013,288.920013,288.920013,0.0,,,,,
2006-10-24,290.320007,290.320007,290.320007,290.320007,0.0,,,,,
2006-10-25,294.519989,294.519989,294.519989,294.519989,0.0,,,,,
2006-10-26,299.910004,299.910004,299.910004,299.910004,0.0,,,,,
2006-10-27,294.109985,294.109985,294.109985,294.109985,0.0,,,,,
2006-10-30,295.519989,295.519989,295.519989,295.519989,0.0,,,,,
2006-10-31,295.429993,295.429993,295.429993,295.429993,0.0,,,,,
2006-11-01,289.850006,289.850006,289.850006,289.850006,0.0,,,,,
2006-11-02,287.809998,287.809998,287.809998,287.809998,0.0,,,,,
2006-11-03,286.730011,286.730011,286.730011,286.730011,0.0,,,,,
2006-11-06,294.549988,294.549988,294.549988,294.549988,0.0,,,,,
2006-11-07,295.730011,295.730011,295.730011,295.730011,0.0,,,,,
2006-11-08,299.399994,299.399994,299.399994,299.399994,0.0,,,,,
2006-11-09,296.029999,296.029999,296.029999,296.029999,0.0,,,,,
2006-11-10,300.329987,300.329987,300.329987,300.329987,0.0,,,,,
2006-11-13,301.559998,301.559998,301.559998,301.559998,0.0,,,,,
2006-11-14,308.049988,308.049988,308.049988,308.049988,0.0,,,,,
2006-11-15,311.809998,311.809998,311.809998,311.809998,0.0,,,,,
2006-11-16,312.880005,312.880005,312.880005,312.880005,0.0,,,,,
2006-11-17,311.070007,311.070007,311.070007,311.070007,0.0,,,,,
2006-11-20,310.779999,310.779999,310.779999,310.779999,0.0,,,,,
2006-11-21,313.269989,313.269989,313.269989,313.269989,0.0,,,,,
2006-11-22,315.850006,315.850006,315.850006,315.850006,0.0,,,,,
2006-11-24,316.130005,316.130005,316.130005,316.130005,0.0,,,,,
2006-11-27,307.100006,307.100006,307.100006,307.100006,0.0,,,,,
2006-11-28,310.279999,310.279999,310.279999,310.279999,0.0,,,,,
2006-11-29,317.940002,317.940002,317.940002,317.940002,0.0,,,,,
2006-11-30,321.470001,321.470001,321.470001,321.470001,0.0,,,,,
2006-12-01,319.079987,319.079987,319.079987,319.079987,0.0,,,,,
2006-12-04,326.839996,326.839996,326.839996,326.839996,0.0,,,,,
2006-12-05,330.570007,330.570007,330.570007,330.570007,0.0,,,,,
2006-12-06,329.149994,329.149994,329.149994,329.149994,0.0,,,,,
2006-12-07,325.649994,325.649994,325.649994,325.649994,0.0,,,,,
2006-12-08,325.549988,325.549988,325.549988,325.549988,0.0,,,,,
2006-12-11,326.929993,326.929993,326.929993,326.929993,0.0,,,,,
2006-12-12,324.73999,324.73999,324.73999,324.73999,0.0,,,,,
2006-12-13,324.730011,324.730011,324.730011,324.730011,0.0,,,,,
2006-12-14,329.019989,329.019989,329.019989,329.019989,0.0,,,,,
2006-12-15,328.079987,328.079987,328.079987,328.079987,0.0,,,,,
2006-12-18,323.529999,323.529999,323.529999,323.529999,0.0,,,,,
2006-12-19,324.049988,324.049988,324.049988,324.049988,0.0,,,,,
2006-12-20,325.0,325.0,325.0,325.0,0.0,,,,,
2006-12-21,322.160004,322.160004,322.160004,322.160004,0.0,,,,,
2006-12-22,318.609985,318.609985,318.609985,318.609985,0.0,,,,,
2006-12-26,324.619995,324.619995,324.619995,324.619995,0.0,,,,,
2006-12-27,332.209991,332.209991,332.209991,332.209991,0.0,,,,,
2006-12-28,329.649994,329.649994,329.649994,329.649994,0.0,,,,,
2006-12-29,325.5,325.5,325.5,325.5,0.0,,,,,
2007-01-03,325.899994,325.899994,325.899994,325.899994,0.0,,,,,
2007-01-04,324.920013,324.920013,324.920013,324.920013,0.0,,,,,
2007-01-05,317.160004,317.160004,317.160004,317.160004,0.0,,,,,
2007-01-08,319.059998,319.059998,319.059998,319.059998,0.0,,,,,
2007-01-09,320.410004,320.410004,320.410004,320.410004,0.0,,,,,
2007-01-10,319.769989,319.769989,319.769989,319.769989,0.0,,,,,
2007-01-11,325.899994,325.899994,325.899994,325.899994,0.0,,,,,
2007-01-12,330.200012,330.200012,330.200012,330.200012,0.0,,,,,
2007-01-16,330.109985,330.109985,330.109985,330.109985,0.0,,,,,
2007-01-17,330.850006,330.850006,330.850006,330.850006,0.0,,,,,
2007-01-18,326.869995,326.869995,326.869995,326.869995,0.0,,,,,
2007-01-19,332.049988,332.049988,332.049988,332.049988,0.0,,,,,
2007-01-22,327.339996,327.339996,327.339996,327.339996,0.0,,,,,
2007-01-23,332.730011,332.730011,332.730011,332.730011,0.0,,,,,
2007-01-24,338.670013,338.670013,338.670013,338.670013,0.0,,,,,
2007-01-25,331.429993,331.429993,331.429993,331.429993,0.0,,,,,
2007-01-26,333.859985,333.859985,333.859985,333.859985,0.0,,,,,
2007-01-29,335.299988,335.299988,335.299988,335.299988,0.0,,,,,
2007-01-30,340.420013,340.420013,340.420013,340.420013,0.0,,,,,
2007-01-31,344.920013,344.920013,344.920013,344.920013,0.0,,,,,
2007-02-01,351.950012,351.950012,351.950012,351.950012,0.0,,,,,
2007-02-02,353.579987,353.579987,353.579987,353.579987,0.0,,,,,
2007-02-05,352.26001,352.26001,352.26001,352.26001,0.0,,,,,
2007-02-06,355.98999,355.98999,355.98999,355.98999,0.0,,,,,
2007-02-07,357.649994,357.649994,357.649994,357.649994,0.0,,,,,
2007-02-08,356.399994,356.399994,356.399994,356.399994,0.0,,,,,
2007-02-09,350.269989,350.269989,350.269989,350.269989,0.0,,,,,
2007-02-12,348.130005,348.130005,348.130005,348.130005,0.0,,,,,
2007-02-13,354.200012,354.200012,354.200012,354.200012,0.0,,,,,
2007-02-14,358.459991,358.459991,358.459991,358.459991,0.0,,,,,
2007-02-15,360.559998,360.559998,360.559998,360.559998,0.0,,,,,
2007-02-16,360.519989,360.519989,360.519989,360.519989,0.0,,,,,
2007-02-20,364.01001,364.01001,364.01001,364.01001,0.0,,,,,
2007-02-21,362.660004,362.660004,362.660004,362.660004,0.0,,,,,
2007-02-22,361.76001,361.76001,361.76001,361.76001,0.0,,,,,
2007-02-23,360.51001,360.51001,360.51001,360.51001,0.0,,,,,
2007-02-26,359.679993,359.679993,359.679993,359.679993,0.0,,,,,
2007-02-27,348.649994,348.649994,348.649994,348.649994,0.0,,,,,
2007-02-28,352.119995,352.119995,352.119995,352.119995,0.0,,,,,
2007-03-01,348.75,348.75,348.75,348.75,0.0,,,,,
2007-03-02,340.619995,340.619995,340.619995,340.619995,0.0,,,,,
2007-03-05,330.799988,330.799988,330.799988,330.799988,0.0,,,,,
2007-03-06,340.709991,340.709991,340.709991,340.709991,0.0,,,,,
2007-03-07,340.059998,340.059998,340.059998,340.059998,0.0,,,,,
2007-03-08,347.049988,347.049988,347.049988,347.049988,0.0,,,,,
2007-03-09,349.98999,349.98999,349.98999,349.98999,0.0,,,,,
2007-03-12,353.929993,353.929993,353.929993,353.929993,0.0,,,,,
2007-03-13,343.070007,343.070007,343.070007,343.070007,0.0,,,,,
2007-03-14,346.26001,346.26001,346.26001,346.26001,0.0,,,,,
2007-03-15,351.769989,351.769989,351.769989,351.769989,0.0,,,,,
2007-03-16,347.200012,347.200012,347.200012,347.200012,0.0,,,,,
2007-03-19,355.380005,355.380005,355.380005,355.380005,0.0,,,,,
2007-03-20,362.350006,362.350006,362.350006,362.350006,0.0,,,,,
2007-03-21,371.179993,371.179993,371.179993,371.179993,0.0,,,,,
2007-03-22,371.470001,371.470001,371.470001,371.470001,0.0,,,,,
2007-03-23,373.75,373.75,373.75,373.75,0.0,,,,,
2007-03-26,373.01001,373.01001,373.01001,373.01001,0.0,,,,,
2007-03-27,366.609985,366.609985,366.609985,366.609985,0.0,,,,,
2007-03-28,361.5,361.5,361.5,361.5,0.0,,,,,
2007-03-29,364.839996,364.839996,364.839996,364.839996,0.0,,,,,
2007-03-30,365.690002,365.690002,365.690002,365.690002,0.0,,,,,
2007-04-02,369.440002,369.440002,369.440002,369.440002,0.0,,,,,
2007-04-03,376.390015,376.390015,376.390015,376.390015,0.0,,,,,
2007-04-04,377.029999,377.029999,377.029999,377.029999,0.0,,,,,
2007-04-05,379.190002,379.190002,379.190002,379.190002,0.0,,,,,
2007-04-09,379.48999,379.48999,379.48999,379.48999,0.0,,,,,
2007-04-10,382.059998,382.059998,382.059998,382.059998,0.0,,,,,
2007-04-11,376.059998,376.059998,376.059998,376.059998,0.0,,,,,
2007-04-12,380.140015,380.140015,380.140015,380.140015,0.0,,,,,
2007-04-13,383.26001,383.26001,383.26001,383.26001,0.0,,,,,
2007-04-16,390.519989,390.519989,390.519989,390.519989,0.0,,,,,
2007-04-17,390.049988,390.049988,390.049988,390.049988,0.0,,,,,
2007-04-18,387.73999,387.73999,387.73999,387.73999,0.0,,,,,
2007-04-19,383.850006,383.850006,383.850006,383.850006,0.0,,,,,
2007-04-20,391.559998,391.559998,391.559998,391.559998,0.0,,,,,
2007-04-23,391.320007,391.320007,391.320007,391.320007,0.0,,,,,
2007-04-24,389.589996,389.589996,389.589996,389.589996,0.0,,,,,
2007-04-25,395.429993,395.429993,395.429993,395.429993,0.0,,,,,
2007-04-26,393.519989,393.519989,393.519989,393.519989,0.0,,,,,
2007-04-27,391.720001,391.720001,391.720001,391.720001,0.0,,,,,
2007-04-30,384.450012,384.450012,384.450012,384.450012,0.0,,,,,
2007-05-01,386.079987,386.079987,386.079987,386.079987,0.0,,,,,
2007-05-02,393.559998,393.559998,393.559998,393.559998,0.0,,,,,
2007-05-03,395.630005,395.630005,395.630005,395.630005,0.0,,,,,
2007-05-04,397.559998,397.559998,397.559998,397.559998,0.0,,,,,
2007-05-07,398.73999,398.73999,398.73999,398.73999,0.0,,,,,
2007-05-08,395.940002,395.940002,395.940002,395.940002,0.0,,,,,
2007-05-09,399.730011,399.730011,399.730011,399.730011,0.0,,,,,
2007-05-10,390.970001,390.970001,390.970001,390.970001,0.0,,,,,
2007-05-11,397.570007,397.570007,397.570007,397.570007,0.0,,,,,
2007-05-14,393.109985,393.109985,393.109985,393.109985,0.0,,,,,
2007-05-15,389.540009,389.540009,389.540009,389.540009,0.0,,,,,
2007-05-16,393.290009,393.290009,393.290009,393.290009,0.0,,,,,
2007-05-17,390.309998,390.309998,390.309998,390.309998,0.0,,,,,
2007-05-18,394.380005,394.380005,394.380005,394.380005,0.0,,,,,
2007-05-21,397.75,397.75,397.75,397.75,0.0,,,,,
2007-05-22,398.149994,398.149994,398.149994,398.149994,0.0,,,,,
2007-05-23,395.109985,395.109985,395.109985,395.109985,0.0,,,,,
2007-05-24,385.98999,385.98999,385.98999,385.98999,0.0,,,,,
2007-05-25,392.040009,392.040009,392.040009,392.040009,0.0,,,,,
2007-05-29,396.690002,396.690002,396.690002,396.690002,0.0,,,,,
2007-05-30,402.399994,402.399994,402.399994,402.399994,0.0,,,,,
2007-05-31,404.549988,404.549988,404.549988,404.549988,0.0,,,,,
2007-06-01,409.570007,409.570007,409.570007,409.570007,0.0,,,,,
2007-06-04,411.320007,411.320007,411.320007,411.320007,0.0,,,,,
2007-06-05,404.799988,404.799988,404.799988,404.799988,0.0,,,,,
2007-06-06,395.980011,395.980011,395.980011,395.980011,0.0,,,,,
2007-06-07,384.929993,384.929993,384.929993,384.929993,0.0,,,,,
2007-06-08,391.769989,391.769989,391.769989,391.769989,0.0,,,,,
2007-06-11,391.880005,391.880005,391.880005,391.880005,0.0,,,,,
2007-06-12,382.130005,382.130005,382.130005,382.130005,0.0,,,,,
2007-06-13,390.519989,390.519989,390.519989,390.519989,0.0,,,,,
2007-06-14,393.950012,393.950012,393.950012,393.950012,0.0,,,,,
2007-06-15,401.540009,401.540009,401.540009,401.540009,0.0,,,,,
2007-06-18,399.890015,399.890015,399.890015,399.890015,0.0,,,,,
2007-06-19,402.179993,402.179993,402.179993,402.179993,0.0,,,,,
2007-06-20,394.040009,394.040009,394.040009,394.040009,0.0,,,,,
2007-06-21,396.130005,396.130005,396.130005,396.130005,0.0,,,,,
2007-06-22,389.559998,389.559998,389.559998,389.559998,0.0,,,,,
2007-06-25,384.269989,384.269989,384.269989,384.269989,0.0,,,,,
2007-06-26,380.529999,380.529999,380.529999,380.529999,0.0,,,,,
2007-06-27,387.549988,387.549988,387.549988,387.549988,0.0,,,,,
2007-06-28,389.26001,389.26001,389.26001,389.26001,0.0,,,,,
2007-06-29,388.820007,388.820007,388.820007,388.820007,0.0,,,,,
2007-07-02,397.769989,397.769989,397.769989,397.769989,0.0,,,,,
2007-07-03,401.299988,401.299988,401.299988,401.299988,0.0,,,,,
2007-07-05,400.320007,400.320007,400.320007,400.320007,0.0,,,,,
2007-07-06,403.5,403.5,403.5,403.5,0.0,,,,,
2007-07-09,403.850006,403.850006,403.850006,403.850006,0.0,,,,,
2007-07-10,394.859985,394.859985,394.859985,394.859985,0.0,,,,,
2007-07-11,397.579987,397.579987,397.579987,397.579987,0.0,,,,,
2007-07-12,405.450012,405.450012,405.450012,405.450012,0.0,,,,,
2007-07-13,406.619995,406.619995,406.619995,406.619995,0.0,,,,,
2007-07-16,401.339996,401.339996,401.339996,401.339996,0.0,,,,,
2007-07-17,398.670013,398.670013,398.670013,398.670013,0.0,,,,,
2007-07-18,394.959991,394.959991,394.959991,394.959991,0.0,,,,,
2007-07-19,399.279999,399.279999,399.279999,399.279999,0.0,,,,,
2007-07-20,390.790009,390.790009,390.790009,390.790009,0.0,,,,,
2007-07-23,390.980011,390.980011,390.980011,390.980011,0.0,,,,,
2007-07-24,380.380005,380.380005,380.380005,380.380005,0.0,,,,,
2007-07-25,378.910004,378.910004,378.910004,378.910004,0.0,,,,,
2007-07-26,368.040009,368.040009,368.040009,368.040009,0.0,,,,,
2007-07-27,361.23999,361.23999,361.23999,361.23999,0.0,,,,,
2007-07-30,366.380005,366.380005,366.380005,366.380005,0.0,,,,,
2007-07-31,363.269989,363.269989,363.269989,363.269989,0.0,,,,,
2007-08-01,363.149994,363.149994,363.149994,363.149994,0.0,,,,,
2007-08-02,367.369995,367.369995,367.369995,367.369995,0.0,,,,,
2007-08-03,357.420013,357.420013,357.420013,357.420013,0.0,,,,,
2007-08-06,361.029999,361.029999,361.029999,361.029999,0.0,,,,,
2007-08-07,363.51001,363.51001,363.51001,363.51001,0.0,,,,,
2007-08-08,369.109985,369.109985,369.109985,369.109985,0.0,,,,,
2007-08-09,361.48999,361.48999,361.48999,361.48999,0.0,,,,,
2007-08-10,359.429993,359.429993,359.429993,359.429993,0.0,,,,,
2007-08-13,358.140015,358.140015,358.140015,358.140015,0.0,,,,,
2007-08-14,347.519989,347.519989,347.519989,347.519989,0.0,,,,,
2007-08-15,337.98999,337.98999,337.98999,337.98999,0.0,,,,,
2007-08-16,336.809998,336.809998,336.809998,336.809998,0.0,,,,,
2007-08-17,346.839996,346.839996,346.839996,346.839996,0.0,,,,,
2007-08-20,348.700012,348.700012,348.700012,348.700012,0.0,,,,,
2007-08-21,350.609985,350.609985,350.609985,350.609985,0.0,,,,,
2007-08-22,358.570007,358.570007,358.570007,358.570007,0.0,,,,,
2007-08-23,356.529999,356.529999,356.529999,356.529999,0.0,,,,,
2007-08-24,364.339996,364.339996,364.339996,364.339996,0.0,,,,,
2007-08-27,357.640015,357.640015,357.640015,357.640015,0.0,,,,,
2007-08-28,346.299988,346.299988,346.299988,346.299988,0.0,,,,,
2007-08-29,357.019989,357.019989,357.019989,357.019989,0.0,,,,,
2007-08-30,353.769989,353.769989,353.769989,353.769989,0.0,,,,,
2007-08-31,363.140015,363.140015,363.140015,363.140015,0.0,,,,,
2007-09-04,369.589996,369.589996,369.589996,369.589996,0.0,,,,,
2007-09-05,362.75,362.75,362.75,362.75,0.0,,,,,
2007-09-06,366.480011,366.480011,366.480011,366.480011,0.0,,,,,
2007-09-07,357.369995,357.369995,357.369995,357.369995,0.0,,,,,
2007-09-10,353.130005,353.130005,353.130005,353.130005,0.0,,,,,
2007-09-11,361.23999,361.23999,361.23999,361.23999,0.0,,,,,
2007-09-12,358.209991,358.209991,358.209991,358.209991,0.0,,,,,
2007-09-13,360.950012,360.950012,360.950012,360.950012,0.0,,,,,
2007-09-14,362.48999,362.48999,362.48999,362.48999,0.0,,,,,
2007-09-17,356.600006,356.600006,356.600006,356.600006,0.0,,,,,
2007-09-18,367.75,367.75,367.75,367.75,0.0,,,,,
2007-09-19,372.5,372.5,372.5,372.5,0.0,,,,,
2007-09-20,366.570007,366.570007,366.570007,366.570007,0.0,,,,,
2007-09-21,370.149994,370.149994,370.149994,370.149994,0.0,,,,,
2007-09-24,366.480011,366.480011,366.480011,366.480011,0.0,,,,,
2007-09-25,364.440002,364.440002,364.440002,364.440002,0.0,,,,,
2007-09-26,368.869995,368.869995,368.869995,368.869995,0.0,,,,,
2007-09-27,373.480011,373.480011,373.480011,373.480011,0.0,,,,,
2007-09-28,370.76001,370.76001,370.76001,370.76001,0.0,,,,,
2007-10-01,379.410004,379.410004,379.410004,379.410004,0.0,,,,,
2007-10-02,381.209991,381.209991,381.209991,381.209991,0.0,,,,,
2007-10-03,376.899994,376.899994,376.899994,376.899994,0.0,,,,,
2007-10-04,379.630005,379.630005,379.630005,379.630005,0.0,,,,,
2007-10-05,387.730011,387.730011,387.730011,387.730011,0.0,,,,,
2007-10-08,383.279999,383.279999,383.279999,383.279999,0.0,,,,,
2007-10-09,388.529999,388.529999,388.529999,388.529999,0.0,,,,,
2007-10-10,386.700012,386.700012,386.700012,386.700012,0.0,,,,,
2007-10-11,382.0,382.0,382.0,382.0,0.0,,,,,
2007-10-12,385.350006,385.350006,385.350006,385.350006,0.0,,,,,
2007-10-15,378.01001,378.01001,378.01001,378.01001,0.0,,,,,
2007-10-16,371.350006,371.350006,371.350006,371.350006,0.0,,,,,
2007-10-17,372.140015,372.140015,372.140015,372.140015,0.0,,,,,
2007-10-18,371.839996,371.839996,371.839996,371.839996,0.0,,,,,
2007-10-19,361.549988,361.549988,361.549988,361.549988,0.0,,,,,
2007-10-22,364.769989,364.769989,364.769989,364.769989,0.0,,,,,
2007-10-23,369.869995,369.869995,369.869995,369.869995,0.0,,,,,
2007-10-24,366.600006,366.600006,366.600006,366.600006,0.0,,,,,
2007-10-25,366.549988,366.549988,366.549988,366.549988,0.0,,,,,
2007-10-26,373.799988,373.799988,373.799988,373.799988,0.0,,,,,
2007-10-29,375.600006,375.600006,375.600006,375.600006,0.0,,,,,
2007-10-30,372.459991,372.459991,372.459991,372.459991,0.0,,,,,
2007-10-31,379.730011,379.730011,379.730011,379.730011,0.0,,,,,
2007-11-01,369.470001,369.470001,369.470001,369.470001,0.0,,,,,
2007-11-02,369.410004,369.410004,369.410004,369.410004,0.0,,,,,
2007-11-05,362.859985,362.859985,362.859985,362.859985,0.0,,,,,
2007-11-06,368.059998,368.059998,368.059998,368.059998,0.0,,,,,
2007-11-07,356.970001,356.970001,356.970001,356.970001,0.0,,,,,
2007-11-08,358.410004,358.410004,358.410004,358.410004,0.0,,,,,
2007-11-09,352.380005,352.380005,352.380005,352.380005,0.0,,,,,
2007-11-12,348.440002,348.440002,348.440002,348.440002,0.0,,,,,
2007-11-13,357.690002,357.690002,357.690002,357.690002,0.0,,,,,
2007-11-14,353.359985,353.359985,353.359985,353.359985,0.0,,,,,
2007-11-15,346.26001,346.26001,346.26001,346.26001,0.0,,,,,
2007-11-16,345.950012,345.950012,345.950012,345.950012,0.0,,,,,
2007-11-19,336.940002,336.940002,336.940002,336.940002,0.0,,,,,
2007-11-20,337.859985,337.859985,337.859985,337.859985,0.0,,,,,
2007-11-21,330.76001,330.76001,330.76001,330.76001,0.0,,,,,
2007-11-23,340.440002,340.440002,340.440002,340.440002,0.0,,,,,
2007-11-26,332.690002,332.690002,332.690002,332.690002,0.0,,,,,
2007-11-27,338.339996,338.339996,338.339996,338.339996,0.0,,,,,
2007-11-28,349.290009,349.290009,349.290009,349.290009,0.0,,,,,
2007-11-29,346.850006,346.850006,346.850006,346.850006,0.0,,,,,
2007-11-30,352.279999,352.279999,352.279999,352.279999,0.0,,,,,
2007-12-03,349.329987,349.329987,349.329987,349.329987,0.0,,,,,
2007-12-04,344.980011,344.980011,344.980011,344.980011,0.0,,,,,
2007-12-05,352.48999,352.48999,352.48999,352.48999,0.0,,,,,
2007-12-06,361.079987,361.079987,361.079987,361.079987,0.0,,,,,
2007-12-07,360.73999,360.73999,360.73999,360.73999,0.0,,,,,
2007-12-10,365.410004,365.410004,365.410004,365.410004,0.0,,,,,
2007-12-11,354.880005,354.880005,354.880005,354.880005,0.0,,,,,
2007-12-12,356.829987,356.829987,356.829987,356.829987,0.0,,,,,
2007-12-13,353.549988,353.549988,353.549988,353.549988,0.0,,,,,
2007-12-14,344.619995,344.619995,344.619995,344.619995,0.0,,,,,
2007-12-17,335.850006,335.850006,335.850006,335.850006,0.0,,,,,
2007-12-18,340.959991,340.959991,340.959991,340.959991,0.0,,,,,
2007-12-19,339.839996,339.839996,339.839996,339.839996,0.0,,,,,
2007-12-20,342.380005,342.380005,342.380005,342.380005,0.0,,,,,
2007-12-21,350.570007,350.570007,350.570007,350.570007,0.0,,,,,
2007-12-24,358.549988,358.549988,358.549988,358.549988,0.0,,,,,
2007-12-26,358.029999,358.029999,358.029999,358.029999,0.0,,,,,
2007-12-27,349.089996,349.089996,349.089996,349.089996,0.0,,,,,
2007-12-28,349.75,349.75,349.75,349.75,0.0,,,,,
2007-12-31,347.75,347.75,347.75,347.75,0.0,,,,,
2008-01-02,343.0,343.0,343.0,343.0,0.0,,,,,
2008-01-03,342.290009,342.290009,342.290009,342.290009,0.0,,,,,
2008-01-04,333.119995,333.119995,333.119995,333.119995,0.0,,,,,
2008-01-07,334.049988,334.049988,334.049988,334.049988,0.0,,,,,
2008-01-08,327.660004,327.660004,327.660004,327.660004,0.0,,,,,
2008-01-09,331.529999,331.529999,331.529999,331.529999,0.0,,,,,
2008-01-10,336.420013,336.420013,336.420013,336.420013,0.0,,,,,
2008-01-11,330.119995,330.119995,330.119995,330.119995,0.0,,,,,
2008-01-14,334.470001,334.470001,334.470001,334.470001,0.0,,,,,
2008-01-15,325.98999,325.98999,325.98999,325.98999,0.0,,,,,
2008-01-16,326.200012,326.200012,326.200012,326.200012,0.0,,,,,
2008-01-17,315.910004,315.910004,315.910004,315.910004,0.0,,,,,
2008-01-18,311.48999,311.48999,311.48999,311.48999,0.0,,,,,
2008-01-22,310.079987,310.079987,310.079987,310.079987,0.0,,,,,
2008-01-23,316.829987,316.829987,316.829987,316.829987,0.0,,,,,
2008-01-24,319.75,319.75,319.75,319.75,0.0,,,,,
2008-01-25,316.279999,316.279999,316.279999,316.279999,0.0,,,,,
2008-01-28,324.170013,324.170013,324.170013,324.170013,0.0,,,,,
2008-01-29,328.01001,328.01001,328.01001,328.01001,0.0,,,,,
2008-01-30,324.5,324.5,324.5,324.5,0.0,,,,,
2008-01-31,332.119995,332.119995,332.119995,332.119995,0.0,,,,,
2008-02-01,340.140015,340.140015,340.140015,340.140015,0.0,,,,,
2008-02-04,336.940002,336.940002,336.940002,336.940002,0.0,,,,,
2008-02-05,326.980011,326.980011,326.980011,326.980011,0.0,,,,,
2008-02-06,323.230011,323.230011,323.230011,323.230011,0.0,,,,,
2008-02-07,327.140015,327.140015,327.140015,327.140015,0.0,,,,,
2008-02-08,324.48999,324.48999,324.48999,324.48999,0.0,,,,,
2008-02-11,326.410004,326.410004,326.410004,326.410004,0.0,,,,,
2008-02-12,330.5,330.5,330.5,330.5,0.0,,,,,
2008-02-13,335.5,335.5,335.5,335.5,0.0,,,,,
2008-02-14,326.079987,326.079987,326.079987,326.079987,0.0,,,,,
2008-02-15,324.470001,324.470001,324.470001,324.470001,0.0,,,,,
2008-02-19,326.519989,326.519989,326.519989,326.519989,0.0,,,,,
2008-02-20,330.790009,330.790009,330.790009,330.790009,0.0,,,,,
2008-02-21,323.5,323.5,323.5,323.5,0.0,,,,,
2008-02-22,326.890015,326.890015,326.890015,326.890015,0.0,,,,,
2008-02-25,336.200012,336.200012,336.200012,336.200012,0.0,,,,,
2008-02-26,342.350006,342.350006,342.350006,342.350006,0.0,,,,,
2008-02-27,340.019989,340.019989,340.019989,340.019989,0.0,,,,,
2008-02-28,333.549988,333.549988,333.549988,333.549988,0.0,,,,,
2008-02-29,322.640015,322.640015,322.640015,322.640015,0.0,,,,,
2008-03-03,323.329987,323.329987,323.329987,323.329987,0.0,,,,,
2008-03-04,319.899994,319.899994,319.899994,319.899994,0.0,,,,,
2008-03-05,322.950012,322.950012,322.950012,322.950012,0.0,,,,,
2008-03-06,312.230011,312.230011,312.230011,312.230011,0.0,,,,,
2008-03-07,309.089996,309.089996,309.089996,309.089996,0.0,,,,,
2008-03-10,299.75,299.75,299.75,299.75,0.0,,,,,
2008-03-11,309.73999,309.73999,309.73999,309.73999,0.0,,,,,
2008-03-12,305.100006,305.100006,305.100006,305.100006,0.0,,,,,
2008-03-13,308.910004,308.910004,308.910004,308.910004,0.0,,,,,
2008-03-14,298.829987,298.829987,298.829987,298.829987,0.0,,,,,
2008-03-17,291.170013,291.170013,291.170013,291.170013,0.0,,,,,
2008-03-18,302.309998,302.309998,302.309998,302.309998,0.0,,,,,
2008-03-19,294.709991,294.709991,294.709991,294.709991,0.0,,,,,
2008-03-20,301.369995,301.369995,301.369995,301.369995,0.0,,,,,
2008-03-24,309.670013,309.670013,309.670013,309.670013,0.0,,,,,
2008-03-25,314.01001,314.01001,314.01001,314.01001,0.0,,,,,
2008-03-26,310.559998,310.559998,310.559998,310.559998,0.0,,,,,
2008-03-27,305.869995,305.869995,305.869995,305.869995,0.0,,,,,
2008-03-28,300.209991,300.209991,300.209991,300.209991,0.0,,,,,
2008-03-31,305.019989,305.019989,305.019989,305.019989,0.0,,,,,
2008-04-01,315.220001,315.220001,315.220001,315.220001,0.0,,,,,
2008-04-02,317.480011,317.480011,317.480011,317.480011,0.0,,,,,
2008-04-03,319.019989,319.019989,319.019989,319.019989,0.0,,,,,
2008-04-04,319.679993,319.679993,319.679993,319.679993,0.0,,,,,
2008-04-07,321.380005,321.380005,321.380005,321.380005,0.0,,,,,
2008-04-08,318.98999,318.98999,318.98999,318.98999,0.0,,,,,
2008-04-09,311.809998,311.809998,311.809998,311.809998,0.0,,,,,
2008-04-10,315.790009,315.790009,315.790009,315.790009,0.0,,,,,
2008-04-11,306.119995,306.119995,306.119995,306.119995,0.0,,,,,
2008-04-14,303.709991,303.709991,303.709991,303.709991,0.0,,,,,
2008-04-15,307.320007,307.320007,307.320007,307.320007,0.0,,,,,
2008-04-16,317.25,317.25,317.25,317.25,0.0,,,,,
2008-04-17,316.48999,316.48999,316.48999,316.48999,0.0,,,,,
2008-04-18,323.790009,323.790009,323.790009,323.790009,0.0,,,,,
2008-04-21,321.48999,321.48999,321.48999,321.48999,0.0,,,,,
2008-04-22,314.410004,314.410004,314.410004,314.410004,0.0,,,,,
2008-04-23,315.540009,315.540009,315.540009,315.540009,0.0,,,,,
2008-04-24,319.25,319.25,319.25,319.25,0.0,,,,,
2008-04-25,323.23999,323.23999,323.23999,323.23999,0.0,,,,,
2008-04-28,324.76001,324.76001,324.76001,324.76001,0.0,,,,,
2008-04-29,320.950012,320.950012,320.950012,320.950012,0.0,,,,,
2008-04-30,320.929993,320.929993,320.929993,320.929993,0.0,,,,,
2008-05-01,327.73999,327.73999,327.73999,327.73999,0.0,,,,,
2008-05-02,328.880005,328.880005,328.880005,328.880005,0.0,,,,,
2008-05-05,326.519989,326.519989,326.519989,326.519989,0.0,,,,,
2008-05-06,330.160004,330.160004,330.160004,330.160004,0.0,,,,,
2008-05-07,322.0,322.0,322.0,322.0,0.0,,,,,
2008-05-08,323.709991,323.709991,323.709991,323.709991,0.0,,,,,
2008-05-09,321.980011,321.980011,321.980011,321.980011,0.0,,,,,
2008-05-12,329.690002,329.690002,329.690002,329.690002,0.0,,,,,
2008-05-13,330.140015,330.140015,330.140015,330.140015,0.0,,,,,
2008-05-14,332.609985,332.609985,332.609985,332.609985,0.0,,,,,
2008-05-15,338.549988,338.549988,338.549988,338.549988,0.0,,,,,
2008-05-16,338.679993,338.679993,338.679993,338.679993,0.0,,,,,
2008-05-19,338.299988,338.299988,338.299988,338.299988,0.0,,,,,
2008-05-20,334.0,334.0,334.0,334.0,0.0,,,,,
2008-05-21,326.48999,326.48999,326.48999,326.48999,0.0,,,,,
2008-05-22,329.549988,329.549988,329.549988,329.549988,0.0,,,,,
2008-05-23,322.029999,322.029999,322.029999,322.029999,0.0,,,,,
2008-05-27,326.929993,326.929993,326.929993,326.929993,0.0,,,,,
2008-05-28,329.519989,329.519989,329.519989,329.519989,0.0,,,,,
2008-05-29,333.059998,333.059998,333.059998,333.059998,0.0,,,,,
2008-05-30,334.0,334.0,334.0,334.0,0.0,,,,,
2008-06-02,328.320007,328.320007,328.320007,328.320007,0.0,,,,,
2008-06-03,326.100006,326.100006,326.100006,326.100006,0.0,,,,,
2008-06-04,325.829987,325.829987,325.829987,325.829987,0.0,,,,,
2008-06-05,334.880005,334.880005,334.880005,334.880005,0.0,,,,,
2008-06-06,324.769989,324.769989,324.769989,324.769989,0.0,,,,,
2008-06-09,321.679993,321.679993,321.679993,321.679993,0.0,,,,,
2008-06-10,318.369995,318.369995,318.369995,318.369995,0.0,,,,,
2008-06-11,308.690002,308.690002,308.690002,308.690002,0.0,,,,,
2008-06-12,309.26001,309.26001,309.26001,309.26001,0.0,,,,,
2008-06-13,317.119995,317.119995,317.119995,317.119995,0.0,,,,,
2008-06-16,320.220001,320.220001,320.220001,320.220001,0.0,,,,,
2008-06-17,316.01001,316.01001,316.01001,316.01001,0.0,,,,,
2008-06-18,309.690002,309.690002,309.690002,309.690002,0.0,,,,,
2008-06-19,311.980011,311.980011,311.980011,311.980011,0.0,,,,,
2008-06-20,302.230011,302.230011,302.230011,302.230011,0.0,,,,,
2008-06-23,297.970001,297.970001,297.970001,297.970001,0.0,,,,,
2008-06-24,293.070007,293.070007,293.070007,293.070007,0.0,,,,,
2008-06-25,298.809998,298.809998,298.809998,298.809998,0.0,,,,,
2008-06-26,288.899994,288.899994,288.899994,288.899994,0.0,,,,,
2008-06-27,285.600006,285.600006,285.600006,285.600006,0.0,,,,,
2008-06-30,283.170013,283.170013,283.170013,283.170013,0.0,,,,,
2008-07-01,282.609985,282.609985,282.609985,282.609985,0.0,,,,,
2008-07-02,274.559998,274.559998,274.559998,274.559998,0.0,,,,,
2008-07-03,271.420013,271.420013,271.420013,271.420013,0.0,,,,,
2008-07-07,266.359985,266.359985,266.359985,266.359985,0.0,,,,,
2008-07-08,273.390015,273.390015,273.390015,273.390015,0.0,,,,,
2008-07-09,267.5,267.5,267.5,267.5,0.0,,,,,
2008-07-10,269.869995,269.869995,269.869995,269.869995,0.0,,,,,
2008-07-11,265.920013,265.920013,265.920013,265.920013,0.0,,,,,
2008-07-14,260.269989,260.269989,260.269989,260.269989,0.0,,,,,
2008-07-15,254.539993,254.539993,254.539993,254.539993,0.0,,,,,
2008-07-16,262.329987,262.329987,262.329987,262.329987,0.0,,,,,
2008-07-17,268.220001,268.220001,268.220001,268.220001,0.0,,,,,
2008-07-18,267.890015,267.890015,267.890015,267.890015,0.0,,,,,
2008-07-21,270.0,270.0,270.0,270.0,0.0,,,,,
2008-07-22,276.529999,276.529999,276.529999,276.529999,0.0,,,,,
2008-07-23,278.869995,278.869995,278.869995,278.869995,0.0,,,,,
2008-07-24,269.73999,269.73999,269.73999,269.73999,0.0,,,,,
2008-07-25,272.700012,272.700012,272.700012,272.700012,0.0,,,,,
2008-07-28,265.940002,265.940002,265.940002,265.940002,0.0,,,,,
2008-07-29,274.480011,274.480011,274.480011,274.480011,0.0,,,,,
2008-07-30,278.630005,278.630005,278.630005,278.630005,0.0,,,,,
2008-07-31,273.76001,273.76001,273.76001,273.76001,0.0,,,,,
2008-08-01,272.700012,272.700012,272.700012,272.700012,0.0,,,,,
2008-08-04,267.809998,267.809998,267.809998,267.809998,0.0,,,,,
2008-08-05,275.679993,275.679993,275.679993,275.679993,0.0,,,,,
2008-08-06,277.0,277.0,277.0,277.0,0.0,,,,,
2008-08-07,268.390015,268.390015,268.390015,268.390015,0.0,,,,,
2008-08-08,276.640015,276.640015,276.640015,276.640015,0.0,,,,,
2008-08-11,280.880005,280.880005,280.880005,280.880005,0.0,,,,,
2008-08-12,276.059998,276.059998,276.059998,276.059998,0.0,,,,,
2008-08-13,274.170013,274.170013,274.170013,274.170013,0.0,,,,,
2008-08-14,279.019989,279.019989,279.019989,279.019989,0.0,,,,,
2008-08-15,279.799988,279.799988,279.799988,279.799988,0.0,,,,,
2008-08-18,272.959991,272.959991,272.959991,272.959991,0.0,,,,,
2008-08-19,265.910004,265.910004,265.910004,265.910004,0.0,,,,,
2008-08-20,267.179993,267.179993,267.179993,267.179993,0.0,,,,,
2008-08-21,265.140015,265.140015,265.140015,265.140015,0.0,,,,,
2008-08-22,271.950012,271.950012,271.950012,271.950012,0.0,,,,,
2008-08-25,262.380005,262.380005,262.380005,262.380005,0.0,,,,,
2008-08-26,265.920013,265.920013,265.920013,265.920013,0.0,,,,,
2008-08-27,273.420013,273.420013,273.420013,273.420013,0.0,,,,,
2008-08-28,281.920013,281.920013,281.920013,281.920013,0.0,,,,,
2008-08-29,276.25,276.25,276.25,276.25,0.0,,,,,
2008-09-02,277.230011,277.230011,277.230011,277.230011,0.0,,,,,
2008-09-03,277.140015,277.140015,277.140015,277.140015,0.0,,,,,
2008-09-04,266.209991,266.209991,266.209991,266.209991,0.0,,,,,
2008-09-05,266.649994,266.649994,266.649994,266.649994,0.0,,,,,
2008-09-08,273.089996,273.089996,273.089996,273.089996,0.0,,,,,
2008-09-09,262.670013,262.670013,262.670013,262.670013,0.0,,,,,
2008-09-10,265.540009,265.540009,265.540009,265.540009,0.0,,,,,
2008-09-11,266.459991,266.459991,266.459991,266.459991,0.0,,,,,
2008-09-12,268.880005,268.880005,268.880005,268.880005,0.0,,,,,
2008-09-15,256.950012,256.950012,256.950012,256.950012,0.0,,,,,
2008-09-16,259.200012,259.200012,259.200012,259.200012,0.0,,,,,
2008-09-17,247.770004,247.770004,247.770004,247.770004,0.0,,,,,
2008-09-18,255.610001,255.610001,255.610001,255.610001,0.0,,,,,
2008-09-19,265.559998,265.559998,265.559998,265.559998,0.0,,,,,
2008-09-22,255.660004,255.660004,255.660004,255.660004,0.0,,,,,
2008-09-23,249.520004,249.520004,249.520004,249.520004,0.0,,,,,
2008-09-24,245.860001,245.860001,245.860001,245.860001,0.0,,,,,
2008-09-25,252.149994,252.149994,252.149994,252.149994,0.0,,,,,
2008-09-26,248.850006,248.850006,248.850006,248.850006,0.0,,,,,
2008-09-29,236.509995,236.509995,236.509995,236.509995,0.0,,,,,
2008-09-30,245.300003,245.300003,245.300003,245.300003,0.0,,,,,
2008-10-01,244.119995,244.119995,244.119995,244.119995,0.0,,,,,
2008-10-02,233.580002,233.580002,233.580002,233.580002,0.0,,,,,
2008-10-03,227.369995,227.369995,227.369995,227.369995,0.0,,,,,
2008-10-06,216.289993,216.289993,216.289993,216.289993,0.0,,,,,
2008-10-07,205.399994,205.399994,205.399994,205.399994,0.0,,,,,
2008-10-08,199.289993,199.289993,199.289993,199.289993,0.0,,,,,
2008-10-09,187.419998,187.419998,187.419998,187.419998,0.0,,,,,
2008-10-10,185.190002,185.190002,185.190002,185.190002,0.0,,,,,
2008-10-13,197.169998,197.169998,197.169998,197.169998,0.0,,,,,
2008-10-14,195.089996,195.089996,195.089996,195.089996,0.0,,,,,
2008-10-15,182.5,182.5,182.5,182.5,0.0,,,,,
2008-10-16,189.75,189.75,189.75,189.75,0.0,,,,,
2008-10-17,189.649994,189.649994,189.649994,189.649994,0.0,,,,,
2008-10-20,199.479996,199.479996,199.479996,199.479996,0.0,,,,,
2008-10-21,191.229996,191.229996,191.229996,191.229996,0.0,,,,,
2008-10-22,180.300003,180.300003,180.300003,180.300003,0.0,,,,,
2008-10-23,177.330002,177.330002,177.330002,177.330002,0.0,,,,,
2008-10-24,167.690002,167.690002,167.690002,167.690002,0.0,,,,,
2008-10-27,158.5,158.5,158.5,158.5,0.0,,,,,
2008-10-28,168.470001,168.470001,168.470001,168.470001,0.0,,,,,
2008-10-29,171.0,171.0,171.0,171.0,0.0,,,,,
2008-10-30,179.550003,179.550003,179.550003,179.550003,0.0,,,,,
2008-10-31,186.229996,186.229996,186.229996,186.229996,0.0,241.649994,241.649994,241.649994,241.649994,0.0
2008-11-03,187.630005,187.630005,187.630005,187.630005,0.0,320.130005,320.130005,320.130005,320.130005,0.0
2008-11-04,195.910004,195.910004,195.910004,195.910004,0.0,195.110001,195.110001,195.110001,195.110001,0.0
2008-11-05,186.089996,186.089996,186.089996,186.089996,0.0,83.8300018,83.8300018,83.8300018,83.8300018,0.0
2008-11-06,176.410004,176.410004,176.410004,176.410004,0.0,148.860001,148.860001,148.860001,148.860001,0.0
2008-11-07,182.539993,182.539993,182.539993,182.539993,0.0,90.5699997,90.5699997,90.5699997,90.5699997,0.0
2008-11-10,176.690002,176.690002,176.690002,176.690002,0.0,-2.20000005,-2.20000005,-2.20000005,-2.20000005,0.0
2008-11-11,168.139999,168.139999,168.139999,168.139999,0.0,-120.300003,-120.300003,-120.300003,-120.300003,0.0
2008-11-12,156.0,156.0,156.0,156.0,0.0,-4.75,-4.75,-4.75,-4.75,0.0
2008-11-13,166.330002,166.330002,166.330002,166.330002,0.0,-79.8099976,-79.8099976,-79.8099976,-79.8099976,0.0
2008-11-14,156.300003,156.300003,156.300003,156.300003,0.0,-130.149994,-130.149994,-130.149994,-130.149994,0.0
2008-11-17,149.289993,149.289993,149.289993,149.289993,0.0,-133.050003,-133.050003,-133.050003,-133.050003,0.0
2008-11-18,146.820007,146.820007,146.820007,146.820007,0.0,,,,,
2008-11-19,134.610001,134.610001,134.610001,134.610001,0.0,,,,,
2008-11-20,123.110001,123.110001,123.110001,123.110001,0.0,-315.130005,-315.130005,-315.130005,-315.130005,0.0
2008-11-21,130.259995,130.259995,130.259995,130.259995,0.0,-204.660004,-204.660004,-204.660004,-204.660004,0.0
2008-11-24,141.210007,141.210007,141.210007,141.210007,0.0,-26.7999992,-26.7999992,-26.7999992,-26.7999992,0.0
2008-11-25,145.520004,145.520004,145.520004,145.520004,0.0,52.6599998,52.6599998,52.6599998,52.6599998,0.0
2008-11-26,154.979996,154.979996,154.979996,154.979996,0.0,182.809998,182.809998,182.809998,182.809998,0.0
2008-11-28,159.350006,159.350006,159.350006,159.350006,0.0,232.690002,232.690002,232.690002,232.690002,0.0
2008-12-01,147.259995,147.259995,147.259995,147.259995,0.0,100.309998,100.309998,100.309998,100.309998,0.0
2008-12-02,155.649994,155.649994,155.649994,155.649994,0.0,189.380005,189.380005,189.380005,189.380005,0.0
2008-12-03,160.970001,160.970001,160.970001,160.970001,0.0,230.779999,230.779999,230.779999,230.779999,0.0
2008-12-04,153.089996,153.089996,153.089996,153.089996,0.0,142.429993,142.429993,142.429993,142.429993,0.0
2008-12-05,160.639999,160.639999,160.639999,160.639999,0.0,201.910004,201.910004,201.910004,201.910004,0.0
2008-12-08,168.600006,168.600006,168.600006,168.600006,0.0,279.459991,279.459991,279.459991,279.459991,0.0
2008-12-09,161.419998,161.419998,161.419998,161.419998,0.0,195.039993,195.039993,195.039993,195.039993,0.0
2008-12-10,167.270004,167.270004,167.270004,167.270004,0.0,238.820007,238.820007,238.820007,238.820007,0.0
2008-12-11,157.889999,157.889999,157.889999,157.889999,0.0,129.210007,129.210007,129.210007,129.210007,0.0
2008-12-12,162.610001,162.610001,162.610001,162.610001,0.0,155.610001,155.610001,155.610001,155.610001,0.0
2008-12-15,155.410004,155.410004,155.410004,155.410004,0.0,72.5100021,72.5100021,72.5100021,72.5100021,0.0
2008-12-16,166.320007,166.320007,166.320007,166.320007,0.0,183.869995,183.869995,183.869995,183.869995,0.0
2008-12-17,167.809998,167.809998,167.809998,167.809998,0.0,194.199997,194.199997,194.199997,194.199997,0.0
2008-12-18,164.25,164.25,164.25,164.25,0.0,149.869995,149.869995,149.869995,149.869995,0.0
2008-12-19,167.270004,167.270004,167.270004,167.270004,0.0,174.899994,174.899994,174.899994,174.899994,0.0
2008-12-22,161.080002,161.080002,161.080002,161.080002,0.0,97.6600037,97.6600037,97.6600037,97.6600037,0.0
2008-12-23,156.940002,156.940002,156.940002,156.940002,0.0,58.8600006,58.8600006,58.8600006,58.8600006,0.0
2008-12-24,159.869995,159.869995,159.869995,159.869995,0.0,84.0100021,84.0100021,84.0100021,84.0100021,0.0
2008-12-26,166.25,166.25,166.25,166.25,0.0,151.399994,151.399994,151.399994,151.399994,0.0
2008-12-29,160.550003,160.550003,160.550003,160.550003,0.0,88.5699997,88.5699997,88.5699997,88.5699997,0.0
2008-12-30,169.880005,169.880005,169.880005,169.880005,0.0,180.990005,180.990005,180.990005,180.990005,0.0
2008-12-31,179.770004,179.770004,179.770004,179.770004,0.0,268.559998,268.559998,268.559998,268.559998,0.0
2009-01-02,188.110001,188.110001,188.110001,188.110001,0.0,330.790009,330.790009,330.790009,330.790009,0.0
2009-01-05,190.529999,190.529999,190.529999,190.529999,0.0,336.0,336.0,336.0,336.0,0.0
2009-01-06,197.309998,197.309998,197.309998,197.309998,0.0,377.01001,377.01001,377.01001,377.01001,0.0
2009-01-07,187.169998,187.169998,187.169998,187.169998,0.0,223.949997,223.949997,223.949997,223.949997,0.0
2009-01-08,191.210007,191.210007,191.210007,191.210007,0.0,226.259995,226.259995,226.259995,226.259995,0.0
2009-01-09,183.520004,183.520004,183.520004,183.520004,0.0,126.870003,126.870003,126.870003,126.870003,0.0
2009-01-12,175.339996,175.339996,175.339996,175.339996,0.0,19.2000008,19.2000008,19.2000008,19.2000008,0.0
2009-01-13,177.059998,177.059998,177.059998,177.059998,0.0,20.3999996,20.3999996,20.3999996,20.3999996,0.0
2009-01-14,165.559998,165.559998,165.559998,165.559998,0.0,,,,,
2009-01-15,169.039993,169.039993,169.039993,169.039993,0.0,,,,,
2009-01-16,174.589996,174.589996,174.589996,174.589996,0.0,-30.1800003,-30.1800003,-30.1800003,-30.1800003,0.0
2009-01-20,163.070007,163.070007,163.070007,163.070007,0.0,-27.4400005,-27.4400005,-27.4400005,-27.4400005,0.0
2009-01-21,172.979996,172.979996,172.979996,172.979996,0.0,,,,,
2009-01-22,165.029999,165.029999,165.029999,165.029999,0.0,-33.6500015,-33.6500015,-33.6500015,-33.6500015,0.0
2009-01-23,167.410004,167.410004,167.410004,167.410004,0.0,,,,,
2009-01-26,171.5,171.5,171.5,171.5,0.0,26.5499992,26.5499992,26.5499992,26.5499992,0.0
2009-01-27,177.190002,177.190002,177.190002,177.190002,0.0,,,,,
2009-01-28,187.309998,187.309998,187.309998,187.309998,0.0,,,,,
2009-01-29,177.259995,177.259995,177.259995,177.259995,0.0,38.0099983,38.0099983,38.0099983,38.0099983,0.0
2009-01-30,169.660004,169.660004,169.660004,169.660004,0.0,,,,,
2009-02-02,169.25,169.25,169.25,169.25,0.0,-56.7099991,-56.7099991,-56.7099991,-56.7099991,0.0
2009-02-03,174.160004,174.160004,174.160004,174.160004,0.0,,,,,
2009-02-04,172.600006,172.600006,172.600006,172.600006,0.0,,,,,
2009-02-05,177.910004,177.910004,177.910004,177.910004,0.0,1.65999997,1.65999997,1.65999997,1.65999997,0.0
2009-02-06,187.649994,187.649994,187.649994,187.649994,0.0,,,,,
2009-02-09,187.369995,187.369995,187.369995,187.369995,0.0,90.0699997,90.0699997,90.0699997,90.0699997,0.0
2009-02-10,176.399994,176.399994,176.399994,176.399994,0.0,-39.0400009,-39.0400009,-39.0400009,-39.0400009,0.0
2009-02-11,178.600006,178.600006,178.600006,178.600006,0.0,,,,,
2009-02-12,178.580002,178.580002,178.580002,178.580002,0.0,-31.7399998,-31.7399998,-31.7399998,-31.7399998,0.0
2009-02-13,174.330002,174.330002,174.330002,174.330002,0.0,-65.7099991,-65.7099991,-65.7099991,-65.7099991,0.0
2009-02-17,162.559998,162.559998,162.559998,162.559998,0.0,-193.770004,-193.770004,-193.770004,-193.770004,0.0
2009-02-18,157.139999,157.139999,157.139999,157.139999,0.0,-236.020004,-236.020004,-236.020004,-236.020004,0.0
2009-02-19,150.990005,150.990005,150.990005,150.990005,0.0,-270.959991,-270.959991,-270.959991,-270.959991,0.0
2009-02-20,144.610001,144.610001,144.610001,144.610001,0.0,-313.769989,-313.769989,-313.769989,-313.769989,0.0
2009-02-23,133.649994,133.649994,133.649994,133.649994,0.0,-380.23999,-380.23999,-380.23999,-380.23999,0.0
2009-02-24,144.479996,144.479996,144.479996,144.479996,0.0,-208.770004,-208.770004,-208.770004,-208.770004,0.0
2009-02-25,139.070007,139.070007,139.070007,139.070007,0.0,-211.850006,-211.850006,-211.850006,-211.850006,0.0
2009-02-26,136.309998,136.309998,136.309998,136.309998,0.0,-193.190002,-193.190002,-193.190002,-193.190002,0.0
2009-02-27,131.550003,131.550003,131.550003,131.550003,0.0,-212.320007,-212.320007,-212.320007,-212.320007,0.0
2009-03-02,119.480003,119.480003,119.480003,119.480003,0.0,-310.76001,-310.76001,-310.76001,-310.76001,0.0
2009-03-03,114.690002,114.690002,114.690002,114.690002,0.0,-311.279999,-311.279999,-311.279999,-311.279999,0.0
2009-03-04,123.699997,123.699997,123.699997,123.699997,0.0,-164.339996,-164.339996,-164.339996,-164.339996,0.0
2009-03-05,112.099998,112.099998,112.099998,112.099998,0.0,-263.0,-263.0,-263.0,-263.0,0.0
2009-03-06,110.199997,110.199997,110.199997,110.199997,0.0,-254.770004,-254.770004,-254.770004,-254.770004,0.0
2009-03-09,103.730003,103.730003,103.730003,103.730003,0.0,-270.23999,-270.23999,-270.23999,-270.23999,0.0
2009-03-10,115.470001,115.470001,115.470001,115.470001,0.0,-81.9300003,-81.9300003,-81.9300003,-81.9300003,0.0
2009-03-11,117.139999,117.139999,117.139999,117.139999,0.0,-36.0499992,-36.0499992,-36.0499992,-36.0499992,0.0
2009-03-12,128.399994,128.399994,128.399994,128.399994,0.0,108.059998,108.059998,108.059998,108.059998,0.0
2009-03-13,130.919998,130.919998,130.919998,130.919998,0.0,148.520004,148.520004,148.520004,148.520004,0.0
2009-03-16,130.199997,130.199997,130.199997,130.199997,0.0,162.669998,162.669998,162.669998,162.669998,0.0
2009-03-17,139.029999,139.029999,139.029999,139.029999,0.0,236.339996,236.339996,236.339996,236.339996,0.0
2009-03-18,147.710007,147.710007,147.710007,147.710007,0.0,308.600006,308.600006,308.600006,308.600006,0.0
2009-03-19,145.990005,145.990005,145.990005,145.990005,0.0,274.850006,274.850006,274.850006,274.850006,0.0
2009-03-20,138.220001,138.220001,138.220001,138.220001,0.0,162.210007,162.210007,162.210007,162.210007,0.0
2009-03-23,149.979996,149.979996,149.979996,149.979996,0.0,276.279999,276.279999,276.279999,276.279999,0.0
2009-03-24,142.509995,142.509995,142.509995,142.509995,0.0,181.130005,181.130005,181.130005,181.130005,0.0
2009-03-25,148.869995,148.869995,148.869995,148.869995,0.0,215.210007,215.210007,215.210007,215.210007,0.0
2009-03-26,158.630005,158.630005,158.630005,158.630005,0.0,279.820007,279.820007,279.820007,279.820007,0.0
2009-03-27,149.779999,149.779999,149.779999,149.779999,0.0,159.080002,159.080002,159.080002,159.080002,0.0
2009-03-30,138.740005,138.740005,138.740005,138.740005,0.0,17.2099991,17.2099991,17.2099991,17.2099991,0.0
2009-03-31,146.169998,146.169998,146.169998,146.169998,0.0,98.7900009,98.7900009,98.7900009,98.7900009,0.0
2009-04-01,153.330002,153.330002,153.330002,153.330002,0.0,161.850006,161.850006,161.850006,161.850006,0.0
2009-04-02,163.929993,163.929993,163.929993,163.929993,0.0,255.839996,255.839996,255.839996,255.839996,0.0
2009-04-03,168.979996,168.979996,168.979996,168.979996,0.0,271.450012,271.450012,271.450012,271.450012,0.0
2009-04-06,162.320007,162.320007,162.320007,162.320007,0.0,171.889999,171.889999,171.889999,171.889999,0.0
2009-04-07,153.470001,153.470001,153.470001,153.470001,0.0,56.7599983,56.7599983,56.7599983,56.7599983,0.0
2009-04-08,160.929993,160.929993,160.929993,160.929993,0.0,118.099998,118.099998,118.099998,118.099998,0.0
2009-04-09,171.360001,171.360001,171.360001,171.360001,0.0,214.369995,214.369995,214.369995,214.369995,0.0
2009-04-13,171.580002,171.580002,171.580002,171.580002,0.0,196.679993,196.679993,196.679993,196.679993,0.0
2009-04-14,164.100006,164.100006,164.100006,164.100006,0.0,104.949997,104.949997,104.949997,104.949997,0.0
2009-04-15,171.119995,171.119995,171.119995,171.119995,0.0,143.699997,143.699997,143.699997,143.699997,0.0
2009-04-16,179.100006,179.100006,179.100006,179.100006,0.0,205.110001,205.110001,205.110001,205.110001,0.0
2009-04-17,183.059998,183.059998,183.059998,183.059998,0.0,219.050003,219.050003,219.050003,219.050003,0.0
2009-04-20,171.860001,171.860001,171.860001,171.860001,0.0,53.0999985,53.0999985,53.0999985,53.0999985,0.0
2009-04-21,180.929993,180.929993,180.929993,180.929993,0.0,123.290001,123.290001,123.290001,123.290001,0.0
2009-04-22,180.5,180.5,180.5,180.5,0.0,107.809998,107.809998,107.809998,107.809998,0.0
2009-04-23,182.889999,182.889999,182.889999,182.889999,0.0,111.260002,111.260002,111.260002,111.260002,0.0
2009-04-24,190.139999,190.139999,190.139999,190.139999,0.0,165.080002,165.080002,165.080002,165.080002,0.0
2009-04-27,184.449997,184.449997,184.449997,184.449997,0.0,72.6600037,72.6600037,72.6600037,72.6600037,0.0
2009-04-28,185.029999,185.029999,185.029999,185.029999,0.0,57.4300003,57.4300003,57.4300003,57.4300003,0.0
2009-04-29,194.699997,194.699997,194.699997,194.699997,0.0,139.600006,139.600006,139.600006,139.600006,0.0
2009-04-30,195.100006,195.100006,195.100006,195.100006,0.0,120.849998,120.849998,120.849998,120.849998,0.0
2009-05-01,197.970001,197.970001,197.970001,197.970001,0.0,126.349998,126.349998,126.349998,126.349998,0.0
2009-05-04,207.910004,207.910004,207.910004,207.910004,0.0,202.149994,202.149994,202.149994,202.149994,0.0
2009-05-05,205.470001,205.470001,205.470001,205.470001,0.0,142.779999,142.779999,142.779999,142.779999,0.0
2009-05-06,210.350006,210.350006,210.350006,210.350006,0.0,166.729996,166.729996,166.729996,166.729996,0.0
2009-05-07,204.259995,204.259995,204.259995,204.259995,0.0,77.4700012,77.4700012,77.4700012,77.4700012,0.0
2009-05-08,214.130005,214.130005,214.130005,214.130005,0.0,159.660004,159.660004,159.660004,159.660004,0.0
2009-05-11,206.600006,206.600006,206.600006,206.600006,0.0,51.2000008,51.2000008,51.2000008,51.2000008,0.0
2009-05-12,203.809998,203.809998,203.809998,203.809998,0.0,0.460000008,0.460000008,0.460000008,0.460000008,0.0
2009-05-13,192.130005,192.130005,192.130005,192.130005,0.0,-140.429993,-140.429993,-140.429993,-140.429993,0.0
2009-05-14,198.839996,198.839996,198.839996,198.839996,0.0,-72.4100037,-72.4100037,-72.4100037,-72.4100037,0.0
2009-05-15,193.699997,193.699997,193.699997,193.699997,0.0,-122.029999,-122.029999,-122.029999,-122.029999,0.0
2009-05-18,204.610001,204.610001,204.610001,204.610001,0.0,-4.69000006,-4.69000006,-4.69000006,-4.69000006,0.0
2009-05-19,206.190002,206.190002,206.190002,206.190002,0.0,10.0500002,10.0500002,10.0500002,10.0500002,0.0
2009-05-20,204.720001,204.720001,204.720001,204.720001,0.0,-5.78999996,-5.78999996,-5.78999996,-5.78999996,0.0
2009-05-21,197.5,197.5,197.5,197.5,0.0,-93.5199966,-93.5199966,-93.5199966,-93.5199966,0.0
2009-05-22,197.389999,197.389999,197.389999,197.389999,0.0,-89.9499969,-89.9499969,-89.9499969,-89.9499969,0.0
2009-05-26,207.75,207.75,207.75,207.75,0.0,7.19000006,7.19000006,7.19000006,7.19000006,0.0
2009-05-27,200.020004,200.020004,200.020004,200.020004,0.0,-73.3499985,-73.3499985,-73.3499985,-73.3499985,0.0
2009-05-28,204.949997,204.949997,204.949997,204.949997,0.0,-32.6100006,-32.6100006,-32.6100006,-32.6100006,0.0
2009-05-29,212.25,212.25,212.25,212.25,0.0,26.5400009,26.5400009,26.5400009,26.5400009,0.0
2009-06-01,221.809998,221.809998,221.809998,221.809998,0.0,106.809998,106.809998,106.809998,106.809998,0.0
2009-06-02,224.350006,224.350006,224.350006,224.350006,0.0,103.339996,103.339996,103.339996,103.339996,0.0
2009-06-03,217.360001,217.360001,217.360001,217.360001,0.0,3.38000011,3.38000011,3.38000011,3.38000011,0.0
2009-06-04,224.929993,224.929993,224.929993,224.929993,0.0,65.3000031,65.3000031,65.3000031,65.3000031,0.0
2009-06-05,223.619995,223.619995,223.619995,223.619995,0.0,33.7099991,33.7099991,33.7099991,33.7099991,0.0
2009-06-08,219.600006,219.600006,219.600006,219.600006,0.0,-29.2099991,-29.2099991,-29.2099991,-29.2099991,0.0
2009-06-09,221.860001,221.860001,221.860001,221.860001,0.0,-10.8599997,-10.8599997,-10.8599997,-10.8599997,0.0
2009-06-10,219.169998,219.169998,219.169998,219.169998,0.0,-39.8400002,-39.8400002,-39.8400002,-39.8400002,0.0
2009-06-11,221.600006,221.600006,221.600006,221.600006,0.0,-29.7800007,-29.7800007,-29.7800007,-29.7800007,0.0
2009-06-12,219.949997,219.949997,219.949997,219.949997,0.0,-55.3899994,-55.3899994,-55.3899994,-55.3899994,0.0
2009-06-15,208.880005,208.880005,208.880005,208.880005,0.0,-167.240005,-167.240005,-167.240005,-167.240005,0.0
2009-06-16,202.179993,202.179993,202.179993,202.179993,0.0,-226.979996,-226.979996,-226.979996,-226.979996,0.0
2009-06-17,201.410004,201.410004,201.410004,201.410004,0.0,-233.649994,-233.649994,-233.649994,-233.649994,0.0
2009-06-18,204.089996,204.089996,204.089996,204.089996,0.0,-185.970001,-185.970001,-185.970001,-185.970001,0.0
2009-06-19,207.399994,207.399994,207.399994,207.399994,0.0,-138.710007,-138.710007,-138.710007,-138.710007,0.0
2009-06-22,196.25,196.25,196.25,196.25,0.0,-243.990005,-243.990005,-243.990005,-243.990005,0.0
2009-06-23,195.360001,195.360001,195.360001,195.360001,0.0,-227.149994,-227.149994,-227.149994,-227.149994,0.0
2009-06-24,201.529999,201.529999,201.529999,201.529999,0.0,-135.270004,-135.270004,-135.270004,-135.270004,0.0
2009-06-25,211.559998,211.559998,211.559998,211.559998,0.0,-33.6199989,-33.6199989,-33.6199989,-33.6199989,0.0
2009-06-26,213.800003,213.800003,213.800003,213.800003,0.0,-12.3299999,-12.3299999,-12.3299999,-12.3299999,0.0
2009-06-29,217.679993,217.679993,217.679993,217.679993,0.0,18.2999992,18.2999992,18.2999992,18.2999992,0.0
2009-06-30,213.880005,213.880005,213.880005,213.880005,0.0,-14.1599998,-14.1599998,-14.1599998,-14.1599998,0.0
2009-07-01,221.029999,221.029999,221.029999,221.029999,0.0,50.5200005,50.5200005,50.5200005,50.5200005,0.0
2009-07-02,210.929993,210.929993,210.929993,210.929993,0.0,-54.8800011,-54.8800011,-54.8800011,-54.8800011,0.0
2009-07-06,208.630005,208.630005,208.630005,208.630005,0.0,-84.3399963,-84.3399963,-84.3399963,-84.3399963,0.0
2009-07-07,199.539993,199.539993,199.539993,199.539993,0.0,-165.059998,-165.059998,-165.059998,-165.059998,0.0
2009-07-08,195.360001,195.360001,195.360001,195.360001,0.0,-193.080002,-193.080002,-193.080002,-193.080002,0.0
2009-07-09,196.860001,196.860001,196.860001,196.860001,0.0,-140.210007,-140.210007,-140.210007,-140.210007,0.0
2009-07-10,196.059998,196.059998,196.059998,196.059998,0.0,-131.399994,-131.399994,-131.399994,-131.399994,0.0
2009-07-13,206.220001,206.220001,206.220001,206.220001,0.0,-19.8099995,-19.8099995,-19.8099995,-19.8099995,0.0
2009-07-14,211.759995,211.759995,211.759995,211.759995,0.0,37.4799995,37.4799995,37.4799995,37.4799995,0.0
2009-07-15,223.490005,223.490005,223.490005,223.490005,0.0,149.080002,149.080002,149.080002,149.080002,0.0
2009-07-16,229.800003,229.800003,229.800003,229.800003,0.0,181.119995,181.119995,181.119995,181.119995,0.0
2009-07-17,228.149994,228.149994,228.149994,228.149994,0.0,151.429993,151.429993,151.429993,151.429993,0.0
2009-07-20,236.610001,236.610001,236.610001,236.610001,0.0,200.899994,200.899994,200.899994,200.899994,0.0
2009-07-21,237.199997,237.199997,237.199997,237.199997,0.0,172.029999,172.029999,172.029999,172.029999,0.0
2009-07-22,238.929993,238.929993,238.929993,238.929993,0.0,157.419998,157.419998,157.419998,157.419998,0.0
2009-07-23,249.070007,249.070007,249.070007,249.070007,0.0,231.600006,231.600006,231.600006,231.600006,0.0
2009-07-24,252.800003,252.800003,252.800003,252.800003,0.0,222.169998,222.169998,222.169998,222.169998,0.0
2009-07-27,255.679993,255.679993,255.679993,255.679993,0.0,223.440002,223.440002,223.440002,223.440002,0.0
2009-07-28,253.820007,253.820007,253.820007,253.820007,0.0,165.779999,165.779999,165.779999,165.779999,0.0
2009-07-29,249.179993,249.179993,249.179993,249.179993,0.0,98.4899979,98.4899979,98.4899979,98.4899979,0.0
2009-07-30,257.649994,257.649994,257.649994,257.649994,0.0,157.729996,157.729996,157.729996,157.729996,0.0
2009-07-31,260.309998,260.309998,260.309998,260.309998,0.0,154.940002,154.940002,154.940002,154.940002,0.0
2009-08-03,269.730011,269.730011,269.730011,269.730011,0.0,216.309998,216.309998,216.309998,216.309998,0.0
2009-08-04,272.829987,272.829987,272.829987,272.829987,0.0,199.179993,199.179993,199.179993,199.179993,0.0
2009-08-05,270.429993,270.429993,270.429993,270.429993,0.0,140.009995,140.009995,140.009995,140.009995,0.0
2009-08-06,265.390015,265.390015,265.390015,265.390015,0.0,62.5200005,62.5200005,62.5200005,62.5200005,0.0
2009-08-07,274.179993,274.179993,274.179993,274.179993,0.0,118.849998,118.849998,118.849998,118.849998,0.0
2009-08-10,272.170013,272.170013,272.170013,272.170013,0.0,73.4100037,73.4100037,73.4100037,73.4100037,0.0
2009-08-11,264.850006,264.850006,264.850006,264.850006,0.0,-27.8700008,-27.8700008,-27.8700008,-27.8700008,0.0
2009-08-12,271.230011,271.230011,271.230011,271.230011,0.0,13.6300001,13.6300001,13.6300001,13.6300001,0.0
2009-08-13,275.059998,275.059998,275.059998,275.059998,0.0,39.3600006,39.3600006,39.3600006,39.3600006,0.0
2009-08-14,267.130005,267.130005,267.130005,267.130005,0.0,-52.4000015,-52.4000015,-52.4000015,-52.4000015,0.0
2009-08-17,256.01001,256.01001,256.01001,256.01001,0.0,-182.740005,-182.740005,-182.740005,-182.740005,0.0
2009-08-18,264.950012,264.950012,264.950012,264.950012,0.0,-87.9800034,-87.9800034,-87.9800034,-87.9800034,0.0
2009-08-19,268.839996,268.839996,268.839996,268.839996,0.0,-62.6599998,-62.6599998,-62.6599998,-62.6599998,0.0
2009-08-20,276.640015,276.640015,276.640015,276.640015,0.0,-3.16000009,-3.16000009,-3.16000009,-3.16000009,0.0
2009-08-21,286.890015,286.890015,286.890015,286.890015,0.0,75.5999985,75.5999985,75.5999985,75.5999985,0.0
2009-08-24,285.850006,285.850006,285.850006,285.850006,0.0,46.4799995,46.4799995,46.4799995,46.4799995,0.0
2009-08-25,289.109985,289.109985,289.109985,289.109985,0.0,56.6699982,56.6699982,56.6699982,56.6699982,0.0
2009-08-26,288.149994,288.149994,288.149994,288.149994,0.0,25.0699997,25.0699997,25.0699997,25.0699997,0.0
2009-08-27,288.970001,288.970001,288.970001,288.970001,0.0,4.03999996,4.03999996,4.03999996,4.03999996,0.0
2009-08-28,287.869995,287.869995,287.869995,287.869995,0.0,-15.4799995,-15.4799995,-15.4799995,-15.4799995,0.0
2009-08-31,280.959991,280.959991,280.959991,280.959991,0.0,-105.959999,-105.959999,-105.959999,-105.959999,0.0
2009-09-01,271.5,271.5,271.5,271.5,0.0,-208.410004,-208.410004,-208.410004,-208.410004,0.0
2009-09-02,267.910004,267.910004,267.910004,267.910004,0.0,-229.970001,-229.970001,-229.970001,-229.970001,0.0
2009-09-03,276.01001,276.01001,276.01001,276.01001,0.0,-130.949997,-130.949997,-130.949997,-130.949997,0.0
2009-09-04,285.380005,285.380005,285.380005,285.380005,0.0,-33.7099991,-33.7099991,-33.7099991,-33.7099991,0.0
2009-09-08,292.769989,292.769989,292.769989,292.769989,0.0,29.3500004,29.3500004,29.3500004,29.3500004,0.0
2009-09-09,298.619995,298.619995,298.619995,298.619995,0.0,75.5800018,75.5800018,75.5800018,75.5800018,0.0
2009-09-10,305.570007,305.570007,305.570007,305.570007,0.0,125.400002,125.400002,125.400002,125.400002,0.0
2009-09-11,305.51001,305.51001,305.51001,305.51001,0.0,91.3300018,91.3300018,91.3300018,91.3300018,0.0
2009-09-14,310.5,310.5,310.5,310.5,0.0,110.970001,110.970001,110.970001,110.970001,0.0
2009-09-15,315.779999,315.779999,315.779999,315.779999,0.0,140.600006,140.600006,140.600006,140.600006,0.0
2009-09-16,325.690002,325.690002,325.690002,325.690002,0.0,201.520004,201.520004,201.520004,201.520004,0.0
2009-09-17,323.040009,323.040009,323.040009,323.040009,0.0,132.360001,132.360001,132.360001,132.360001,0.0
2009-09-18,325.200012,325.200012,325.200012,325.200012,0.0,114.709999,114.709999,114.709999,114.709999,0.0
2009-09-21,319.820007,319.820007,319.820007,319.820007,0.0,29.1900005,29.1900005,29.1900005,29.1900005,0.0
2009-09-22,325.079987,325.079987,325.079987,325.079987,0.0,65.5599976,65.5599976,65.5599976,65.5599976,0.0
2009-09-23,318.959991,318.959991,318.959991,318.959991,0.0,-9.72000027,-9.72000027,-9.72000027,-9.72000027,0.0
2009-09-24,310.179993,310.179993,310.179993,310.179993,0.0,-111.959999,-111.959999,-111.959999,-111.959999,0.0
2009-09-25,306.920013,306.920013,306.920013,306.920013,0.0,-131.550003,-131.550003,-131.550003,-131.550003,0.0
2009-09-28,317.100006,317.100006,317.100006,317.100006,0.0,-45.1300011,-45.1300011,-45.1300011,-45.1300011,0.0
2009-09-29,316.559998,316.559998,316.559998,316.559998,0.0,-65.2900009,-65.2900009,-65.2900009,-65.2900009,0.0
2009-09-30,313.709991,313.709991,313.709991,313.709991,0.0,-100.07,-100.07,-100.07,-100.07,0.0
2009-10-01,302.619995,302.619995,302.619995,302.619995,0.0,-207.809998,-207.809998,-207.809998,-207.809998,0.0
2009-10-02,297.640015,297.640015,297.640015,297.640015,0.0,-245.75,-245.75,-245.75,-245.75,0.0
2009-10-05,307.299988,307.299988,307.299988,307.299988,0.0,-126.110001,-126.110001,-126.110001,-126.110001,0.0
2009-10-06,316.339996,316.339996,316.339996,316.339996,0.0,-34.4799995,-34.4799995,-34.4799995,-34.4799995,0.0
2009-10-07,317.049988,317.049988,317.049988,317.049988,0.0,-37.9300003,-37.9300003,-37.9300003,-37.9300003,0.0
2009-10-08,324.309998,324.309998,324.309998,324.309998,0.0,19.7199993,19.7199993,19.7199993,19.7199993,0.0
2009-10-09,328.309998,328.309998,328.309998,328.309998,0.0,31.3799992,31.3799992,31.3799992,31.3799992,0.0
2009-10-12,329.529999,329.529999,329.529999,329.529999,0.0,24.8500004,24.8500004,24.8500004,24.8500004,0.0
2009-10-13,327.01001,327.01001,327.01001,327.01001,0.0,-20.5499992,-20.5499992,-20.5499992,-20.5499992,0.0
2009-10-14,335.01001,335.01001,335.01001,335.01001,0.0,42.1599998,42.1599998,42.1599998,42.1599998,0.0
2009-10-15,334.940002,334.940002,334.940002,334.940002,0.0,19.7999992,19.7999992,19.7999992,19.7999992,0.0
2009-10-16,329.959991,329.959991,329.959991,329.959991,0.0,-46.7000008,-46.7000008,-46.7000008,-46.7000008,0.0
2009-10-19,338.339996,338.339996,338.339996,338.339996,0.0,18.2700005,18.2700005,18.2700005,18.2700005,0.0
2009-10-20,332.649994,332.649994,332.649994,332.649994,0.0,-50.8100014,-50.8100014,-50.8100014,-50.8100014,0.0
2009-10-21,326.839996,326.839996,326.839996,326.839996,0.0,-110.870003,-110.870003,-110.870003,-110.870003,0.0
2009-10-22,333.269989,333.269989,333.269989,333.269989,0.0,-58.3699989,-58.3699989,-58.3699989,-58.3699989,0.0
2009-10-23,324.950012,324.950012,324.950012,324.950012,0.0,-143.679993,-143.679993,-143.679993,-143.679993,0.0
2009-10-26,317.290009,317.290009,317.290009,317.290009,0.0,-215.979996,-215.979996,-215.979996,-215.979996,0.0
2009-10-27,312.679993,312.679993,312.679993,312.679993,0.0,-242.580002,-242.580002,-242.580002,-242.580002,0.0
2009-10-28,301.070007,301.070007,301.070007,301.070007,0.0,-344.649994,-344.649994,-344.649994,-344.649994,0.0
2009-10-29,311.179993,311.179993,311.179993,311.179993,0.0,-208.389999,-208.389999,-208.389999,-208.389999,0.0
2009-10-30,299.980011,299.980011,299.980011,299.980011,0.0,-302.76001,-302.76001,-302.76001,-302.76001,0.0
2009-11-02,302.709991,302.709991,302.709991,302.709991,0.0,-258.670013,-258.670013,-258.670013,-258.670013,0.0
2009-11-03,307.540009,307.540009,307.540009,307.540009,0.0,-193.410004,-193.410004,-193.410004,-193.410004,0.0
2009-11-04,307.01001,307.01001,307.01001,307.01001,0.0,-156.100006,-156.100006,-156.100006,-156.100006,0.0
2009-11-05,317.089996,317.089996,317.089996,317.089996,0.0,-45.3800011,-45.3800011,-45.3800011,-45.3800011,0.0
2009-11-06,316.589996,316.589996,316.589996,316.589996,0.0,-38.8300018,-38.8300018,-38.8300018,-38.8300018,0.0
2009-11-09,326.859985,326.859985,326.859985,326.859985,0.0,62.6100006,62.6100006,62.6100006,62.6100006,0.0
2009-11-10,323.48999,323.48999,323.48999,323.48999,0.0,15.6099997,15.6099997,15.6099997,15.6099997,0.0
2009-11-11,327.480011,327.480011,327.480011,327.480011,0.0,44.3300018,44.3300018,44.3300018,44.3300018,0.0
2009-11-12,317.079987,317.079987,317.079987,317.079987,0.0,-57.5099983,-57.5099983,-57.5099983,-57.5099983,0.0
2009-11-13,324.209991,324.209991,324.209991,324.209991,0.0,13.54,13.54,13.54,13.54,0.0
2009-11-16,334.75,334.75,334.75,334.75,0.0,101.129997,101.129997,101.129997,101.129997,0.0
2009-11-17,333.429993,333.429993,333.429993,333.429993,0.0,66.8499985,66.8499985,66.8499985,66.8499985,0.0
2009-11-18,331.429993,331.429993,331.429993,331.429993,0.0,38.0900002,38.0900002,38.0900002,38.0900002,0.0
2009-11-19,321.75,321.75,321.75,321.75,0.0,-70.4700012,-70.4700012,-70.4700012,-70.4700012,0.0
2009-11-20,319.079987,319.079987,319.079987,319.079987,0.0,-91.4100037,-91.4100037,-91.4100037,-91.4100037,0.0
2009-11-23,327.839996,327.839996,327.839996,327.839996,0.0,3.46000004,3.46000004,3.46000004,3.46000004,0.0
2009-11-24,326.320007,326.320007,326.320007,326.320007,0.0,-18.8600006,-18.8600006,-18.8600006,-18.8600006,0.0
2009-11-25,330.75,330.75,330.75,330.75,0.0,29.9699993,29.9699993,29.9699993,29.9699993,0.0
2009-11-27,320.170013,320.170013,320.170013,320.170013,0.0,-86.5599976,-86.5599976,-86.5599976,-86.5599976,0.0
2009-11-30,321.929993,321.929993,321.929993,321.929993,0.0,-54.0400009,-54.0400009,-54.0400009,-54.0400009,0.0
2009-12-01,331.220001,331.220001,331.220001,331.220001,0.0,39.7099991,39.7099991,39.7099991,39.7099991,0.0
2009-12-02,335.51001,335.51001,335.51001,335.51001,0.0,72.8799973,72.8799973,72.8799973,72.8799973,0.0
2009-12-03,328.920013,328.920013,328.920013,328.920013,0.0,13.8800001,13.8800001,13.8800001,13.8800001,0.0
2009-12-04,335.48999,335.48999,335.48999,335.48999,0.0,70.7699966,70.7699966,70.7699966,70.7699966,0.0
2009-12-07,335.170013,335.170013,335.170013,335.170013,0.0,66.0599976,66.0599976,66.0599976,66.0599976,0.0
2009-12-08,328.790009,328.790009,328.790009,328.790009,0.0,-9.86999989,-9.86999989,-9.86999989,-9.86999989,0.0
2009-12-09,329.609985,329.609985,329.609985,329.609985,0.0,-0.829999983,-0.829999983,-0.829999983,-0.829999983,0.0
2009-12-10,331.970001,331.970001,331.970001,331.970001,0.0,25.2999992,25.2999992,25.2999992,25.2999992,0.0
2009-12-11,336.809998,336.809998,336.809998,336.809998,0.0,54.5999985,54.5999985,54.5999985,54.5999985,0.0
2009-12-14,344.850006,344.850006,344.850006,344.850006,0.0,109.900002,109.900002,109.900002,109.900002,0.0
2009-12-15,340.540009,340.540009,340.540009,340.540009,0.0,52.9900017,52.9900017,52.9900017,52.9900017,0.0
2009-12-16,344.679993,344.679993,344.679993,344.679993,0.0,81.3300018,81.3300018,81.3300018,81.3300018,0.0
2009-12-17,336.799988,336.799988,336.799988,336.799988,0.0,-4.42000008,-4.42000008,-4.42000008,-4.42000008,0.0
2009-12-18,339.609985,339.609985,339.609985,339.609985,0.0,15.4399996,15.4399996,15.4399996,15.4399996,0.0
2009-12-21,345.839996,345.839996,345.839996,345.839996,0.0,69.3300018,69.3300018,69.3300018,69.3300018,0.0
2009-12-22,350.079987,350.079987,350.079987,350.079987,0.0,90.0899963,90.0899963,90.0899963,90.0899963,0.0
2009-12-23,356.100006,356.100006,356.100006,356.100006,0.0,135.809998,135.809998,135.809998,135.809998,0.0
2009-12-24,363.299988,363.299988,363.299988,363.299988,0.0,176.770004,176.770004,176.770004,176.770004,0.0
2009-12-28,363.079987,363.079987,363.079987,363.079987,0.0,141.490005,141.490005,141.490005,141.490005,0.0
2009-12-29,361.850006,361.850006,361.850006,361.850006,0.0,96.9400024,96.9400024,96.9400024,96.9400024,0.0
2009-12-30,359.779999,359.779999,359.779999,359.779999,0.0,53.5600014,53.5600014,53.5600014,53.5600014,0.0
2009-12-31,353.149994,353.149994,353.149994,353.149994,0.0,-12.25,-12.25,-12.25,-12.25,0.0
2010-01-04,362.26001,362.26001,362.26001,362.26001,0.0,70.4700012,70.4700012,70.4700012,70.4700012,0.0
2010-01-05,363.829987,363.829987,363.829987,363.829987,0.0,79.6100006,79.6100006,79.6100006,79.6100006,0.0
2010-01-06,365.820007,365.820007,365.820007,365.820007,0.0,86.1900024,86.1900024,86.1900024,86.1900024,0.0
2010-01-07,368.940002,368.940002,368.940002,368.940002,0.0,94.3799973,94.3799973,94.3799973,94.3799973,0.0
2010-01-08,371.839996,371.839996,371.839996,371.839996,0.0,99.5,99.5,99.5,99.5,0.0
2010-01-11,373.480011,373.480011,373.480011,373.480011,0.0,96.8799973,96.8799973,96.8799973,96.8799973,0.0
2010-01-12,365.890015,365.890015,365.890015,365.890015,0.0,2.05999994,2.05999994,2.05999994,2.05999994,0.0
2010-01-13,373.029999,373.029999,373.029999,373.029999,0.0,49.1100006,49.1100006,49.1100006,49.1100006,0.0
2010-01-14,374.679993,374.679993,374.679993,374.679993,0.0,47.6199989,47.6199989,47.6199989,47.6199989,0.0
2010-01-15,367.019989,367.019989,367.019989,367.019989,0.0,-33.5400009,-33.5400009,-33.5400009,-33.5400009,0.0
2010-01-19,376.290009,376.290009,376.290009,376.290009,0.0,38.0299988,38.0299988,38.0299988,38.0299988,0.0
2010-01-20,368.170013,368.170013,368.170013,368.170013,0.0,-54.2099991,-54.2099991,-54.2099991,-54.2099991,0.0
2010-01-21,359.079987,359.079987,359.079987,359.079987,0.0,-150.649994,-150.649994,-150.649994,-150.649994,0.0
2010-01-22,349.670013,349.670013,349.670013,349.670013,0.0,-241.520004,-241.520004,-241.520004,-241.520004,0.0
2010-01-25,352.450012,352.450012,352.450012,352.450012,0.0,-197.270004,-197.270004,-197.270004,-197.270004,0.0
2010-01-26,347.179993,347.179993,347.179993,347.179993,0.0,-219.220001,-219.220001,-219.220001,-219.220001,0.0
2010-01-27,348.399994,348.399994,348.399994,348.399994,0.0,-201.279999,-201.279999,-201.279999,-201.279999,0.0
2010-01-28,340.059998,340.059998,340.059998,340.059998,0.0,-254.889999,-254.889999,-254.889999,-254.889999,0.0
2010-01-29,334.040009,334.040009,334.040009,334.040009,0.0,-281.679993,-281.679993,-281.679993,-281.679993,0.0
2010-02-01,342.450012,342.450012,342.450012,342.450012,0.0,-157.470001,-157.470001,-157.470001,-157.470001,0.0
2010-02-02,350.109985,350.109985,350.109985,350.109985,0.0,-59.6800003,-59.6800003,-59.6800003,-59.6800003,0.0
2010-02-03,345.589996,345.589996,345.589996,345.589996,0.0,-93.2900009,-93.2900009,-93.2900009,-93.2900009,0.0
2010-02-04,333.329987,333.329987,333.329987,333.329987,0.0,-211.350006,-211.350006,-211.350006,-211.350006,0.0
2010-02-05,332.600006,332.600006,332.600006,332.600006,0.0,-210.100006,-210.100006,-210.100006,-210.100006,0.0
2010-02-08,327.350006,327.350006,327.350006,327.350006,0.0,-222.190002,-222.190002,-222.190002,-222.190002,0.0
2010-02-09,335.869995,335.869995,335.869995,335.869995,0.0,-108.099998,-108.099998,-108.099998,-108.099998,0.0
2010-02-10,334.359985,334.359985,334.359985,334.359985,0.0,-105.860001,-105.860001,-105.860001,-105.860001,0.0
2010-02-11,343.100006,343.100006,343.100006,343.100006,0.0,-10.7700005,-10.7700005,-10.7700005,-10.7700005,0.0
2010-02-12,344.73999,344.73999,344.73999,344.73999,0.0,2.17000008,2.17000008,2.17000008,2.17000008,0.0
2010-02-16,354.859985,354.859985,354.859985,354.859985,0.0,99.9300003,99.9300003,99.9300003,99.9300003,0.0
2010-02-17,359.0,359.0,359.0,359.0,0.0,131.110001,131.110001,131.110001,131.110001,0.0
2010-02-18,364.290009,364.290009,364.290009,364.290009,0.0,169.279999,169.279999,169.279999,169.279999,0.0
2010-02-19,367.109985,367.109985,367.109985,367.109985,0.0,165.429993,165.429993,165.429993,165.429993,0.0
2010-02-22,366.329987,366.329987,366.329987,366.329987,0.0,137.509995,137.509995,137.509995,137.509995,0.0
2010-02-23,358.75,358.75,358.75,358.75,0.0,55.5499992,55.5499992,55.5499992,55.5499992,0.0
2010-02-24,365.440002,365.440002,365.440002,365.440002,0.0,106.900002,106.900002,106.900002,106.900002,0.0
2010-02-25,365.660004,365.660004,365.660004,365.660004,0.0,86.8899994,86.8899994,86.8899994,86.8899994,0.0
2010-02-26,367.049988,367.049988,367.049988,367.049988,0.0,94.4499969,94.4499969,94.4499969,94.4499969,0.0
2010-03-01,376.450012,376.450012,376.450012,376.450012,0.0,163.119995,163.119995,163.119995,163.119995,0.0
2010-03-02,382.070007,382.070007,382.070007,382.070007,0.0,192.529999,192.529999,192.529999,192.529999,0.0
2010-03-03,383.049988,383.049988,383.049988,383.049988,0.0,171.300003,171.300003,171.300003,171.300003,0.0
2010-03-04,385.26001,385.26001,385.26001,385.26001,0.0,159.470001,159.470001,159.470001,159.470001,0.0
2010-03-05,396.190002,396.190002,396.190002,396.190002,0.0,229.759995,229.759995,229.759995,229.759995,0.0
2010-03-08,397.519989,397.519989,397.519989,397.519989,0.0,210.089996,210.089996,210.089996,210.089996,0.0
2010-03-09,399.070007,399.070007,399.070007,399.070007,0.0,185.490005,185.490005,185.490005,185.490005,0.0
2010-03-10,403.910004,403.910004,403.910004,403.910004,0.0,196.339996,196.339996,196.339996,196.339996,0.0
2010-03-11,406.200012,406.200012,406.200012,406.200012,0.0,163.889999,163.889999,163.889999,163.889999,0.0
2010-03-12,406.98999,406.98999,406.98999,406.98999,0.0,140.259995,140.259995,140.259995,140.259995,0.0
2010-03-15,404.709991,404.709991,404.709991,404.709991,0.0,80.8300018,80.8300018,80.8300018,80.8300018,0.0
2010-03-16,412.25,412.25,412.25,412.25,0.0,121.669998,121.669998,121.669998,121.669998,0.0
2010-03-17,417.859985,417.859985,417.859985,417.859985,0.0,151.220001,151.220001,151.220001,151.220001,0.0
2010-03-18,415.529999,415.529999,415.529999,415.529999,0.0,84.1500015,84.1500015,84.1500015,84.1500015,0.0
2010-03-19,409.660004,409.660004,409.660004,409.660004,0.0,-10.4200001,-10.4200001,-10.4200001,-10.4200001,0.0
2010-03-22,415.540009,415.540009,415.540009,415.540009,0.0,21.75,21.75,21.75,21.75,0.0
2010-03-23,422.5,422.5,422.5,422.5,0.0,73.6200027,73.6200027,73.6200027,73.6200027,0.0
2010-03-24,416.600006,416.600006,416.600006,416.600006,0.0,-7.0,-7.0,-7.0,-7.0,0.0
2010-03-25,413.790009,413.790009,413.790009,413.790009,0.0,-50.7400017,-50.7400017,-50.7400017,-50.7400017,0.0
2010-03-26,414.73999,414.73999,414.73999,414.73999,0.0,-60.1199989,-60.1199989,-60.1199989,-60.1199989,0.0
2010-03-29,420.869995,420.869995,420.869995,420.869995,0.0,-15.4499998,-15.4499998,-15.4499998,-15.4499998,0.0
2010-03-30,421.440002,421.440002,421.440002,421.440002,0.0,-31.4400005,-31.4400005,-31.4400005,-31.4400005,0.0
2010-03-31,417.839996,417.839996,417.839996,417.839996,0.0,-74.0100021,-74.0100021,-74.0100021,-74.0100021,0.0
2010-04-01,425.679993,425.679993,425.679993,425.679993,0.0,-5.25,-5.25,-5.25,-5.25,0.0
2010-04-05,434.320007,434.320007,434.320007,434.320007,0.0,54.0099983,54.0099983,54.0099983,54.0099983,0.0
2010-04-06,436.880005,436.880005,436.880005,436.880005,0.0,50.8199997,50.8199997,50.8199997,50.8199997,0.0
2010-04-07,432.660004,432.660004,432.660004,432.660004,0.0,-18.6599998,-18.6599998,-18.6599998,-18.6599998,0.0
2010-04-08,433.130005,433.130005,433.130005,433.130005,0.0,-29.0100002,-29.0100002,-29.0100002,-29.0100002,0.0
2010-04-09,438.910004,438.910004,438.910004,438.910004,0.0,14.96,14.96,14.96,14.96,0.0
2010-04-12,440.410004,440.410004,440.410004,440.410004,0.0,15.4799995,15.4799995,15.4799995,15.4799995,0.0
2010-04-13,440.25,440.25,440.25,440.25,0.0,-11.1400003,-11.1400003,-11.1400003,-11.1400003,0.0
2010-04-14,448.790009,448.790009,448.790009,448.790009,0.0,56.4199982,56.4199982,56.4199982,56.4199982,0.0
2010-04-15,447.98999,447.98999,447.98999,447.98999,0.0,26.0699997,26.0699997,26.0699997,26.0699997,0.0
2010-04-16,438.589996,438.589996,438.589996,438.589996,0.0,-88.1600037,-88.1600037,-88.1600037,-88.1600037,0.0
2010-04-19,437.440002,437.440002,437.440002,437.440002,0.0,-113.839996,-113.839996,-113.839996,-113.839996,0.0
2010-04-20,446.940002,446.940002,446.940002,446.940002,0.0,-18.5499992,-18.5499992,-18.5499992,-18.5499992,0.0
2010-04-21,449.190002,449.190002,449.190002,449.190002,0.0,-11.7200003,-11.7200003,-11.7200003,-11.7200003,0.0
2010-04-22,454.790009,454.790009,454.790009,454.790009,0.0,17.3899994,17.3899994,17.3899994,17.3899994,0.0
2010-04-23,461.899994,461.899994,461.899994,461.899994,0.0,62.9500008,62.9500008,62.9500008,62.9500008,0.0
2010-04-26,460.880005,460.880005,460.880005,460.880005,0.0,26.8700008,26.8700008,26.8700008,26.8700008,0.0
2010-04-27,450.119995,450.119995,450.119995,450.119995,0.0,-100.360001,-100.360001,-100.360001,-100.360001,0.0
2010-04-28,453.929993,453.929993,453.929993,453.929993,0.0,-77.1900024,-77.1900024,-77.1900024,-77.1900024,0.0
2010-04-29,462.450012,462.450012,462.450012,462.450012,0.0,-1.69000006,-1.69000006,-1.69000006,-1.69000006,0.0
2010-04-30,453.600006,453.600006,453.600006,453.600006,0.0,-97.1500015,-97.1500015,-97.1500015,-97.1500015,0.0
2010-05-03,462.910004,462.910004,462.910004,462.910004,0.0,-15.4399996,-15.4399996,-15.4399996,-15.4399996,0.0
2010-05-04,451.859985,451.859985,451.859985,451.859985,0.0,-139.889999,-139.889999,-139.889999,-139.889999,0.0
2010-05-05,443.209991,443.209991,443.209991,443.209991,0.0,-227.330002,-227.330002,-227.330002,-227.330002,0.0
2010-05-06,430.640015,430.640015,430.640015,430.640015,0.0,-345.279999,-345.279999,-345.279999,-345.279999,0.0
2010-05-07,422.600006,422.600006,422.600006,422.600006,0.0,-376.359985,-376.359985,-376.359985,-376.359985,0.0
2010-05-10,435.630005,435.630005,435.630005,435.630005,0.0,-191.229996,-191.229996,-191.229996,-191.229996,0.0
2010-05-11,437.070007,437.070007,437.070007,437.070007,0.0,-158.509995,-158.509995,-158.509995,-158.509995,0.0
2010-05-12,447.160004,447.160004,447.160004,447.160004,0.0,-42.7000008,-42.7000008,-42.7000008,-42.7000008,0.0
2010-05-13,441.410004,441.410004,441.410004,441.410004,0.0,-96.0599976,-96.0599976,-96.0599976,-96.0599976,0.0
2010-05-14,429.76001,429.76001,429.76001,429.76001,0.0,-204.770004,-204.770004,-204.770004,-204.770004,0.0
2010-05-17,428.359985,428.359985,428.359985,428.359985,0.0,-209.949997,-209.949997,-209.949997,-209.949997,0.0
2010-05-18,419.290009,419.290009,419.290009,419.290009,0.0,-269.220001,-269.220001,-269.220001,-269.220001,0.0
2010-05-19,411.029999,411.029999,411.029999,411.029999,0.0,-320.269989,-320.269989,-320.269989,-320.269989,0.0
2010-05-20,397.799988,397.799988,397.799988,397.799988,0.0,-420.109985,-420.109985,-420.109985,-420.109985,0.0
2010-05-21,406.890015,406.890015,406.890015,406.890015,0.0,-275.730011,-275.730011,-275.730011,-275.730011,0.0
2010-05-24,400.839996,400.839996,400.839996,400.839996,0.0,-270.369995,-270.369995,-270.369995,-270.369995,0.0
2010-05-25,398.23999,398.23999,398.23999,398.23999,0.0,-276.23999,-276.23999,-276.23999,-276.23999,0.0
2010-05-26,399.940002,399.940002,399.940002,399.940002,0.0,-195.990005,-195.990005,-195.990005,-195.990005,0.0
2010-05-27,412.799988,412.799988,412.799988,412.799988,0.0,-34.3600006,-34.3600006,-34.3600006,-34.3600006,0.0
2010-05-28,405.279999,405.279999,405.279999,405.279999,0.0,-77.9400024,-77.9400024,-77.9400024,-77.9400024,0.0
2010-06-01,395.459991,395.459991,395.459991,395.459991,0.0,-145.179993,-145.179993,-145.179993,-145.179993,0.0
2010-06-02,406.559998,406.559998,406.559998,406.559998,0.0,-17.1599998,-17.1599998,-17.1599998,-17.1599998,0.0
2010-06-03,410.450012,410.450012,410.450012,410.450012,0.0,33.0999985,33.0999985,33.0999985,33.0999985,0.0
2010-06-04,397.959991,397.959991,397.959991,397.959991,0.0,-90.8000031,-90.8000031,-90.8000031,-90.8000031,0.0
2010-06-07,389.859985,389.859985,389.859985,389.859985,0.0,-141.899994,-141.899994,-141.899994,-141.899994,0.0
2010-06-08,394.570007,394.570007,394.570007,394.570007,0.0,-84.7399979,-84.7399979,-84.7399979,-84.7399979,0.0
2010-06-09,394.119995,394.119995,394.119995,394.119995,0.0,-62.9799995,-62.9799995,-62.9799995,-62.9799995,0.0
2010-06-10,406.149994,406.149994,406.149994,406.149994,0.0,67.1100006,67.1100006,67.1100006,67.1100006,0.0
2010-06-11,412.089996,412.089996,412.089996,412.089996,0.0,120.339996,120.339996,120.339996,120.339996,0.0
2010-06-14,414.850006,414.850006,414.850006,414.850006,0.0,144.5,144.5,144.5,144.5,0.0
2010-06-15,425.869995,425.869995,425.869995,425.869995,0.0,236.940002,236.940002,236.940002,236.940002,0.0
2010-06-16,423.089996,423.089996,423.089996,423.089996,0.0,175.570007,175.570007,175.570007,175.570007,0.0
2010-06-17,422.790009,422.790009,422.790009,422.790009,0.0,151.139999,151.139999,151.139999,151.139999,0.0
2010-06-18,423.890015,423.890015,423.890015,423.890015,0.0,148.910004,148.910004,148.910004,148.910004,0.0
2010-06-21,420.01001,420.01001,420.01001,420.01001,0.0,103.489998,103.489998,103.489998,103.489998,0.0
2010-06-22,409.559998,409.559998,409.559998,409.559998,0.0,0.25999999,0.25999999,0.25999999,0.25999999,0.0
2010-06-23,408.220001,408.220001,408.220001,408.220001,0.0,-7.11999989,-7.11999989,-7.11999989,-7.11999989,0.0
2010-06-24,399.049988,399.049988,399.049988,399.049988,0.0,-88.8499985,-88.8499985,-88.8499985,-88.8499985,0.0
2010-06-25,406.429993,406.429993,406.429993,406.429993,0.0,-1.13,-1.13,-1.13,-1.13,0.0
2010-06-28,403.929993,403.929993,403.929993,403.929993,0.0,-14.4300003,-14.4300003,-14.4300003,-14.4300003,0.0
2010-06-29,391.059998,391.059998,391.059998,391.059998,0.0,-138.860001,-138.860001,-138.860001,-138.860001,0.0
2010-06-30,385.600006,385.600006,385.600006,385.600006,0.0,-155.309998,-155.309998,-155.309998,-155.309998,0.0
2010-07-01,382.299988,382.299988,382.299988,382.299988,0.0,-163.240005,-163.240005,-163.240005,-163.240005,0.0
2010-07-02,377.790009,377.790009,377.790009,377.790009,0.0,-163.570007,-163.570007,-163.570007,-163.570007,0.0
2010-07-06,376.820007,376.820007,376.820007,376.820007,0.0,-136.779999,-136.779999,-136.779999,-136.779999,0.0
2010-07-07,388.429993,388.429993,388.429993,388.429993,0.0,0.409999996,0.409999996,0.409999996,0.409999996,0.0
2010-07-08,396.329987,396.329987,396.329987,396.329987,0.0,86.7600021,86.7600021,86.7600021,86.7600021,0.0
2010-07-09,405.630005,405.630005,405.630005,405.630005,0.0,165.649994,165.649994,165.649994,165.649994,0.0
2010-07-12,400.290009,400.290009,400.290009,400.290009,0.0,103.279999,103.279999,103.279999,103.279999,0.0
2010-07-13,410.730011,410.730011,410.730011,410.730011,0.0,197.210007,197.210007,197.210007,197.210007,0.0
2010-07-14,408.200012,408.200012,408.200012,408.200012,0.0,153.729996,153.729996,153.729996,153.729996,0.0
2010-07-15,405.850006,405.850006,405.850006,405.850006,0.0,131.389999,131.389999,131.389999,131.389999,0.0
2010-07-16,394.940002,394.940002,394.940002,394.940002,0.0,22.6599998,22.6599998,22.6599998,22.6599998,0.0
2010-07-19,399.869995,399.869995,399.869995,399.869995,0.0,67.5400009,67.5400009,67.5400009,67.5400009,0.0
2010-07-20,409.679993,409.679993,409.679993,409.679993,0.0,152.320007,152.320007,152.320007,152.320007,0.0
2010-07-21,402.279999,402.279999,402.279999,402.279999,0.0,76.7300034,76.7300034,76.7300034,76.7300034,0.0
2010-07-22,414.160004,414.160004,414.160004,414.160004,0.0,177.399994,177.399994,177.399994,177.399994,0.0
2010-07-23,423.790009,423.790009,423.790009,423.790009,0.0,242.949997,242.949997,242.949997,242.949997,0.0
2010-07-26,433.160004,433.160004,433.160004,433.160004,0.0,297.809998,297.809998,297.809998,297.809998,0.0
2010-07-27,430.480011,430.480011,430.480011,430.480011,0.0,233.509995,233.509995,233.509995,233.509995,0.0
2010-07-28,423.359985,423.359985,423.359985,423.359985,0.0,139.009995,139.009995,139.009995,139.009995,0.0
2010-07-29,422.670013,422.670013,422.670013,422.670013,0.0,121.360001,121.360001,121.360001,121.360001,0.0
2010-07-30,425.410004,425.410004,425.410004,425.410004,0.0,123.290001,123.290001,123.290001,123.290001,0.0
2010-08-02,436.040009,436.040009,436.040009,436.040009,0.0,205.610001,205.610001,205.610001,205.610001,0.0
2010-08-03,431.130005,431.130005,431.130005,431.130005,0.0,133.460007,133.460007,133.460007,133.460007,0.0
2010-08-04,438.220001,438.220001,438.220001,438.220001,0.0,178.619995,178.619995,178.619995,178.619995,0.0
2010-08-05,434.720001,434.720001,434.720001,434.720001,0.0,119.169998,119.169998,119.169998,119.169998,0.0
2010-08-06,432.51001,432.51001,432.51001,432.51001,0.0,80.0199966,80.0199966,80.0199966,80.0199966,0.0
2010-08-09,440.029999,440.029999,440.029999,440.029999,0.0,126.279999,126.279999,126.279999,126.279999,0.0
2010-08-10,431.529999,431.529999,431.529999,431.529999,0.0,25.6599998,25.6599998,25.6599998,25.6599998,0.0
2010-08-11,419.01001,419.01001,419.01001,419.01001,0.0,-107.330002,-107.330002,-107.330002,-107.330002,0.0
2010-08-12,415.470001,415.470001,415.470001,415.470001,0.0,-127.199997,-127.199997,-127.199997,-127.199997,0.0
2010-08-13,412.089996,412.089996,412.089996,412.089996,0.0,-130.160004,-130.160004,-130.160004,-130.160004,0.0
2010-08-16,415.75,415.75,415.75,415.75,0.0,-84.4499969,-84.4499969,-84.4499969,-84.4499969,0.0
2010-08-17,425.429993,425.429993,425.429993,425.429993,0.0,7.13999987,7.13999987,7.13999987,7.13999987,0.0
2010-08-18,427.880005,427.880005,427.880005,427.880005,0.0,19.5799999,19.5799999,19.5799999,19.5799999,0.0
2010-08-19,417.0,417.0,417.0,417.0,0.0,-86.6200027,-86.6200027,-86.6200027,-86.6200027,0.0
2010-08-20,414.559998,414.559998,414.559998,414.559998,0.0,-106.949997,-106.949997,-106.949997,-106.949997,0.0
2010-08-23,408.790009,408.790009,408.790009,408.790009,0.0,-137.889999,-137.889999,-137.889999,-137.889999,0.0
2010-08-24,400.070007,400.070007,400.070007,400.070007,0.0,-204.110001,-204.110001,-204.110001,-204.110001,0.0
2010-08-25,404.450012,404.450012,404.450012,404.450012,0.0,-147.279999,-147.279999,-147.279999,-147.279999,0.0
2010-08-26,398.970001,398.970001,398.970001,398.970001,0.0,-176.130005,-176.130005,-176.130005,-176.130005,0.0
2010-08-27,410.540009,410.540009,410.540009,410.540009,0.0,-46.7400017,-46.7400017,-46.7400017,-46.7400017,0.0
2010-08-30,400.170013,400.170013,400.170013,400.170013,0.0,-130.210007,-130.210007,-130.210007,-130.210007,0.0
2010-08-31,401.910004,401.910004,401.910004,401.910004,0.0,-98.3099976,-98.3099976,-98.3099976,-98.3099976,0.0
2010-09-01,413.670013,413.670013,413.670013,413.670013,0.0,22.8500004,22.8500004,22.8500004,22.8500004,0.0
2010-09-02,420.01001,420.01001,420.01001,420.01001,0.0,78.9199982,78.9199982,78.9199982,78.9199982,0.0
2010-09-03,429.559998,429.559998,429.559998,429.559998,0.0,148.130005,148.130005,148.130005,148.130005,0.0
2010-09-07,420.420013,420.420013,420.420013,420.420013,0.0,49.3699989,49.3699989,49.3699989,49.3699989,0.0
2010-09-08,426.140015,426.140015,426.140015,426.140015,0.0,95.7200012,95.7200012,95.7200012,95.7200012,0.0
2010-09-09,429.320007,429.320007,429.320007,429.320007,0.0,110.809998,110.809998,110.809998,110.809998,0.0
2010-09-10,433.519989,433.519989,433.519989,433.519989,0.0,129.389999,129.389999,129.389999,129.389999,0.0
2010-09-13,442.339996,442.339996,442.339996,442.339996,0.0,174.309998,174.309998,174.309998,174.309998,0.0
2010-09-14,440.829987,440.829987,440.829987,440.829987,0.0,128.580002,128.580002,128.580002,128.580002,0.0
2010-09-15,441.779999,441.779999,441.779999,441.779999,0.0,110.839996,110.839996,110.839996,110.839996,0.0
2010-09-16,438.380005,438.380005,438.380005,438.380005,0.0,60.5900002,60.5900002,60.5900002,60.5900002,0.0
2010-09-17,440.100006,440.100006,440.100006,440.100006,0.0,71.0299988,71.0299988,71.0299988,71.0299988,0.0
2010-09-20,451.23999,451.23999,451.23999,451.23999,0.0,146.179993,146.179993,146.179993,146.179993,0.0
2010-09-21,446.540009,446.540009,446.540009,446.540009,0.0,71.6100006,71.6100006,71.6100006,71.6100006,0.0
2010-09-22,441.559998,441.559998,441.559998,441.559998,0.0,11.4700003,11.4700003,11.4700003,11.4700003,0.0
2010-09-23,434.109985,434.109985,434.109985,434.109985,0.0,-46.0800018,-46.0800018,-46.0800018,-46.0800018,0.0
2010-09-24,445.040009,445.040009,445.040009,445.040009,0.0,39.2000008,39.2000008,39.2000008,39.2000008,0.0
2010-09-27,441.290009,441.290009,441.290009,441.290009,0.0,7.46999979,7.46999979,7.46999979,7.46999979,0.0
2010-09-28,448.25,448.25,448.25,448.25,0.0,56.5800018,56.5800018,56.5800018,56.5800018,0.0
2010-09-29,448.98999,448.98999,448.98999,448.98999,0.0,49.0200005,49.0200005,49.0200005,49.0200005,0.0
2010-09-30,448.899994,448.899994,448.899994,448.899994,0.0,35.9399986,35.9399986,35.9399986,35.9399986,0.0
2010-10-01,455.019989,455.019989,455.019989,455.019989,0.0,75.4100037,75.4100037,75.4100037,75.4100037,0.0
2010-10-04,446.799988,446.799988,446.799988,446.799988,0.0,-10.4099998,-10.4099998,-10.4099998,-10.4099998,0.0
2010-10-05,457.690002,457.690002,457.690002,457.690002,0.0,72.2300034,72.2300034,72.2300034,72.2300034,0.0
2010-10-06,456.329987,456.329987,456.329987,456.329987,0.0,43.3899994,43.3899994,43.3899994,43.3899994,0.0
2010-10-07,453.920013,453.920013,453.920013,453.920013,0.0,12.8900003,12.8900003,12.8900003,12.8900003,0.0
2010-10-08,462.23999,462.23999,462.23999,462.23999,0.0,71.5500031,71.5500031,71.5500031,71.5500031,0.0
2010-10-11,463.100006,463.100006,463.100006,463.100006,0.0,61.3699989,61.3699989,61.3699989,61.3699989,0.0
2010-10-12,465.049988,465.049988,465.049988,465.049988,0.0,62.0099983,62.0099983,62.0099983,62.0099983,0.0
2010-10-13,473.149994,473.149994,473.149994,473.149994,0.0,107.620003,107.620003,107.620003,107.620003,0.0
2010-10-14,469.829987,469.829987,469.829987,469.829987,0.0,54.4500008,54.4500008,54.4500008,54.4500008,0.0
2010-10-15,467.440002,467.440002,467.440002,467.440002,0.0,9.32999992,9.32999992,9.32999992,9.32999992,0.0
2010-10-18,473.0,473.0,473.0,473.0,0.0,43.2200012,43.2200012,43.2200012,43.2200012,0.0
2010-10-19,462.170013,462.170013,462.170013,462.170013,0.0,-68.9800034,-68.9800034,-68.9800034,-68.9800034,0.0
2010-10-20,471.359985,471.359985,471.359985,471.359985,0.0,5.28000021,5.28000021,5.28000021,5.28000021,0.0
2010-10-21,470.940002,470.940002,470.940002,470.940002,0.0,-10.25,-10.25,-10.25,-10.25,0.0
2010-10-22,473.279999,473.279999,473.279999,473.279999,0.0,4.34000015,4.34000015,4.34000015,4.34000015,0.0
2010-10-25,477.48999,477.48999,477.48999,477.48999,0.0,27.1100006,27.1100006,27.1100006,27.1100006,0.0
2010-10-26,475.470001,475.470001,475.470001,475.470001,0.0,-3.76999998,-3.76999998,-3.76999998,-3.76999998,0.0
2010-10-27,469.75,469.75,469.75,469.75,0.0,-61.3400002,-61.3400002,-61.3400002,-61.3400002,0.0
2010-10-28,469.76001,469.76001,469.76001,469.76001,0.0,-65.0800018,-65.0800018,-65.0800018,-65.0800018,0.0
2010-10-29,472.660004,472.660004,472.660004,472.660004,0.0,-36.8800011,-36.8800011,-36.8800011,-36.8800011,0.0
2010-11-01,471.910004,471.910004,471.910004,471.910004,0.0,-41.4099998,-41.4099998,-41.4099998,-41.4099998,0.0
2010-11-02,480.779999,480.779999,480.779999,480.779999,0.0,27.4500008,27.4500008,27.4500008,27.4500008,0.0
2010-11-03,483.170013,483.170013,483.170013,483.170013,0.0,27.6200008,27.6200008,27.6200008,27.6200008,0.0
2010-11-04,493.839996,493.839996,493.839996,493.839996,0.0,106.059998,106.059998,106.059998,106.059998,0.0
2010-11-05,497.359985,497.359985,497.359985,497.359985,0.0,106.669998,106.669998,106.669998,106.669998,0.0
2010-11-08,495.01001,495.01001,495.01001,495.01001,0.0,66.9000015,66.9000015,66.9000015,66.9000015,0.0
2010-11-09,486.579987,486.579987,486.579987,486.579987,0.0,-25.7199993,-25.7199993,-25.7199993,-25.7199993,0.0
2010-11-10,490.75,490.75,490.75,490.75,0.0,-1.12,-1.12,-1.12,-1.12,0.0
2010-11-11,485.899994,485.899994,485.899994,485.899994,0.0,-52.5900002,-52.5900002,-52.5900002,-52.5900002,0.0
2010-11-12,474.700012,474.700012,474.700012,474.700012,0.0,-151.009995,-151.009995,-151.009995,-151.009995,0.0
2010-11-15,474.440002,474.440002,474.440002,474.440002,0.0,-146.320007,-146.320007,-146.320007,-146.320007,0.0
2010-11-16,463.119995,463.119995,463.119995,463.119995,0.0,-233.610001,-233.610001,-233.610001,-233.610001,0.0
2010-11-17,466.829987,466.829987,466.829987,466.829987,0.0,-176.380005,-176.380005,-176.380005,-176.380005,0.0
2010-11-18,476.98999,476.98999,476.98999,476.98999,0.0,-73.8199997,-73.8199997,-73.8199997,-73.8199997,0.0
2010-11-19,480.149994,480.149994,480.149994,480.149994,0.0,-42.9500008,-42.9500008,-42.9500008,-42.9500008,0.0
2010-11-22,481.269989,481.269989,481.269989,481.269989,0.0,-36.0,-36.0,-36.0,-36.0,0.0
2010-11-23,471.859985,471.859985,471.859985,471.859985,0.0,-115.300003,-115.300003,-115.300003,-115.300003,0.0
2010-11-24,482.98999,482.98999,482.98999,482.98999,0.0,-13.1300001,-13.1300001,-13.1300001,-13.1300001,0.0
2010-11-26,476.619995,476.619995,476.619995,476.619995,0.0,-69.0699997,-69.0699997,-69.0699997,-69.0699997,0.0
2010-11-29,474.440002,474.440002,474.440002,474.440002,0.0,-86.2799988,-86.2799988,-86.2799988,-86.2799988,0.0
2010-11-30,468.339996,468.339996,468.339996,468.339996,0.0,-126.300003,-126.300003,-126.300003,-126.300003,0.0
2010-12-01,478.329987,478.329987,478.329987,478.329987,0.0,-34.5999985,-34.5999985,-34.5999985,-34.5999985,0.0
2010-12-02,485.5,485.5,485.5,485.5,0.0,23.3199997,23.3199997,23.3199997,23.3199997,0.0
2010-12-03,489.559998,489.559998,489.559998,489.559998,0.0,48.6199989,48.6199989,48.6199989,48.6199989,0.0
2010-12-06,489.299988,489.299988,489.299988,489.299988,0.0,33.9700012,33.9700012,33.9700012,33.9700012,0.0
2010-12-07,490.320007,490.320007,490.320007,490.320007,0.0,22.6000004,22.6000004,22.6000004,22.6000004,0.0
2010-12-08,487.140015,487.140015,487.140015,487.140015,0.0,-15.4399996,-15.4399996,-15.4399996,-15.4399996,0.0
2010-12-09,489.200012,489.200012,489.200012,489.200012,0.0,-7.57000017,-7.57000017,-7.57000017,-7.57000017,0.0
2010-12-10,495.019989,495.019989,495.019989,495.019989,0.0,30.6700001,30.6700001,30.6700001,30.6700001,0.0
2010-12-13,493.230011,493.230011,493.230011,493.230011,0.0,2.9000001,2.9000001,2.9000001,2.9000001,0.0
2010-12-14,493.399994,493.399994,493.399994,493.399994,0.0,-11.5799999,-11.5799999,-11.5799999,-11.5799999,0.0
2010-12-15,488.450012,488.450012,488.450012,488.450012,0.0,-62.2599983,-62.2599983,-62.2599983,-62.2599983,0.0
2010-12-16,496.369995,496.369995,496.369995,496.369995,0.0,-1.60000002,-1.60000002,-1.60000002,-1.60000002,0.0
2010-12-17,498.829987,498.829987,498.829987,498.829987,0.0,12.8000002,12.8000002,12.8000002,12.8000002,0.0
2010-12-20,499.399994,499.399994,499.399994,499.399994,0.0,8.68999958,8.68999958,8.68999958,8.68999958,0.0
2010-12-21,505.399994,505.399994,505.399994,505.399994,0.0,53.9500008,53.9500008,53.9500008,53.9500008,0.0
2010-12-22,509.209991,509.209991,509.209991,509.209991,0.0,75.4199982,75.4199982,75.4199982,75.4199982,0.0
2010-12-23,507.059998,507.059998,507.059998,507.059998,0.0,46.8899994,46.8899994,46.8899994,46.8899994,0.0
2010-12-27,509.309998,509.309998,509.309998,509.309998,0.0,50.0900002,50.0900002,50.0900002,50.0900002,0.0
2010-12-28,507.619995,507.619995,507.619995,507.619995,0.0,24.8299999,24.8299999,24.8299999,24.8299999,0.0
2010-12-29,509.980011,509.980011,509.980011,509.980011,0.0,39.2099991,39.2099991,39.2099991,39.2099991,0.0
2010-12-30,509.309998,509.309998,509.309998,509.309998,0.0,28.7299995,28.7299995,28.7299995,28.7299995,0.0
2010-12-31,509.5,509.5,509.5,509.5,0.0,21.8899994,21.8899994,21.8899994,21.8899994,0.0
2011-01-03,517.950012,517.950012,517.950012,517.950012,0.0,84.6200027,84.6200027,84.6200027,84.6200027,0.0
2011-01-04,512.150024,512.150024,512.150024,512.150024,0.0,17.9200001,17.9200001,17.9200001,17.9200001,0.0
2011-01-05,515.830017,515.830017,515.830017,515.830017,0.0,37.2000008,37.2000008,37.2000008,37.2000008,0.0
2011-01-06,511.76001,511.76001,511.76001,511.76001,0.0,-8.18000031,-8.18000031,-8.18000031,-8.18000031,0.0
2011-01-07,509.529999,509.529999,509.529999,509.529999,0.0,-32.25,-32.25,-32.25,-32.25,0.0
2011-01-10,509.519989,509.519989,509.519989,509.519989,0.0,-35.2400017,-35.2400017,-35.2400017,-35.2400017,0.0
2011-01-11,512.869995,512.869995,512.869995,512.869995,0.0,-10.5100002,-10.5100002,-10.5100002,-10.5100002,0.0
2011-01-12,519.369995,519.369995,519.369995,519.369995,0.0,36.7999992,36.7999992,36.7999992,36.7999992,0.0
2011-01-13,517.570007,517.570007,517.570007,517.570007,0.0,10.0299997,10.0299997,10.0299997,10.0299997,0.0
2011-01-14,521.359985,521.359985,521.359985,521.359985,0.0,24.9300003,24.9300003,24.9300003,24.9300003,0.0
2011-01-18,523.090027,523.090027,523.090027,523.090027,0.0,26.6900005,26.6900005,26.6900005,26.6900005,0.0
2011-01-19,512.73999,512.73999,512.73999,512.73999,0.0,-68.5800018,-68.5800018,-68.5800018,-68.5800018,0.0
2011-01-20,508.640015,508.640015,508.640015,508.640015,0.0,-96.9599991,-96.9599991,-96.9599991,-96.9599991,0.0
2011-01-21,508.859985,508.859985,508.859985,508.859985,0.0,-82.8199997,-82.8199997,-82.8199997,-82.8199997,0.0
2011-01-24,515.679993,515.679993,515.679993,515.679993,0.0,-19.0,-19.0,-19.0,-19.0,0.0
2011-01-25,516.73999,516.73999,516.73999,516.73999,0.0,-16.2399998,-16.2399998,-16.2399998,-16.2399998,0.0
2011-01-26,523.440002,523.440002,523.440002,523.440002,0.0,37.2900009,37.2900009,37.2900009,37.2900009,0.0
2011-01-27,524.5,524.5,524.5,524.5,0.0,32.6100006,32.6100006,32.6100006,32.6100006,0.0
2011-01-28,513.200012,513.200012,513.200012,513.200012,0.0,-74.5999985,-74.5999985,-74.5999985,-74.5999985,0.0
2011-01-31,519.140015,519.140015,519.140015,519.140015,0.0,-16.8799992,-16.8799992,-16.8799992,-16.8799992,0.0
2011-02-01,530.23999,530.23999,530.23999,530.23999,0.0,72.3000031,72.3000031,72.3000031,72.3000031,0.0
2011-02-02,527.77002,527.77002,527.77002,527.77002,0.0,38.6599998,38.6599998,38.6599998,38.6599998,0.0
2011-02-03,529.619995,529.619995,529.619995,529.619995,0.0,37.6500015,37.6500015,37.6500015,37.6500015,0.0
2011-02-04,529.409973,529.409973,529.409973,529.409973,0.0,21.4799995,21.4799995,21.4799995,21.4799995,0.0
2011-02-07,536.580017,536.580017,536.580017,536.580017,0.0,67.5999985,67.5999985,67.5999985,67.5999985,0.0
2011-02-08,540.690002,540.690002,540.690002,540.690002,0.0,84.9199982,84.9199982,84.9199982,84.9199982,0.0
2011-02-09,536.450012,536.450012,536.450012,536.450012,0.0,25.7099991,25.7099991,25.7099991,25.7099991,0.0
2011-02-10,536.830017,536.830017,536.830017,536.830017,0.0,18.1900005,18.1900005,18.1900005,18.1900005,0.0
2011-02-11,543.859985,543.859985,543.859985,543.859985,0.0,64.0599976,64.0599976,64.0599976,64.0599976,0.0
2011-02-14,544.929993,544.929993,544.929993,544.929993,0.0,58.5200005,58.5200005,58.5200005,58.5200005,0.0
2011-02-15,541.73999,541.73999,541.73999,541.73999,0.0,8.93999958,8.93999958,8.93999958,8.93999958,0.0
2011-02-16,548.909973,548.909973,548.909973,548.909973,0.0,59.2799988,59.2799988,59.2799988,59.2799988,0.0
2011-02-17,553.460022,553.460022,553.460022,553.460022,0.0,81.4000015,81.4000015,81.4000015,81.4000015,0.0
2011-02-18,555.830017,555.830017,555.830017,555.830017,0.0,76.2900009,76.2900009,76.2900009,76.2900009,0.0
2011-02-22,543.5,543.5,543.5,543.5,0.0,-49.6100006,-49.6100006,-49.6100006,-49.6100006,0.0
2011-02-23,537.059998,537.059998,537.059998,537.059998,0.0,-97.8799973,-97.8799973,-97.8799973,-97.8799973,0.0
2011-02-24,537.940002,537.940002,537.940002,537.940002,0.0,-84.2300034,-84.2300034,-84.2300034,-84.2300034,0.0
2011-02-25,548.570007,548.570007,548.570007,548.570007,0.0,7.26999998,7.26999998,7.26999998,7.26999998,0.0
2011-02-28,554.26001,554.26001,554.26001,554.26001,0.0,43.6500015,43.6500015,43.6500015,43.6500015,0.0
2011-03-01,544.890015,544.890015,544.890015,544.890015,0.0,-45.1500015,-45.1500015,-45.1500015,-45.1500015,0.0
2011-03-02,548.419983,548.419983,548.419983,548.419983,0.0,-16.6299992,-16.6299992,-16.6299992,-16.6299992,0.0
2011-03-03,558.23999,558.23999,558.23999,558.23999,0.0,61.3100014,61.3100014,61.3100014,61.3100014,0.0
2011-03-04,552.409973,552.409973,552.409973,552.409973,0.0,-0.629999995,-0.629999995,-0.629999995,-0.629999995,0.0
2011-03-07,543.599976,543.599976,543.599976,543.599976,0.0,-81.6699982,-81.6699982,-81.6699982,-81.6699982,0.0
2011-03-08,553.059998,553.059998,553.059998,553.059998,0.0,-9.19999981,-9.19999981,-9.19999981,-9.19999981,0.0
2011-03-09,551.679993,551.679993,551.679993,551.679993,0.0,-29.4599991,-29.4599991,-29.4599991,-29.4599991,0.0
2011-03-10,539.47998,539.47998,539.47998,539.47998,0.0,-132.830002,-132.830002,-132.830002,-132.830002,0.0
2011-03-11,543.849976,543.849976,543.849976,543.849976,0.0,-88.7799988,-88.7799988,-88.7799988,-88.7799988,0.0
2011-03-14,537.159973,537.159973,537.159973,537.159973,0.0,-134.169998,-134.169998,-134.169998,-134.169998,0.0
2011-03-15,528.01001,528.01001,528.01001,528.01001,0.0,-196.539993,-196.539993,-196.539993,-196.539993,0.0
2011-03-16,518.359985,518.359985,518.359985,518.359985,0.0,-251.139999,-251.139999,-251.139999,-251.139999,0.0
2011-03-17,525.900024,525.900024,525.900024,525.900024,0.0,-155.610001,-155.610001,-155.610001,-155.610001,0.0
2011-03-18,533.309998,533.309998,533.309998,533.309998,0.0,-79.8899994,-79.8899994,-79.8899994,-79.8899994,0.0
2011-03-21,544.47998,544.47998,544.47998,544.47998,0.0,19.0699997,19.0699997,19.0699997,19.0699997,0.0
2011-03-22,540.159973,540.159973,540.159973,540.159973,0.0,-14.79,-14.79,-14.79,-14.79,0.0
2011-03-23,541.880005,541.880005,541.880005,541.880005,0.0,-1.73000002,-1.73000002,-1.73000002,-1.73000002,0.0
2011-03-24,548.01001,548.01001,548.01001,548.01001,0.0,45.6399994,45.6399994,45.6399994,45.6399994,0.0
2011-03-25,552.619995,552.619995,552.619995,552.619995,0.0,73.8700027,73.8700027,73.8700027,73.8700027,0.0
2011-03-28,549.099976,549.099976,549.099976,549.099976,0.0,31.0599995,31.0599995,31.0599995,31.0599995,0.0
2011-03-29,555.25,555.25,555.25,555.25,0.0,72.3700027,72.3700027,72.3700027,72.3700027,0.0
2011-03-30,563.109985,563.109985,563.109985,563.109985,0.0,122.029999,122.029999,122.029999,122.029999,0.0
2011-03-31,564.890015,564.890015,564.890015,564.890015,0.0,118.720001,118.720001,118.720001,118.720001,0.0
2011-04-01,571.390015,571.390015,571.390015,571.390015,0.0,148.860001,148.860001,148.860001,148.860001,0.0
2011-04-04,573.159973,573.159973,573.159973,573.159973,0.0,133.929993,133.929993,133.929993,133.929993,0.0
2011-04-05,574.359985,574.359985,574.359985,574.359985,0.0,118.989998,118.989998,118.989998,118.989998,0.0
2011-04-06,576.789978,576.789978,576.789978,576.789978,0.0,110.849998,110.849998,110.849998,110.849998,0.0
2011-04-07,571.919983,571.919983,571.919983,571.919983,0.0,51.2999992,51.2999992,51.2999992,51.2999992,0.0
2011-04-08,565.659973,565.659973,565.659973,565.659973,0.0,-11.75,-11.75,-11.75,-11.75,0.0
2011-04-11,559.059998,559.059998,559.059998,559.059998,0.0,-71.8899994,-71.8899994,-71.8899994,-71.8899994,0.0
2011-04-12,551.030029,551.030029,551.030029,551.030029,0.0,-138.490005,-138.490005,-138.490005,-138.490005,0.0
2011-04-13,550.440002,550.440002,550.440002,550.440002,0.0,-125.540001,-125.540001,-125.540001,-125.540001,0.0
2011-04-14,552.369995,552.369995,552.369995,552.369995,0.0,-101.970001,-101.970001,-101.970001,-101.970001,0.0
2011-04-15,558.190002,558.190002,558.190002,558.190002,0.0,-43.5,-43.5,-43.5,-43.5,0.0
2011-04-18,548.01001,548.01001,548.01001,548.01001,0.0,-126.080002,-126.080002,-126.080002,-126.080002,0.0
2011-04-19,552.299988,552.299988,552.299988,552.299988,0.0,-73.8000031,-73.8000031,-73.8000031,-73.8000031,0.0
2011-04-20,562.700012,562.700012,562.700012,562.700012,0.0,20.75,20.75,20.75,20.75,0.0
2011-04-21,568.650024,568.650024,568.650024,568.650024,0.0,61.7000008,61.7000008,61.7000008,61.7000008,0.0
2011-04-25,565.859985,565.859985,565.859985,565.859985,0.0,29.9300003,29.9300003,29.9300003,29.9300003,0.0
2011-04-26,573.409973,573.409973,573.409973,573.409973,0.0,82.2099991,82.2099991,82.2099991,82.2099991,0.0
2011-04-27,578.309998,578.309998,578.309998,578.309998,0.0,101.900002,101.900002,101.900002,101.900002,0.0
2011-04-28,581.25,581.25,581.25,581.25,0.0,108.379997,108.379997,108.379997,108.379997,0.0
2011-04-29,585.880005,585.880005,585.880005,585.880005,0.0,125.550003,125.550003,125.550003,125.550003,0.0
2011-05-02,582.609985,582.609985,582.609985,582.609985,0.0,73.2399979,73.2399979,73.2399979,73.2399979,0.0
2011-05-03,577.01001,577.01001,577.01001,577.01001,0.0,8.39999962,8.39999962,8.39999962,8.39999962,0.0
2011-05-04,569.890015,569.890015,569.890015,569.890015,0.0,-60.9000015,-60.9000015,-60.9000015,-60.9000015,0.0
2011-05-05,565.549988,565.549988,565.549988,565.549988,0.0,-94.6399994,-94.6399994,-94.6399994,-94.6399994,0.0
2011-05-06,570.460022,570.460022,570.460022,570.460022,0.0,-45.8899994,-45.8899994,-45.8899994,-45.8899994,0.0
2011-05-09,577.140015,577.140015,577.140015,577.140015,0.0,9.06999969,9.06999969,9.06999969,9.06999969,0.0
2011-05-10,587.280029,587.280029,587.280029,587.280029,0.0,82.2900009,82.2900009,82.2900009,82.2900009,0.0
2011-05-11,577.630005,577.630005,577.630005,577.630005,0.0,-13.4899998,-13.4899998,-13.4899998,-13.4899998,0.0
2011-05-12,582.22998,582.22998,582.22998,582.22998,0.0,12.0600004,12.0600004,12.0600004,12.0600004,0.0
2011-05-13,573.48999,573.48999,573.48999,573.48999,0.0,-61.1199989,-61.1199989,-61.1199989,-61.1199989,0.0
2011-05-16,567.140015,567.140015,567.140015,567.140015,0.0,-109.190002,-109.190002,-109.190002,-109.190002,0.0
2011-05-17,564.039978,564.039978,564.039978,564.039978,0.0,-126.080002,-126.080002,-126.080002,-126.080002,0.0
2011-05-18,573.679993,573.679993,573.679993,573.679993,0.0,-37.2200012,-37.2200012,-37.2200012,-37.2200012,0.0
2011-05-19,576.659973,576.659973,576.659973,576.659973,0.0,-17.0400009,-17.0400009,-17.0400009,-17.0400009,0.0
2011-05-20,569.859985,569.859985,569.859985,569.859985,0.0,-67.1800003,-67.1800003,-67.1800003,-67.1800003,0.0
2011-05-23,559.340027,559.340027,559.340027,559.340027,0.0,-145.350006,-145.350006,-145.350006,-145.350006,0.0
2011-05-24,557.23999,557.23999,557.23999,557.23999,0.0,-139.630005,-139.630005,-139.630005,-139.630005,0.0
2011-05-25,562.340027,562.340027,562.340027,562.340027,0.0,-77.3899994,-77.3899994,-77.3899994,-77.3899994,0.0
2011-05-26,569.940002,569.940002,569.940002,569.940002,0.0,-7.23000002,-7.23000002,-7.23000002,-7.23000002,0.0
2011-05-27,577.719971,577.719971,577.719971,577.719971,0.0,52.3800011,52.3800011,52.3800011,52.3800011,0.0
2011-05-31,587.26001,587.26001,587.26001,587.26001,0.0,116.339996,116.339996,116.339996,116.339996,0.0
2011-06-01,575.669983,575.669983,575.669983,575.669983,0.0,5.65999985,5.65999985,5.65999985,5.65999985,0.0
2011-06-02,574.570007,574.570007,574.570007,574.570007,0.0,-6.01999998,-6.01999998,-6.01999998,-6.01999998,0.0
2011-06-03,566.77002,566.77002,566.77002,566.77002,0.0,-72.4000015,-72.4000015,-72.4000015,-72.4000015,0.0
2011-06-06,556.880005,556.880005,556.880005,556.880005,0.0,-150.509995,-150.509995,-150.509995,-150.509995,0.0
2011-06-07,559.609985,559.609985,559.609985,559.609985,0.0,-110.980003,-110.980003,-110.980003,-110.980003,0.0
2011-06-08,552.210022,552.210022,552.210022,552.210022,0.0,-161.050003,-161.050003,-161.050003,-161.050003,0.0
2011-06-09,557.369995,557.369995,557.369995,557.369995,0.0,-98.9499969,-98.9499969,-98.9499969,-98.9499969,0.0
2011-06-10,546.059998,546.059998,546.059998,546.059998,0.0,-173.089996,-173.089996,-173.089996,-173.089996,0.0
2011-06-13,543.76001,543.76001,543.76001,543.76001,0.0,-175.770004,-175.770004,-175.770004,-175.770004,0.0
2011-06-14,554.960022,554.960022,554.960022,554.960022,0.0,-57.5900002,-57.5900002,-57.5900002,-57.5900002,0.0
2011-06-15,542.440002,542.440002,542.440002,542.440002,0.0,-143.550003,-143.550003,-143.550003,-143.550003,0.0
2011-06-16,542.73999,542.73999,542.73999,542.73999,0.0,-130.449997,-130.449997,-130.449997,-130.449997,0.0
2011-06-17,546.380005,546.380005,546.380005,546.380005,0.0,-81.3899994,-81.3899994,-81.3899994,-81.3899994,0.0
2011-06-20,553.320007,553.320007,553.320007,553.320007,0.0,-13.3500004,-13.3500004,-13.3500004,-13.3500004,0.0
2011-06-21,564.679993,564.679993,564.679993,564.679993,0.0,86.1900024,86.1900024,86.1900024,86.1900024,0.0
2011-06-22,559.809998,559.809998,559.809998,559.809998,0.0,43.9300003,43.9300003,43.9300003,43.9300003,0.0
2011-06-23,557.25,557.25,557.25,557.25,0.0,21.1900005,21.1900005,21.1900005,21.1900005,0.0
2011-06-24,551.849976,551.849976,551.849976,551.849976,0.0,-20.0300007,-20.0300007,-20.0300007,-20.0300007,0.0
2011-06-27,559.219971,559.219971,559.219971,559.219971,0.0,39.1300011,39.1300011,39.1300011,39.1300011,0.0
2011-06-28,568.570007,568.570007,568.570007,568.570007,0.0,112.699997,112.699997,112.699997,112.699997,0.0
2011-06-29,575.159973,575.159973,575.159973,575.159973,0.0,146.350006,146.350006,146.350006,146.350006,0.0
2011-06-30,583.25,583.25,583.25,583.25,0.0,188.020004,188.020004,188.020004,188.020004,0.0
2011-07-01,593.869995,593.869995,593.869995,593.869995,0.0,246.630005,246.630005,246.630005,246.630005,0.0
2011-07-05,592.830017,592.830017,592.830017,592.830017,0.0,201.789993,201.789993,201.789993,201.789993,0.0
2011-07-06,594.890015,594.890015,594.890015,594.890015,0.0,187.289993,187.289993,187.289993,187.289993,0.0
2011-07-07,605.030029,605.030029,605.030029,605.030029,0.0,235.389999,235.389999,235.389999,235.389999,0.0
2011-07-08,597.640015,597.640015,597.640015,597.640015,0.0,138.979996,138.979996,138.979996,138.979996,0.0
2011-07-11,585.27002,585.27002,585.27002,585.27002,0.0,16.7600002,16.7600002,16.7600002,16.7600002,0.0
2011-07-12,582.679993,582.679993,582.679993,582.679993,0.0,-9.18999958,-9.18999958,-9.18999958,-9.18999958,0.0
2011-07-13,587.049988,587.049988,587.049988,587.049988,0.0,21.4899998,21.4899998,21.4899998,21.4899998,0.0
2011-07-14,576.890015,576.890015,576.890015,576.890015,0.0,,,,,
2011-07-15,580.429993,580.429993,580.429993,580.429993,0.0,-36.5099983,-36.5099983,-36.5099983,-36.5099983,0.0
2011-07-18,568.789978,568.789978,568.789978,568.789978,0.0,-131.270004,-131.270004,-131.270004,-131.270004,0.0
2011-07-19,579.51001,579.51001,579.51001,579.51001,0.0,-32.0900002,-32.0900002,-32.0900002,-32.0900002,0.0
2011-07-20,580.059998,580.059998,580.059998,580.059998,0.0,-21.4500008,-21.4500008,-21.4500008,-21.4500008,0.0
2011-07-21,590.299988,590.299988,590.299988,590.299988,0.0,59.7599983,59.7599983,59.7599983,59.7599983,0.0
2011-07-22,588.859985,588.859985,588.859985,588.859985,0.0,41.2099991,41.2099991,41.2099991,41.2099991,0.0
2011-07-25,579.359985,579.359985,579.359985,579.359985,0.0,-70.6699982,-70.6699982,-70.6699982,-70.6699982,0.0
2011-07-26,573.359985,573.359985,573.359985,573.359985,0.0,-90.6800003,-90.6800003,-90.6800003,-90.6800003,0.0
2011-07-27,559.719971,559.719971,559.719971,559.719971,0.0,-191.559998,-191.559998,-191.559998,-191.559998,0.0
2011-07-28,556.340027,556.340027,556.340027,556.340027,0.0,-195.399994,-195.399994,-195.399994,-195.399994,0.0
2011-07-29,551.119995,551.119995,551.119995,551.119995,0.0,-210.039993,-210.039993,-210.039993,-210.039993,0.0
2011-08-01,550.119995,550.119995,550.119995,550.119995,0.0,-181.559998,-181.559998,-181.559998,-181.559998,0.0
2011-08-02,539.299988,539.299988,539.299988,539.299988,0.0,-236.139999,-236.139999,-236.139999,-236.139999,0.0
2011-08-03,542.289978,542.289978,542.289978,542.289978,0.0,-179.270004,-179.270004,-179.270004,-179.270004,0.0
2011-08-04,527.849976,527.849976,527.849976,527.849976,0.0,-269.559998,-269.559998,-269.559998,-269.559998,0.0
2011-08-05,522.369995,522.369995,522.369995,522.369995,0.0,-282.649994,-282.649994,-282.649994,-282.649994,0.0
2011-08-08,507.320007,507.320007,507.320007,507.320007,0.0,-362.940002,-362.940002,-362.940002,-362.940002,0.0
2011-08-09,520.890015,520.890015,520.890015,520.890015,0.0,-244.559998,-244.559998,-244.559998,-244.559998,0.0
2011-08-10,511.109985,511.109985,511.109985,511.109985,0.0,-245.940002,-245.940002,-245.940002,-245.940002,0.0
2011-08-11,524.169983,524.169983,524.169983,524.169983,0.0,-79.1299973,-79.1299973,-79.1299973,-79.1299973,0.0
2011-08-12,527.659973,527.659973,527.659973,527.659973,0.0,-28.2199993,-28.2199993,-28.2199993,-28.2199993,0.0
2011-08-15,541.0,541.0,541.0,541.0,0.0,89.9199982,89.9199982,89.9199982,89.9199982,0.0
2011-08-16,531.849976,531.849976,531.849976,531.849976,0.0,18.0599995,18.0599995,18.0599995,18.0599995,0.0
2011-08-17,533.830017,533.830017,533.830017,533.830017,0.0,45.0,45.0,45.0,45.0,0.0
2011-08-18,519.619995,519.619995,519.619995,519.619995,0.0,-68.1299973,-68.1299973,-68.1299973,-68.1299973,0.0
2011-08-19,510.040009,510.040009,510.040009,510.040009,0.0,-126.18,-126.18,-126.18,-126.18,0.0
2011-08-22,510.070007,510.070007,510.070007,510.070007,0.0,-104.339996,-104.339996,-104.339996,-104.339996,0.0
2011-08-23,522.789978,522.789978,522.789978,522.789978,0.0,22.5,22.5,22.5,22.5,0.0
2011-08-24,530.01001,530.01001,530.01001,530.01001,0.0,79.7799988,79.7799988,79.7799988,79.7799988,0.0
2011-08-25,520.330017,520.330017,520.330017,520.330017,0.0,-2.6099999,-2.6099999,-2.6099999,-2.6099999,0.0
2011-08-26,530.039978,530.039978,530.039978,530.039978,0.0,86.4899979,86.4899979,86.4899979,86.4899979,0.0
2011-08-29,543.630005,543.630005,543.630005,543.630005,0.0,192.449997,192.449997,192.449997,192.449997,0.0
2011-08-30,546.900024,546.900024,546.900024,546.900024,0.0,203.860001,203.860001,203.860001,203.860001,0.0
2011-08-31,552.26001,552.26001,552.26001,552.26001,0.0,224.910004,224.910004,224.910004,224.910004,0.0
2011-09-01,542.890015,542.890015,542.890015,542.890015,0.0,127.550003,127.550003,127.550003,127.550003,0.0
2011-09-02,530.530029,530.530029,530.530029,530.530029,0.0,17.0,17.0,17.0,17.0,0.0
2011-09-06,523.570007,523.570007,523.570007,523.570007,0.0,-39.5499992,-39.5499992,-39.5499992,-39.5499992,0.0
2011-09-07,536.400024,536.400024,536.400024,536.400024,0.0,77.9100037,77.9100037,77.9100037,77.9100037,0.0
2011-09-08,526.609985,526.609985,526.609985,526.609985,0.0,-7.17000008,-7.17000008,-7.17000008,-7.17000008,0.0
2011-09-09,514.460022,514.460022,514.460022,514.460022,0.0,-96.1500015,-96.1500015,-96.1500015,-96.1500015,0.0
2011-09-12,514.969971,514.969971,514.969971,514.969971,0.0,-76.0699997,-76.0699997,-76.0699997,-76.0699997,0.0
2011-09-13,523.429993,523.429993,523.429993,523.429993,0.0,2.70000005,2.70000005,2.70000005,2.70000005,0.0
2011-09-14,532.190002,532.190002,532.190002,532.190002,0.0,73.5100021,73.5100021,73.5100021,73.5100021,0.0
2011-09-15,541.02002,541.02002,541.02002,541.02002,0.0,136.360001,136.360001,136.360001,136.360001,0.0
2011-09-16,542.030029,542.030029,542.030029,542.030029,0.0,125.360001,125.360001,125.360001,125.360001,0.0
2011-09-19,532.309998,532.309998,532.309998,532.309998,0.0,36.1100006,36.1100006,36.1100006,36.1100006,0.0
2011-09-20,527.349976,527.349976,527.349976,527.349976,0.0,-1.28999996,-1.28999996,-1.28999996,-1.28999996,0.0
2011-09-21,515.380005,515.380005,515.380005,515.380005,0.0,-91.0999985,-91.0999985,-91.0999985,-91.0999985,0.0
2011-09-22,503.100006,503.100006,503.100006,503.100006,0.0,-171.919998,-171.919998,-171.919998,-171.919998,0.0
2011-09-23,508.089996,508.089996,508.089996,508.089996,0.0,-102.32,-102.32,-102.32,-102.32,0.0
2011-09-26,517.280029,517.280029,517.280029,517.280029,0.0,-11.6899996,-11.6899996,-11.6899996,-11.6899996,0.0
2011-09-27,527.669983,527.669983,527.669983,527.669983,0.0,77.9499969,77.9499969,77.9499969,77.9499969,0.0
2011-09-28,515.710022,515.710022,515.710022,515.710022,0.0,-21.2900009,-21.2900009,-21.2900009,-21.2900009,0.0
2011-09-29,523.72998,523.72998,523.72998,523.72998,0.0,47.8400002,47.8400002,47.8400002,47.8400002,0.0
2011-09-30,512.669983,512.669983,512.669983,512.669983,0.0,-39.9799995,-39.9799995,-39.9799995,-39.9799995,0.0
2011-10-03,499.640015,499.640015,499.640015,499.640015,0.0,-133.009995,-133.009995,-133.009995,-133.009995,0.0
2011-10-04,506.119995,506.119995,506.119995,506.119995,0.0,-65.0,-65.0,-65.0,-65.0,0.0
2011-10-05,513.909973,513.909973,513.909973,513.909973,0.0,13.2600002,13.2600002,13.2600002,13.2600002,0.0
2011-10-06,525.460022,525.460022,525.460022,525.460022,0.0,106.239998,106.239998,106.239998,106.239998,0.0
2011-10-07,517.070007,517.070007,517.070007,517.070007,0.0,31.9500008,31.9500008,31.9500008,31.9500008,0.0
2011-10-10,530.869995,530.869995,530.869995,530.869995,0.0,144.100006,144.100006,144.100006,144.100006,0.0
2011-10-11,531.75,531.75,531.75,531.75,0.0,138.899994,138.899994,138.899994,138.899994,0.0
2011-10-12,540.599976,540.599976,540.599976,540.599976,0.0,193.860001,193.860001,193.860001,193.860001,0.0
2011-10-13,536.900024,536.900024,536.900024,536.900024,0.0,142.119995,142.119995,142.119995,142.119995,0.0
2011-10-14,548.429993,548.429993,548.429993,548.429993,0.0,215.770004,215.770004,215.770004,215.770004,0.0
2011-10-17,536.789978,536.789978,536.789978,536.789978,0.0,97.75,97.75,97.75,97.75,0.0
2011-10-18,548.450012,548.450012,548.450012,548.450012,0.0,173.970001,173.970001,173.970001,173.970001,0.0
2011-10-19,539.419983,539.419983,539.419983,539.419983,0.0,83.7300034,83.7300034,83.7300034,83.7300034,0.0
2011-10-20,542.590027,542.590027,542.590027,542.590027,0.0,96.4700012,96.4700012,96.4700012,96.4700012,0.0
2011-10-21,554.72998,554.72998,554.72998,554.72998,0.0,177.979996,177.979996,177.979996,177.979996,0.0
2011-10-24,565.789978,565.789978,565.789978,565.789978,0.0,237.960007,237.960007,237.960007,237.960007,0.0
2011-10-25,554.559998,554.559998,554.559998,554.559998,0.0,110.449997,110.449997,110.449997,110.449997,0.0
2011-10-26,564.799988,564.799988,564.799988,564.799988,0.0,172.699997,172.699997,172.699997,172.699997,0.0
2011-10-27,577.059998,577.059998,577.059998,577.059998,0.0,242.100006,242.100006,242.100006,242.100006,0.0
2011-10-28,577.630005,577.630005,577.630005,577.630005,0.0,211.639999,211.639999,211.639999,211.639999,0.0
2011-10-31,566.51001,566.51001,566.51001,566.51001,0.0,90.9599991,90.9599991,90.9599991,90.9599991,0.0
2011-11-01,554.73999,554.73999,554.73999,554.73999,0.0,-21.2099991,-21.2099991,-21.2099991,-21.2099991,0.0
2011-11-02,565.72998,565.72998,565.72998,565.72998,0.0,60.9700012,60.9700012,60.9700012,60.9700012,0.0
2011-11-03,575.840027,575.840027,575.840027,575.840027,0.0,121.360001,121.360001,121.360001,121.360001,0.0
2011-11-04,570.359985,570.359985,570.359985,570.359985,0.0,62.8300018,62.8300018,62.8300018,62.8300018,0.0
2011-11-07,572.73999,572.73999,572.73999,572.73999,0.0,61.0499992,61.0499992,61.0499992,61.0499992,0.0
2011-11-08,581.77002,581.77002,581.77002,581.77002,0.0,108.459999,108.459999,108.459999,108.459999,0.0
2011-11-09,568.280029,568.280029,568.280029,568.280029,0.0,-23.2099991,-23.2099991,-23.2099991,-23.2099991,0.0
2011-11-10,574.840027,574.840027,574.840027,574.840027,0.0,19.3500004,19.3500004,19.3500004,19.3500004,0.0
2011-11-11,586.590027,586.590027,586.590027,586.590027,0.0,101.550003,101.550003,101.550003,101.550003,0.0
2011-11-14,577.539978,577.539978,577.539978,577.539978,0.0,5.21000004,5.21000004,5.21000004,5.21000004,0.0
2011-11-15,583.109985,583.109985,583.109985,583.109985,0.0,32.4399986,32.4399986,32.4399986,32.4399986,0.0
2011-11-16,573.320007,573.320007,573.320007,573.320007,0.0,-56.1399994,-56.1399994,-56.1399994,-56.1399994,0.0
2011-11-17,562.75,562.75,562.75,562.75,0.0,-139.059998,-139.059998,-139.059998,-139.059998,0.0
2011-11-18,565.5,565.5,565.5,565.5,0.0,-112.110001,-112.110001,-112.110001,-112.110001,0.0
2011-11-21,553.619995,553.619995,553.619995,553.619995,0.0,-196.0,-196.0,-196.0,-196.0,0.0
2011-11-22,548.830017,548.830017,548.830017,548.830017,0.0,-207.75,-207.75,-207.75,-207.75,0.0
2011-11-23,535.830017,535.830017,535.830017,535.830017,0.0,-283.549988,-283.549988,-283.549988,-283.549988,0.0
2011-11-25,532.330017,532.330017,532.330017,532.330017,0.0,-268.98999,-268.98999,-268.98999,-268.98999,0.0
2011-11-28,544.440002,544.440002,544.440002,544.440002,0.0,-140.720001,-140.720001,-140.720001,-140.720001,0.0
2011-11-29,544.590027,544.590027,544.590027,544.590027,0.0,-123.480003,-123.480003,-123.480003,-123.480003,0.0
2011-11-30,557.530029,557.530029,557.530029,557.530029,0.0,-5.11999989,-5.11999989,-5.11999989,-5.11999989,0.0
2011-12-01,553.77002,553.77002,553.77002,553.77002,0.0,-36.0099983,-36.0099983,-36.0099983,-36.0099983,0.0
2011-12-02,557.23999,557.23999,557.23999,557.23999,0.0,-5.88999987,-5.88999987,-5.88999987,-5.88999987,0.0
2011-12-05,566.840027,566.840027,566.840027,566.840027,0.0,68.0899963,68.0899963,68.0899963,68.0899963,0.0
2011-12-06,566.570007,566.570007,566.570007,566.570007,0.0,52.7599983,52.7599983,52.7599983,52.7599983,0.0
2011-12-07,567.299988,567.299988,567.299988,567.299988,0.0,55.5200005,55.5200005,55.5200005,55.5200005,0.0
2011-12-08,554.590027,554.590027,554.590027,554.590027,0.0,-53.1100006,-53.1100006,-53.1100006,-53.1100006,0.0
2011-12-09,566.5,566.5,566.5,566.5,0.0,46.1100006,46.1100006,46.1100006,46.1100006,0.0
2011-12-12,556.01001,556.01001,556.01001,556.01001,0.0,-43.0499992,-43.0499992,-43.0499992,-43.0499992,0.0
2011-12-13,546.609985,546.609985,546.609985,546.609985,0.0,-111.589996,-111.589996,-111.589996,-111.589996,0.0
2011-12-14,538.869995,538.869995,538.869995,538.869995,0.0,-158.360001,-158.360001,-158.360001,-158.360001,0.0
2011-12-15,544.01001,544.01001,544.01001,544.01001,0.0,-100.510002,-100.510002,-100.510002,-100.510002,0.0
2011-12-16,548.409973,548.409973,548.409973,548.409973,0.0,-51.3300018,-51.3300018,-51.3300018,-51.3300018,0.0
2011-12-19,537.909973,537.909973,537.909973,537.909973,0.0,-123.300003,-123.300003,-123.300003,-123.300003,0.0
2011-12-20,551.049988,551.049988,551.049988,551.049988,0.0,-3.88000011,-3.88000011,-3.88000011,-3.88000011,0.0
2011-12-21,554.950012,554.950012,554.950012,554.950012,0.0,28.2099991,28.2099991,28.2099991,28.2099991,0.0
2011-12-22,563.049988,563.049988,563.049988,563.049988,0.0,89.6600037,89.6600037,89.6600037,89.6600037,0.0
2011-12-23,569.789978,569.789978,569.789978,569.789978,0.0,130.070007,130.070007,130.070007,130.070007,0.0
2011-12-27,572.039978,572.039978,572.039978,572.039978,0.0,116.529999,116.529999,116.529999,116.529999,0.0
2011-12-28,560.190002,560.190002,560.190002,560.190002,0.0,9.35000038,9.35000038,9.35000038,9.35000038,0.0
2011-12-29,569.940002,569.940002,569.940002,569.940002,0.0,86.5899963,86.5899963,86.5899963,86.5899963,0.0
2011-12-30,567.299988,567.299988,567.299988,567.299988,0.0,56.2000008,56.2000008,56.2000008,56.2000008,0.0
2012-01-03,575.76001,575.76001,575.76001,575.76001,0.0,116.43,116.43,116.43,116.43,0.0
2012-01-04,574.359985,574.359985,574.359985,574.359985,0.0,88.5899963,88.5899963,88.5899963,88.5899963,0.0
2012-01-05,577.700012,577.700012,577.700012,577.700012,0.0,96.1399994,96.1399994,96.1399994,96.1399994,0.0
2012-01-06,575.450012,575.450012,575.450012,575.450012,0.0,62.1199989,62.1199989,62.1199989,62.1199989,0.0
2012-01-09,579.299988,579.299988,579.299988,579.299988,0.0,82.2699966,82.2699966,82.2699966,82.2699966,0.0
2012-01-10,588.76001,588.76001,588.76001,588.76001,0.0,134.630005,134.630005,134.630005,134.630005,0.0
2012-01-11,590.369995,590.369995,590.369995,590.369995,0.0,116.019997,116.019997,116.019997,116.019997,0.0
2012-01-12,594.369995,594.369995,594.369995,594.369995,0.0,121.809998,121.809998,121.809998,121.809998,0.0
2012-01-13,588.840027,588.840027,588.840027,588.840027,0.0,56.2799988,56.2799988,56.2799988,56.2799988,0.0
2012-01-17,592.849976,592.849976,592.849976,592.849976,0.0,69.4899979,69.4899979,69.4899979,69.4899979,0.0
2012-01-18,602.530029,602.530029,602.530029,602.530029,0.0,127.870003,127.870003,127.870003,127.870003,0.0
2012-01-19,607.849976,607.849976,607.849976,607.849976,0.0,142.740005,142.740005,142.740005,142.740005,0.0
2012-01-20,609.950012,609.950012,609.950012,609.950012,0.0,130.449997,130.449997,130.449997,130.449997,0.0
2012-01-23,612.070007,612.070007,612.070007,612.070007,0.0,124.440002,124.440002,124.440002,124.440002,0.0
2012-01-24,613.190002,613.190002,613.190002,613.190002,0.0,106.779999,106.779999,106.779999,106.779999,0.0
2012-01-25,621.590027,621.590027,621.590027,621.590027,0.0,153.070007,153.070007,153.070007,153.070007,0.0
2012-01-26,620.469971,620.469971,620.469971,620.469971,0.0,113.370003,113.370003,113.370003,113.370003,0.0
2012-01-27,623.700012,623.700012,623.700012,623.700012,0.0,115.720001,115.720001,115.720001,115.720001,0.0
2012-01-30,618.76001,618.76001,618.76001,618.76001,0.0,49.5999985,49.5999985,49.5999985,49.5999985,0.0
2012-01-31,620.690002,620.690002,620.690002,620.690002,0.0,48.1699982,48.1699982,48.1699982,48.1699982,0.0
2012-02-01,631.549988,631.549988,631.549988,631.549988,0.0,112.57,112.57,112.57,112.57,0.0
2012-02-02,632.98999,632.98999,632.98999,632.98999,0.0,98.3499985,98.3499985,98.3499985,98.3499985,0.0
2012-02-03,642.820007,642.820007,642.820007,642.820007,0.0,142.350006,142.350006,142.350006,142.350006,0.0
2012-02-06,639.450012,639.450012,639.450012,639.450012,0.0,85.9800034,85.9800034,85.9800034,85.9800034,0.0
2012-02-07,641.02002,641.02002,641.02002,641.02002,0.0,73.5699997,73.5699997,73.5699997,73.5699997,0.0
2012-02-08,643.460022,643.460022,643.460022,643.460022,0.0,68.6900024,68.6900024,68.6900024,68.6900024,0.0
2012-02-09,643.570007,643.570007,643.570007,643.570007,0.0,41.6899986,41.6899986,41.6899986,41.6899986,0.0
2012-02-10,635.049988,635.049988,635.049988,635.049988,0.0,-50.2000008,-50.2000008,-50.2000008,-50.2000008,0.0
2012-02-13,642.809998,642.809998,642.809998,642.809998,0.0,2.75999999,2.75999999,2.75999999,2.75999999,0.0
2012-02-14,637.460022,637.460022,637.460022,637.460022,0.0,-52.4700012,-52.4700012,-52.4700012,-52.4700012,0.0
2012-02-15,632.950012,632.950012,632.950012,632.950012,0.0,-88.9100037,-88.9100037,-88.9100037,-88.9100037,0.0
2012-02-16,642.299988,642.299988,642.299988,642.299988,0.0,-22.7099991,-22.7099991,-22.7099991,-22.7099991,0.0
2012-02-17,644.210022,644.210022,644.210022,644.210022,0.0,-17.9899998,-17.9899998,-17.9899998,-17.9899998,0.0
2012-02-21,643.309998,643.309998,643.309998,643.309998,0.0,-35.6199989,-35.6199989,-35.6199989,-35.6199989,0.0
2012-02-22,639.340027,639.340027,639.340027,639.340027,0.0,-74.0899963,-74.0899963,-74.0899963,-74.0899963,0.0
2012-02-23,646.169983,646.169983,646.169983,646.169983,0.0,-25.0499992,-25.0499992,-25.0499992,-25.0499992,0.0
2012-02-24,647.080017,647.080017,647.080017,647.080017,0.0,-23.7299995,-23.7299995,-23.7299995,-23.7299995,0.0
2012-02-27,646.73999,646.73999,646.73999,646.73999,0.0,-38.3400002,-38.3400002,-38.3400002,-38.3400002,0.0
2012-02-28,646.450012,646.450012,646.450012,646.450012,0.0,-51.4399986,-51.4399986,-51.4399986,-51.4399986,0.0
2012-02-29,640.440002,640.440002,640.440002,640.440002,0.0,-100.760002,-100.760002,-100.760002,-100.760002,0.0
2012-03-01,646.840027,646.840027,646.840027,646.840027,0.0,-51.7200012,-51.7200012,-51.7200012,-51.7200012,0.0
2012-03-02,639.72998,639.72998,639.72998,639.72998,0.0,-110.089996,-110.089996,-110.089996,-110.089996,0.0
2012-03-05,637.450012,637.450012,637.450012,637.450012,0.0,-129.770004,-129.770004,-129.770004,-129.770004,0.0
2012-03-06,624.039978,624.039978,624.039978,624.039978,0.0,-226.869995,-226.869995,-226.869995,-226.869995,0.0
2012-03-07,633.619995,633.619995,633.619995,633.619995,0.0,-129.960007,-129.960007,-129.960007,-129.960007,0.0
2012-03-08,643.299988,643.299988,643.299988,643.299988,0.0,-45.5499992,-45.5499992,-45.5499992,-45.5499992,0.0
2012-03-09,650.530029,650.530029,650.530029,650.530029,0.0,2.11999989,2.11999989,2.11999989,2.11999989,0.0
2012-03-12,648.469971,648.469971,648.469971,648.469971,0.0,-25.3500004,-25.3500004,-25.3500004,-25.3500004,0.0
2012-03-13,658.599976,658.599976,658.599976,658.599976,0.0,45.6800003,45.6800003,45.6800003,45.6800003,0.0
2012-03-14,650.359985,650.359985,650.359985,650.359985,0.0,-33.6699982,-33.6699982,-33.6699982,-33.6699982,0.0
2012-03-15,654.5,654.5,654.5,654.5,0.0,-10.54,-10.54,-10.54,-10.54,0.0
2012-03-16,652.27002,652.27002,652.27002,652.27002,0.0,-33.6800003,-33.6800003,-33.6800003,-33.6800003,0.0
2012-03-19,656.200012,656.200012,656.200012,656.200012,0.0,-2.52999997,-2.52999997,-2.52999997,-2.52999997,0.0
2012-03-20,649.940002,649.940002,649.940002,649.940002,0.0,-58.0900002,-58.0900002,-58.0900002,-58.0900002,0.0
2012-03-21,649.75,649.75,649.75,649.75,0.0,-63.5900002,-63.5900002,-63.5900002,-63.5900002,0.0
2012-03-22,641.309998,641.309998,641.309998,641.309998,0.0,-126.529999,-126.529999,-126.529999,-126.529999,0.0
2012-03-23,648.169983,648.169983,648.169983,648.169983,0.0,-60.25,-60.25,-60.25,-60.25,0.0
2012-03-26,658.320007,658.320007,658.320007,658.320007,0.0,11.25,11.25,11.25,11.25,0.0
2012-03-27,654.549988,654.549988,654.549988,654.549988,0.0,-23.6499996,-23.6499996,-23.6499996,-23.6499996,0.0
2012-03-28,649.429993,649.429993,649.429993,649.429993,0.0,-66.9199982,-66.9199982,-66.9199982,-66.9199982,0.0
2012-03-29,646.090027,646.090027,646.090027,646.090027,0.0,-89.1200027,-89.1200027,-89.1200027,-89.1200027,0.0
2012-03-30,648.559998,648.559998,648.559998,648.559998,0.0,-63.7799988,-63.7799988,-63.7799988,-63.7799988,0.0
2012-04-02,657.460022,657.460022,657.460022,657.460022,0.0,5.8499999,5.8499999,5.8499999,5.8499999,0.0
2012-04-03,651.580017,651.580017,651.580017,651.580017,0.0,-44.0299988,-44.0299988,-44.0299988,-44.0299988,0.0
2012-04-04,640.929993,640.929993,640.929993,640.929993,0.0,-125.330002,-125.330002,-125.330002,-125.330002,0.0
2012-04-05,637.929993,637.929993,637.929993,637.929993,0.0,-131.929993,-131.929993,-131.929993,-131.929993,0.0
2012-04-09,627.650024,627.650024,627.650024,627.650024,0.0,-194.630005,-194.630005,-194.630005,-194.630005,0.0
2012-04-10,615.580017,615.580017,615.580017,615.580017,0.0,-260.950012,-260.950012,-260.950012,-260.950012,0.0
2012-04-11,625.859985,625.859985,625.859985,625.859985,0.0,-151.740005,-151.740005,-151.740005,-151.740005,0.0
2012-04-12,636.48999,636.48999,636.48999,636.48999,0.0,-52.7599983,-52.7599983,-52.7599983,-52.7599983,0.0
2012-04-13,626.780029,626.780029,626.780029,626.780029,0.0,-116.910004,-116.910004,-116.910004,-116.910004,0.0
2012-04-16,630.039978,630.039978,630.039978,630.039978,0.0,-83.0400009,-83.0400009,-83.0400009,-83.0400009,0.0
2012-04-17,640.059998,640.059998,640.059998,640.059998,0.0,3.68000007,3.68000007,3.68000007,3.68000007,0.0
2012-04-18,633.919983,633.919983,633.919983,633.919983,0.0,-43.4099998,-43.4099998,-43.4099998,-43.4099998,0.0
2012-04-19,629.190002,629.190002,629.190002,629.190002,0.0,-64.1200027,-64.1200027,-64.1200027,-64.1200027,0.0
2012-04-20,635.580017,635.580017,635.580017,635.580017,0.0,-13.1099997,-13.1099997,-13.1099997,-13.1099997,0.0
2012-04-23,626.200012,626.200012,626.200012,626.200012,0.0,-73.1600037,-73.1600037,-73.1600037,-73.1600037,0.0
2012-04-24,632.820007,632.820007,632.820007,632.820007,0.0,-13.8299999,-13.8299999,-13.8299999,-13.8299999,0.0
2012-04-25,642.469971,642.469971,642.469971,642.469971,0.0,61.4799995,61.4799995,61.4799995,61.4799995,0.0
2012-04-26,648.359985,648.359985,648.359985,648.359985,0.0,98.1299973,98.1299973,98.1299973,98.1299973,0.0
2012-04-27,654.289978,654.289978,654.289978,654.289978,0.0,127.32,127.32,127.32,127.32,0.0
2012-04-30,650.070007,650.070007,650.070007,650.070007,0.0,77.0100021,77.0100021,77.0100021,77.0100021,0.0
2012-05-01,654.380005,654.380005,654.380005,654.380005,0.0,95.5299988,95.5299988,95.5299988,95.5299988,0.0
2012-05-02,652.580017,652.580017,652.580017,652.580017,0.0,63.7599983,63.7599983,63.7599983,63.7599983,0.0
2012-05-03,644.169983,644.169983,644.169983,644.169983,0.0,-6.36999989,-6.36999989,-6.36999989,-6.36999989,0.0
2012-05-04,634.280029,634.280029,634.280029,634.280029,0.0,-78.5899963,-78.5899963,-78.5899963,-78.5899963,0.0
2012-05-07,636.219971,636.219971,636.219971,636.219971,0.0,-57.9900017,-57.9900017,-57.9900017,-57.9900017,0.0
2012-05-08,632.619995,632.619995,632.619995,632.619995,0.0,-79.2799988,-79.2799988,-79.2799988,-79.2799988,0.0
2012-05-09,626.460022,626.460022,626.460022,626.460022,0.0,-113.809998,-113.809998,-113.809998,-113.809998,0.0
2012-05-10,630.77002,630.77002,630.77002,630.77002,0.0,-66.8600006,-66.8600006,-66.8600006,-66.8600006,0.0
2012-05-11,626.789978,626.789978,626.789978,626.789978,0.0,-91.3799973,-91.3799973,-91.3799973,-91.3799973,0.0
2012-05-14,615.099976,615.099976,615.099976,615.099976,0.0,-166.270004,-166.270004,-166.270004,-166.270004,0.0
2012-05-15,610.01001,610.01001,610.01001,610.01001,0.0,-179.949997,-179.949997,-179.949997,-179.949997,0.0
2012-05-16,604.349976,604.349976,604.349976,604.349976,0.0,-196.830002,-196.830002,-196.830002,-196.830002,0.0
2012-05-17,592.330017,592.330017,592.330017,592.330017,0.0,-256.779999,-256.779999,-256.779999,-256.779999,0.0
2012-05-18,584.48999,584.48999,584.48999,584.48999,0.0,-275.950012,-275.950012,-275.950012,-275.950012,0.0
2012-05-21,596.030029,596.030029,596.030029,596.030029,0.0,-140.5,-140.5,-140.5,-140.5,0.0
2012-05-22,595.619995,595.619995,595.619995,595.619995,0.0,-118.300003,-118.300003,-118.300003,-118.300003,0.0
2012-05-23,598.859985,598.859985,598.859985,598.859985,0.0,-67.5999985,-67.5999985,-67.5999985,-67.5999985,0.0
2012-05-24,601.559998,601.559998,601.559998,601.559998,0.0,-33.3899994,-33.3899994,-33.3899994,-33.3899994,0.0
2012-05-25,601.130005,601.130005,601.130005,601.130005,0.0,-22.7800007,-22.7800007,-22.7800007,-22.7800007,0.0
2012-05-29,611.27002,611.27002,611.27002,611.27002,0.0,62.4099998,62.4099998,62.4099998,62.4099998,0.0
2012-05-30,599.0,599.0,599.0,599.0,0.0,-34.2799988,-34.2799988,-34.2799988,-34.2799988,0.0
2012-05-31,598.530029,598.530029,598.530029,598.530029,0.0,-27.2000008,-27.2000008,-27.2000008,-27.2000008,0.0
2012-06-01,586.309998,586.309998,586.309998,586.309998,0.0,-107.669998,-107.669998,-107.669998,-107.669998,0.0
2012-06-04,583.109985,583.109985,583.109985,583.109985,0.0,-105.279999,-105.279999,-105.279999,-105.279999,0.0
2012-06-05,591.070007,591.070007,591.070007,591.070007,0.0,-21.7299995,-21.7299995,-21.7299995,-21.7299995,0.0
2012-06-06,604.130005,604.130005,604.130005,604.130005,0.0,88.7300034,88.7300034,88.7300034,88.7300034,0.0
2012-06-07,602.27002,602.27002,602.27002,602.27002,0.0,68.6500015,68.6500015,68.6500015,68.6500015,0.0
2012-06-08,609.390015,609.390015,609.390015,609.390015,0.0,117.339996,117.339996,117.339996,117.339996,0.0
2012-06-11,598.630005,598.630005,598.630005,598.630005,0.0,28.9799995,28.9799995,28.9799995,28.9799995,0.0
2012-06-12,608.400024,608.400024,608.400024,608.400024,0.0,103.050003,103.050003,103.050003,103.050003,0.0
2012-06-13,600.119995,600.119995,600.119995,600.119995,0.0,32.7799988,32.7799988,32.7799988,32.7799988,0.0
2012-06-14,607.119995,607.119995,607.119995,607.119995,0.0,87.8700027,87.8700027,87.8700027,87.8700027,0.0
2012-06-15,613.929993,613.929993,613.929993,613.929993,0.0,130.850006,130.850006,130.850006,130.850006,0.0
2012-06-18,616.780029,616.780029,616.780029,616.780029,0.0,135.710007,135.710007,135.710007,135.710007,0.0
2012-06-19,627.940002,627.940002,627.940002,627.940002,0.0,208.660004,208.660004,208.660004,208.660004,0.0
2012-06-20,626.400024,626.400024,626.400024,626.400024,0.0,175.679993,175.679993,175.679993,175.679993,0.0
2012-06-21,614.52002,614.52002,614.52002,614.52002,0.0,69.1600037,69.1600037,69.1600037,69.1600037,0.0
2012-06-22,620.219971,620.219971,620.219971,620.219971,0.0,112.93,112.93,112.93,112.93,0.0
2012-06-25,610.26001,610.26001,610.26001,610.26001,0.0,23.8199997,23.8199997,23.8199997,23.8199997,0.0
2012-06-26,614.789978,614.789978,614.789978,614.789978,0.0,56.9500008,56.9500008,56.9500008,56.9500008,0.0
2012-06-27,623.719971,623.719971,623.719971,623.719971,0.0,119.889999,119.889999,119.889999,119.889999,0.0
2012-06-28,626.01001,626.01001,626.01001,626.01001,0.0,121.57,121.57,121.57,121.57,0.0
2012-06-29,638.609985,638.609985,638.609985,638.609985,0.0,201.020004,201.020004,201.020004,201.020004,0.0
2012-07-02,644.599976,644.599976,644.599976,644.599976,0.0,222.720001,222.720001,222.720001,222.720001,0.0
2012-07-03,653.72998,653.72998,653.72998,653.72998,0.0,262.230011,262.230011,262.230011,262.230011,0.0
2012-07-05,651.150024,651.150024,651.150024,651.150024,0.0,200.440002,200.440002,200.440002,200.440002,0.0
2012-07-06,643.460022,643.460022,643.460022,643.460022,0.0,115.550003,115.550003,115.550003,115.550003,0.0
2012-07-09,640.659973,640.659973,640.659973,640.659973,0.0,78.0,78.0,78.0,78.0,0.0
2012-07-10,634.179993,634.179993,634.179993,634.179993,0.0,14.5900002,14.5900002,14.5900002,14.5900002,0.0
2012-07-11,634.119995,634.119995,634.119995,634.119995,0.0,11.4700003,11.4700003,11.4700003,11.4700003,0.0
2012-07-12,629.469971,629.469971,629.469971,629.469971,0.0,-37.8100014,-37.8100014,-37.8100014,-37.8100014,0.0
2012-07-13,640.849976,640.849976,640.849976,640.849976,0.0,48.4099998,48.4099998,48.4099998,48.4099998,0.0
2012-07-16,637.390015,637.390015,637.390015,637.390015,0.0,33.5400009,33.5400009,33.5400009,33.5400009,0.0
2012-07-17,643.809998,643.809998,643.809998,643.809998,0.0,72.8899994,72.8899994,72.8899994,72.8899994,0.0
2012-07-18,648.799988,648.799988,648.799988,648.799988,0.0,89.4700012,89.4700012,89.4700012,89.4700012,0.0
2012-07-19,649.27002,649.27002,649.27002,649.27002,0.0,74.5299988,74.5299988,74.5299988,74.5299988,0.0
2012-07-20,641.820007,641.820007,641.820007,641.820007,0.0,3.36999989,3.36999989,3.36999989,3.36999989,0.0
2012-07-23,632.299988,632.299988,632.299988,632.299988,0.0,-84.0,-84.0,-84.0,-84.0,0.0
2012-07-24,624.23999,624.23999,624.23999,624.23999,0.0,-152.380005,-152.380005,-152.380005,-152.380005,0.0
2012-07-25,625.580017,625.580017,625.580017,625.580017,0.0,-126.620003,-126.620003,-126.620003,-126.620003,0.0
2012-07-26,633.73999,633.73999,633.73999,633.73999,0.0,-44.2400017,-44.2400017,-44.2400017,-44.2400017,0.0
2012-07-27,645.359985,645.359985,645.359985,645.359985,0.0,53.1800003,53.1800003,53.1800003,53.1800003,0.0
2012-07-30,644.0,644.0,644.0,644.0,0.0,34.2400017,34.2400017,34.2400017,34.2400017,0.0
2012-07-31,639.809998,639.809998,639.809998,639.809998,0.0,-2.70000005,-2.70000005,-2.70000005,-2.70000005,0.0
2012-08-01,634.580017,634.580017,634.580017,634.580017,0.0,-47.3199997,-47.3199997,-47.3199997,-47.3199997,0.0
2012-08-02,629.809998,629.809998,629.809998,629.809998,0.0,-86.3000031,-86.3000031,-86.3000031,-86.3000031,0.0
2012-08-03,641.109985,641.109985,641.109985,641.109985,0.0,17.1700001,17.1700001,17.1700001,17.1700001,0.0
2012-08-06,644.469971,644.469971,644.469971,644.469971,0.0,45.6199989,45.6199989,45.6199989,45.6199989,0.0
2012-08-07,649.210022,649.210022,649.210022,649.210022,0.0,76.3600006,76.3600006,76.3600006,76.3600006,0.0
2012-08-08,648.97998,648.97998,648.97998,648.97998,0.0,58.3699989,58.3699989,58.3699989,58.3699989,0.0
2012-08-09,650.01001,650.01001,650.01001,650.01001,0.0,56.4199982,56.4199982,56.4199982,56.4199982,0.0
2012-08-10,651.77002,651.77002,651.77002,651.77002,0.0,50.7900009,50.7900009,50.7900009,50.7900009,0.0
2012-08-13,647.309998,647.309998,647.309998,647.309998,0.0,-7.25,-7.25,-7.25,-7.25,0.0
2012-08-14,646.900024,646.900024,646.900024,646.900024,0.0,-16.5300007,-16.5300007,-16.5300007,-16.5300007,0.0
2012-08-15,651.97998,651.97998,651.97998,651.97998,0.0,16.5400009,16.5400009,16.5400009,16.5400009,0.0
2012-08-16,660.349976,660.349976,660.349976,660.349976,0.0,71.2399979,71.2399979,71.2399979,71.2399979,0.0
2012-08-17,664.409973,664.409973,664.409973,664.409973,0.0,89.1999969,89.1999969,89.1999969,89.1999969,0.0
2012-08-20,662.130005,662.130005,662.130005,662.130005,0.0,49.7200012,49.7200012,49.7200012,49.7200012,0.0
2012-08-21,660.140015,660.140015,660.140015,660.140015,0.0,18.2399998,18.2399998,18.2399998,18.2399998,0.0
2012-08-22,655.690002,655.690002,655.690002,655.690002,0.0,-26.8899994,-26.8899994,-26.8899994,-26.8899994,0.0
2012-08-23,647.98999,647.98999,647.98999,647.98999,0.0,-87.3499985,-87.3499985,-87.3499985,-87.3499985,0.0
2012-08-24,652.700012,652.700012,652.700012,652.700012,0.0,-41.1100006,-41.1100006,-41.1100006,-41.1100006,0.0
2012-08-27,651.309998,651.309998,651.309998,651.309998,0.0,-49.0600014,-49.0600014,-49.0600014,-49.0600014,0.0
2012-08-28,653.429993,653.429993,653.429993,653.429993,0.0,-30.6599998,-30.6599998,-30.6599998,-30.6599998,0.0
2012-08-29,656.0,656.0,656.0,656.0,0.0,-8.14000034,-8.14000034,-8.14000034,-8.14000034,0.0
2012-08-30,647.219971,647.219971,647.219971,647.219971,0.0,-78.2300034,-78.2300034,-78.2300034,-78.2300034,0.0
2012-08-31,653.559998,653.559998,653.559998,653.559998,0.0,-15.2799997,-15.2799997,-15.2799997,-15.2799997,0.0
2012-09-04,656.690002,656.690002,656.690002,656.690002,0.0,6.92000008,6.92000008,6.92000008,6.92000008,0.0
2012-09-05,655.200012,655.200012,655.200012,655.200012,0.0,-9.56000042,-9.56000042,-9.56000042,-9.56000042,0.0
2012-09-06,666.23999,666.23999,666.23999,666.23999,0.0,70.9700012,70.9700012,70.9700012,70.9700012,0.0
2012-09-07,671.77002,671.77002,671.77002,671.77002,0.0,107.360001,107.360001,107.360001,107.360001,0.0
2012-09-10,667.659973,667.659973,667.659973,667.659973,0.0,54.0800018,54.0800018,54.0800018,54.0800018,0.0
2012-09-11,673.48999,673.48999,673.48999,673.48999,0.0,88.1999969,88.1999969,88.1999969,88.1999969,0.0
2012-09-12,676.349976,676.349976,676.349976,676.349976,0.0,94.1900024,94.1900024,94.1900024,94.1900024,0.0
2012-09-13,686.73999,686.73999,686.73999,686.73999,0.0,155.690002,155.690002,155.690002,155.690002,0.0
2012-09-14,692.890015,692.890015,692.890015,692.890015,0.0,178.259995,178.259995,178.259995,178.259995,0.0
2012-09-17,685.929993,685.929993,685.929993,685.929993,0.0,82.3199997,82.3199997,82.3199997,82.3199997,0.0
2012-09-18,683.900024,683.900024,683.900024,683.900024,0.0,41.7599983,41.7599983,41.7599983,41.7599983,0.0
2012-09-19,685.820007,685.820007,685.820007,685.820007,0.0,43.8300018,43.8300018,43.8300018,43.8300018,0.0
2012-09-20,681.719971,681.719971,681.719971,681.719971,0.0,-6.69000006,-6.69000006,-6.69000006,-6.69000006,0.0
2012-09-21,684.369995,684.369995,684.369995,684.369995,0.0,8.13000011,8.13000011,8.13000011,8.13000011,0.0
2012-09-24,681.809998,681.809998,681.809998,681.809998,0.0,-33.7400017,-33.7400017,-33.7400017,-33.7400017,0.0
2012-09-25,672.75,672.75,672.75,672.75,0.0,-108.489998,-108.489998,-108.489998,-108.489998,0.0
2012-09-26,668.27002,668.27002,668.27002,668.27002,0.0,-140.509995,-140.509995,-140.509995,-140.509995,0.0
2012-09-27,676.51001,676.51001,676.51001,676.51001,0.0,-57.2200012,-57.2200012,-57.2200012,-57.2200012,0.0
2012-09-28,672.169983,672.169983,672.169983,672.169983,0.0,-92.1699982,-92.1699982,-92.1699982,-92.1699982,0.0
2012-10-01,675.26001,675.26001,675.26001,675.26001,0.0,-54.9900017,-54.9900017,-54.9900017,-54.9900017,0.0
2012-10-02,677.219971,677.219971,677.219971,677.219971,0.0,-44.4300003,-44.4300003,-44.4300003,-44.4300003,0.0
2012-10-03,677.210022,677.210022,677.210022,677.210022,0.0,-50.4799995,-50.4799995,-50.4799995,-50.4799995,0.0
2012-10-04,685.140015,685.140015,685.140015,685.140015,0.0,17.0,17.0,17.0,17.0,0.0
2012-10-05,686.460022,686.460022,686.460022,686.460022,0.0,27.5499992,27.5499992,27.5499992,27.5499992,0.0
2012-10-08,682.419983,682.419983,682.419983,682.419983,0.0,-18.1499996,-18.1499996,-18.1499996,-18.1499996,0.0
2012-10-09,672.549988,672.549988,672.549988,672.549988,0.0,-107.489998,-107.489998,-107.489998,-107.489998,0.0
2012-10-10,667.200012,667.200012,667.200012,667.200012,0.0,-137.440002,-137.440002,-137.440002,-137.440002,0.0
2012-10-11,671.5,671.5,671.5,671.5,0.0,-84.9499969,-84.9499969,-84.9499969,-84.9499969,0.0
2012-10-12,665.880005,665.880005,665.880005,665.880005,0.0,-117.839996,-117.839996,-117.839996,-117.839996,0.0
2012-10-15,672.710022,672.710022,672.710022,672.710022,0.0,-57.2000008,-57.2000008,-57.2000008,-57.2000008,0.0
2012-10-16,681.210022,681.210022,681.210022,681.210022,0.0,18.2900009,18.2900009,18.2900009,18.2900009,0.0
2012-10-17,687.619995,687.619995,687.619995,687.619995,0.0,66.0100021,66.0100021,66.0100021,66.0100021,0.0
2012-10-18,686.909973,686.909973,686.909973,686.909973,0.0,43.5299988,43.5299988,43.5299988,43.5299988,0.0
2012-10-19,676.419983,676.419983,676.419983,676.419983,0.0,-52.1800003,-52.1800003,-52.1800003,-52.1800003,0.0
2012-10-22,675.52002,675.52002,675.52002,675.52002,0.0,-54.9799995,-54.9799995,-54.9799995,-54.9799995,0.0
2012-10-23,667.869995,667.869995,667.869995,667.869995,0.0,-123.300003,-123.300003,-123.300003,-123.300003,0.0
2012-10-24,665.969971,665.969971,665.969971,665.969971,0.0,-126.769997,-126.769997,-126.769997,-126.769997,0.0
2012-10-25,669.820007,669.820007,669.820007,669.820007,0.0,-85.6200027,-85.6200027,-85.6200027,-85.6200027,0.0
2012-10-26,666.26001,666.26001,666.26001,666.26001,0.0,-104.18,-104.18,-104.18,-104.18,0.0
2012-10-31,669.130005,669.130005,669.130005,669.130005,0.0,-73.4700012,-73.4700012,-73.4700012,-73.4700012,0.0
2012-11-01,677.580017,677.580017,677.580017,677.580017,0.0,15.3000002,15.3000002,15.3000002,15.3000002,0.0
2012-11-02,669.900024,669.900024,669.900024,669.900024,0.0,-52.4300003,-52.4300003,-52.4300003,-52.4300003,0.0
2012-11-05,670.309998,670.309998,670.309998,670.309998,0.0,-45.1399994,-45.1399994,-45.1399994,-45.1399994,0.0
2012-11-06,678.619995,678.619995,678.619995,678.619995,0.0,23.0799999,23.0799999,23.0799999,23.0799999,0.0
2012-11-07,668.0,668.0,668.0,668.0,0.0,-79.5,-79.5,-79.5,-79.5,0.0
2012-11-08,659.299988,659.299988,659.299988,659.299988,0.0,-141.789993,-141.789993,-141.789993,-141.789993,0.0
2012-11-09,658.799988,658.799988,658.799988,658.799988,0.0,-129.600006,-129.600006,-129.600006,-129.600006,0.0
2012-11-12,657.450012,657.450012,657.450012,657.450012,0.0,-122.940002,-122.940002,-122.940002,-122.940002,0.0
2012-11-13,651.330017,651.330017,651.330017,651.330017,0.0,-163.139999,-163.139999,-163.139999,-163.139999,0.0
2012-11-14,638.320007,638.320007,638.320007,638.320007,0.0,-262.589996,-262.589996,-262.589996,-262.589996,0.0
2012-11-15,633.099976,633.099976,633.099976,633.099976,0.0,-277.73999,-277.73999,-277.73999,-277.73999,0.0
2012-11-16,640.75,640.75,640.75,640.75,0.0,-160.020004,-160.020004,-160.020004,-160.020004,0.0
2012-11-19,653.419983,653.419983,653.419983,653.419983,0.0,-16.2099991,-16.2099991,-16.2099991,-16.2099991,0.0
2012-11-20,654.950012,654.950012,654.950012,654.950012,0.0,5.17999983,5.17999983,5.17999983,5.17999983,0.0
2012-11-21,661.059998,661.059998,661.059998,661.059998,0.0,59.6100006,59.6100006,59.6100006,59.6100006,0.0
2012-11-23,672.5,672.5,672.5,672.5,0.0,150.949997,150.949997,150.949997,150.949997,0.0
2012-11-26,670.719971,670.719971,670.719971,670.719971,0.0,111.650002,111.650002,111.650002,111.650002,0.0
2012-11-27,668.080017,668.080017,668.080017,668.080017,0.0,80.9599991,80.9599991,80.9599991,80.9599991,0.0
2012-11-28,674.090027,674.090027,674.090027,674.090027,0.0,118.910004,118.910004,118.910004,118.910004,0.0
2012-11-29,681.789978,681.789978,681.789978,681.789978,0.0,167.470001,167.470001,167.470001,167.470001,0.0
2012-11-30,683.299988,683.299988,683.299988,683.299988,0.0,157.990005,157.990005,157.990005,157.990005,0.0
2012-12-03,679.400024,679.400024,679.400024,679.400024,0.0,100.809998,100.809998,100.809998,100.809998,0.0
2012-12-04,679.140015,679.140015,679.140015,679.140015,0.0,80.0299988,80.0299988,80.0299988,80.0299988,0.0
2012-12-05,679.159973,679.159973,679.159973,679.159973,0.0,73.1500015,73.1500015,73.1500015,73.1500015,0.0
2012-12-06,680.619995,680.619995,680.619995,680.619995,0.0,67.8700027,67.8700027,67.8700027,67.8700027,0.0
2012-12-07,682.809998,682.809998,682.809998,682.809998,0.0,70.5500031,70.5500031,70.5500031,70.5500031,0.0
2012-12-10,684.98999,684.98999,684.98999,684.98999,0.0,71.3600006,71.3600006,71.3600006,71.3600006,0.0
2012-12-11,690.929993,690.929993,690.929993,690.929993,0.0,,,,,
2012-12-12,688.919983,688.919983,688.919983,688.919983,0.0,67.1600037,67.1600037,67.1600037,67.1600037,0.0
2012-12-13,681.98999,681.98999,681.98999,681.98999,0.0,-11.3900003,-11.3900003,-11.3900003,-11.3900003,0.0
2012-12-14,680.429993,680.429993,680.429993,680.429993,0.0,-23.1800003,-23.1800003,-23.1800003,-23.1800003,0.0
2012-12-17,687.390015,687.390015,687.390015,687.390015,0.0,29.3099995,29.3099995,29.3099995,29.3099995,0.0
2012-12-18,696.150024,696.150024,696.150024,696.150024,0.0,91.3899994,91.3899994,91.3899994,91.3899994,0.0
2012-12-19,694.97998,694.97998,694.97998,694.97998,0.0,70.5500031,70.5500031,70.5500031,70.5500031,0.0
2012-12-20,701.48999,701.48999,701.48999,701.48999,0.0,107.730003,107.730003,107.730003,107.730003,0.0
2012-12-21,695.400024,695.400024,695.400024,695.400024,0.0,35.2700005,35.2700005,35.2700005,35.2700005,0.0
2012-12-24,691.77002,691.77002,691.77002,691.77002,0.0,-3.3900001,-3.3900001,-3.3900001,-3.3900001,0.0
2012-12-26,685.02002,685.02002,685.02002,685.02002,0.0,-60.0499992,-60.0499992,-60.0499992,-60.0499992,0.0
2012-12-27,682.75,682.75,682.75,682.75,0.0,-80.6999969,-80.6999969,-80.6999969,-80.6999969,0.0
2012-12-28,674.580017,674.580017,674.580017,674.580017,0.0,-129.919998,-129.919998,-129.919998,-129.919998,0.0
2012-12-31,687.619995,687.619995,687.619995,687.619995,0.0,-5.11999989,-5.11999989,-5.11999989,-5.11999989,0.0
2013-01-02,701.580017,701.580017,701.580017,701.580017,0.0,-11.0699997,-11.0699997,-11.0699997,-11.0699997,0.0
2013-01-03,702.22998,702.22998,702.22998,702.22998,0.0,4.01999998,4.01999998,4.01999998,4.01999998,0.0
2013-01-04,710.630005,710.630005,710.630005,710.630005,0.0,79.7300034,79.7300034,79.7300034,79.7300034,0.0
2013-01-07,708.119995,708.119995,708.119995,708.119995,0.0,49.6800003,49.6800003,49.6800003,49.6800003,0.0
2013-01-08,706.650024,706.650024,706.650024,706.650024,0.0,38.3100014,38.3100014,38.3100014,38.3100014,0.0
2013-01-09,712.73999,712.73999,712.73999,712.73999,0.0,80.0800018,80.0800018,80.0800018,80.0800018,0.0
2013-01-10,717.840027,717.840027,717.840027,717.840027,0.0,105.360001,105.360001,105.360001,105.360001,0.0
2013-01-11,718.0,718.0,718.0,718.0,0.0,83.2399979,83.2399979,83.2399979,83.2399979,0.0
2013-01-14,718.090027,718.090027,718.090027,718.090027,0.0,64.6200027,64.6200027,64.6200027,64.6200027,0.0
2013-01-15,720.950012,720.950012,720.950012,720.950012,0.0,69.4400024,69.4400024,69.4400024,69.4400024,0.0
2013-01-16,718.26001,718.26001,718.26001,718.26001,0.0,38.2599983,38.2599983,38.2599983,38.2599983,0.0
2013-01-17,727.650024,727.650024,727.650024,727.650024,0.0,102.68,102.68,102.68,102.68,0.0
2013-01-18,732.539978,732.539978,732.539978,732.539978,0.0,124.660004,124.660004,124.660004,124.660004,0.0
2013-01-22,739.409973,739.409973,739.409973,739.409973,0.0,77.6399994,77.6399994,77.6399994,77.6399994,0.0
2013-01-23,738.090027,738.090027,738.090027,738.090027,0.0,50.4000015,50.4000015,50.4000015,50.4000015,0.0
2013-01-24,741.530029,741.530029,741.530029,741.530029,0.0,51.0999985,51.0999985,51.0999985,51.0999985,0.0
2013-01-25,746.349976,746.349976,746.349976,746.349976,0.0,71.1200027,71.1200027,71.1200027,71.1200027,0.0
2013-01-28,744.190002,744.190002,744.190002,744.190002,0.0,28.2000008,28.2000008,28.2000008,28.2000008,0.0
2013-01-29,747.900024,747.900024,747.900024,747.900024,0.0,37.9000015,37.9000015,37.9000015,37.9000015,0.0
2013-01-30,741.48999,741.48999,741.48999,741.48999,0.0,-30.0100002,-30.0100002,-30.0100002,-30.0100002,0.0
2013-01-31,742.150024,742.150024,742.150024,742.150024,0.0,-29.6499996,-29.6499996,-29.6499996,-29.6499996,0.0
2013-02-01,751.179993,751.179993,751.179993,751.179993,0.0,44.6399994,44.6399994,44.6399994,44.6399994,0.0
2013-02-04,740.619995,740.619995,740.619995,740.619995,0.0,-60.5400009,-60.5400009,-60.5400009,-60.5400009,0.0
2013-02-05,748.919983,748.919983,748.919983,748.919983,0.0,7.71999979,7.71999979,7.71999979,7.71999979,0.0
2013-02-06,752.059998,752.059998,752.059998,752.059998,0.0,21.8999996,21.8999996,21.8999996,21.8999996,0.0
2013-02-07,748.52002,748.52002,748.52002,748.52002,0.0,-15.2799997,-15.2799997,-15.2799997,-15.2799997,0.0
2013-02-08,754.349976,754.349976,754.349976,754.349976,0.0,29.2800007,29.2800007,29.2800007,29.2800007,0.0
2013-02-11,752.890015,752.890015,752.890015,752.890015,0.0,-2.71000004,-2.71000004,-2.71000004,-2.71000004,0.0
2013-02-12,758.130005,758.130005,758.130005,758.130005,0.0,27.4899998,27.4899998,27.4899998,27.4899998,0.0
2013-02-13,759.859985,759.859985,759.859985,759.859985,0.0,27.3600006,27.3600006,27.3600006,27.3600006,0.0
2013-02-14,759.169983,759.169983,759.169983,759.169983,0.0,11.8100004,11.8100004,11.8100004,11.8100004,0.0
2013-02-15,758.309998,758.309998,758.309998,758.309998,0.0,-4.38999987,-4.38999987,-4.38999987,-4.38999987,0.0
2013-02-19,764.849976,764.849976,764.849976,764.849976,0.0,-21.9300003,-21.9300003,-21.9300003,-21.9300003,0.0
2013-02-20,754.47998,754.47998,754.47998,754.47998,0.0,-111.190002,-111.190002,-111.190002,-111.190002,0.0
2013-02-21,747.130005,747.130005,747.130005,747.130005,0.0,-163.5,-163.5,-163.5,-163.5,0.0
2013-02-22,756.159973,756.159973,756.159973,756.159973,0.0,-72.4100037,-72.4100037,-72.4100037,-72.4100037,0.0
2013-02-25,744.75,744.75,744.75,744.75,0.0,-157.270004,-157.270004,-157.270004,-157.270004,0.0
2013-02-26,750.98999,750.98999,750.98999,750.98999,0.0,-94.1900024,-94.1900024,-94.1900024,-94.1900024,0.0
2013-02-27,760.630005,760.630005,760.630005,760.630005,0.0,-14.4499998,-14.4499998,-14.4499998,-14.4499998,0.0
2013-02-28,761.359985,761.359985,761.359985,761.359985,0.0,-16.0699997,-16.0699997,-16.0699997,-16.0699997,0.0
2013-03-01,763.150024,763.150024,763.150024,763.150024,0.0,-4.6500001,-4.6500001,-4.6500001,-4.6500001,0.0
2013-03-04,765.25,765.25,765.25,765.25,0.0,6.28999996,6.28999996,6.28999996,6.28999996,0.0
2013-03-05,773.97998,773.97998,773.97998,773.97998,0.0,70.3099976,70.3099976,70.3099976,70.3099976,0.0
2013-03-06,776.150024,776.150024,776.150024,776.150024,0.0,66.5899963,66.5899963,66.5899963,66.5899963,0.0
2013-03-07,778.27002,778.27002,778.27002,778.27002,0.0,70.9800034,70.9800034,70.9800034,70.9800034,0.0
2013-03-08,784.210022,784.210022,784.210022,784.210022,0.0,104.419998,104.419998,104.419998,104.419998,0.0
2013-03-11,785.619995,785.619995,785.619995,785.619995,0.0,89.4199982,89.4199982,89.4199982,89.4199982,0.0
2013-03-12,781.179993,781.179993,781.179993,781.179993,0.0,37.4700012,37.4700012,37.4700012,37.4700012,0.0
2013-03-13,782.719971,782.719971,782.719971,782.719971,0.0,29.0,29.0,29.0,29.0,0.0
2013-03-14,788.719971,788.719971,788.719971,788.719971,0.0,65.1100006,65.1100006,65.1100006,65.1100006,0.0
2013-03-15,786.780029,786.780029,786.780029,786.780029,0.0,30.9899998,30.9899998,30.9899998,30.9899998,0.0
2013-03-18,782.190002,782.190002,782.190002,782.190002,0.0,-14.9899998,-14.9899998,-14.9899998,-14.9899998,0.0
2013-03-19,779.789978,779.789978,779.789978,779.789978,0.0,-44.5900002,-44.5900002,-44.5900002,-44.5900002,0.0
2013-03-20,788.890015,788.890015,788.890015,788.890015,0.0,25.5499992,25.5499992,25.5499992,25.5499992,0.0
2013-03-21,781.76001,781.76001,781.76001,781.76001,0.0,-34.3699989,-34.3699989,-34.3699989,-34.3699989,0.0
2013-03-22,786.390015,786.390015,786.390015,786.390015,0.0,0.819999993,0.819999993,0.819999993,0.819999993,0.0
2013-03-25,783.059998,783.059998,783.059998,783.059998,0.0,-34.6300011,-34.6300011,-34.6300011,-34.6300011,0.0
2013-03-26,789.659973,789.659973,789.659973,789.659973,0.0,10.9399996,10.9399996,10.9399996,10.9399996,0.0
2013-03-27,790.099976,790.099976,790.099976,790.099976,0.0,4.05000019,4.05000019,4.05000019,4.05000019,0.0
2013-03-28,795.119995,795.119995,795.119995,795.119995,0.0,34.8499985,34.8499985,34.8499985,34.8499985,0.0
2013-04-01,787.51001,787.51001,787.51001,787.51001,0.0,5.30000019,5.30000019,5.30000019,5.30000019,0.0
2013-04-02,787.070007,787.070007,787.070007,787.070007,0.0,-10.1099997,-10.1099997,-10.1099997,-10.1099997,0.0
2013-04-03,775.98999,775.98999,775.98999,775.98999,0.0,-106.010002,-106.010002,-106.010002,-106.010002,0.0
2013-04-04,781.090027,781.090027,781.090027,781.090027,0.0,-63.75,-63.75,-63.75,-63.75,0.0
2013-04-05,779.809998,779.809998,779.809998,779.809998,0.0,-68.5899963,-68.5899963,-68.5899963,-68.5899963,0.0
2013-04-08,786.960022,786.960022,786.960022,786.960022,0.0,-10.6400003,-10.6400003,-10.6400003,-10.6400003,0.0
2013-04-09,788.580017,788.580017,788.580017,788.580017,0.0,3.97000003,3.97000003,3.97000003,3.97000003,0.0
2013-04-10,798.080017,798.080017,798.080017,798.080017,0.0,73.9000015,73.9000015,73.9000015,73.9000015,0.0
2013-04-11,801.049988,801.049988,801.049988,801.049988,0.0,79.9899979,79.9899979,79.9899979,79.9899979,0.0
2013-04-12,796.690002,796.690002,796.690002,796.690002,0.0,26.5699997,26.5699997,26.5699997,26.5699997,0.0
2013-04-15,782.539978,782.539978,782.539978,782.539978,0.0,-102.220001,-102.220001,-102.220001,-102.220001,0.0
2013-04-16,793.780029,793.780029,793.780029,793.780029,0.0,1.00999999,1.00999999,1.00999999,1.00999999,0.0
2013-04-17,782.820007,782.820007,782.820007,782.820007,0.0,-94.1999969,-94.1999969,-94.1999969,-94.1999969,0.0
2013-04-18,779.780029,779.780029,779.780029,779.780029,0.0,-105.860001,-105.860001,-105.860001,-105.860001,0.0
2013-04-19,789.299988,789.299988,789.299988,789.299988,0.0,-31.5599995,-31.5599995,-31.5599995,-31.5599995,0.0
2013-04-22,791.580017,791.580017,791.580017,791.580017,0.0,-10.5699997,-10.5699997,-10.5699997,-10.5699997,0.0
2013-04-23,801.950012,801.950012,801.950012,801.950012,0.0,73.4199982,73.4199982,73.4199982,73.4199982,0.0
2013-04-24,806.789978,806.789978,806.789978,806.789978,0.0,100.07,100.07,100.07,100.07,0.0
2013-04-25,812.150024,812.150024,812.150024,812.150024,0.0,120.82,120.82,120.82,120.82,0.0
2013-04-26,808.450012,808.450012,808.450012,808.450012,0.0,66.5100021,66.5100021,66.5100021,66.5100021,0.0
2013-04-29,816.809998,816.809998,816.809998,816.809998,0.0,118.129997,118.129997,118.129997,118.129997,0.0
2013-04-30,822.590027,822.590027,822.590027,822.590027,0.0,140.789993,140.789993,140.789993,140.789993,0.0
2013-05-01,813.190002,813.190002,813.190002,813.190002,0.0,38.8899994,38.8899994,38.8899994,38.8899994,0.0
2013-05-02,821.820007,821.820007,821.820007,821.820007,0.0,101.730003,101.730003,101.730003,101.730003,0.0
2013-05-03,829.48999,829.48999,829.48999,829.48999,0.0,144.389999,144.389999,144.389999,144.389999,0.0
2013-05-06,832.830017,832.830017,832.830017,832.830017,0.0,141.449997,141.449997,141.449997,141.449997,0.0
2013-05-07,841.5,841.5,841.5,841.5,0.0,184.580002,184.580002,184.580002,184.580002,0.0
2013-05-08,847.049988,847.049988,847.049988,847.049988,0.0,189.649994,189.649994,189.649994,189.649994,0.0
2013-05-09,840.710022,840.710022,840.710022,840.710022,0.0,103.360001,103.360001,103.360001,103.360001,0.0
2013-05-10,845.76001,845.76001,845.76001,845.76001,0.0,111.93,111.93,111.93,111.93,0.0
2013-05-13,841.539978,841.539978,841.539978,841.539978,0.0,41.6800003,41.6800003,41.6800003,41.6800003,0.0
2013-05-14,849.51001,849.51001,849.51001,849.51001,0.0,72.4400024,72.4400024,72.4400024,72.4400024,0.0
2013-05-15,852.880005,852.880005,852.880005,852.880005,0.0,57.8400002,57.8400002,57.8400002,57.8400002,0.0
2013-05-16,848.429993,848.429993,848.429993,848.429993,0.0,0.860000014,0.860000014,0.860000014,0.860000014,0.0
2013-05-17,856.900024,856.900024,856.900024,856.900024,0.0,52.1500015,52.1500015,52.1500015,52.1500015,0.0
2013-05-20,857.859985,857.859985,857.859985,857.859985,0.0,47.1599998,47.1599998,47.1599998,47.1599998,0.0
2013-05-21,858.630005,858.630005,858.630005,858.630005,0.0,34.8499985,34.8499985,34.8499985,34.8499985,0.0
2013-05-22,848.070007,848.070007,848.070007,848.070007,0.0,-75.5100021,-75.5100021,-75.5100021,-75.5100021,0.0
2013-05-23,845.23999,845.23999,845.23999,845.23999,0.0,-107.529999,-107.529999,-107.529999,-107.529999,0.0
2013-05-24,842.380005,842.380005,842.380005,842.380005,0.0,-122.43,-122.43,-122.43,-122.43,0.0
2013-05-28,846.27002,846.27002,846.27002,846.27002,0.0,-117.690002,-117.690002,-117.690002,-117.690002,0.0
2013-05-29,836.580017,836.580017,836.580017,836.580017,0.0,-189.919998,-189.919998,-189.919998,-189.919998,0.0
2013-05-30,840.159973,840.159973,840.159973,840.159973,0.0,-148.770004,-148.770004,-148.770004,-148.770004,0.0
2013-05-31,828.719971,828.719971,828.719971,828.719971,0.0,-247.5,-247.5,-247.5,-247.5,0.0
2013-06-03,828.880005,828.880005,828.880005,828.880005,0.0,-239.25,-239.25,-239.25,-239.25,0.0
2013-06-04,823.679993,823.679993,823.679993,823.679993,0.0,-253.699997,-253.699997,-253.699997,-253.699997,0.0
2013-06-05,813.109985,813.109985,813.109985,813.109985,0.0,-322.450012,-322.450012,-322.450012,-322.450012,0.0
2013-06-06,823.51001,823.51001,823.51001,823.51001,0.0,-196.690002,-196.690002,-196.690002,-196.690002,0.0
2013-06-07,830.570007,830.570007,830.570007,830.570007,0.0,-117.410004,-117.410004,-117.410004,-117.410004,0.0
2013-06-10,829.73999,829.73999,829.73999,829.73999,0.0,-124.459999,-124.459999,-124.459999,-124.459999,0.0
2013-06-11,817.369995,817.369995,817.369995,817.369995,0.0,-226.220001,-226.220001,-226.220001,-226.220001,0.0
2013-06-12,806.609985,806.609985,806.609985,806.609985,0.0,-300.809998,-300.809998,-300.809998,-300.809998,0.0
2013-06-13,818.849976,818.849976,818.849976,818.849976,0.0,-150.940002,-150.940002,-150.940002,-150.940002,0.0
2013-06-14,814.940002,814.940002,814.940002,814.940002,0.0,-144.5,-144.5,-144.5,-144.5,0.0
2013-06-17,820.859985,820.859985,820.859985,820.859985,0.0,-73.6600037,-73.6600037,-73.6600037,-73.6600037,0.0
2013-06-18,827.570007,827.570007,827.570007,827.570007,0.0,-10.5200005,-10.5200005,-10.5200005,-10.5200005,0.0
2013-06-19,815.02002,815.02002,815.02002,815.02002,0.0,-118.550003,-118.550003,-118.550003,-118.550003,0.0
2013-06-20,800.320007,800.320007,800.320007,800.320007,0.0,-242.199997,-242.199997,-242.199997,-242.199997,0.0
2013-06-21,800.549988,800.549988,800.549988,800.549988,0.0,-205.009995,-205.009995,-205.009995,-205.009995,0.0
2013-06-24,788.719971,788.719971,788.719971,788.719971,0.0,-287.929993,-287.929993,-287.929993,-287.929993,0.0
2013-06-25,799.48999,799.48999,799.48999,799.48999,0.0,-148.679993,-148.679993,-148.679993,-148.679993,0.0
2013-06-26,807.0,807.0,807.0,807.0,0.0,-52.0200005,-52.0200005,-52.0200005,-52.0200005,0.0
2013-06-27,818.809998,818.809998,818.809998,818.809998,0.0,63.9300003,63.9300003,63.9300003,63.9300003,0.0
2013-06-28,817.349976,817.349976,817.349976,817.349976,0.0,60.8400002,60.8400002,60.8400002,60.8400002,0.0
2013-07-01,825.309998,825.309998,825.309998,825.309998,0.0,119.919998,119.919998,119.919998,119.919998,0.0
2013-07-02,820.859985,820.859985,820.859985,820.859985,0.0,70.5,70.5,70.5,70.5,0.0
2013-07-03,818.090027,818.090027,818.090027,818.090027,0.0,29.7299995,29.7299995,29.7299995,29.7299995,0.0
2013-07-05,822.869995,822.869995,822.869995,822.869995,0.0,48.8899994,48.8899994,48.8899994,48.8899994,0.0
2013-07-08,826.900024,826.900024,826.900024,826.900024,0.0,68.1800003,68.1800003,68.1800003,68.1800003,0.0
2013-07-09,835.609985,835.609985,835.609985,835.609985,0.0,131.869995,131.869995,131.869995,131.869995,0.0
2013-07-10,836.419983,836.419983,836.419983,836.419983,0.0,121.209999,121.209999,121.209999,121.209999,0.0
2013-07-11,848.599976,848.599976,848.599976,848.599976,0.0,216.479996,216.479996,216.479996,216.479996,0.0
2013-07-12,849.01001,849.01001,849.01001,849.01001,0.0,184.050003,184.050003,184.050003,184.050003,0.0
2013-07-15,853.070007,853.070007,853.070007,853.070007,0.0,191.869995,191.869995,191.869995,191.869995,0.0
2013-07-16,847.030029,847.030029,847.030029,847.030029,0.0,118.980003,118.980003,118.980003,118.980003,0.0
2013-07-17,852.190002,852.190002,852.190002,852.190002,0.0,143.770004,143.770004,143.770004,143.770004,0.0
2013-07-18,859.289978,859.289978,859.289978,859.289978,0.0,172.309998,172.309998,172.309998,172.309998,0.0
2013-07-19,859.27002,859.27002,859.27002,859.27002,0.0,146.25,146.25,146.25,146.25,0.0
2013-07-22,862.299988,862.299988,862.299988,862.299988,0.0,140.220001,140.220001,140.220001,140.220001,0.0
2013-07-23,864.210022,864.210022,864.210022,864.210022,0.0,134.539993,134.539993,134.539993,134.539993,0.0
2013-07-24,855.599976,855.599976,855.599976,855.599976,0.0,28.7000008,28.7000008,28.7000008,28.7000008,0.0
2013-07-25,859.440002,859.440002,859.440002,859.440002,0.0,38.5,38.5,38.5,38.5,0.0
2013-07-26,857.799988,857.799988,857.799988,857.799988,0.0,19.6299992,19.6299992,19.6299992,19.6299992,0.0
2013-07-29,851.679993,851.679993,851.679993,851.679993,0.0,-52.9900017,-52.9900017,-52.9900017,-52.9900017,0.0
2013-07-30,852.109985,852.109985,852.109985,852.109985,0.0,-50.6199989,-50.6199989,-50.6199989,-50.6199989,0.0
2013-07-31,852.080017,852.080017,852.080017,852.080017,0.0,-45.2700005,-45.2700005,-45.2700005,-45.2700005,0.0
2013-08-01,858.460022,858.460022,858.460022,858.460022,0.0,-10.3000002,-10.3000002,-10.3000002,-10.3000002,0.0
2013-08-02,858.780029,858.780029,858.780029,858.780029,0.0,-13.0299997,-13.0299997,-13.0299997,-13.0299997,0.0
2013-08-05,855.880005,855.880005,855.880005,855.880005,0.0,-45.9099998,-45.9099998,-45.9099998,-45.9099998,0.0
2013-08-06,847.299988,847.299988,847.299988,847.299988,0.0,-121.050003,-121.050003,-121.050003,-121.050003,0.0
2013-08-07,840.859985,840.859985,840.859985,840.859985,0.0,-168.270004,-168.270004,-168.270004,-168.270004,0.0
2013-08-08,846.710022,846.710022,846.710022,846.710022,0.0,-105.5,-105.5,-105.5,-105.5,0.0
2013-08-09,845.5,845.5,845.5,845.5,0.0,-98.7300034,-98.7300034,-98.7300034,-98.7300034,0.0
2013-08-12,846.450012,846.450012,846.450012,846.450012,0.0,-78.1299973,-78.1299973,-78.1299973,-78.1299973,0.0
2013-08-13,844.799988,844.799988,844.799988,844.799988,0.0,-104.589996,-104.589996,-104.589996,-104.589996,0.0
2013-08-14,838.849976,838.849976,838.849976,838.849976,0.0,-147.240005,-147.240005,-147.240005,-147.240005,0.0
2013-08-15,826.419983,826.419983,826.419983,826.419983,0.0,-235.300003,-235.300003,-235.300003,-235.300003,0.0
2013-08-16,822.22998,822.22998,822.22998,822.22998,0.0,-248.270004,-248.270004,-248.270004,-248.270004,0.0
2013-08-19,811.900024,811.900024,811.900024,811.900024,0.0,-308.920013,-308.920013,-308.920013,-308.920013,0.0
2013-08-20,821.700012,821.700012,821.700012,821.700012,0.0,-179.449997,-179.449997,-179.449997,-179.449997,0.0
2013-08-21,812.909973,812.909973,812.909973,812.909973,0.0,-222.779999,-222.779999,-222.779999,-222.779999,0.0
2013-08-22,824.820007,824.820007,824.820007,824.820007,0.0,-81.4000015,-81.4000015,-81.4000015,-81.4000015,0.0
2013-08-23,829.710022,829.710022,829.710022,829.710022,0.0,-9.22000027,-9.22000027,-9.22000027,-9.22000027,0.0
2013-08-26,825.590027,825.590027,825.590027,825.590027,0.0,-30.6900005,-30.6900005,-30.6900005,-30.6900005,0.0
2013-08-27,813.969971,813.969971,813.969971,813.969971,0.0,-114.599998,-114.599998,-114.599998,-114.599998,0.0
2013-08-28,814.960022,814.960022,814.960022,814.960022,0.0,-84.4199982,-84.4199982,-84.4199982,-84.4199982,0.0
2013-08-29,820.429993,820.429993,820.429993,820.429993,0.0,-24.4400005,-24.4400005,-24.4400005,-24.4400005,0.0
2013-08-30,812.219971,812.219971,812.219971,812.219971,0.0,-75.2600021,-75.2600021,-75.2600021,-75.2600021,0.0
2013-09-03,814.820007,814.820007,814.820007,814.820007,0.0,-46.2599983,-46.2599983,-46.2599983,-46.2599983,0.0
2013-09-04,822.869995,822.869995,822.869995,822.869995,0.0,30.1900005,30.1900005,30.1900005,30.1900005,0.0
2013-09-05,822.789978,822.789978,822.789978,822.789978,0.0,23.9899998,23.9899998,23.9899998,23.9899998,0.0
2013-09-06,824.75,824.75,824.75,824.75,0.0,48.9799995,48.9799995,48.9799995,48.9799995,0.0
2013-09-09,835.609985,835.609985,835.609985,835.609985,0.0,138.789993,138.789993,138.789993,138.789993,0.0
2013-09-10,842.02002,842.02002,842.02002,842.02002,0.0,169.369995,169.369995,169.369995,169.369995,0.0
2013-09-11,842.940002,842.940002,842.940002,842.940002,0.0,152.850006,152.850006,152.850006,152.850006,0.0
2013-09-12,835.820007,835.820007,835.820007,835.820007,0.0,74.5299988,74.5299988,74.5299988,74.5299988,0.0
2013-09-13,840.549988,840.549988,840.549988,840.549988,0.0,101.739998,101.739998,101.739998,101.739998,0.0
2013-09-16,847.530029,847.530029,847.530029,847.530029,0.0,142.279999,142.279999,142.279999,142.279999,0.0
2013-09-17,854.01001,854.01001,854.01001,854.01001,0.0,175.130005,175.130005,175.130005,175.130005,0.0
2013-09-18,866.070007,866.070007,866.070007,866.070007,0.0,260.910004,260.910004,260.910004,260.910004,0.0
2013-09-19,862.650024,862.650024,862.650024,862.650024,0.0,193.710007,193.710007,193.710007,193.710007,0.0
2013-09-20,854.609985,854.609985,854.609985,854.609985,0.0,96.4400024,96.4400024,96.4400024,96.4400024,0.0
2013-09-23,851.710022,851.710022,851.710022,851.710022,0.0,58.2700005,58.2700005,58.2700005,58.2700005,0.0
2013-09-24,853.580017,853.580017,853.580017,853.580017,0.0,65.9199982,65.9199982,65.9199982,65.9199982,0.0
2013-09-25,853.070007,853.070007,853.070007,853.070007,0.0,55.0699997,55.0699997,55.0699997,55.0699997,0.0
2013-09-26,856.659973,856.659973,856.659973,856.659973,0.0,76.9100037,76.9100037,76.9100037,76.9100037,0.0
2013-09-27,850.619995,850.619995,850.619995,850.619995,0.0,8.02999973,8.02999973,8.02999973,8.02999973,0.0
2013-09-30,846.599976,846.599976,846.599976,846.599976,0.0,-26.2700005,-26.2700005,-26.2700005,-26.2700005,0.0
2013-10-01,855.409973,855.409973,855.409973,855.409973,0.0,39.7299995,39.7299995,39.7299995,39.7299995,0.0
2013-10-02,852.570007,852.570007,852.570007,852.570007,0.0,11.6000004,11.6000004,11.6000004,11.6000004,0.0
2013-10-03,842.219971,842.219971,842.219971,842.219971,0.0,-80.5199966,-80.5199966,-80.5199966,-80.5199966,0.0
2013-10-04,848.0,848.0,848.0,848.0,0.0,-24.1200008,-24.1200008,-24.1200008,-24.1200008,0.0
2013-10-07,837.789978,837.789978,837.789978,837.789978,0.0,-109.949997,-109.949997,-109.949997,-109.949997,0.0
2013-10-08,826.679993,826.679993,826.679993,826.679993,0.0,-188.820007,-188.820007,-188.820007,-188.820007,0.0
2013-10-09,826.820007,826.820007,826.820007,826.820007,0.0,-170.699997,-170.699997,-170.699997,-170.699997,0.0
2013-10-10,839.25,839.25,839.25,839.25,0.0,-40.6800003,-40.6800003,-40.6800003,-40.6800003,0.0
2013-10-11,847.719971,847.719971,847.719971,847.719971,0.0,34.5600014,34.5600014,34.5600014,34.5600014,0.0
2013-10-14,851.369995,851.369995,851.369995,851.369995,0.0,53.7200012,53.7200012,53.7200012,53.7200012,0.0
2013-10-15,842.039978,842.039978,842.039978,842.039978,0.0,-38.5,-38.5,-38.5,-38.5,0.0
2013-10-16,852.940002,852.940002,852.940002,852.940002,0.0,56.9799995,56.9799995,56.9799995,56.9799995,0.0
2013-10-17,864.309998,864.309998,864.309998,864.309998,0.0,148.940002,148.940002,148.940002,148.940002,0.0
2013-10-18,872.200012,872.200012,872.200012,872.200012,0.0,194.320007,194.320007,194.320007,194.320007,0.0
2013-10-21,871.719971,871.719971,871.719971,871.719971,0.0,157.059998,157.059998,157.059998,157.059998,0.0
2013-10-22,879.080017,879.080017,879.080017,879.080017,0.0,201.259995,201.259995,201.259995,201.259995,0.0
2013-10-23,875.97998,875.97998,875.97998,875.97998,0.0,153.570007,153.570007,153.570007,153.570007,0.0
2013-10-24,879.75,879.75,879.75,879.75,0.0,150.380005,150.380005,150.380005,150.380005,0.0
2013-10-25,883.559998,883.559998,883.559998,883.559998,0.0,144.160004,144.160004,144.160004,144.160004,0.0
2013-10-28,883.059998,883.059998,883.059998,883.059998,0.0,103.290001,103.290001,103.290001,103.290001,0.0
2013-10-29,886.599976,886.599976,886.599976,886.599976,0.0,113.650002,113.650002,113.650002,113.650002,0.0
2013-10-30,878.710022,878.710022,878.710022,878.710022,0.0,25.2199993,25.2199993,25.2199993,25.2199993,0.0
2013-10-31,874.429993,874.429993,874.429993,874.429993,0.0,-18.7000008,-18.7000008,-18.7000008,-18.7000008,0.0
2013-11-01,873.130005,873.130005,873.130005,873.130005,0.0,-40.2299995,-40.2299995,-40.2299995,-40.2299995,0.0
2013-11-04,879.840027,879.840027,879.840027,879.840027,0.0,9.39000034,9.39000034,9.39000034,9.39000034,0.0
2013-11-05,873.539978,873.539978,873.539978,873.539978,0.0,-54.9000015,-54.9000015,-54.9000015,-54.9000015,0.0
2013-11-06,875.070007,875.070007,875.070007,875.070007,0.0,-45.2999992,-45.2999992,-45.2999992,-45.2999992,0.0
2013-11-07,863.719971,863.719971,863.719971,863.719971,0.0,-132.949997,-132.949997,-132.949997,-132.949997,0.0
2013-11-08,868.52002,868.52002,868.52002,868.52002,0.0,-96.6699982,-96.6699982,-96.6699982,-96.6699982,0.0
2013-11-11,869.299988,869.299988,869.299988,869.299988,0.0,-81.5400009,-81.5400009,-81.5400009,-81.5400009,0.0
2013-11-12,864.809998,864.809998,864.809998,864.809998,0.0,-117.739998,-117.739998,-117.739998,-117.739998,0.0
2013-11-13,871.969971,871.969971,871.969971,871.969971,0.0,-57.8100014,-57.8100014,-57.8100014,-57.8100014,0.0
2013-11-14,877.719971,877.719971,877.719971,877.719971,0.0,-9.84000015,-9.84000015,-9.84000015,-9.84000015,0.0
2013-11-15,882.840027,882.840027,882.840027,882.840027,0.0,34.4599991,34.4599991,34.4599991,34.4599991,0.0
2013-11-18,878.090027,878.090027,878.090027,878.090027,0.0,-10.5,-10.5,-10.5,-10.5,0.0
2013-11-19,871.109985,871.109985,871.109985,871.109985,0.0,-71.3399963,-71.3399963,-71.3399963,-71.3399963,0.0
2013-11-20,864.960022,864.960022,864.960022,864.960022,0.0,-118.650002,-118.650002,-118.650002,-118.650002,0.0
2013-11-21,873.200012,873.200012,873.200012,873.200012,0.0,-29.6499996,-29.6499996,-29.6499996,-29.6499996,0.0
2013-11-22,876.75,876.75,876.75,876.75,0.0,9.26000023,9.26000023,9.26000023,9.26000023,0.0
2013-11-25,873.799988,873.799988,873.799988,873.799988,0.0,-14.6400003,-14.6400003,-14.6400003,-14.6400003,0.0
2013-11-26,875.359985,875.359985,875.359985,875.359985,0.0,-3.32999992,-3.32999992,-3.32999992,-3.32999992,0.0
2013-11-27,880.280029,880.280029,880.280029,880.280029,0.0,30.3899994,30.3899994,30.3899994,30.3899994,0.0
2013-11-29,881.330017,881.330017,881.330017,881.330017,0.0,39.5699997,39.5699997,39.5699997,39.5699997,0.0
2013-12-02,874.280029,874.280029,874.280029,874.280029,0.0,-37.5,-37.5,-37.5,-37.5,0.0
2013-12-03,869.349976,869.349976,869.349976,869.349976,0.0,-69.1200027,-69.1200027,-69.1200027,-69.1200027,0.0
2013-12-04,865.619995,865.619995,865.619995,865.619995,0.0,-99.2300034,-99.2300034,-99.2300034,-99.2300034,0.0
2013-12-05,861.150024,861.150024,861.150024,861.150024,0.0,-138.110001,-138.110001,-138.110001,-138.110001,0.0
2013-12-06,870.140015,870.140015,870.140015,870.140015,0.0,-51.9799995,-51.9799995,-51.9799995,-51.9799995,0.0
2013-12-09,870.799988,870.799988,870.799988,870.799988,0.0,-43.9399986,-43.9399986,-43.9399986,-43.9399986,0.0
2013-12-10,865.960022,865.960022,865.960022,865.960022,0.0,-72.3899994,-72.3899994,-72.3899994,-72.3899994,0.0
2013-12-11,854.140015,854.140015,854.140015,854.140015,0.0,-169.330002,-169.330002,-169.330002,-169.330002,0.0
2013-12-12,851.23999,851.23999,851.23999,851.23999,0.0,-170.800003,-170.800003,-170.800003,-170.800003,0.0
2013-12-13,852.789978,852.789978,852.789978,852.789978,0.0,-124.489998,-124.489998,-124.489998,-124.489998,0.0
2013-12-16,860.52002,860.52002,860.52002,860.52002,0.0,-54.3800011,-54.3800011,-54.3800011,-54.3800011,0.0
2013-12-17,859.01001,859.01001,859.01001,859.01001,0.0,-56.2400017,-56.2400017,-56.2400017,-56.2400017,0.0
2013-12-18,869.919983,869.919983,869.919983,869.919983,0.0,38.6500015,38.6500015,38.6500015,38.6500015,0.0
2013-12-19,866.369995,866.369995,866.369995,866.369995,0.0,8.01000023,8.01000023,8.01000023,8.01000023,0.0
2013-12-20,875.429993,875.429993,875.429993,875.429993,0.0,86.75,86.75,86.75,86.75,0.0
2013-12-23,883.73999,883.73999,883.73999,883.73999,0.0,140.289993,140.289993,140.289993,140.289993,0.0
2013-12-24,890.830017,890.830017,890.830017,890.830017,0.0,167.330002,167.330002,167.330002,167.330002,0.0
2013-12-26,892.809998,892.809998,892.809998,892.809998,0.0,151.949997,151.949997,151.949997,151.949997,0.0
2013-12-27,891.76001,891.76001,891.76001,891.76001,0.0,122.529999,122.529999,122.529999,122.529999,0.0
2013-12-30,891.119995,891.119995,891.119995,891.119995,0.0,97.8199997,97.8199997,97.8199997,97.8199997,0.0
2013-12-31,895.429993,895.429993,895.429993,895.429993,0.0,126.910004,126.910004,126.910004,126.910004,0.0
2014-01-02,887.349976,887.349976,887.349976,887.349976,0.0,87.75,87.75,87.75,87.75,0.0
2014-01-03,891.440002,891.440002,891.440002,891.440002,0.0,115.900002,115.900002,115.900002,115.900002,0.0
2014-01-06,888.22998,888.22998,888.22998,888.22998,0.0,83.5999985,83.5999985,83.5999985,83.5999985,0.0
2014-01-07,895.030029,895.030029,895.030029,895.030029,0.0,114.940002,114.940002,114.940002,114.940002,0.0
2014-01-08,893.059998,893.059998,893.059998,893.059998,0.0,73.3099976,73.3099976,73.3099976,73.3099976,0.0
2014-01-09,893.460022,893.460022,893.460022,893.460022,0.0,63.9500008,63.9500008,63.9500008,63.9500008,0.0
2014-01-10,900.48999,900.48999,900.48999,900.48999,0.0,114.5,114.5,114.5,114.5,0.0
2014-01-13,890.590027,890.590027,890.590027,890.590027,0.0,15.54,15.54,15.54,15.54,0.0
2014-01-14,898.609985,898.609985,898.609985,898.609985,0.0,68.7799988,68.7799988,68.7799988,68.7799988,0.0
2014-01-15,904.090027,904.090027,904.090027,904.090027,0.0,97.4800034,97.4800034,97.4800034,97.4800034,0.0
2014-01-16,905.049988,905.049988,905.049988,905.049988,0.0,97.3499985,97.3499985,97.3499985,97.3499985,0.0
2014-01-17,902.169983,902.169983,902.169983,902.169983,0.0,56.7599983,56.7599983,56.7599983,56.7599983,0.0
2014-01-21,907.030029,907.030029,907.030029,907.030029,0.0,19.8700008,19.8700008,19.8700008,19.8700008,0.0
2014-01-22,910.23999,910.23999,910.23999,910.23999,0.0,50.5299988,50.5299988,50.5299988,50.5299988,0.0
2014-01-23,904.23999,904.23999,904.23999,904.23999,0.0,-19.5599995,-19.5599995,-19.5599995,-19.5599995,0.0
2014-01-24,890.369995,890.369995,890.369995,890.369995,0.0,-140.110001,-140.110001,-140.110001,-140.110001,0.0
2014-01-27,881.429993,881.429993,881.429993,881.429993,0.0,-203.369995,-203.369995,-203.369995,-203.369995,0.0
2014-01-28,890.72998,890.72998,890.72998,890.72998,0.0,-103.519997,-103.519997,-103.519997,-103.519997,0.0
2014-01-29,880.969971,880.969971,880.969971,880.969971,0.0,-181.929993,-181.929993,-181.929993,-181.929993,0.0
2014-01-30,890.340027,890.340027,890.340027,890.340027,0.0,-76.8899994,-76.8899994,-76.8899994,-76.8899994,0.0
2014-01-31,884.940002,884.940002,884.940002,884.940002,0.0,-111.080002,-111.080002,-111.080002,-111.080002,0.0
2014-02-03,872.289978,872.289978,872.289978,872.289978,0.0,-208.970001,-208.970001,-208.970001,-208.970001,0.0
2014-02-04,878.52002,878.52002,878.52002,878.52002,0.0,-125.860001,-125.860001,-125.860001,-125.860001,0.0
2014-02-05,874.280029,874.280029,874.280029,874.280029,0.0,-140.440002,-140.440002,-140.440002,-140.440002,0.0
2014-02-06,884.169983,884.169983,884.169983,884.169983,0.0,-44.0,-44.0,-44.0,-44.0,0.0
2014-02-07,894.179993,894.179993,894.179993,894.179993,0.0,46.2099991,46.2099991,46.2099991,46.2099991,0.0
2014-02-10,896.27002,896.27002,896.27002,896.27002,0.0,62.75,62.75,62.75,62.75,0.0
2014-02-11,905.840027,905.840027,905.840027,905.840027,0.0,135.610001,135.610001,135.610001,135.610001,0.0
2014-02-12,906.619995,906.619995,906.619995,906.619995,0.0,118.019997,118.019997,118.019997,118.019997,0.0
2014-02-13,915.419983,915.419983,915.419983,915.419983,0.0,169.600006,169.600006,169.600006,169.600006,0.0
2014-02-14,921.049988,921.049988,921.049988,921.049988,0.0,191.460007,191.460007,191.460007,191.460007,0.0
2014-02-18,925.650024,925.650024,925.650024,925.650024,0.0,129.139999,129.139999,129.139999,129.139999,0.0
2014-02-19,918.309998,918.309998,918.309998,918.309998,0.0,54.5,54.5,54.5,54.5,0.0
2014-02-20,924.960022,924.960022,924.960022,924.960022,0.0,87.4100037,87.4100037,87.4100037,87.4100037,0.0
2014-02-21,926.880005,926.880005,926.880005,926.880005,0.0,88.6500015,88.6500015,88.6500015,88.6500015,0.0
2014-02-24,931.859985,931.859985,931.859985,931.859985,0.0,103.589996,103.589996,103.589996,103.589996,0.0
2014-02-25,930.080017,930.080017,930.080017,930.080017,0.0,67.0299988,67.0299988,67.0299988,67.0299988,0.0
2014-02-26,933.090027,933.090027,933.090027,933.090027,0.0,74.4199982,74.4199982,74.4199982,74.4199982,0.0
2014-02-27,938.900024,938.900024,938.900024,938.900024,0.0,104.739998,104.739998,104.739998,104.739998,0.0
2014-02-28,942.539978,942.539978,942.539978,942.539978,0.0,109.580002,109.580002,109.580002,109.580002,0.0
2014-03-03,935.650024,935.650024,935.650024,935.650024,0.0,34.5900002,34.5900002,34.5900002,34.5900002,0.0
2014-03-04,947.880005,947.880005,947.880005,947.880005,0.0,120.559998,120.559998,120.559998,120.559998,0.0
2014-03-05,947.02002,947.02002,947.02002,947.02002,0.0,86.9899979,86.9899979,86.9899979,86.9899979,0.0
2014-03-06,949.73999,949.73999,949.73999,949.73999,0.0,82.8199997,82.8199997,82.8199997,82.8199997,0.0
2014-03-07,947.130005,947.130005,947.130005,947.130005,0.0,34.4300003,34.4300003,34.4300003,34.4300003,0.0
2014-03-10,944.840027,944.840027,944.840027,944.840027,0.0,-2.8499999,-2.8499999,-2.8499999,-2.8499999,0.0
2014-03-11,937.840027,937.840027,937.840027,937.840027,0.0,-70.0699997,-70.0699997,-70.0699997,-70.0699997,0.0
2014-03-12,939.219971,939.219971,939.219971,939.219971,0.0,-63.0,-63.0,-63.0,-63.0,0.0
2014-03-13,930.570007,930.570007,930.570007,930.570007,0.0,-122.559998,-122.559998,-122.559998,-122.559998,0.0
2014-03-14,932.369995,932.369995,932.369995,932.369995,0.0,-93.3899994,-93.3899994,-93.3899994,-93.3899994,0.0
2014-03-17,940.900024,940.900024,940.900024,940.900024,0.0,-21.7000008,-21.7000008,-21.7000008,-21.7000008,0.0
2014-03-18,949.830017,949.830017,949.830017,949.830017,0.0,50.6500015,50.6500015,50.6500015,50.6500015,0.0
2014-03-19,940.469971,940.469971,940.469971,940.469971,0.0,-47.4399986,-47.4399986,-47.4399986,-47.4399986,0.0
2014-03-20,940.880005,940.880005,940.880005,940.880005,0.0,-54.3899994,-54.3899994,-54.3899994,-54.3899994,0.0
2014-03-21,943.080017,943.080017,943.080017,943.080017,0.0,-32.5800018,-32.5800018,-32.5800018,-32.5800018,0.0
2014-03-24,937.390015,937.390015,937.390015,937.390015,0.0,-76.5400009,-76.5400009,-76.5400009,-76.5400009,0.0
2014-03-25,941.049988,941.049988,941.049988,941.049988,0.0,-48.1100006,-48.1100006,-48.1100006,-48.1100006,0.0
2014-03-26,933.580017,933.580017,933.580017,933.580017,0.0,-102.800003,-102.800003,-102.800003,-102.800003,0.0
2014-03-27,934.0,934.0,934.0,934.0,0.0,-92.3300018,-92.3300018,-92.3300018,-92.3300018,0.0
2014-03-28,941.049988,941.049988,941.049988,941.049988,0.0,-26.7299995,-26.7299995,-26.7299995,-26.7299995,0.0
2014-03-31,950.47998,950.47998,950.47998,950.47998,0.0,49.3199997,49.3199997,49.3199997,49.3199997,0.0
2014-04-01,957.409973,957.409973,957.409973,957.409973,0.0,97.1800003,97.1800003,97.1800003,97.1800003,0.0
2014-04-02,960.530029,960.530029,960.530029,960.530029,0.0,96.4000015,96.4000015,96.4000015,96.4000015,0.0
2014-04-03,957.210022,957.210022,957.210022,957.210022,0.0,42.6399994,42.6399994,42.6399994,42.6399994,0.0
2014-04-04,950.450012,950.450012,950.450012,950.450012,0.0,-20.1200008,-20.1200008,-20.1200008,-20.1200008,0.0
2014-04-07,941.559998,941.559998,941.559998,941.559998,0.0,-97.6800003,-97.6800003,-97.6800003,-97.6800003,0.0
2014-04-08,948.419983,948.419983,948.419983,948.419983,0.0,-36.0600014,-36.0600014,-36.0600014,-36.0600014,0.0
2014-04-09,956.51001,956.51001,956.51001,956.51001,0.0,28.4599991,28.4599991,28.4599991,28.4599991,0.0
2014-04-10,945.349976,945.349976,945.349976,945.349976,0.0,-72.1500015,-72.1500015,-72.1500015,-72.1500015,0.0
2014-04-11,935.359985,935.359985,935.359985,935.359985,0.0,-148.479996,-148.479996,-148.479996,-148.479996,0.0
2014-04-14,941.630005,941.630005,941.630005,941.630005,0.0,-85.2099991,-85.2099991,-85.2099991,-85.2099991,0.0
2014-04-15,945.169983,945.169983,945.169983,945.169983,0.0,-49.7599983,-49.7599983,-49.7599983,-49.7599983,0.0
2014-04-16,955.799988,955.799988,955.799988,955.799988,0.0,39.1399994,39.1399994,39.1399994,39.1399994,0.0
2014-04-17,959.0,959.0,959.0,959.0,0.0,53.6800003,53.6800003,53.6800003,53.6800003,0.0
2014-04-21,962.140015,962.140015,962.140015,962.140015,0.0,23.1800003,23.1800003,23.1800003,23.1800003,0.0
2014-04-22,970.349976,970.349976,970.349976,970.349976,0.0,84.4100037,84.4100037,84.4100037,84.4100037,0.0
2014-04-23,969.130005,969.130005,969.130005,969.130005,0.0,57.3100014,57.3100014,57.3100014,57.3100014,0.0
2014-04-24,969.47998,969.47998,969.47998,969.47998,0.0,43.3899994,43.3899994,43.3899994,43.3899994,0.0
2014-04-25,962.369995,962.369995,962.369995,962.369995,0.0,-23.6900005,-23.6900005,-23.6900005,-23.6900005,0.0
2014-04-28,962.51001,962.51001,962.51001,962.51001,0.0,-25.4599991,-25.4599991,-25.4599991,-25.4599991,0.0
2014-04-29,964.97998,964.97998,964.97998,964.97998,0.0,-1.67999995,-1.67999995,-1.67999995,-1.67999995,0.0
2014-04-30,970.27002,970.27002,970.27002,970.27002,0.0,39.5,39.5,39.5,39.5,0.0
2014-05-01,972.159973,972.159973,972.159973,972.159973,0.0,45.8600006,45.8600006,45.8600006,45.8600006,0.0
2014-05-02,974.320007,974.320007,974.320007,974.320007,0.0,50.7900009,50.7900009,50.7900009,50.7900009,0.0
2014-05-05,973.150024,973.150024,973.150024,973.150024,0.0,30.6000004,30.6000004,30.6000004,30.6000004,0.0
2014-05-06,966.640015,966.640015,966.640015,966.640015,0.0,-42.4000015,-42.4000015,-42.4000015,-42.4000015,0.0
2014-05-07,972.320007,972.320007,972.320007,972.320007,0.0,-0.980000019,-0.980000019,-0.980000019,-0.980000019,0.0
2014-05-08,968.51001,968.51001,968.51001,968.51001,0.0,-37.8499985,-37.8499985,-37.8499985,-37.8499985,0.0
2014-05-09,971.030029,971.030029,971.030029,971.030029,0.0,-22.3600006,-22.3600006,-22.3600006,-22.3600006,0.0
2014-05-12,981.840027,981.840027,981.840027,981.840027,0.0,62.0699997,62.0699997,62.0699997,62.0699997,0.0
2014-05-13,977.280029,977.280029,977.280029,977.280029,0.0,12.5900002,12.5900002,12.5900002,12.5900002,0.0
2014-05-14,971.059998,971.059998,971.059998,971.059998,0.0,-37.7299995,-37.7299995,-37.7299995,-37.7299995,0.0
2014-05-15,963.150024,963.150024,963.150024,963.150024,0.0,-106.349998,-106.349998,-106.349998,-106.349998,0.0
2014-05-16,969.119995,969.119995,969.119995,969.119995,0.0,-44.5299988,-44.5299988,-44.5299988,-44.5299988,0.0
2014-05-19,974.340027,974.340027,974.340027,974.340027,0.0,-2.33999991,-2.33999991,-2.33999991,-2.33999991,0.0
2014-05-20,965.090027,965.090027,965.090027,965.090027,0.0,-75.5100021,-75.5100021,-75.5100021,-75.5100021,0.0
2014-05-21,970.840027,970.840027,970.840027,970.840027,0.0,-31.1000004,-31.1000004,-31.1000004,-31.1000004,0.0
2014-05-22,977.059998,977.059998,977.059998,977.059998,0.0,9.77000046,9.77000046,9.77000046,9.77000046,0.0
2014-05-23,984.619995,984.619995,984.619995,984.619995,0.0,56.2400017,56.2400017,56.2400017,56.2400017,0.0
2014-05-27,991.549988,991.549988,991.549988,991.549988,0.0,25.6900005,25.6900005,25.6900005,25.6900005,0.0
2014-05-28,990.559998,990.559998,990.559998,990.559998,0.0,13.0100002,13.0100002,13.0100002,13.0100002,0.0
2014-05-29,995.650024,995.650024,995.650024,995.650024,0.0,51.6800003,51.6800003,51.6800003,51.6800003,0.0
2014-05-30,996.070007,996.070007,996.070007,996.070007,0.0,39.0800018,39.0800018,39.0800018,39.0800018,0.0
2014-06-02,995.780029,995.780029,995.780029,995.780029,0.0,16.0599995,16.0599995,16.0599995,16.0599995,0.0
2014-06-03,992.01001,992.01001,992.01001,992.01001,0.0,-32.5299988,-32.5299988,-32.5299988,-32.5299988,0.0
2014-06-04,993.950012,993.950012,993.950012,993.950012,0.0,-32.1199989,-32.1199989,-32.1199989,-32.1199989,0.0
2014-06-05,1004.12,1004.12,1004.12,1004.12,0.0,50.0600014,50.0600014,50.0600014,50.0600014,0.0
2014-06-06,1012.81,1012.81,1012.81,1012.81,0.0,108.889999,108.889999,108.889999,108.889999,0.0
2014-06-09,1016.33002,1016.33002,1016.33002,1016.33002,0.0,116.010002,116.010002,116.010002,116.010002,0.0
2014-06-10,1013.52002,1013.52002,1013.52002,1013.52002,0.0,62.5499992,62.5499992,62.5499992,62.5499992,0.0
2014-06-11,1007.40002,1007.40002,1007.40002,1007.40002,0.0,-5.28999996,-5.28999996,-5.28999996,-5.28999996,0.0
2014-06-12,1002.02002,1002.02002,1002.02002,1002.02002,0.0,-46.2799988,-46.2799988,-46.2799988,-46.2799988,0.0
2014-06-13,1004.37,1004.37,1004.37,1004.37,0.0,-26.9200001,-26.9200001,-26.9200001,-26.9200001,0.0
2014-06-16,1003.32001,1003.32001,1003.32001,1003.32001,0.0,-32.9300003,-32.9300003,-32.9300003,-32.9300003,0.0
2014-06-17,1007.38,1007.38,1007.38,1007.38,0.0,-2.44000006,-2.44000006,-2.44000006,-2.44000006,0.0
2014-06-18,1015.64001,1015.64001,1015.64001,1015.64001,0.0,56.7999992,56.7999992,56.7999992,56.7999992,0.0
2014-06-19,1017.28998,1017.28998,1017.28998,1017.28998,0.0,58.3600006,58.3600006,58.3600006,58.3600006,0.0
2014-06-20,1020.06,1020.06,1020.06,1020.06,0.0,60.6500015,60.6500015,60.6500015,60.6500015,0.0
2014-06-23,1018.73999,1018.73999,1018.73999,1018.73999,0.0,38.25,38.25,38.25,38.25,0.0
2014-06-24,1012.46997,1012.46997,1012.46997,1012.46997,0.0,-20.2700005,-20.2700005,-20.2700005,-20.2700005,0.0
2014-06-25,1019.57001,1019.57001,1019.57001,1019.57001,0.0,31.0499992,31.0499992,31.0499992,31.0499992,0.0
2014-06-26,1018.90997,1018.90997,1018.90997,1018.90997,0.0,14.4799995,14.4799995,14.4799995,14.4799995,0.0
2014-06-27,1024.56006,1024.56006,1024.56006,1024.56006,0.0,49.0800018,49.0800018,49.0800018,49.0800018,0.0
2014-06-30,1027.65002,1027.65002,1027.65002,1027.65002,0.0,60.6699982,60.6699982,60.6699982,60.6699982,0.0
2014-07-01,1034.13,1034.13,1034.13,1034.13,0.0,91.0800018,91.0800018,91.0800018,91.0800018,0.0
2014-07-02,1028.69995,1028.69995,1028.69995,1028.69995,0.0,27.1299992,27.1299992,27.1299992,27.1299992,0.0
2014-07-03,1033.20996,1033.20996,1033.20996,1033.20996,0.0,32.3800011,32.3800011,32.3800011,32.3800011,0.0
2014-07-07,1025.81995,1025.81995,1025.81995,1025.81995,0.0,0.959999979,0.959999979,0.959999979,0.959999979,0.0
2014-07-08,1020.76001,1020.76001,1020.76001,1020.76001,0.0,-46.3100014,-46.3100014,-46.3100014,-46.3100014,0.0
2014-07-09,1022.79999,1022.79999,1022.79999,1022.79999,0.0,-27.7099991,-27.7099991,-27.7099991,-27.7099991,0.0
2014-07-10,1014.96997,1014.96997,1014.96997,1014.96997,0.0,-98.7099991,-98.7099991,-98.7099991,-98.7099991,0.0
2014-07-11,1014.53003,1014.53003,1014.53003,1014.53003,0.0,-88.3199997,-88.3199997,-88.3199997,-88.3199997,0.0
2014-07-14,1019.91998,1019.91998,1019.91998,1019.91998,0.0,-43.9900017,-43.9900017,-43.9900017,-43.9900017,0.0
2014-07-15,1014.32001,1014.32001,1014.32001,1014.32001,0.0,-96.5599976,-96.5599976,-96.5599976,-96.5599976,0.0
2014-07-16,1016.40002,1016.40002,1016.40002,1016.40002,0.0,-78.0500031,-78.0500031,-78.0500031,-78.0500031,0.0
2014-07-17,1005.0,1005.0,1005.0,1005.0,0.0,-174.330002,-174.330002,-174.330002,-174.330002,0.0
2014-07-18,1016.81,1016.81,1016.81,1016.81,0.0,-56.9599991,-56.9599991,-56.9599991,-56.9599991,0.0
2014-07-21,1011.71997,1011.71997,1011.71997,1011.71997,0.0,-99.9199982,-99.9199982,-99.9199982,-99.9199982,0.0
2014-07-22,1018.59998,1018.59998,1018.59998,1018.59998,0.0,-38.0900002,-38.0900002,-38.0900002,-38.0900002,0.0
2014-07-23,1020.10999,1020.10999,1020.10999,1020.10999,0.0,-18.9300003,-18.9300003,-18.9300003,-18.9300003,0.0
2014-07-24,1018.94,1018.94,1018.94,1018.94,0.0,-32.5200005,-32.5200005,-32.5200005,-32.5200005,0.0
2014-07-25,1012.48999,1012.48999,1012.48999,1012.48999,0.0,-86.6299973,-86.6299973,-86.6299973,-86.6299973,0.0
2014-07-28,1009.90002,1009.90002,1009.90002,1009.90002,0.0,-103.620003,-103.620003,-103.620003,-103.620003,0.0
2014-07-29,1004.96002,1004.96002,1004.96002,1004.96002,0.0,-129.380005,-129.380005,-129.380005,-129.380005,0.0
2014-07-30,1002.28003,1002.28003,1002.28003,1002.28003,0.0,-154.380005,-154.380005,-154.380005,-154.380005,0.0
2014-07-31,987.969971,987.969971,987.969971,987.969971,0.0,-266.269989,-266.269989,-266.269989,-266.269989,0.0
2014-08-01,984.320007,984.320007,984.320007,984.320007,0.0,-273.570007,-273.570007,-273.570007,-273.570007,0.0
2014-08-04,989.5,989.5,989.5,989.5,0.0,-197.330002,-197.330002,-197.330002,-197.330002,0.0
2014-08-05,981.559998,981.559998,981.559998,981.559998,0.0,-238.929993,-238.929993,-238.929993,-238.929993,0.0
2014-08-06,985.109985,985.109985,985.109985,985.109985,0.0,-177.639999,-177.639999,-177.639999,-177.639999,0.0
2014-08-07,981.049988,981.049988,981.049988,981.049988,0.0,-165.75,-165.75,-165.75,-165.75,0.0
2014-08-08,991.640015,991.640015,991.640015,991.640015,0.0,-60.0600014,-60.0600014,-60.0600014,-60.0600014,0.0
2014-08-11,999.97998,999.97998,999.97998,999.97998,0.0,23.1700001,23.1700001,23.1700001,23.1700001,0.0
2014-08-12,996.450012,996.450012,996.450012,996.450012,0.0,-8.47000027,-8.47000027,-8.47000027,-8.47000027,0.0
2014-08-13,1003.28998,1003.28998,1003.28998,1003.28998,0.0,57.0499992,57.0499992,57.0499992,57.0499992,0.0
2014-08-14,1008.97998,1008.97998,1008.97998,1008.97998,0.0,102.870003,102.870003,102.870003,102.870003,0.0
2014-08-15,1007.52002,1007.52002,1007.52002,1007.52002,0.0,85.0899963,85.0899963,85.0899963,85.0899963,0.0
2014-08-18,1017.65997,1017.65997,1017.65997,1017.65997,0.0,161.339996,161.339996,161.339996,161.339996,0.0
2014-08-19,1023.32001,1023.32001,1023.32001,1023.32001,0.0,177.309998,177.309998,177.309998,177.309998,0.0
2014-08-20,1023.41998,1023.41998,1023.41998,1023.41998,0.0,148.690002,148.690002,148.690002,148.690002,0.0
2014-08-21,1027.06006,1027.06006,1027.06006,1027.06006,0.0,154.759995,154.759995,154.759995,154.759995,0.0
2014-08-22,1022.19,1022.19,1022.19,1022.19,0.0,91.6299973,91.6299973,91.6299973,91.6299973,0.0
2014-08-25,1025.92004,1025.92004,1025.92004,1025.92004,0.0,109.32,109.32,109.32,109.32,0.0
2014-08-26,1031.28003,1031.28003,1031.28003,1031.28003,0.0,138.179993,138.179993,138.179993,138.179993,0.0
2014-08-27,1032.54004,1032.54004,1032.54004,1032.54004,0.0,124.690002,124.690002,124.690002,124.690002,0.0
2014-08-28,1028.5,1028.5,1028.5,1028.5,0.0,75.8199997,75.8199997,75.8199997,75.8199997,0.0
2014-08-29,1036.62,1036.62,1036.62,1036.62,0.0,121.220001,121.220001,121.220001,121.220001,0.0
2014-09-02,1036.95996,1036.95996,1036.95996,1036.95996,0.0,76.4599991,76.4599991,76.4599991,76.4599991,0.0
2014-09-03,1035.37,1035.37,1035.37,1035.37,0.0,44.8100014,44.8100014,44.8100014,44.8100014,0.0
2014-09-04,1030.69995,1030.69995,1030.69995,1030.69995,0.0,-20.3299999,-20.3299999,-20.3299999,-20.3299999,0.0
2014-09-05,1034.93005,1034.93005,1034.93005,1034.93005,0.0,12.79,12.79,12.79,12.79,0.0
2014-09-08,1030.43005,1030.43005,1030.43005,1030.43005,0.0,-33.3699989,-33.3699989,-33.3699989,-33.3699989,0.0
2014-09-09,1020.94,1020.94,1020.94,1020.94,0.0,-120.769997,-120.769997,-120.769997,-120.769997,0.0
2014-09-10,1022.15002,1022.15002,1022.15002,1022.15002,0.0,-103.699997,-103.699997,-103.699997,-103.699997,0.0
2014-09-11,1023.84998,1023.84998,1023.84998,1023.84998,0.0,-89.6500015,-89.6500015,-89.6500015,-89.6500015,0.0
2014-09-12,1013.25,1013.25,1013.25,1013.25,0.0,-175.600006,-175.600006,-175.600006,-175.600006,0.0
2014-09-15,1007.13,1007.13,1007.13,1007.13,0.0,-206.020004,-206.020004,-206.020004,-206.020004,0.0
2014-09-16,1013.21997,1013.21997,1013.21997,1013.21997,0.0,-135.800003,-135.800003,-135.800003,-135.800003,0.0
2014-09-17,1012.87,1012.87,1012.87,1012.87,0.0,-117.389999,-117.389999,-117.389999,-117.389999,0.0
2014-09-18,1016.90997,1016.90997,1016.90997,1016.90997,0.0,-69.8899994,-69.8899994,-69.8899994,-69.8899994,0.0
2014-09-19,1012.02002,1012.02002,1012.02002,1012.02002,0.0,-96.5199966,-96.5199966,-96.5199966,-96.5199966,0.0
2014-09-22,999.679993,999.679993,999.679993,999.679993,0.0,-187.729996,-187.729996,-187.729996,-187.729996,0.0
2014-09-23,991.01001,991.01001,991.01001,991.01001,0.0,-227.089996,-227.089996,-227.089996,-227.089996,0.0
2014-09-24,995.559998,995.559998,995.559998,995.559998,0.0,-162.949997,-162.949997,-162.949997,-162.949997,0.0
2014-09-25,982.900024,982.900024,982.900024,982.900024,0.0,-243.970001,-243.970001,-243.970001,-243.970001,0.0
2014-09-26,990.309998,990.309998,990.309998,990.309998,0.0,-141.289993,-141.289993,-141.289993,-141.289993,0.0
2014-09-29,985.559998,985.559998,985.559998,985.559998,0.0,-147.589996,-147.589996,-147.589996,-147.589996,0.0
2014-09-30,979.25,979.25,979.25,979.25,0.0,-162.710007,-162.710007,-162.710007,-162.710007,0.0
2014-10-01,970.049988,970.049988,970.049988,970.049988,0.0,-216.210007,-216.210007,-216.210007,-216.210007,0.0
2014-10-02,971.700012,971.700012,971.700012,971.700012,0.0,-170.570007,-170.570007,-170.570007,-170.570007,0.0
2014-10-03,978.51001,978.51001,978.51001,978.51001,0.0,-84.5500031,-84.5500031,-84.5500031,-84.5500031,0.0
2014-10-06,977.5,977.5,977.5,977.5,0.0,-67.4000015,-67.4000015,-67.4000015,-67.4000015,0.0
2014-10-07,966.929993,966.929993,966.929993,966.929993,0.0,-136.399994,-136.399994,-136.399994,-136.399994,0.0
2014-10-08,978.47998,978.47998,978.47998,978.47998,0.0,-14.2700005,-14.2700005,-14.2700005,-14.2700005,0.0
2014-10-09,964.559998,964.559998,964.559998,964.559998,0.0,-125.790001,-125.790001,-125.790001,-125.790001,0.0
2014-10-10,954.26001,954.26001,954.26001,954.26001,0.0,-193.789993,-193.789993,-193.789993,-193.789993,0.0
2014-10-13,948.130005,948.130005,948.130005,948.130005,0.0,-209.979996,-209.979996,-209.979996,-209.979996,0.0
2014-10-14,952.630005,952.630005,952.630005,952.630005,0.0,-135.339996,-135.339996,-135.339996,-135.339996,0.0
2014-10-15,951.359985,951.359985,951.359985,951.359985,0.0,-107.339996,-107.339996,-107.339996,-107.339996,0.0
2014-10-16,958.099976,958.099976,958.099976,958.099976,0.0,-22.0900002,-22.0900002,-22.0900002,-22.0900002,0.0
2014-10-17,964.049988,964.049988,964.049988,964.049988,0.0,41.0499992,41.0499992,41.0499992,41.0499992,0.0
2014-10-20,972.869995,972.869995,972.869995,972.869995,0.0,122.32,122.32,122.32,122.32,0.0
2014-10-21,984.880005,984.880005,984.880005,984.880005,0.0,216.539993,216.539993,216.539993,216.539993,0.0
2014-10-22,976.820007,976.820007,976.820007,976.820007,0.0,131.300003,131.300003,131.300003,131.300003,0.0
2014-10-23,986.640015,986.640015,986.640015,986.640015,0.0,206.820007,206.820007,206.820007,206.820007,0.0
2014-10-24,991.820007,991.820007,991.820007,991.820007,0.0,223.330002,223.330002,223.330002,223.330002,0.0
2014-10-27,989.869995,989.869995,989.869995,989.869995,0.0,173.919998,173.919998,173.919998,173.919998,0.0
2014-10-28,1002.54999,1002.54999,1002.54999,1002.54999,0.0,260.589996,260.589996,260.589996,260.589996,0.0
2014-10-29,999.099976,999.099976,999.099976,999.099976,0.0,200.949997,200.949997,200.949997,200.949997,0.0
2014-10-30,1004.59003,1004.59003,1004.59003,1004.59003,0.0,218.110001,218.110001,218.110001,218.110001,0.0
2014-10-31,1014.84998,1014.84998,1014.84998,1014.84998,0.0,271.950012,271.950012,271.950012,271.950012,0.0
2014-11-03,1014.46002,1014.46002,1014.46002,1014.46002,0.0,228.440002,228.440002,228.440002,228.440002,0.0
2014-11-04,1010.76001,1010.76001,1010.76001,1010.76001,0.0,166.050003,166.050003,166.050003,166.050003,0.0
2014-11-05,1014.87,1014.87,1014.87,1014.87,0.0,166.380005,166.380005,166.380005,166.380005,0.0
2014-11-06,1017.63,1017.63,1017.63,1017.63,0.0,161.070007,161.070007,161.070007,161.070007,0.0
2014-11-07,1020.21002,1020.21002,1020.21002,1020.21002,0.0,168.470001,168.470001,168.470001,168.470001,0.0
2014-11-10,1023.15997,1023.15997,1023.15997,1023.15997,0.0,161.259995,161.259995,161.259995,161.259995,0.0
2014-11-11,1023.34998,1023.34998,1023.34998,1023.34998,0.0,137.770004,137.770004,137.770004,137.770004,0.0
2014-11-12,1023.57001,1023.57001,1023.57001,1023.57001,0.0,113.230003,113.230003,113.230003,113.230003,0.0
2014-11-13,1017.92999,1017.92999,1017.92999,1017.92999,0.0,45.1500015,45.1500015,45.1500015,45.1500015,0.0
2014-11-14,1017.59003,1017.59003,1017.59003,1017.59003,0.0,39.2599983,39.2599983,39.2599983,39.2599983,0.0
2014-11-17,1014.29999,1014.29999,1014.29999,1014.29999,0.0,9.77000046,9.77000046,9.77000046,9.77000046,0.0
2014-11-18,1018.73999,1018.73999,1018.73999,1018.73999,0.0,34.6300011,34.6300011,34.6300011,34.6300011,0.0
2014-11-19,1013.38,1013.38,1013.38,1013.38,0.0,-17.9899998,-17.9899998,-17.9899998,-17.9899998,0.0
2014-11-20,1019.52002,1019.52002,1019.52002,1019.52002,0.0,27.9899998,27.9899998,27.9899998,27.9899998,0.0
2014-11-21,1025.58997,1025.58997,1025.58997,1025.58997,0.0,71.3499985,71.3499985,71.3499985,71.3499985,0.0
2014-11-24,1030.23999,1030.23999,1030.23999,1030.23999,0.0,91.6200027,91.6200027,91.6200027,91.6200027,0.0
2014-11-25,1031.23999,1031.23999,1031.23999,1031.23999,0.0,80.4400024,80.4400024,80.4400024,80.4400024,0.0
2014-11-26,1034.44995,1034.44995,1034.44995,1034.44995,0.0,91.9599991,91.9599991,91.9599991,91.9599991,0.0
2014-11-28,1031.23999,1031.23999,1031.23999,1031.23999,0.0,53.3199997,53.3199997,53.3199997,53.3199997,0.0
2014-12-01,1021.85999,1021.85999,1021.85999,1021.85999,0.0,-51.25,-51.25,-51.25,-51.25,0.0
2014-12-02,1028.21997,1028.21997,1028.21997,1028.21997,0.0,1.80999994,1.80999994,1.80999994,1.80999994,0.0
2014-12-03,1035.29004,1035.29004,1035.29004,1035.29004,0.0,39.4799995,39.4799995,39.4799995,39.4799995,0.0
2014-12-04,1031.35999,1031.35999,1031.35999,1031.35999,0.0,-17.9699993,-17.9699993,-17.9699993,-17.9699993,0.0
2014-12-05,1032.06006,1032.06006,1032.06006,1032.06006,0.0,-15.46,-15.46,-15.46,-15.46,0.0
2014-12-08,1024.44995,1024.44995,1024.44995,1024.44995,0.0,-84.5999985,-84.5999985,-84.5999985,-84.5999985,0.0
2014-12-09,1028.18994,1028.18994,1028.18994,1028.18994,0.0,-49.9799995,-49.9799995,-49.9799995,-49.9799995,0.0
2014-12-10,1015.34003,1015.34003,1015.34003,1015.34003,0.0,-158.029999,-158.029999,-158.029999,-158.029999,0.0
2014-12-11,1017.59998,1017.59998,1017.59998,1017.59998,0.0,-127.589996,-127.589996,-127.589996,-127.589996,0.0
2014-12-12,1005.88,1005.88,1005.88,1005.88,0.0,-209.169998,-209.169998,-209.169998,-209.169998,0.0
2014-12-15,997.030029,997.030029,997.030029,997.030029,0.0,-265.01001,-265.01001,-265.01001,-265.01001,0.0
2014-12-16,994.130005,994.130005,994.130005,994.130005,0.0,-256.410004,-256.410004,-256.410004,-256.410004,0.0
2014-12-17,1008.22998,1008.22998,1008.22998,1008.22998,0.0,-97.3499985,-97.3499985,-97.3499985,-97.3499985,0.0
2014-12-18,1019.85999,1019.85999,1019.85999,1019.85999,0.0,12.6800003,12.6800003,12.6800003,12.6800003,0.0
2014-12-19,1023.87,1023.87,1023.87,1023.87,0.0,53.7099991,53.7099991,53.7099991,53.7099991,0.0
2014-12-22,1027.5,1027.5,1027.5,1027.5,0.0,66.6500015,66.6500015,66.6500015,66.6500015,0.0
2014-12-23,1033.65002,1033.65002,1033.65002,1033.65002,0.0,97.8600006,97.8600006,97.8600006,97.8600006,0.0
2014-12-24,1033.64001,1033.64001,1033.64001,1033.64001,0.0,77.3499985,77.3499985,77.3499985,77.3499985,0.0
2014-12-26,1039.35999,1039.35999,1039.35999,1039.35999,0.0,50.5499992,50.5499992,50.5499992,50.5499992,0.0
2014-12-29,1040.44995,1040.44995,1040.44995,1040.44995,0.0,49.9900017,49.9900017,49.9900017,49.9900017,0.0
2014-12-30,1035.28003,1035.28003,1035.28003,1035.28003,0.0,11.3000002,11.3000002,11.3000002,11.3000002,0.0
2014-12-31,1028.03003,1028.03003,1028.03003,1028.03003,0.0,-39.2400017,-39.2400017,-39.2400017,-39.2400017,0.0
2015-01-02,1027.35999,1027.35999,1027.35999,1027.35999,0.0,-35.3300018,-35.3300018,-35.3300018,-35.3300018,0.0
2015-01-05,1017.09998,1017.09998,1017.09998,1017.09998,0.0,-120.0,-120.0,-120.0,-120.0,0.0
2015-01-06,1009.91998,1009.91998,1009.91998,1009.91998,0.0,-161.559998,-161.559998,-161.559998,-161.559998,0.0
2015-01-07,1019.57001,1019.57001,1019.57001,1019.57001,0.0,-57.0499992,-57.0499992,-57.0499992,-57.0499992,0.0
2015-01-08,1030.08997,1030.08997,1030.08997,1030.08997,0.0,34.7900009,34.7900009,34.7900009,34.7900009,0.0
2015-01-09,1023.88,1023.88,1023.88,1023.88,0.0,-12.7299995,-12.7299995,-12.7299995,-12.7299995,0.0
2015-01-12,1019.39001,1019.39001,1019.39001,1019.39001,0.0,-55.0099983,-55.0099983,-55.0099983,-55.0099983,0.0
2015-01-13,1018.09998,1018.09998,1018.09998,1018.09998,0.0,-65.5800018,-65.5800018,-65.5800018,-65.5800018,0.0
2015-01-14,1014.03003,1014.03003,1014.03003,1014.03003,0.0,-91.8499985,-91.8499985,-91.8499985,-91.8499985,0.0
2015-01-15,1008.14001,1008.14001,1008.14001,1008.14001,0.0,-127.75,-127.75,-127.75,-127.75,0.0
2015-01-16,1019.39001,1019.39001,1019.39001,1019.39001,0.0,-8.55000019,-8.55000019,-8.55000019,-8.55000019,0.0
2015-01-20,1015.53003,1015.53003,1015.53003,1015.53003,0.0,-5.32999992,-5.32999992,-5.32999992,-5.32999992,0.0
2015-01-21,1019.40997,1019.40997,1019.40997,1019.40997,0.0,34.9900017,34.9900017,34.9900017,34.9900017,0.0
2015-01-22,1030.54004,1030.54004,1030.54004,1030.54004,0.0,118.050003,118.050003,118.050003,118.050003,0.0
2015-01-23,1027.56995,1027.56995,1027.56995,1027.56995,0.0,83.4700012,83.4700012,83.4700012,83.4700012,0.0
2015-01-26,1034.45996,1034.45996,1034.45996,1034.45996,0.0,128.770004,128.770004,128.770004,128.770004,0.0
2015-01-27,1030.19995,1030.19995,1030.19995,1030.19995,0.0,88.4800034,88.4800034,88.4800034,88.4800034,0.0
2015-01-28,1019.71997,1019.71997,1019.71997,1019.71997,0.0,-5.51000023,-5.51000023,-5.51000023,-5.51000023,0.0
2015-01-29,1027.06995,1027.06995,1027.06995,1027.06995,0.0,47.2700005,47.2700005,47.2700005,47.2700005,0.0
2015-01-30,1018.42999,1018.42999,1018.42999,1018.42999,0.0,-19.8799992,-19.8799992,-19.8799992,-19.8799992,0.0
2015-02-02,1026.87,1026.87,1026.87,1026.87,0.0,53.8199997,53.8199997,53.8199997,53.8199997,0.0
2015-02-03,1038.27002,1038.27002,1038.27002,1038.27002,0.0,137.669998,137.669998,137.669998,137.669998,0.0
2015-02-04,1032.44995,1032.44995,1032.44995,1032.44995,0.0,66.4199982,66.4199982,66.4199982,66.4199982,0.0
2015-02-05,1042.79004,1042.79004,1042.79004,1042.79004,0.0,133.309998,133.309998,133.309998,133.309998,0.0
2015-02-06,1038.22998,1038.22998,1038.22998,1038.22998,0.0,68.4100037,68.4100037,68.4100037,68.4100037,0.0
2015-02-09,1033.73999,1033.73999,1033.73999,1033.73999,0.0,26.4899998,26.4899998,26.4899998,26.4899998,0.0
2015-02-10,1037.09998,1037.09998,1037.09998,1037.09998,0.0,36.7700005,36.7700005,36.7700005,36.7700005,0.0
2015-02-11,1034.01001,1034.01001,1034.01001,1034.01001,0.0,4.51000023,4.51000023,4.51000023,4.51000023,0.0
2015-02-12,1044.02002,1044.02002,1044.02002,1044.02002,0.0,84.0500031,84.0500031,84.0500031,84.0500031,0.0
2015-02-13,1047.75,1047.75,1047.75,1047.75,0.0,105.099998,105.099998,105.099998,105.099998,0.0
2015-02-17,1046.27002,1046.27002,1046.27002,1046.27002,0.0,66.1299973,66.1299973,66.1299973,66.1299973,0.0
2015-02-18,1049.01001,1049.01001,1049.01001,1049.01001,0.0,59.6199989,59.6199989,59.6199989,59.6199989,0.0
2015-02-19,1047.81006,1047.81006,1047.81006,1047.81006,0.0,37.1899986,37.1899986,37.1899986,37.1899986,0.0
2015-02-20,1054.0,1054.0,1054.0,1054.0,0.0,81.4899979,81.4899979,81.4899979,81.4899979,0.0
2015-02-23,1053.51001,1053.51001,1053.51001,1053.51001,0.0,,,,,
2015-02-24,1057.22998,1057.22998,1057.22998,1057.22998,0.0,,,,,
2015-02-25,1057.84998,1057.84998,1057.84998,1057.84998,0.0,68.3099976,68.3099976,68.3099976,68.3099976,0.0
2015-02-26,1055.58997,1055.58997,1055.58997,1055.58997,0.0,35.4500008,35.4500008,35.4500008,35.4500008,0.0
2015-02-27,1055.17004,1055.17004,1055.17004,1055.17004,0.0,24.8899994,24.8899994,24.8899994,24.8899994,0.0
2015-03-02,1059.37,1059.37,1059.37,1059.37,0.0,45.3199997,45.3199997,45.3199997,45.3199997,0.0
2015-03-03,1054.31006,1054.31006,1054.31006,1054.31006,0.0,1.57000005,1.57000005,1.57000005,1.57000005,0.0
2015-03-04,1048.93005,1048.93005,1048.93005,1048.93005,0.0,-43.7099991,-43.7099991,-43.7099991,-43.7099991,0.0
2015-03-05,1050.76001,1050.76001,1050.76001,1050.76001,0.0,-31.4500008,-31.4500008,-31.4500008,-31.4500008,0.0
2015-03-06,1038.39001,1038.39001,1038.39001,1038.39001,0.0,-147.419998,-147.419998,-147.419998,-147.419998,0.0
2015-03-09,1041.41003,1041.41003,1041.41003,1041.41003,0.0,-125.800003,-125.800003,-125.800003,-125.800003,0.0
2015-03-10,1030.60999,1030.60999,1030.60999,1030.60999,0.0,-188.970001,-188.970001,-188.970001,-188.970001,0.0
2015-03-11,1032.26001,1032.26001,1032.26001,1032.26001,0.0,-155.300003,-155.300003,-155.300003,-155.300003,0.0
2015-03-12,1042.43005,1042.43005,1042.43005,1042.43005,0.0,-71.2200012,-71.2200012,-71.2200012,-71.2200012,0.0
2015-03-13,1034.31006,1034.31006,1034.31006,1034.31006,0.0,-128.479996,-128.479996,-128.479996,-128.479996,0.0
2015-03-16,1041.19995,1041.19995,1041.19995,1041.19995,0.0,-69.3499985,-69.3499985,-69.3499985,-69.3499985,0.0
2015-03-17,1039.30005,1039.30005,1039.30005,1039.30005,0.0,-72.6699982,-72.6699982,-72.6699982,-72.6699982,0.0
2015-03-18,1050.17004,1050.17004,1050.17004,1050.17004,0.0,33.2700005,33.2700005,33.2700005,33.2700005,0.0
2015-03-19,1043.90002,1043.90002,1043.90002,1043.90002,0.0,-20.6599998,-20.6599998,-20.6599998,-20.6599998,0.0
2015-03-20,1054.65002,1054.65002,1054.65002,1054.65002,0.0,70.3000031,70.3000031,70.3000031,70.3000031,0.0
2015-03-23,1056.68994,1056.68994,1056.68994,1056.68994,0.0,80.5400009,80.5400009,80.5400009,80.5400009,0.0
2015-03-24,1053.88,1053.88,1053.88,1053.88,0.0,44.9900017,44.9900017,44.9900017,44.9900017,0.0
2015-03-25,1043.32996,1043.32996,1043.32996,1043.32996,0.0,-41.1899986,-41.1899986,-41.1899986,-41.1899986,0.0
2015-03-26,1039.19995,1039.19995,1039.19995,1039.19995,0.0,-72.3499985,-72.3499985,-72.3499985,-72.3499985,0.0
2015-03-27,1042.16003,1042.16003,1042.16003,1042.16003,0.0,-43.0400009,-43.0400009,-43.0400009,-43.0400009,0.0
2015-03-30,1051.67004,1051.67004,1051.67004,1051.67004,0.0,31.8700008,31.8700008,31.8700008,31.8700008,0.0
2015-03-31,1047.41003,1047.41003,1047.41003,1047.41003,0.0,-5.67999983,-5.67999983,-5.67999983,-5.67999983,0.0
2015-04-01,1047.93005,1047.93005,1047.93005,1047.93005,0.0,-1.42999995,-1.42999995,-1.42999995,-1.42999995,0.0
2015-04-02,1052.73999,1052.73999,1052.73999,1052.73999,0.0,37.8499985,37.8499985,37.8499985,37.8499985,0.0
2015-04-06,1061.03003,1061.03003,1061.03003,1061.03003,0.0,96.8099976,96.8099976,96.8099976,96.8099976,0.0
2015-04-07,1057.55005,1057.55005,1057.55005,1057.55005,0.0,62.1300011,62.1300011,62.1300011,62.1300011,0.0
2015-04-08,1061.33997,1061.33997,1061.33997,1061.33997,0.0,80.5,80.5,80.5,80.5,0.0
2015-04-09,1060.52002,1060.52002,1060.52002,1060.52002,0.0,61.8499985,61.8499985,61.8499985,61.8499985,0.0
2015-04-10,1064.25,1064.25,1064.25,1064.25,0.0,76.5199966,76.5199966,76.5199966,76.5199966,0.0
2015-04-13,1058.59998,1058.59998,1058.59998,1058.59998,0.0,12.5500002,12.5500002,12.5500002,12.5500002,0.0
2015-04-14,1062.72998,1062.72998,1062.72998,1062.72998,0.0,43.0600014,43.0600014,43.0600014,43.0600014,0.0
2015-04-15,1067.67004,1067.67004,1067.67004,1067.67004,0.0,81.5299988,81.5299988,81.5299988,81.5299988,0.0
2015-04-16,1065.39001,1065.39001,1065.39001,1065.39001,0.0,44.2799988,44.2799988,44.2799988,44.2799988,0.0
2015-04-17,1054.55005,1054.55005,1054.55005,1054.55005,0.0,-63.3899994,-63.3899994,-63.3899994,-63.3899994,0.0
2015-04-20,1062.34998,1062.34998,1062.34998,1062.34998,0.0,1.58000004,1.58000004,1.58000004,1.58000004,0.0
2015-04-21,1060.84998,1060.84998,1060.84998,1060.84998,0.0,-7.57999992,-7.57999992,-7.57999992,-7.57999992,0.0
2015-04-22,1064.19995,1064.19995,1064.19995,1064.19995,0.0,10.75,10.75,10.75,10.75,0.0
2015-04-23,1070.0,1070.0,1070.0,1070.0,0.0,56.8499985,56.8499985,56.8499985,56.8499985,0.0
2015-04-24,1070.01001,1070.01001,1070.01001,1070.01001,0.0,43.4599991,43.4599991,43.4599991,43.4599991,0.0
2015-04-27,1064.87,1064.87,1064.87,1064.87,0.0,-11.75,-11.75,-11.75,-11.75,0.0
2015-04-28,1070.16003,1070.16003,1070.16003,1070.16003,0.0,22.3799992,22.3799992,22.3799992,22.3799992,0.0
2015-04-29,1063.68994,1063.68994,1063.68994,1063.68994,0.0,-41.9500008,-41.9500008,-41.9500008,-41.9500008,0.0
2015-04-30,1052.82996,1052.82996,1052.82996,1052.82996,0.0,-126.089996,-126.089996,-126.089996,-126.089996,0.0
2015-05-01,1058.62,1058.62,1058.62,1058.62,0.0,-82.0400009,-82.0400009,-82.0400009,-82.0400009,0.0
2015-05-04,1061.15002,1061.15002,1061.15002,1061.15002,0.0,-53.8100014,-53.8100014,-53.8100014,-53.8100014,0.0
2015-05-05,1050.72998,1050.72998,1050.72998,1050.72998,0.0,-145.679993,-145.679993,-145.679993,-145.679993,0.0
2015-05-06,1046.82996,1046.82996,1046.82996,1046.82996,0.0,-185.75,-185.75,-185.75,-185.75,0.0
2015-05-07,1049.31006,1049.31006,1049.31006,1049.31006,0.0,-139.039993,-139.039993,-139.039993,-139.039993,0.0
2015-05-08,1059.69995,1059.69995,1059.69995,1059.69995,0.0,-27.7199993,-27.7199993,-27.7199993,-27.7199993,0.0
2015-05-11,1055.42004,1055.42004,1055.42004,1055.42004,0.0,-73.4899979,-73.4899979,-73.4899979,-73.4899979,0.0
2015-05-12,1052.20996,1052.20996,1052.20996,1052.20996,0.0,-81.7399979,-81.7399979,-81.7399979,-81.7399979,0.0
2015-05-13,1051.87,1051.87,1051.87,1051.87,0.0,-66.8899994,-66.8899994,-66.8899994,-66.8899994,0.0
2015-05-14,1061.37,1061.37,1061.37,1061.37,0.0,18.9300003,18.9300003,18.9300003,18.9300003,0.0
2015-05-15,1063.73999,1063.73999,1063.73999,1063.73999,0.0,38.0900002,38.0900002,38.0900002,38.0900002,0.0
2015-05-18,1066.51001,1066.51001,1066.51001,1066.51001,0.0,48.7299995,48.7299995,48.7299995,48.7299995,0.0
2015-05-19,1063.45996,1063.45996,1063.45996,1063.45996,0.0,6.11000013,6.11000013,6.11000013,6.11000013,0.0
2015-05-20,1063.33997,1063.33997,1063.33997,1063.33997,0.0,5.07999992,5.07999992,5.07999992,5.07999992,0.0
2015-05-21,1063.96997,1063.96997,1063.96997,1063.96997,0.0,18.7099991,18.7099991,18.7099991,18.7099991,0.0
2015-05-22,1057.34998,1057.34998,1057.34998,1057.34998,0.0,-28.7099991,-28.7099991,-28.7099991,-28.7099991,0.0
2015-05-26,1045.34998,1045.34998,1045.34998,1045.34998,0.0,-119.480003,-119.480003,-119.480003,-119.480003,0.0
2015-05-27,1054.51001,1054.51001,1054.51001,1054.51001,0.0,-34.4300003,-34.4300003,-34.4300003,-34.4300003,0.0
2015-05-28,1052.18005,1052.18005,1052.18005,1052.18005,0.0,-61.8400002,-61.8400002,-61.8400002,-61.8400002,0.0
2015-05-29,1044.63,1044.63,1044.63,1044.63,0.0,-112.239998,-112.239998,-112.239998,-112.239998,0.0
2015-06-01,1046.33997,1046.33997,1046.33997,1046.33997,0.0,-87.8300018,-87.8300018,-87.8300018,-87.8300018,0.0
2015-06-02,1048.63,1048.63,1048.63,1048.63,0.0,-62.2099991,-62.2099991,-62.2099991,-62.2099991,0.0
2015-06-03,1050.26001,1050.26001,1050.26001,1050.26001,0.0,-51.5900002,-51.5900002,-51.5900002,-51.5900002,0.0
2015-06-04,1038.62,1038.62,1038.62,1038.62,0.0,-129.520004,-129.520004,-129.520004,-129.520004,0.0
2015-06-05,1037.83997,1037.83997,1037.83997,1037.83997,0.0,-120.120003,-120.120003,-120.120003,-120.120003,0.0
2015-06-08,1029.26001,1029.26001,1029.26001,1029.26001,0.0,-164.589996,-164.589996,-164.589996,-164.589996,0.0
2015-06-09,1024.65002,1024.65002,1024.65002,1024.65002,0.0,-184.520004,-184.520004,-184.520004,-184.520004,0.0
2015-06-10,1034.68994,1034.68994,1034.68994,1034.68994,0.0,-86.8600006,-86.8600006,-86.8600006,-86.8600006,0.0
2015-06-11,1037.76001,1037.76001,1037.76001,1037.76001,0.0,-52.6599998,-52.6599998,-52.6599998,-52.6599998,0.0
2015-06-12,1030.90002,1030.90002,1030.90002,1030.90002,0.0,-86.4000015,-86.4000015,-86.4000015,-86.4000015,0.0
2015-06-15,1024.02002,1024.02002,1024.02002,1024.02002,0.0,-115.029999,-115.029999,-115.029999,-115.029999,0.0
2015-06-16,1029.66003,1029.66003,1029.66003,1029.66003,0.0,-52.9300003,-52.9300003,-52.9300003,-52.9300003,0.0
2015-06-17,1030.98999,1030.98999,1030.98999,1030.98999,0.0,-34.8400002,-34.8400002,-34.8400002,-34.8400002,0.0
2015-06-18,1040.20996,1040.20996,1040.20996,1040.20996,0.0,27.4200001,27.4200001,27.4200001,27.4200001,0.0
2015-06-19,1036.18994,1036.18994,1036.18994,1036.18994,0.0,-1.48000002,-1.48000002,-1.48000002,-1.48000002,0.0
2015-06-22,1040.34998,1040.34998,1040.34998,1040.34998,0.0,34.8600006,34.8600006,34.8600006,34.8600006,0.0
2015-06-23,1043.20996,1043.20996,1043.20996,1043.20996,0.0,61.7400017,61.7400017,61.7400017,61.7400017,0.0
2015-06-24,1034.18005,1034.18005,1034.18005,1034.18005,0.0,-6.3499999,-6.3499999,-6.3499999,-6.3499999,0.0
2015-06-25,1028.51001,1028.51001,1028.51001,1028.51001,0.0,-45.9399986,-45.9399986,-45.9399986,-45.9399986,0.0
2015-06-26,1026.77002,1026.77002,1026.77002,1026.77002,0.0,-62.4599991,-62.4599991,-62.4599991,-62.4599991,0.0
2015-06-29,1011.40997,1011.40997,1011.40997,1011.40997,0.0,-181.559998,-181.559998,-181.559998,-181.559998,0.0
2015-06-30,1015.20001,1015.20001,1015.20001,1015.20001,0.0,-114.160004,-114.160004,-114.160004,-114.160004,0.0
2015-07-01,1020.34998,1020.34998,1020.34998,1020.34998,0.0,-53.6599998,-53.6599998,-53.6599998,-53.6599998,0.0
2015-07-02,1018.75,1018.75,1018.75,1018.75,0.0,-37.9700012,-37.9700012,-37.9700012,-37.9700012,0.0
2015-07-06,1014.53998,1014.53998,1014.53998,1014.53998,0.0,-67.6900024,-67.6900024,-67.6900024,-67.6900024,0.0
2015-07-07,1018.46997,1018.46997,1018.46997,1018.46997,0.0,-20.7600002,-20.7600002,-20.7600002,-20.7600002,0.0
2015-07-08,1006.20001,1006.20001,1006.20001,1006.20001,0.0,-114.220001,-114.220001,-114.220001,-114.220001,0.0
2015-07-09,1008.21997,1008.21997,1008.21997,1008.21997,0.0,-64.6600037,-64.6600037,-64.6600037,-64.6600037,0.0
2015-07-10,1019.81,1019.81,1019.81,1019.81,0.0,45.9900017,45.9900017,45.9900017,45.9900017,0.0
2015-07-13,1027.96997,1027.96997,1027.96997,1027.96997,0.0,115.290001,115.290001,115.290001,115.290001,0.0
2015-07-14,1032.93994,1032.93994,1032.93994,1032.93994,0.0,150.020004,150.020004,150.020004,150.020004,0.0
2015-07-15,1028.38,1028.38,1028.38,1028.38,0.0,101.559998,101.559998,101.559998,101.559998,0.0
2015-07-16,1035.65002,1035.65002,1035.65002,1035.65002,0.0,154.899994,154.899994,154.899994,154.899994,0.0
2015-07-17,1028.52002,1028.52002,1028.52002,1028.52002,0.0,89.5299988,89.5299988,89.5299988,89.5299988,0.0
2015-07-20,1022.53003,1022.53003,1022.53003,1022.53003,0.0,26.5200005,26.5200005,26.5200005,26.5200005,0.0
2015-07-21,1017.87,1017.87,1017.87,1017.87,0.0,-3.26999998,-3.26999998,-3.26999998,-3.26999998,0.0
2015-07-22,1016.52002,1016.52002,1016.52002,1016.52002,0.0,-25.0599995,-25.0599995,-25.0599995,-25.0599995,0.0
2015-07-23,1008.94,1008.94,1008.94,1008.94,0.0,-74.4800034,-74.4800034,-74.4800034,-74.4800034,0.0
2015-07-24,999.419983,999.419983,999.419983,999.419983,0.0,-130.5,-130.5,-130.5,-130.5,0.0
2015-07-27,991.289978,991.289978,991.289978,991.289978,0.0,-177.529999,-177.529999,-177.529999,-177.529999,0.0
2015-07-28,1000.35999,1000.35999,1000.35999,1000.35999,0.0,-72.0699997,-72.0699997,-72.0699997,-72.0699997,0.0
2015-07-29,1009.65997,1009.65997,1009.65997,1009.65997,0.0,13.9700003,13.9700003,13.9700003,13.9700003,0.0
2015-07-30,1009.5,1009.5,1009.5,1009.5,0.0,19.5,19.5,19.5,19.5,0.0
2015-07-31,1014.09998,1014.09998,1014.09998,1014.09998,0.0,64.0999985,64.0999985,64.0999985,64.0999985,0.0
2015-08-03,1010.03998,1010.03998,1010.03998,1010.03998,0.0,27.2000008,27.2000008,27.2000008,27.2000008,0.0
2015-08-04,1008.48999,1008.48999,1008.48999,1008.48999,0.0,16.9200001,16.9200001,16.9200001,16.9200001,0.0
2015-08-05,1009.53998,1009.53998,1009.53998,1009.53998,0.0,18.7900009,18.7900009,18.7900009,18.7900009,0.0
2015-08-06,1004.83002,1004.83002,1004.83002,1004.83002,0.0,-8.69999981,-8.69999981,-8.69999981,-8.69999981,0.0
2015-08-07,1001.07001,1001.07001,1001.07001,1001.07001,0.0,-28.3299999,-28.3299999,-28.3299999,-28.3299999,0.0
2015-08-10,1010.5,1010.5,1010.5,1010.5,0.0,62.1800003,62.1800003,62.1800003,62.1800003,0.0
2015-08-11,1005.06,1005.06,1005.06,1005.06,0.0,18.7399998,18.7399998,18.7399998,18.7399998,0.0
2015-08-12,1003.41998,1003.41998,1003.41998,1003.41998,0.0,11.2799997,11.2799997,11.2799997,11.2799997,0.0
2015-08-13,1000.75,1000.75,1000.75,1000.75,0.0,-18.5200005,-18.5200005,-18.5200005,-18.5200005,0.0
2015-08-14,1007.85999,1007.85999,1007.85999,1007.85999,0.0,45.7299995,45.7299995,45.7299995,45.7299995,0.0
2015-08-17,1012.94,1012.94,1012.94,1012.94,0.0,79.5899963,79.5899963,79.5899963,79.5899963,0.0
2015-08-18,1007.52002,1007.52002,1007.52002,1007.52002,0.0,25.2199993,25.2199993,25.2199993,25.2199993,0.0
2015-08-19,998.080017,998.080017,998.080017,998.080017,0.0,-50.7299995,-50.7299995,-50.7299995,-50.7299995,0.0
2015-08-20,984.650024,984.650024,984.650024,984.650024,0.0,-147.449997,-147.449997,-147.449997,-147.449997,0.0
2015-08-21,971.219971,971.219971,971.219971,971.219971,0.0,-231.600006,-231.600006,-231.600006,-231.600006,0.0
2015-08-24,954.919983,954.919983,954.919983,954.919983,0.0,-337.929993,-337.929993,-337.929993,-337.929993,0.0
2015-08-25,950.799988,950.799988,950.799988,950.799988,0.0,-234.669998,-234.669998,-234.669998,-234.669998,0.0
2015-08-26,962.98999,962.98999,962.98999,962.98999,0.0,-146.470001,-146.470001,-146.470001,-146.470001,0.0
2015-08-27,976.960022,976.960022,976.960022,976.960022,0.0,9.57999992,9.57999992,9.57999992,9.57999992,0.0
2015-08-28,981.030029,981.030029,981.030029,981.030029,0.0,63.25,63.25,63.25,63.25,0.0
2015-08-31,978.099976,978.099976,978.099976,978.099976,0.0,44.8699989,44.8699989,44.8699989,44.8699989,0.0
2015-09-01,964.289978,964.289978,964.289978,964.289978,0.0,-65.5100021,-65.5100021,-65.5100021,-65.5100021,0.0
2015-09-02,974.0,974.0,974.0,974.0,0.0,31.2399998,31.2399998,31.2399998,31.2399998,0.0
2015-09-03,979.380005,979.380005,979.380005,979.380005,0.0,83.3300018,83.3300018,83.3300018,83.3300018,0.0
2015-09-04,968.97998,968.97998,968.97998,968.97998,0.0,1.26999998,1.26999998,1.26999998,1.26999998,0.0
2015-09-08,980.97998,980.97998,980.97998,980.97998,0.0,103.57,103.57,103.57,103.57,0.0
2015-09-09,970.830017,970.830017,970.830017,970.830017,0.0,19.9500008,19.9500008,19.9500008,19.9500008,0.0
2015-09-10,972.440002,972.440002,972.440002,972.440002,0.0,34.75,34.75,34.75,34.75,0.0
2015-09-11,973.450012,973.450012,973.450012,973.450012,0.0,37.7999992,37.7999992,37.7999992,37.7999992,0.0
2015-09-14,966.530029,966.530029,966.530029,966.530029,0.0,-12.1800003,-12.1800003,-12.1800003,-12.1800003,0.0
2015-09-15,975.27002,975.27002,975.27002,975.27002,0.0,60.0600014,60.0600014,60.0600014,60.0600014,0.0
2015-09-16,985.190002,985.190002,985.190002,985.190002,0.0,141.360001,141.360001,141.360001,141.360001,0.0
2015-09-17,987.549988,987.549988,987.549988,987.549988,0.0,161.559998,161.559998,161.559998,161.559998,0.0
2015-09-18,978.919983,978.919983,978.919983,978.919983,0.0,84.6999969,84.6999969,84.6999969,84.6999969,0.0
2015-09-21,982.48999,982.48999,982.48999,982.48999,0.0,108.400002,108.400002,108.400002,108.400002,0.0
2015-09-22,970.530029,970.530029,970.530029,970.530029,0.0,5.84000015,5.84000015,5.84000015,5.84000015,0.0
2015-09-23,967.030029,967.030029,967.030029,967.030029,0.0,-14.1300001,-14.1300001,-14.1300001,-14.1300001,0.0
2015-09-24,963.619995,963.619995,963.619995,963.619995,0.0,-34.8699989,-34.8699989,-34.8699989,-34.8699989,0.0
2015-09-25,963.130005,963.130005,963.130005,963.130005,0.0,-30.5599995,-30.5599995,-30.5599995,-30.5599995,0.0
2015-09-28,948.580017,948.580017,948.580017,948.580017,0.0,-149.5,-149.5,-149.5,-149.5,0.0
2015-09-29,947.969971,947.969971,947.969971,947.969971,0.0,-140.289993,-140.289993,-140.289993,-140.289993,0.0
2015-09-30,959.429993,959.429993,959.429993,959.429993,0.0,-30.2399998,-30.2399998,-30.2399998,-30.2399998,0.0
2015-10-01,959.090027,959.090027,959.090027,959.090027,0.0,-22.3199997,-22.3199997,-22.3199997,-22.3199997,0.0
2015-10-02,968.559998,968.559998,968.559998,968.559998,0.0,70.0,70.0,70.0,70.0,0.0
2015-10-05,982.690002,982.690002,982.690002,982.690002,0.0,190.869995,190.869995,190.869995,190.869995,0.0
2015-10-06,982.619995,982.619995,982.619995,982.619995,0.0,187.550003,187.550003,187.550003,187.550003,0.0
2015-10-07,992.880005,992.880005,992.880005,992.880005,0.0,251.979996,251.979996,251.979996,251.979996,0.0
2015-10-08,1003.73999,1003.73999,1003.73999,1003.73999,0.0,308.529999,308.529999,308.529999,308.529999,0.0
2015-10-09,1005.47998,1005.47998,1005.47998,1005.47998,0.0,285.799988,285.799988,285.799988,285.799988,0.0
2015-10-12,1006.82001,1006.82001,1006.82001,1006.82001,0.0,254.160004,254.160004,254.160004,254.160004,0.0
2015-10-13,996.25,996.25,996.25,996.25,0.0,139.320007,139.320007,139.320007,139.320007,0.0
2015-10-14,991.320007,991.320007,991.320007,991.320007,0.0,87.6399994,87.6399994,87.6399994,87.6399994,0.0
2015-10-15,1002.40997,1002.40997,1002.40997,1002.40997,0.0,173.889999,173.889999,173.889999,173.889999,0.0
2015-10-16,1005.54999,1005.54999,1005.54999,1005.54999,0.0,175.089996,175.089996,175.089996,175.089996,0.0
2015-10-19,1005.27002,1005.27002,1005.27002,1005.27002,0.0,138.289993,138.289993,138.289993,138.289993,0.0
2015-10-20,1009.28998,1009.28998,1009.28998,1009.28998,0.0,149.520004,149.520004,149.520004,149.520004,0.0
2015-10-21,1000.34998,1000.34998,1000.34998,1000.34998,0.0,57.3800011,57.3800011,57.3800011,57.3800011,0.0
2015-10-22,1010.23999,1010.23999,1010.23999,1010.23999,0.0,122.93,122.93,122.93,122.93,0.0
2015-10-23,1014.22998,1014.22998,1014.22998,1014.22998,0.0,128.880005,128.880005,128.880005,128.880005,0.0
2015-10-26,1009.57001,1009.57001,1009.57001,1009.57001,0.0,68.0599976,68.0599976,68.0599976,68.0599976,0.0
2015-10-27,1000.97998,1000.97998,1000.97998,1000.97998,0.0,-22.6700001,-22.6700001,-22.6700001,-22.6700001,0.0
2015-10-28,1010.73999,1010.73999,1010.73999,1010.73999,0.0,62.7799988,62.7799988,62.7799988,62.7799988,0.0
2015-10-29,1006.03998,1006.03998,1006.03998,1006.03998,0.0,12.3199997,12.3199997,12.3199997,12.3199997,0.0
2015-10-30,1006.59003,1006.59003,1006.59003,1006.59003,0.0,18.9200001,18.9200001,18.9200001,18.9200001,0.0
2015-11-02,1017.81,1017.81,1017.81,1017.81,0.0,108.82,108.82,108.82,108.82,0.0
2015-11-03,1019.81,1019.81,1019.81,1019.81,0.0,112.389999,112.389999,112.389999,112.389999,0.0
2015-11-04,1015.56,1015.56,1015.56,1015.56,0.0,59.1199989,59.1199989,59.1199989,59.1199989,0.0
2015-11-05,1014.90002,1014.90002,1014.90002,1014.90002,0.0,38.0499992,38.0499992,38.0499992,38.0499992,0.0
2015-11-06,1011.40002,1011.40002,1011.40002,1011.40002,0.0,-11.5100002,-11.5100002,-11.5100002,-11.5100002,0.0
2015-11-09,999.559998,999.559998,999.559998,999.559998,0.0,-109.809998,-109.809998,-109.809998,-109.809998,0.0
2015-11-10,1001.67999,1001.67999,1001.67999,1001.67999,0.0,-85.9499969,-85.9499969,-85.9499969,-85.9499969,0.0
2015-11-11,998.72998,998.72998,998.72998,998.72998,0.0,-101.360001,-101.360001,-101.360001,-101.360001,0.0
2015-11-12,985.619995,985.619995,985.619995,985.619995,0.0,-195.410004,-195.410004,-195.410004,-195.410004,0.0
2015-11-13,980.169983,980.169983,980.169983,980.169983,0.0,-207.779999,-207.779999,-207.779999,-207.779999,0.0
2015-11-16,990.159973,990.159973,990.159973,990.159973,0.0,-111.43,-111.43,-111.43,-111.43,0.0
2015-11-17,985.719971,985.719971,985.719971,985.719971,0.0,-140.070007,-140.070007,-140.070007,-140.070007,0.0
2015-11-18,997.150024,997.150024,997.150024,997.150024,0.0,-38.4500008,-38.4500008,-38.4500008,-38.4500008,0.0
2015-11-19,998.619995,998.619995,998.619995,998.619995,0.0,-28.7700005,-28.7700005,-28.7700005,-28.7700005,0.0
2015-11-20,1002.60999,1002.60999,1002.60999,1002.60999,0.0,3.94000006,3.94000006,3.94000006,3.94000006,0.0
2015-11-23,1003.03003,1003.03003,1003.03003,1003.03003,0.0,6.6500001,6.6500001,6.6500001,6.6500001,0.0
2015-11-24,1006.33002,1006.33002,1006.33002,1006.33002,0.0,40.9700012,40.9700012,40.9700012,40.9700012,0.0
2015-11-25,1009.21002,1009.21002,1009.21002,1009.21002,0.0,63.6100006,63.6100006,63.6100006,63.6100006,0.0
2015-11-27,1012.95001,1012.95001,1012.95001,1012.95001,0.0,77.1200027,77.1200027,77.1200027,77.1200027,0.0
2015-11-30,1010.35999,1010.35999,1010.35999,1010.35999,0.0,41.7900009,41.7900009,41.7900009,41.7900009,0.0
2015-12-01,1018.37,1018.37,1018.37,1018.37,0.0,98.2799988,98.2799988,98.2799988,98.2799988,0.0
2015-12-02,1008.20001,1008.20001,1008.20001,1008.20001,0.0,-6.98000002,-6.98000002,-6.98000002,-6.98000002,0.0
2015-12-03,996.130005,996.130005,996.130005,996.130005,0.0,-108.370003,-108.370003,-108.370003,-108.370003,0.0
2015-12-04,1003.75,1003.75,1003.75,1003.75,0.0,-45.25,-45.25,-45.25,-45.25,0.0
2015-12-07,993.049988,993.049988,993.049988,993.049988,0.0,-137.410004,-137.410004,-137.410004,-137.410004,0.0
2015-12-08,986.119995,986.119995,986.119995,986.119995,0.0,-170.949997,-170.949997,-170.949997,-170.949997,0.0
2015-12-09,980.130005,980.130005,980.130005,980.130005,0.0,-182.789993,-182.789993,-182.789993,-182.789993,0.0
2015-12-10,979.909973,979.909973,979.909973,979.909973,0.0,-160.509995,-160.509995,-160.509995,-160.509995,0.0
2015-12-11,965.719971,965.719971,965.719971,965.719971,0.0,-262.709991,-262.709991,-262.709991,-262.709991,0.0
2015-12-14,959.48999,959.48999,959.48999,959.48999,0.0,-298.299988,-298.299988,-298.299988,-298.299988,0.0
2015-12-15,969.48999,969.48999,969.48999,969.48999,0.0,-161.339996,-161.339996,-161.339996,-161.339996,0.0
2015-12-16,981.559998,981.559998,981.559998,981.559998,0.0,-33.0200005,-33.0200005,-33.0200005,-33.0200005,0.0
2015-12-17,974.01001,974.01001,974.01001,974.01001,0.0,-71.9700012,-71.9700012,-71.9700012,-71.9700012,0.0
2015-12-18,966.969971,966.969971,966.969971,966.969971,0.0,-104.309998,-104.309998,-104.309998,-104.309998,0.0
2015-12-21,972.47998,972.47998,972.47998,972.47998,0.0,-33.9399986,-33.9399986,-33.9399986,-33.9399986,0.0
2015-12-22,982.51001,982.51001,982.51001,982.51001,0.0,56.4500008,56.4500008,56.4500008,56.4500008,0.0
2015-12-23,995.369995,995.369995,995.369995,995.369995,0.0,166.550003,166.550003,166.550003,166.550003,0.0
2015-12-24,996.210022,996.210022,996.210022,996.210022,0.0,162.259995,162.259995,162.259995,162.259995,0.0
2015-12-28,991.549988,991.549988,991.549988,991.549988,0.0,104.0,104.0,104.0,104.0,0.0
2015-12-29,999.73999,999.73999,999.73999,999.73999,0.0,155.039993,155.039993,155.039993,155.039993,0.0
2015-12-30,990.349976,990.349976,990.349976,990.349976,0.0,67.2399979,67.2399979,67.2399979,67.2399979,0.0
2015-12-31,983.440002,983.440002,983.440002,983.440002,0.0,23.7999992,23.7999992,23.7999992,23.7999992,0.0
2016-01-04,974.25,974.25,974.25,974.25,0.0,21.1100006,21.1100006,21.1100006,21.1100006,0.0
2016-01-05,977.22998,977.22998,977.22998,977.22998,0.0,48.6300011,48.6300011,48.6300011,48.6300011,0.0
2016-01-06,968.109985,968.109985,968.109985,968.109985,0.0,-35.0200005,-35.0200005,-35.0200005,-35.0200005,0.0
2016-01-07,954.789978,954.789978,954.789978,954.789978,0.0,-144.649994,-144.649994,-144.649994,-144.649994,0.0
2016-01-08,945.549988,945.549988,945.549988,945.549988,0.0,-178.660004,-178.660004,-178.660004,-178.660004,0.0
2016-01-11,941.830017,941.830017,941.830017,941.830017,0.0,-197.160004,-197.160004,-197.160004,-197.160004,0.0
2016-01-12,942.0,942.0,942.0,942.0,0.0,-172.529999,-172.529999,-172.529999,-172.529999,0.0
2016-01-13,927.52002,927.52002,927.52002,927.52002,0.0,-267.019989,-267.019989,-267.019989,-267.019989,0.0
2016-01-14,934.219971,934.219971,934.219971,934.219971,0.0,-165.740005,-165.740005,-165.740005,-165.740005,0.0
2016-01-15,922.150024,922.150024,922.150024,922.150024,0.0,-240.080002,-240.080002,-240.080002,-240.080002,0.0
2016-01-19,916.320007,916.320007,916.320007,916.320007,0.0,-158.130005,-158.130005,-158.130005,-158.130005,0.0
2016-01-20,909.23999,909.23999,909.23999,909.23999,0.0,-193.960007,-193.960007,-193.960007,-193.960007,0.0
2016-01-21,914.25,914.25,914.25,914.25,0.0,-108.010002,-108.010002,-108.010002,-108.010002,0.0
2016-01-22,928.590027,928.590027,928.590027,928.590027,0.0,45.5099983,45.5099983,45.5099983,45.5099983,0.0
2016-01-25,916.02002,916.02002,916.02002,916.02002,0.0,-59.1399994,-59.1399994,-59.1399994,-59.1399994,0.0
2016-01-26,929.150024,929.150024,929.150024,929.150024,0.0,64.7900009,64.7900009,64.7900009,64.7900009,0.0
2016-01-27,922.950012,922.950012,922.950012,922.950012,0.0,27.4300003,27.4300003,27.4300003,27.4300003,0.0
2016-01-28,928.450012,928.450012,928.450012,928.450012,0.0,85.2300034,85.2300034,85.2300034,85.2300034,0.0
2016-01-29,943.419983,943.419983,943.419983,943.419983,0.0,207.940002,207.940002,207.940002,207.940002,0.0
2016-02-01,942.630005,942.630005,942.630005,942.630005,0.0,182.770004,182.770004,182.770004,182.770004,0.0
2016-02-02,930.830017,930.830017,930.830017,930.830017,0.0,70.5400009,70.5400009,70.5400009,70.5400009,0.0
2016-02-03,936.719971,936.719971,936.719971,936.719971,0.0,110.269997,110.269997,110.269997,110.269997,0.0
2016-02-04,941.669983,941.669983,941.669983,941.669983,0.0,144.210007,144.210007,144.210007,144.210007,0.0
2016-02-05,931.690002,931.690002,931.690002,931.690002,0.0,47.3100014,47.3100014,47.3100014,47.3100014,0.0
2016-02-08,922.289978,922.289978,922.289978,922.289978,0.0,-47.0499992,-47.0499992,-47.0499992,-47.0499992,0.0
2016-02-09,916.599976,916.599976,916.599976,916.599976,0.0,-94.4700012,-94.4700012,-94.4700012,-94.4700012,0.0
2016-02-10,916.640015,916.640015,916.640015,916.640015,0.0,-70.5199966,-70.5199966,-70.5199966,-70.5199966,0.0
2016-02-11,906.059998,906.059998,906.059998,906.059998,0.0,-153.029999,-153.029999,-153.029999,-153.029999,0.0
2016-02-12,916.960022,916.960022,916.960022,916.960022,0.0,-28.3500004,-28.3500004,-28.3500004,-28.3500004,0.0
2016-02-16,927.809998,927.809998,927.809998,927.809998,0.0,-3.1500001,-3.1500001,-3.1500001,-3.1500001,0.0
2016-02-17,938.98999,938.98999,938.98999,938.98999,0.0,109.269997,109.269997,109.269997,109.269997,0.0
2016-02-18,938.830017,938.830017,938.830017,938.830017,0.0,178.009995,178.009995,178.009995,178.009995,0.0
2016-02-19,938.030029,938.030029,938.030029,938.030029,0.0,160.229996,160.229996,160.229996,160.229996,0.0
2016-02-22,948.380005,948.380005,948.380005,948.380005,0.0,230.869995,230.869995,230.869995,230.869995,0.0
2016-02-23,941.719971,941.719971,941.719971,941.719971,0.0,149.050003,149.050003,149.050003,149.050003,0.0
2016-02-24,947.219971,947.219971,947.219971,947.219971,0.0,178.949997,178.949997,178.949997,178.949997,0.0
2016-02-25,956.690002,956.690002,956.690002,956.690002,0.0,228.050003,228.050003,228.050003,228.050003,0.0
2016-02-26,959.390015,959.390015,959.390015,959.390015,0.0,231.839996,231.839996,231.839996,231.839996,0.0
2016-02-29,959.280029,959.280029,959.280029,959.280029,0.0,208.360001,208.360001,208.360001,208.360001,0.0
2016-03-01,971.109985,971.109985,971.109985,971.109985,0.0,281.380005,281.380005,281.380005,281.380005,0.0
2016-03-02,977.809998,977.809998,977.809998,977.809998,0.0,292.019989,292.019989,292.019989,292.019989,0.0
2016-03-03,987.530029,987.530029,987.530029,987.530029,0.0,329.600006,329.600006,329.600006,329.600006,0.0
2016-03-04,992.690002,992.690002,992.690002,992.690002,0.0,326.570007,326.570007,326.570007,326.570007,0.0
2016-03-07,998.390015,998.390015,998.390015,998.390015,0.0,326.26001,326.26001,326.26001,326.26001,0.0
2016-03-08,988.419983,988.419983,988.419983,988.419983,0.0,192.360001,192.360001,192.360001,192.360001,0.0
2016-03-09,994.690002,994.690002,994.690002,994.690002,0.0,217.169998,217.169998,217.169998,217.169998,0.0
2016-03-10,991.669983,991.669983,991.669983,991.669983,0.0,152.470001,152.470001,152.470001,152.470001,0.0
2016-03-11,1003.15002,1003.15002,1003.15002,1003.15002,0.0,218.320007,218.320007,218.320007,218.320007,0.0
2016-03-14,999.950012,999.950012,999.950012,999.950012,0.0,155.850006,155.850006,155.850006,155.850006,0.0
2016-03-15,992.0,992.0,992.0,992.0,0.0,47.0200005,47.0200005,47.0200005,47.0200005,0.0
2016-03-16,1002.70001,1002.70001,1002.70001,1002.70001,0.0,124.629997,124.629997,124.629997,124.629997,0.0
2016-03-17,1013.72998,1013.72998,1013.72998,1013.72998,0.0,187.039993,187.039993,187.039993,187.039993,0.0
2016-03-18,1017.59003,1017.59003,1017.59003,1017.59003,0.0,182.699997,182.699997,182.699997,182.699997,0.0
2016-03-21,1017.28003,1017.28003,1017.28003,1017.28003,0.0,142.779999,142.779999,142.779999,142.779999,0.0
2016-03-22,1015.21997,1015.21997,1015.21997,1015.21997,0.0,97.0699997,97.0699997,97.0699997,97.0699997,0.0
2016-03-23,1005.59998,1005.59998,1005.59998,1005.59998,0.0,-7.05999994,-7.05999994,-7.05999994,-7.05999994,0.0
2016-03-24,1005.48999,1005.48999,1005.48999,1005.48999,0.0,-16.1599998,-16.1599998,-16.1599998,-16.1599998,0.0
2016-03-28,1007.5,1007.5,1007.5,1007.5,0.0,-6.23999977,-6.23999977,-6.23999977,-6.23999977,0.0
2016-03-29,1019.34003,1019.34003,1019.34003,1019.34003,0.0,67.6500015,67.6500015,67.6500015,67.6500015,0.0
2016-03-30,1023.42999,1023.42999,1023.42999,1023.42999,0.0,78.4599991,78.4599991,78.4599991,78.4599991,0.0
2016-03-31,1024.21997,1024.21997,1024.21997,1024.21997,0.0,67.7200012,67.7200012,67.7200012,67.7200012,0.0
2016-04-01,1026.04004,1026.04004,1026.04004,1026.04004,0.0,35.3600006,35.3600006,35.3600006,35.3600006,0.0
2016-04-04,1017.21997,1017.21997,1017.21997,1017.21997,0.0,-56.7999992,-56.7999992,-56.7999992,-56.7999992,0.0
2016-04-05,1008.72998,1008.72998,1008.72998,1008.72998,0.0,-124.949997,-124.949997,-124.949997,-124.949997,0.0
2016-04-06,1017.39001,1017.39001,1017.39001,1017.39001,0.0,-43.9000015,-43.9000015,-43.9000015,-43.9000015,0.0
2016-04-07,1007.26001,1007.26001,1007.26001,1007.26001,0.0,-137.399994,-137.399994,-137.399994,-137.399994,0.0
2016-04-08,1016.13,1016.13,1016.13,1016.13,0.0,-50.8899994,-50.8899994,-50.8899994,-50.8899994,0.0
2016-04-11,1018.21002,1018.21002,1018.21002,1018.21002,0.0,-27.2099991,-27.2099991,-27.2099991,-27.2099991,0.0
2016-04-12,1029.52002,1029.52002,1029.52002,1029.52002,0.0,55.2900009,55.2900009,55.2900009,55.2900009,0.0
2016-04-13,1038.70996,1038.70996,1038.70996,1038.70996,0.0,111.650002,111.650002,111.650002,111.650002,0.0
2016-04-14,1035.63,1035.63,1035.63,1035.63,0.0,62.1500015,62.1500015,62.1500015,62.1500015,0.0
2016-04-15,1037.90002,1037.90002,1037.90002,1037.90002,0.0,50.3699989,50.3699989,50.3699989,50.3699989,0.0
2016-04-18,1047.40002,1047.40002,1047.40002,1047.40002,0.0,99.7600021,99.7600021,99.7600021,99.7600021,0.0
2016-04-19,1053.93994,1053.93994,1053.93994,1053.93994,0.0,130.949997,130.949997,130.949997,130.949997,0.0
2016-04-20,1054.56995,1054.56995,1054.56995,1054.56995,0.0,115.339996,115.339996,115.339996,115.339996,0.0
2016-04-21,1048.81995,1048.81995,1048.81995,1048.81995,0.0,41.1300011,41.1300011,41.1300011,41.1300011,0.0
2016-04-22,1056.06006,1056.06006,1056.06006,1056.06006,0.0,82.1100006,82.1100006,82.1100006,82.1100006,0.0
2016-04-25,1050.12,1050.12,1050.12,1050.12,0.0,0.589999974,0.589999974,0.589999974,0.589999974,0.0
2016-04-26,1060.16003,1060.16003,1060.16003,1060.16003,0.0,68.7399979,68.7399979,68.7399979,68.7399979,0.0
2016-04-27,1066.46997,1066.46997,1066.46997,1066.46997,0.0,99.8000031,99.8000031,99.8000031,99.8000031,0.0
2016-04-28,1059.40002,1059.40002,1059.40002,1059.40002,0.0,18.1299992,18.1299992,18.1299992,18.1299992,0.0
2016-04-29,1056.14001,1056.14001,1056.14001,1056.14001,0.0,-24.0599995,-24.0599995,-24.0599995,-24.0599995,0.0
2016-05-02,1061.16003,1061.16003,1061.16003,1061.16003,0.0,2.25999999,2.25999999,2.25999999,2.25999999,0.0
2016-05-03,1051.06995,1051.06995,1051.06995,1051.06995,0.0,-94.5,-94.5,-94.5,-94.5,0.0
2016-05-04,1046.25,1046.25,1046.25,1046.25,0.0,-130.300003,-130.300003,-130.300003,-130.300003,0.0
2016-05-05,1045.22998,1045.22998,1045.22998,1045.22998,0.0,-136.169998,-136.169998,-136.169998,-136.169998,0.0
2016-05-06,1050.83997,1050.83997,1050.83997,1050.83997,0.0,-87.7399979,-87.7399979,-87.7399979,-87.7399979,0.0
2016-05-09,1049.80005,1049.80005,1049.80005,1049.80005,0.0,-99.9599991,-99.9599991,-99.9599991,-99.9599991,0.0
2016-05-10,1060.15002,1060.15002,1060.15002,1060.15002,0.0,-20.5200005,-20.5200005,-20.5200005,-20.5200005,0.0
2016-05-11,1052.89001,1052.89001,1052.89001,1052.89001,0.0,-80.3000031,-80.3000031,-80.3000031,-80.3000031,0.0
2016-05-12,1051.68005,1051.68005,1051.68005,1051.68005,0.0,-94.3700027,-94.3700027,-94.3700027,-94.3700027,0.0
2016-05-13,1043.29004,1043.29004,1043.29004,1043.29004,0.0,-146.740005,-146.740005,-146.740005,-146.740005,0.0
2016-05-16,1052.87,1052.87,1052.87,1052.87,0.0,-58.0099983,-58.0099983,-58.0099983,-58.0099983,0.0
2016-05-17,1045.68994,1045.68994,1045.68994,1045.68994,0.0,-106.919998,-106.919998,-106.919998,-106.919998,0.0
2016-05-18,1040.76001,1040.76001,1040.76001,1040.76001,0.0,-153.919998,-153.919998,-153.919998,-153.919998,0.0
2016-05-19,1033.06006,1033.06006,1033.06006,1033.06006,0.0,-207.809998,-207.809998,-207.809998,-207.809998,0.0
2016-05-20,1044.23999,1044.23999,1044.23999,1044.23999,0.0,-94.5800018,-94.5800018,-94.5800018,-94.5800018,0.0
2016-05-23,1042.91003,1042.91003,1042.91003,1042.91003,0.0,-92.9499969,-92.9499969,-92.9499969,-92.9499969,0.0
2016-05-24,1053.95996,1053.95996,1053.95996,1053.95996,0.0,-5.98000002,-5.98000002,-5.98000002,-5.98000002,0.0
2016-05-25,1060.64001,1060.64001,1060.64001,1060.64001,0.0,39.9000015,39.9000015,39.9000015,39.9000015,0.0
2016-05-26,1060.58997,1060.58997,1060.58997,1060.58997,0.0,26.2800007,26.2800007,26.2800007,26.2800007,0.0
2016-05-27,1067.47998,1067.47998,1067.47998,1067.47998,0.0,61.1500015,61.1500015,61.1500015,61.1500015,0.0
2016-05-31,1067.63,1067.63,1067.63,1067.63,0.0,54.1399994,54.1399994,54.1399994,54.1399994,0.0
2016-06-01,1073.72998,1073.72998,1073.72998,1073.72998,0.0,84.5199966,84.5199966,84.5199966,84.5199966,0.0
2016-06-02,1079.26001,1079.26001,1079.26001,1079.26001,0.0,107.760002,107.760002,107.760002,107.760002,0.0
2016-06-03,1079.10999,1079.10999,1079.10999,1079.10999,0.0,93.9599991,93.9599991,93.9599991,93.9599991,0.0
2016-06-06,1087.05005,1087.05005,1087.05005,1087.05005,0.0,129.660004,129.660004,129.660004,129.660004,0.0
2016-06-07,1092.12,1092.12,1092.12,1092.12,0.0,136.830002,136.830002,136.830002,136.830002,0.0
2016-06-08,1098.98999,1098.98999,1098.98999,1098.98999,0.0,156.179993,156.179993,156.179993,156.179993,0.0
2016-06-09,1094.14001,1094.14001,1094.14001,1094.14001,0.0,79.6800003,79.6800003,79.6800003,79.6800003,0.0
2016-06-10,1082.56995,1082.56995,1082.56995,1082.56995,0.0,-41.4399986,-41.4399986,-41.4399986,-41.4399986,0.0
2016-06-13,1070.54004,1070.54004,1070.54004,1070.54004,0.0,-137.0,-137.0,-137.0,-137.0,0.0
2016-06-14,1064.78003,1064.78003,1064.78003,1064.78003,0.0,-178.860001,-178.860001,-178.860001,-178.860001,0.0
2016-06-15,1067.26001,1067.26001,1067.26001,1067.26001,0.0,-133.679993,-133.679993,-133.679993,-133.679993,0.0
2016-06-16,1068.27002,1068.27002,1068.27002,1068.27002,0.0,-133.0,-133.0,-133.0,-133.0,0.0
2016-06-17,1070.78003,1070.78003,1070.78003,1070.78003,0.0,-89.8700027,-89.8700027,-89.8700027,-89.8700027,0.0
2016-06-20,1080.60999,1080.60999,1080.60999,1080.60999,0.0,-4.32999992,-4.32999992,-4.32999992,-4.32999992,0.0
2016-06-21,1081.93994,1081.93994,1081.93994,1081.93994,0.0,3.03999996,3.03999996,3.03999996,3.03999996,0.0
2016-06-22,1078.79004,1078.79004,1078.79004,1078.79004,0.0,-33.7799988,-33.7799988,-33.7799988,-33.7799988,0.0
2016-06-23,1091.25,1091.25,1091.25,1091.25,0.0,62.5,62.5,62.5,62.5,0.0
2016-06-24,1078.92004,1078.92004,1078.92004,1078.92004,0.0,-65.1999969,-65.1999969,-65.1999969,-65.1999969,0.0
2016-06-27,1067.09998,1067.09998,1067.09998,1067.09998,0.0,-163.800003,-163.800003,-163.800003,-163.800003,0.0
2016-06-28,1079.42004,1079.42004,1079.42004,1079.42004,0.0,-44.2000008,-44.2000008,-44.2000008,-44.2000008,0.0
2016-06-29,1093.0,1093.0,1093.0,1093.0,0.0,61.0499992,61.0499992,61.0499992,61.0499992,0.0
2016-06-30,1104.58997,1104.58997,1104.58997,1104.58997,0.0,132.720001,132.720001,132.720001,132.720001,0.0
2016-07-01,1109.43005,1109.43005,1109.43005,1109.43005,0.0,144.270004,144.270004,144.270004,144.270004,0.0
2016-07-05,1100.85999,1100.85999,1100.85999,1100.85999,0.0,38.8100014,38.8100014,38.8100014,38.8100014,0.0
2016-07-06,1106.46997,1106.46997,1106.46997,1106.46997,0.0,65.5800018,65.5800018,65.5800018,65.5800018,0.0
2016-07-07,1107.40002,1107.40002,1107.40002,1107.40002,0.0,54.5499992,54.5499992,54.5499992,54.5499992,0.0
2016-07-08,1121.97998,1121.97998,1121.97998,1121.97998,0.0,154.309998,154.309998,154.309998,154.309998,0.0
2016-07-11,1129.77002,1129.77002,1129.77002,1129.77002,0.0,176.600006,176.600006,176.600006,176.600006,0.0
2016-07-12,1137.43005,1137.43005,1137.43005,1137.43005,0.0,200.990005,200.990005,200.990005,200.990005,0.0
2016-07-13,1135.98999,1135.98999,1135.98999,1135.98999,0.0,140.729996,140.729996,140.729996,140.729996,0.0
2016-07-14,1138.28003,1138.28003,1138.28003,1138.28003,0.0,126.489998,126.489998,126.489998,126.489998,0.0
2016-07-15,1139.57996,1139.57996,1139.57996,1139.57996,0.0,104.849998,104.849998,104.849998,104.849998,0.0
2016-07-18,1144.34998,1144.34998,1144.34998,1144.34998,0.0,115.989998,115.989998,115.989998,115.989998,0.0
2016-07-19,1140.96997,1140.96997,1140.96997,1140.96997,0.0,57.1699982,57.1699982,57.1699982,57.1699982,0.0
2016-07-20,1147.45996,1147.45996,1147.45996,1147.45996,0.0,80.6100006,80.6100006,80.6100006,80.6100006,0.0
2016-07-21,1144.08997,1144.08997,1144.08997,1144.08997,0.0,28.4400005,28.4400005,28.4400005,28.4400005,0.0
2016-07-22,1150.84998,1150.84998,1150.84998,1150.84998,0.0,57.7999992,57.7999992,57.7999992,57.7999992,0.0
2016-07-25,1145.84998,1145.84998,1145.84998,1145.84998,0.0,-8.01000023,-8.01000023,-8.01000023,-8.01000023,0.0
2016-07-26,1150.01001,1150.01001,1150.01001,1150.01001,0.0,9.76000023,9.76000023,9.76000023,9.76000023,0.0
2016-07-27,1148.33997,1148.33997,1148.33997,1148.33997,0.0,-21.5599995,-21.5599995,-21.5599995,-21.5599995,0.0
2016-07-28,1148.82996,1148.82996,1148.82996,1148.82996,0.0,-32.5499992,-32.5499992,-32.5499992,-32.5499992,0.0
2016-07-29,1152.65002,1152.65002,1152.65002,1152.65002,0.0,-6.92000008,-6.92000008,-6.92000008,-6.92000008,0.0
2016-08-01,1149.07996,1149.07996,1149.07996,1149.07996,0.0,-51.2599983,-51.2599983,-51.2599983,-51.2599983,0.0
2016-08-02,1137.84998,1137.84998,1137.84998,1137.84998,0.0,-143.710007,-143.710007,-143.710007,-143.710007,0.0
2016-08-03,1143.92004,1143.92004,1143.92004,1143.92004,0.0,-86.8600006,-86.8600006,-86.8600006,-86.8600006,0.0
2016-08-04,1146.62,1146.62,1146.62,1146.62,0.0,-70.75,-70.75,-70.75,-70.75,0.0
2016-08-05,1154.96997,1154.96997,1154.96997,1154.96997,0.0,-9.21000004,-9.21000004,-9.21000004,-9.21000004,0.0
2016-08-08,1156.16003,1156.16003,1156.16003,1156.16003,0.0,-4.07999992,-4.07999992,-4.07999992,-4.07999992,0.0
2016-08-09,1157.69995,1157.69995,1157.69995,1157.69995,0.0,-9.03999996,-9.03999996,-9.03999996,-9.03999996,0.0
2016-08-10,1155.69995,1155.69995,1155.69995,1155.69995,0.0,-43.6100006,-43.6100006,-43.6100006,-43.6100006,0.0
2016-08-11,1160.29004,1160.29004,1160.29004,1160.29004,0.0,-22.6000004,-22.6000004,-22.6000004,-22.6000004,0.0
2016-08-12,1158.84998,1158.84998,1158.84998,1158.84998,0.0,-40.75,-40.75,-40.75,-40.75,0.0
2016-08-15,1165.40002,1165.40002,1165.40002,1165.40002,0.0,-4.73000002,-4.73000002,-4.73000002,-4.73000002,0.0
2016-08-16,1157.54004,1157.54004,1157.54004,1157.54004,0.0,-79.1500015,-79.1500015,-79.1500015,-79.1500015,0.0
2016-08-17,1157.63,1157.63,1157.63,1157.63,0.0,-77.9199982,-77.9199982,-77.9199982,-77.9199982,0.0
2016-08-18,1165.81006,1165.81006,1165.81006,1165.81006,0.0,-17.6499996,-17.6499996,-17.6499996,-17.6499996,0.0
2016-08-19,1163.08997,1163.08997,1163.08997,1163.08997,0.0,-59.1399994,-59.1399994,-59.1399994,-59.1399994,0.0
2016-08-22,1163.46997,1163.46997,1163.46997,1163.46997,0.0,-65.0599976,-65.0599976,-65.0599976,-65.0599976,0.0
2016-08-23,1169.28003,1169.28003,1169.28003,1169.28003,0.0,-16.4599991,-16.4599991,-16.4599991,-16.4599991,0.0
2016-08-24,1161.65002,1161.65002,1161.65002,1161.65002,0.0,-88.1699982,-88.1699982,-88.1699982,-88.1699982,0.0
2016-08-25,1164.19995,1164.19995,1164.19995,1164.19995,0.0,-71.75,-71.75,-71.75,-71.75,0.0
2016-08-26,1159.02002,1159.02002,1159.02002,1159.02002,0.0,-103.769997,-103.769997,-103.769997,-103.769997,0.0
2016-08-29,1167.39001,1167.39001,1167.39001,1167.39001,0.0,-35.6199989,-35.6199989,-35.6199989,-35.6199989,0.0
2016-08-30,1166.53003,1166.53003,1166.53003,1166.53003,0.0,-52.2900009,-52.2900009,-52.2900009,-52.2900009,0.0
2016-08-31,1162.02002,1162.02002,1162.02002,1162.02002,0.0,-93.6100006,-93.6100006,-93.6100006,-93.6100006,0.0
2016-09-01,1160.81006,1160.81006,1160.81006,1160.81006,0.0,-99.0400009,-99.0400009,-99.0400009,-99.0400009,0.0
2016-09-02,1172.34998,1172.34998,1172.34998,1172.34998,0.0,-2.26999998,-2.26999998,-2.26999998,-2.26999998,0.0
2016-09-06,1175.38,1175.38,1175.38,1175.38,0.0,13.0600004,13.0600004,13.0600004,13.0600004,0.0
2016-09-07,1179.93005,1179.93005,1179.93005,1179.93005,0.0,35.7999992,35.7999992,35.7999992,35.7999992,0.0
2016-09-08,1176.32996,1176.32996,1176.32996,1176.32996,0.0,3.91000009,3.91000009,3.91000009,3.91000009,0.0
2016-09-09,1159.65002,1159.65002,1159.65002,1159.65002,0.0,-147.869995,-147.869995,-147.869995,-147.869995,0.0
2016-09-12,1169.38,1169.38,1169.38,1169.38,0.0,-67.4199982,-67.4199982,-67.4199982,-67.4199982,0.0
2016-09-13,1153.95996,1153.95996,1153.95996,1153.95996,0.0,-193.869995,-193.869995,-193.869995,-193.869995,0.0
2016-09-14,1152.08997,1152.08997,1152.08997,1152.08997,0.0,-181.699997,-181.699997,-181.699997,-181.699997,0.0
2016-09-15,1162.62,1162.62,1162.62,1162.62,0.0,-88.2099991,-88.2099991,-88.2099991,-88.2099991,0.0
2016-09-16,1157.45996,1157.45996,1157.45996,1157.45996,0.0,-125.690002,-125.690002,-125.690002,-125.690002,0.0
2016-09-19,1164.14001,1164.14001,1164.14001,1164.14001,0.0,-58.7599983,-58.7599983,-58.7599983,-58.7599983,0.0
2016-09-20,1161.67004,1161.67004,1161.67004,1161.67004,0.0,-75.6800003,-75.6800003,-75.6800003,-75.6800003,0.0
2016-09-21,1175.14001,1175.14001,1175.14001,1175.14001,0.0,37.4500008,37.4500008,37.4500008,37.4500008,0.0
2016-09-22,1187.35999,1187.35999,1187.35999,1187.35999,0.0,125.580002,125.580002,125.580002,125.580002,0.0
2016-09-23,1179.81006,1179.81006,1179.81006,1179.81006,0.0,46.0800018,46.0800018,46.0800018,46.0800018,0.0
2016-09-26,1170.64001,1170.64001,1170.64001,1170.64001,0.0,-35.7700005,-35.7700005,-35.7700005,-35.7700005,0.0
2016-09-27,1175.09998,1175.09998,1175.09998,1175.09998,0.0,-10.1099997,-10.1099997,-10.1099997,-10.1099997,0.0
2016-09-28,1183.84998,1183.84998,1183.84998,1183.84998,0.0,52.7099991,52.7099991,52.7099991,52.7099991,0.0
2016-09-29,1172.69995,1172.69995,1172.69995,1172.69995,0.0,-51.3699989,-51.3699989,-51.3699989,-51.3699989,0.0
2016-09-30,1181.20996,1181.20996,1181.20996,1181.20996,0.0,13.3000002,13.3000002,13.3000002,13.3000002,0.0
2016-10-03,1176.60999,1176.60999,1176.60999,1176.60999,0.0,-20.4200001,-20.4200001,-20.4200001,-20.4200001,0.0
2016-10-04,1168.19995,1168.19995,1168.19995,1168.19995,0.0,-92.6200027,-92.6200027,-92.6200027,-92.6200027,0.0
2016-10-05,1172.57996,1172.57996,1172.57996,1172.57996,0.0,-52.0600014,-52.0600014,-52.0600014,-52.0600014,0.0
2016-10-06,1170.84998,1170.84998,1170.84998,1170.84998,0.0,-67.4199982,-67.4199982,-67.4199982,-67.4199982,0.0
2016-10-07,1163.33997,1163.33997,1163.33997,1163.33997,0.0,-121.139999,-121.139999,-121.139999,-121.139999,0.0
2016-10-10,1172.42004,1172.42004,1172.42004,1172.42004,0.0,-40.9599991,-40.9599991,-40.9599991,-40.9599991,0.0
2016-10-11,1158.14001,1158.14001,1158.14001,1158.14001,0.0,-153.949997,-153.949997,-153.949997,-153.949997,0.0
2016-10-12,1160.01001,1160.01001,1160.01001,1160.01001,0.0,-132.199997,-132.199997,-132.199997,-132.199997,0.0
2016-10-13,1153.0,1153.0,1153.0,1153.0,0.0,-167.789993,-167.789993,-167.789993,-167.789993,0.0
2016-10-14,1152.29004,1152.29004,1152.29004,1152.29004,0.0,-145.050003,-145.050003,-145.050003,-145.050003,0.0
2016-10-17,1148.25,1148.25,1148.25,1148.25,0.0,-155.839996,-155.839996,-155.839996,-155.839996,0.0
2016-10-18,1157.41003,1157.41003,1157.41003,1157.41003,0.0,-55.8199997,-55.8199997,-55.8199997,-55.8199997,0.0
2016-10-19,1164.23999,1164.23999,1164.23999,1164.23999,0.0,11.3000002,11.3000002,11.3000002,11.3000002,0.0
2016-10-20,1160.66003,1160.66003,1160.66003,1160.66003,0.0,-14.9799995,-14.9799995,-14.9799995,-14.9799995,0.0
2016-10-21,1159.83997,1159.83997,1159.83997,1159.83997,0.0,-10.9899998,-10.9899998,-10.9899998,-10.9899998,0.0
2016-10-24,1165.30005,1165.30005,1165.30005,1165.30005,0.0,19.6299992,19.6299992,19.6299992,19.6299992,0.0
2016-10-25,1160.76001,1160.76001,1160.76001,1160.76001,0.0,-16.1700001,-16.1700001,-16.1700001,-16.1700001,0.0
2016-10-26,1155.65002,1155.65002,1155.65002,1155.65002,0.0,-57.1500015,-57.1500015,-57.1500015,-57.1500015,0.0
2016-10-27,1147.56006,1147.56006,1147.56006,1147.56006,0.0,-118.629997,-118.629997,-118.629997,-118.629997,0.0
2016-10-28,1145.71997,1145.71997,1145.71997,1145.71997,0.0,-131.240005,-131.240005,-131.240005,-131.240005,0.0
2016-10-31,1147.79004,1147.79004,1147.79004,1147.79004,0.0,-107.050003,-107.050003,-107.050003,-107.050003,0.0
2016-11-01,1138.0,1138.0,1138.0,1138.0,0.0,-168.869995,-168.869995,-168.869995,-168.869995,0.0
2016-11-02,1128.80005,1128.80005,1128.80005,1128.80005,0.0,-223.160004,-223.160004,-223.160004,-223.160004,0.0
2016-11-03,1125.45996,1125.45996,1125.45996,1125.45996,0.0,-218.990005,-218.990005,-218.990005,-218.990005,0.0
2016-11-04,1125.88,1125.88,1125.88,1125.88,0.0,-178.809998,-178.809998,-178.809998,-178.809998,0.0
2016-11-07,1139.28003,1139.28003,1139.28003,1139.28003,0.0,-48.3400002,-48.3400002,-48.3400002,-48.3400002,0.0
2016-11-08,1143.52002,1143.52002,1143.52002,1143.52002,0.0,-17.6900005,-17.6900005,-17.6900005,-17.6900005,0.0
2016-11-09,1147.16003,1147.16003,1147.16003,1147.16003,0.0,6.26999998,6.26999998,6.26999998,6.26999998,0.0
2016-11-10,1147.38,1147.38,1147.38,1147.38,0.0,-1.00999999,-1.00999999,-1.00999999,-1.00999999,0.0
2016-11-11,1149.89001,1149.89001,1149.89001,1149.89001,0.0,19.7299995,19.7299995,19.7299995,19.7299995,0.0
2016-11-14,1152.82996,1152.82996,1152.82996,1152.82996,0.0,28.3700008,28.3700008,28.3700008,28.3700008,0.0
2016-11-15,1159.94995,1159.94995,1159.94995,1159.94995,0.0,97.7600021,97.7600021,97.7600021,97.7600021,0.0
2016-11-16,1159.16003,1159.16003,1159.16003,1159.16003,0.0,91.7399979,91.7399979,91.7399979,91.7399979,0.0
2016-11-17,1161.35999,1161.35999,1161.35999,1161.35999,0.0,89.2699966,89.2699966,89.2699966,89.2699966,0.0
2016-11-18,1161.26001,1161.26001,1161.26001,1161.26001,0.0,70.7799988,70.7799988,70.7799988,70.7799988,0.0
2016-11-21,1169.92004,1169.92004,1169.92004,1169.92004,0.0,138.070007,138.070007,138.070007,138.070007,0.0
2016-11-22,1177.5,1177.5,1177.5,1177.5,0.0,182.350006,182.350006,182.350006,182.350006,0.0
2016-11-23,1178.34998,1178.34998,1178.34998,1178.34998,0.0,160.479996,160.479996,160.479996,160.479996,0.0
2016-11-25,1184.54004,1184.54004,1184.54004,1184.54004,0.0,181.910004,181.910004,181.910004,181.910004,0.0
2016-11-28,1178.44995,1178.44995,1178.44995,1178.44995,0.0,101.029999,101.029999,101.029999,101.029999,0.0
2016-11-29,1178.31995,1178.31995,1178.31995,1178.31995,0.0,78.0999985,78.0999985,78.0999985,78.0999985,0.0
2016-11-30,1174.18005,1174.18005,1174.18005,1174.18005,0.0,34.0900002,34.0900002,34.0900002,34.0900002,0.0
2016-12-01,1170.45996,1170.45996,1170.45996,1170.45996,0.0,-9.44999981,-9.44999981,-9.44999981,-9.44999981,0.0
2016-12-02,1171.5,1171.5,1171.5,1171.5,0.0,7.36999989,7.36999989,7.36999989,7.36999989,0.0
2016-12-05,1180.56995,1180.56995,1180.56995,1180.56995,0.0,70.2300034,70.2300034,70.2300034,70.2300034,0.0
2016-12-06,1189.0,1189.0,1189.0,1189.0,0.0,122.779999,122.779999,122.779999,122.779999,0.0
2016-12-07,1199.56995,1199.56995,1199.56995,1199.56995,0.0,181.309998,181.309998,181.309998,181.309998,0.0
2016-12-08,1204.42004,1204.42004,1204.42004,1204.42004,0.0,186.580002,186.580002,186.580002,186.580002,0.0
2016-12-09,1205.31006,1205.31006,1205.31006,1205.31006,0.0,154.169998,154.169998,154.169998,154.169998,0.0
2016-12-12,1200.91003,1200.91003,1200.91003,1200.91003,0.0,85.0,85.0,85.0,85.0,0.0
2016-12-13,1203.66003,1203.66003,1203.66003,1203.66003,0.0,89.5,89.5,89.5,89.5,0.0
2016-12-14,1191.98999,1191.98999,1191.98999,1191.98999,0.0,-22.0599995,-22.0599995,-22.0599995,-22.0599995,0.0
2016-12-15,1194.56995,1194.56995,1194.56995,1194.56995,0.0,-7.25,-7.25,-7.25,-7.25,0.0
2016-12-16,1195.95996,1195.95996,1195.95996,1195.95996,0.0,8.61999989,8.61999989,8.61999989,8.61999989,0.0
2016-12-19,1199.68994,1199.68994,1199.68994,1199.68994,0.0,38.8199997,38.8199997,38.8199997,38.8199997,0.0
2016-12-20,1205.56995,1205.56995,1205.56995,1205.56995,0.0,70.5400009,70.5400009,70.5400009,70.5400009,0.0
2016-12-21,1202.15002,1202.15002,1202.15002,1202.15002,0.0,41.5099983,41.5099983,41.5099983,41.5099983,0.0
2016-12-22,1198.12,1198.12,1198.12,1198.12,0.0,4.71999979,4.71999979,4.71999979,4.71999979,0.0
2016-12-23,1201.58997,1201.58997,1201.58997,1201.58997,0.0,24.9599991,24.9599991,24.9599991,24.9599991,0.0
2016-12-27,1206.98999,1206.98999,1206.98999,1206.98999,0.0,50.8499985,50.8499985,50.8499985,50.8499985,0.0
2016-12-28,1196.45996,1196.45996,1196.45996,1196.45996,0.0,-43.9700012,-43.9700012,-43.9700012,-43.9700012,0.0
2016-12-29,1200.55005,1200.55005,1200.55005,1200.55005,0.0,-17.2600002,-17.2600002,-17.2600002,-17.2600002,0.0
2016-12-30,1196.96997,1196.96997,1196.96997,1196.96997,0.0,-36.2599983,-36.2599983,-36.2599983,-36.2599983,0.0
2017-01-03,,,,,,-36.5999985,-36.5999985,-36.5999985,-36.5999985,0.0
2017-01-04,1210.01001,1210.01001,1210.01001,1210.01001,0.0,71.1999969,71.1999969,71.1999969,71.1999969,0.0
2017-01-05,1207.27002,1207.27002,1207.27002,1207.27002,0.0,37.8100014,37.8100014,37.8100014,37.8100014,0.0
2017-01-06,1205.77002,1205.77002,1205.77002,1205.77002,0.0,17.6299992,17.6299992,17.6299992,17.6299992,0.0
2017-01-09,1199.37,1199.37,1199.37,1199.37,0.0,-35.2799988,-35.2799988,-35.2799988,-35.2799988,0.0
2017-01-10,1204.70996,1204.70996,1204.70996,1204.70996,0.0,7.0,7.0,7.0,7.0,0.0
2017-01-11,1209.62,1209.62,1209.62,1209.62,0.0,47.1199989,47.1199989,47.1199989,47.1199989,0.0
2017-01-12,1205.58997,1205.58997,1205.58997,1205.58997,0.0,2.70000005,2.70000005,2.70000005,2.70000005,0.0
2017-01-13,1211.27002,1211.27002,1211.27002,1211.27002,0.0,34.4500008,34.4500008,34.4500008,34.4500008,0.0
2017-01-17,,,,,,14.5299997,14.5299997,14.5299997,14.5299997,0.0
2017-01-18,1213.5,1213.5,1213.5,1213.5,0.0,15.8500004,15.8500004,15.8500004,15.8500004,0.0
2017-01-19,1204.57996,1204.57996,1204.57996,1204.57996,0.0,-66.4599991,-66.4599991,-66.4599991,-66.4599991,0.0
2017-01-20,1210.63,1210.63,1210.63,1210.63,0.0,-21.9599991,-21.9599991,-21.9599991,-21.9599991,0.0
2017-01-23,1211.25,1211.25,1211.25,1211.25,0.0,-12.29,-12.29,-12.29,-12.29,0.0
2017-01-24,1220.57996,1220.57996,1220.57996,1220.57996,0.0,55.5099983,55.5099983,55.5099983,55.5099983,0.0
2017-01-25,1227.88,1227.88,1227.88,1227.88,0.0,85.7200012,85.7200012,85.7200012,85.7200012,0.0
2017-01-26,1225.62,1225.62,1225.62,1225.62,0.0,58.6800003,58.6800003,58.6800003,58.6800003,0.0
2017-01-27,1222.72998,1222.72998,1222.72998,1222.72998,0.0,20.0200005,20.0200005,20.0200005,20.0200005,0.0
2017-01-30,1214.43005,1214.43005,1214.43005,1214.43005,0.0,-52.0699997,-52.0699997,-52.0699997,-52.0699997,0.0
2017-01-31,1218.93005,1218.93005,1218.93005,1218.93005,0.0,-11.3199997,-11.3199997,-11.3199997,-11.3199997,0.0
2017-02-01,1218.14001,1218.14001,1218.14001,1218.14001,0.0,-21.5400009,-21.5400009,-21.5400009,-21.5400009,0.0
2017-02-02,1218.73999,1218.73999,1218.73999,1218.73999,0.0,-11.0100002,-11.0100002,-11.0100002,-11.0100002,0.0
2017-02-03,1229.65002,1229.65002,1229.65002,1229.65002,0.0,69.9499969,69.9499969,69.9499969,69.9499969,0.0
2017-02-06,1224.28003,1224.28003,1224.28003,1224.28003,0.0,18.6399994,18.6399994,18.6399994,18.6399994,0.0
2017-02-07,1222.60999,1222.60999,1222.60999,1222.60999,0.0,-4.01000023,-4.01000023,-4.01000023,-4.01000023,0.0
2017-02-08,1224.16003,1224.16003,1224.16003,1224.16003,0.0,6.76999998,6.76999998,6.76999998,6.76999998,0.0
2017-02-09,1231.23999,1231.23999,1231.23999,1231.23999,0.0,45.1800003,45.1800003,45.1800003,45.1800003,0.0
2017-02-10,1239.22998,1239.22998,1239.22998,1239.22998,0.0,93.8700027,93.8700027,93.8700027,93.8700027,0.0
2017-02-13,1242.38,1242.38,1242.38,1242.38,0.0,92.8899994,92.8899994,92.8899994,92.8899994,0.0
2017-02-14,1242.93005,1242.93005,1242.93005,1242.93005,0.0,77.6900024,77.6900024,77.6900024,77.6900024,0.0
2017-02-15,1246.08997,1246.08997,1246.08997,1246.08997,0.0,81.7200012,81.7200012,81.7200012,81.7200012,0.0
2017-02-16,1243.45996,1243.45996,1243.45996,1243.45996,0.0,37.5299988,37.5299988,37.5299988,37.5299988,0.0
2017-02-17,1243.05005,1243.05005,1243.05005,1243.05005,0.0,12.79,12.79,12.79,12.79,0.0
2017-02-21,,,,,,-7.0,-7.0,-7.0,-7.0,0.0
2017-02-22,1241.18994,1241.18994,1241.18994,1241.18994,0.0,-33.4000015,-33.4000015,-33.4000015,-33.4000015,0.0
2017-02-23,1241.34998,1241.34998,1241.34998,1241.34998,0.0,-27.2399998,-27.2399998,-27.2399998,-27.2399998,0.0
2017-02-24,1242.38,1242.38,1242.38,1242.38,0.0,-32.8300018,-32.8300018,-32.8300018,-32.8300018,0.0
2017-02-27,1246.87,1246.87,1246.87,1246.87,0.0,-8.03999996,-8.03999996,-8.03999996,-8.03999996,0.0
2017-02-28,1240.45996,1240.45996,1240.45996,1240.45996,0.0,-59.4099998,-59.4099998,-59.4099998,-59.4099998,0.0
2017-03-01,1248.97998,1248.97998,1248.97998,1248.97998,0.0,-6.59000015,-6.59000015,-6.59000015,-6.59000015,0.0
2017-03-02,1239.46997,1239.46997,1239.46997,1239.46997,0.0,-85.9800034,-85.9800034,-85.9800034,-85.9800034,0.0
2017-03-03,1239.64001,1239.64001,1239.64001,1239.64001,0.0,-76.5400009,-76.5400009,-76.5400009,-76.5400009,0.0
2017-03-06,1230.95996,1230.95996,1230.95996,1230.95996,0.0,-133.020004,-133.020004,-133.020004,-133.020004,0.0
2017-03-07,1223.12,1223.12,1223.12,1223.12,0.0,-179.699997,-179.699997,-179.699997,-179.699997,0.0
2017-03-08,1215.38,1215.38,1215.38,1215.38,0.0,-230.369995,-230.369995,-230.369995,-230.369995,0.0
2017-03-09,1208.10999,1208.10999,1208.10999,1208.10999,0.0,-262.119995,-262.119995,-262.119995,-262.119995,0.0
2017-03-10,1214.97998,1214.97998,1214.97998,1214.97998,0.0,-177.179993,-177.179993,-177.179993,-177.179993,0.0
2017-03-13,1217.79004,1217.79004,1217.79004,1217.79004,0.0,-137.160004,-137.160004,-137.160004,-137.160004,0.0
2017-03-14,1210.40002,1210.40002,1210.40002,1210.40002,0.0,-169.639999,-169.639999,-169.639999,-169.639999,0.0
2017-03-15,1224.10999,1224.10999,1224.10999,1224.10999,0.0,-34.9000015,-34.9000015,-34.9000015,-34.9000015,0.0
2017-03-16,1225.19995,1225.19995,1225.19995,1225.19995,0.0,-14.29,-14.29,-14.29,-14.29,0.0
2017-03-17,1229.22998,1229.22998,1229.22998,1229.22998,0.0,16.8400002,16.8400002,16.8400002,16.8400002,0.0
2017-03-20,1225.23999,1225.23999,1225.23999,1225.23999,0.0,-12.3100004,-12.3100004,-12.3100004,-12.3100004,0.0
2017-03-21,1213.88,1213.88,1213.88,1213.88,0.0,-100.589996,-100.589996,-100.589996,-100.589996,0.0
2017-03-22,1214.78003,1214.78003,1214.78003,1214.78003,0.0,-78.9300003,-78.9300003,-78.9300003,-78.9300003,0.0
2017-03-23,1219.98999,1219.98999,1219.98999,1219.98999,0.0,-21.7399998,-21.7399998,-21.7399998,-21.7399998,0.0
2017-03-24,1219.71997,1219.71997,1219.71997,1219.71997,0.0,-11.4899998,-11.4899998,-11.4899998,-11.4899998,0.0
2017-03-27,1219.76001,1219.76001,1219.76001,1219.76001,0.0,-9.5,-9.5,-9.5,-9.5,0.0
2017-03-28,1228.75,1228.75,1228.75,1228.75,0.0,63.9199982,63.9199982,63.9199982,63.9199982,0.0
2017-03-29,1232.38,1232.38,1232.38,1232.38,0.0,88.3000031,88.3000031,88.3000031,88.3000031,0.0
2017-03-30,1236.59998,1236.59998,1236.59998,1236.59998,0.0,105.410004,105.410004,105.410004,105.410004,0.0
2017-03-31,1239.38,1239.38,1239.38,1239.38,0.0,117.019997,117.019997,117.019997,117.019997,0.0
2017-04-03,1234.91003,1234.91003,1234.91003,1234.91003,0.0,78.6800003,78.6800003,78.6800003,78.6800003,0.0
2017-04-04,1234.87,1234.87,1234.87,1234.87,0.0,66.25,66.25,66.25,66.25,0.0
2017-04-05,1228.41003,1228.41003,1228.41003,1228.41003,0.0,6.17000008,6.17000008,6.17000008,6.17000008,0.0
2017-04-06,1237.69995,1237.69995,1237.69995,1237.69995,0.0,79.0299988,79.0299988,79.0299988,79.0299988,0.0
2017-04-07,1237.28003,1237.28003,1237.28003,1237.28003,0.0,57.6599998,57.6599998,57.6599998,57.6599998,0.0
2017-04-10,1242.95996,1242.95996,1242.95996,1242.95996,0.0,97.8000031,97.8000031,97.8000031,97.8000031,0.0
2017-04-11,1247.44995,1247.44995,1247.44995,1247.44995,0.0,104.360001,104.360001,104.360001,104.360001,0.0
2017-04-12,1239.70996,1239.70996,1239.70996,1239.70996,0.0,28.1800003,28.1800003,28.1800003,28.1800003,0.0
2017-04-13,1230.63,1230.63,1230.63,1230.63,0.0,-43.0999985,-43.0999985,-43.0999985,-43.0999985,0.0
2017-04-17,,,,,,-38.5,-38.5,-38.5,-38.5,0.0
2017-04-18,1230.07996,1230.07996,1230.07996,1230.07996,0.0,-44.8699989,-44.8699989,-44.8699989,-44.8699989,0.0
2017-04-19,1229.44995,1229.44995,1229.44995,1229.44995,0.0,-53.9900017,-53.9900017,-53.9900017,-53.9900017,0.0
2017-04-20,1237.76001,1237.76001,1237.76001,1237.76001,0.0,13.6499996,13.6499996,13.6499996,13.6499996,0.0
2017-04-21,1235.40002,1235.40002,1235.40002,1235.40002,0.0,-3.81999993,-3.81999993,-3.81999993,-3.81999993,0.0
2017-04-24,1244.42004,1244.42004,1244.42004,1244.42004,0.0,55.7799988,55.7799988,55.7799988,55.7799988,0.0
2017-04-25,1251.59998,1251.59998,1251.59998,1251.59998,0.0,96.9100037,96.9100037,96.9100037,96.9100037,0.0
2017-04-26,1254.93005,1254.93005,1254.93005,1254.93005,0.0,98.9300003,98.9300003,98.9300003,98.9300003,0.0
2017-04-27,1255.17004,1255.17004,1255.17004,1255.17004,0.0,78.3199997,78.3199997,78.3199997,78.3199997,0.0
2017-04-28,1249.82996,1249.82996,1249.82996,1249.82996,0.0,26.9799995,26.9799995,26.9799995,26.9799995,0.0
2017-05-01,1252.28003,1252.28003,1252.28003,1252.28003,0.0,38.7200012,38.7200012,38.7200012,38.7200012,0.0
2017-05-02,1252.65002,1252.65002,1252.65002,1252.65002,0.0,28.1900005,28.1900005,28.1900005,28.1900005,0.0
2017-05-03,1248.03003,1248.03003,1248.03003,1248.03003,0.0,-12.1300001,-12.1300001,-12.1300001,-12.1300001,0.0
2017-05-04,1244.95996,1244.95996,1244.95996,1244.95996,0.0,-58.4399986,-58.4399986,-58.4399986,-58.4399986,0.0
2017-05-05,1253.17004,1253.17004,1253.17004,1253.17004,0.0,11.3999996,11.3999996,11.3999996,11.3999996,0.0
2017-05-08,1250.52002,1250.52002,1250.52002,1250.52002,0.0,-9.30000019,-9.30000019,-9.30000019,-9.30000019,0.0
2017-05-09,1247.94995,1247.94995,1247.94995,1247.94995,0.0,-33.7999992,-33.7999992,-33.7999992,-33.7999992,0.0
2017-05-10,1252.65002,1252.65002,1252.65002,1252.65002,0.0,8.64999962,8.64999962,8.64999962,8.64999962,0.0
2017-05-11,1246.91003,1246.91003,1246.91003,1246.91003,0.0,-42.5800018,-42.5800018,-42.5800018,-42.5800018,0.0
2017-05-12,1243.52002,1243.52002,1243.52002,1243.52002,0.0,-60.8800011,-60.8800011,-60.8800011,-60.8800011,0.0
2017-05-15,1253.31006,1253.31006,1253.31006,1253.31006,0.0,17.0300007,17.0300007,17.0300007,17.0300007,0.0
2017-05-16,1251.48999,1251.48999,1251.48999,1251.48999,0.0,-7.03000021,-7.03000021,-7.03000021,-7.03000021,0.0
2017-05-17,1240.16003,1240.16003,1240.16003,1240.16003,0.0,-100.440002,-100.440002,-100.440002,-100.440002,0.0
2017-05-18,1241.06995,1241.06995,1241.06995,1241.06995,0.0,-86.9800034,-86.9800034,-86.9800034,-86.9800034,0.0
2017-05-19,1250.77002,1250.77002,1250.77002,1250.77002,0.0,-2.81999993,-2.81999993,-2.81999993,-2.81999993,0.0
2017-05-22,1257.93994,1257.93994,1257.93994,1257.93994,0.0,47.2700005,47.2700005,47.2700005,47.2700005,0.0
2017-05-23,1261.64001,1261.64001,1261.64001,1261.64001,0.0,64.1500015,64.1500015,64.1500015,64.1500015,0.0
2017-05-24,1264.68994,1264.68994,1264.68994,1264.68994,0.0,69.5,69.5,69.5,69.5,0.0
2017-05-25,1265.78003,1265.78003,1265.78003,1265.78003,0.0,62.9799995,62.9799995,62.9799995,62.9799995,0.0
2017-05-26,1265.81006,1265.81006,1265.81006,1265.81006,0.0,51.1800003,51.1800003,51.1800003,51.1800003,0.0
2017-05-30,,,,,,28.8799992,28.8799992,28.8799992,28.8799992,0.0
2017-05-31,1266.68005,1266.68005,1266.68005,1266.68005,0.0,17.9200001,17.9200001,17.9200001,17.9200001,0.0
2017-06-01,1279.05005,1279.05005,1279.05005,1279.05005,0.0,104.940002,104.940002,104.940002,104.940002,0.0
2017-06-02,1282.93994,1282.93994,1282.93994,1282.93994,0.0,109.870003,109.870003,109.870003,109.870003,0.0
2017-06-05,1277.31006,1277.31006,1277.31006,1277.31006,0.0,49.2599983,49.2599983,49.2599983,49.2599983,0.0
2017-06-06,1274.96997,1274.96997,1274.96997,1274.96997,0.0,20.5499992,20.5499992,20.5499992,20.5499992,0.0
2017-06-07,1275.31995,1275.31995,1275.31995,1275.31995,0.0,4.23999977,4.23999977,4.23999977,4.23999977,0.0
2017-06-08,1278.41003,1278.41003,1278.41003,1278.41003,0.0,19.0699997,19.0699997,19.0699997,19.0699997,0.0
2017-06-09,1283.16003,1283.16003,1283.16003,1283.16003,0.0,44.25,44.25,44.25,44.25,0.0
2017-06-12,,,,,,31.0900002,31.0900002,31.0900002,31.0900002,0.0
2017-06-13,1289.73999,1289.73999,1289.73999,1289.73999,0.0,65.5899963,65.5899963,65.5899963,65.5899963,0.0
2017-06-14,1287.83997,1287.83997,1287.83997,1287.83997,0.0,37.0299988,37.0299988,37.0299988,37.0299988,0.0
2017-06-15,1283.63,1283.63,1283.63,1283.63,0.0,-13.4399996,-13.4399996,-13.4399996,-13.4399996,0.0
2017-06-16,1286.13,1286.13,1286.13,1286.13,0.0,2.77999997,2.77999997,2.77999997,2.77999997,0.0
2017-06-19,1291.85999,1291.85999,1291.85999,1291.85999,0.0,34.0699997,34.0699997,34.0699997,34.0699997,0.0
2017-06-20,1283.12,1283.12,1283.12,1283.12,0.0,-42.5200005,-42.5200005,-42.5200005,-42.5200005,0.0
2017-06-21,1277.10999,1277.10999,1277.10999,1277.10999,0.0,-89.25,-89.25,-89.25,-89.25,0.0
2017-06-22,1279.57996,1279.57996,1279.57996,1279.57996,0.0,-57.6500015,-57.6500015,-57.6500015,-57.6500015,0.0
2017-06-23,1285.88,1285.88,1285.88,1285.88,0.0,-2.03999996,-2.03999996,-2.03999996,-2.03999996,0.0
2017-06-26,1290.45996,1290.45996,1290.45996,1290.45996,0.0,35.1199989,35.1199989,35.1199989,35.1199989,0.0
2017-06-27,1283.84998,1283.84998,1283.84998,1283.84998,0.0,-24.2700005,-24.2700005,-24.2700005,-24.2700005,0.0
2017-06-28,1293.45996,1293.45996,1293.45996,1293.45996,0.0,40.0400009,40.0400009,40.0400009,40.0400009,0.0
2017-06-29,1285.23999,1285.23999,1285.23999,1285.23999,0.0,-35.1100006,-35.1100006,-35.1100006,-35.1100006,0.0
2017-06-30,1289.60999,1289.60999,1289.60999,1289.60999,0.0,-4.0999999,-4.0999999,-4.0999999,-4.0999999,0.0
2017-07-03,1297.46997,1297.46997,1297.46997,1297.46997,0.0,52.6699982,52.6699982,52.6699982,52.6699982,0.0
2017-07-05,,,,,,25.1800003,25.1800003,25.1800003,25.1800003,0.0
2017-07-06,1285.07996,1285.07996,1285.07996,1285.07996,0.0,-79.6600037,-79.6600037,-79.6600037,-79.6600037,0.0
2017-07-07,1293.43994,1293.43994,1293.43994,1293.43994,0.0,-17.5100002,-17.5100002,-17.5100002,-17.5100002,0.0
2017-07-10,1292.95996,1292.95996,1292.95996,1292.95996,0.0,-20.0100002,-20.0100002,-20.0100002,-20.0100002,0.0
2017-07-11,1294.35999,1294.35999,1294.35999,1294.35999,0.0,-15.8100004,-15.8100004,-15.8100004,-15.8100004,0.0
2017-07-12,1303.29004,1303.29004,1303.29004,1303.29004,0.0,48.6300011,48.6300011,48.6300011,48.6300011,0.0
2017-07-13,1303.88,1303.88,1303.88,1303.88,0.0,39.3600006,39.3600006,39.3600006,39.3600006,0.0
2017-07-14,1311.76001,1311.76001,1311.76001,1311.76001,0.0,90.5199966,90.5199966,90.5199966,90.5199966,0.0
2017-07-17,1313.64001,1313.64001,1313.64001,1313.64001,0.0,86.3199997,86.3199997,86.3199997,86.3199997,0.0
2017-07-18,1311.88,1311.88,1311.88,1311.88,0.0,58.7099991,58.7099991,58.7099991,58.7099991,0.0
2017-07-19,1321.45996,1321.45996,1321.45996,1321.45996,0.0,113.519997,113.519997,113.519997,113.519997,0.0
2017-07-20,1321.94995,1321.94995,1321.94995,1321.94995,0.0,86.8300018,86.8300018,86.8300018,86.8300018,0.0
2017-07-21,1320.39001,1320.39001,1320.39001,1320.39001,0.0,57.0400009,57.0400009,57.0400009,57.0400009,0.0
2017-07-24,1318.30005,1318.30005,1318.30005,1318.30005,0.0,19.8700008,19.8700008,19.8700008,19.8700008,0.0
2017-07-25,1324.06006,1324.06006,1324.06006,1324.06006,0.0,42.5800018,42.5800018,42.5800018,42.5800018,0.0
2017-07-26,1323.57996,1323.57996,1323.57996,1323.57996,0.0,27.8500004,27.8500004,27.8500004,27.8500004,0.0
2017-07-27,1320.96997,1320.96997,1320.96997,1320.96997,0.0,-3.07999992,-3.07999992,-3.07999992,-3.07999992,0.0
2017-07-28,1321.83997,1321.83997,1321.83997,1321.83997,0.0,-3.26999998,-3.26999998,-3.26999998,-3.26999998,0.0
2017-07-31,1322.64001,1322.64001,1322.64001,1322.64001,0.0,-4.84000015,-4.84000015,-4.84000015,-4.84000015,0.0
2017-08-01,1326.40002,1326.40002,1326.40002,1326.40002,0.0,14.9399996,14.9399996,14.9399996,14.9399996,0.0
2017-08-02,1322.0,1322.0,1322.0,1322.0,0.0,-29.2299995,-29.2299995,-29.2299995,-29.2299995,0.0
2017-08-03,1319.5,1319.5,1319.5,1319.5,0.0,-57.1599998,-57.1599998,-57.1599998,-57.1599998,0.0
2017-08-04,1322.53003,1322.53003,1322.53003,1322.53003,0.0,-39.2099991,-39.2099991,-39.2099991,-39.2099991,0.0
2017-08-07,1322.83997,1322.83997,1322.83997,1322.83997,0.0,-48.3899994,-48.3899994,-48.3899994,-48.3899994,0.0
2017-08-08,1317.93994,1317.93994,1317.93994,1317.93994,0.0,-92.7799988,-92.7799988,-92.7799988,-92.7799988,0.0
2017-08-09,1310.20996,1310.20996,1310.20996,1310.20996,0.0,-148.770004,-148.770004,-148.770004,-148.770004,0.0
2017-08-10,1296.29004,1296.29004,1296.29004,1296.29004,0.0,-248.100006,-248.100006,-248.100006,-248.100006,0.0
2017-08-11,1296.81995,1296.81995,1296.81995,1296.81995,0.0,-215.059998,-215.059998,-215.059998,-215.059998,0.0
2017-08-14,1307.55005,1307.55005,1307.55005,1307.55005,0.0,-109.589996,-109.589996,-109.589996,-109.589996,0.0
2017-08-15,1301.88,1301.88,1301.88,1301.88,0.0,-142.520004,-142.520004,-142.520004,-142.520004,0.0
2017-08-16,1305.94995,1305.94995,1305.94995,1305.94995,0.0,-96.0699997,-96.0699997,-96.0699997,-96.0699997,0.0
2017-08-17,1292.57996,1292.57996,1292.57996,1292.57996,0.0,-182.75,-182.75,-182.75,-182.75,0.0
2017-08-18,1293.03003,1293.03003,1293.03003,1293.03003,0.0,-148.669998,-148.669998,-148.669998,-148.669998,0.0
2017-08-21,1293.83997,1293.83997,1293.83997,1293.83997,0.0,-128.770004,-128.770004,-128.770004,-128.770004,0.0
2017-08-22,1302.43994,1302.43994,1302.43994,1302.43994,0.0,-48.0999985,-48.0999985,-48.0999985,-48.0999985,0.0
2017-08-23,1302.31995,1302.31995,1302.31995,1302.31995,0.0,-36.0999985,-36.0999985,-36.0999985,-36.0999985,0.0
2017-08-24,1302.25,1302.25,1302.25,1302.25,0.0,-29.7199993,-29.7199993,-29.7199993,-29.7199993,0.0
2017-08-25,1309.30005,1309.30005,1309.30005,1309.30005,0.0,24.7900009,24.7900009,24.7900009,24.7900009,0.0
2017-08-28,1308.13,1308.13,1308.13,1308.13,0.0,9.59000015,9.59000015,9.59000015,9.59000015,0.0
2017-08-29,1306.59998,1306.59998,1306.59998,1306.59998,0.0,-0.769999981,-0.769999981,-0.769999981,-0.769999981,0.0
2017-08-30,1310.38,1310.38,1310.38,1310.38,0.0,28.1599998,28.1599998,28.1599998,28.1599998,0.0
2017-08-31,1319.17004,1319.17004,1319.17004,1319.17004,0.0,92.8000031,92.8000031,92.8000031,92.8000031,0.0
2017-09-01,1326.97998,1326.97998,1326.97998,1326.97998,0.0,134.289993,134.289993,134.289993,134.289993,0.0
2017-09-05,,,,,,93.7399979,93.7399979,93.7399979,93.7399979,0.0
2017-09-06,1331.28003,1331.28003,1331.28003,1331.28003,0.0,112.239998,112.239998,112.239998,112.239998,0.0
2017-09-07,1331.78003,1331.78003,1331.78003,1331.78003,0.0,93.8099976,93.8099976,93.8099976,93.8099976,0.0
2017-09-08,1331.84998,1331.84998,1331.84998,1331.84998,0.0,61.6399994,61.6399994,61.6399994,61.6399994,0.0
2017-09-11,1342.56995,1342.56995,1342.56995,1342.56995,0.0,133.990005,133.990005,133.990005,133.990005,0.0
2017-09-12,1347.56006,1347.56006,1347.56006,1347.56006,0.0,142.949997,142.949997,142.949997,142.949997,0.0
2017-09-13,1347.34998,1347.34998,1347.34998,1347.34998,0.0,122.300003,122.300003,122.300003,122.300003,0.0
2017-09-14,1346.85999,1346.85999,1346.85999,1346.85999,0.0,92.1900024,92.1900024,92.1900024,92.1900024,0.0
2017-09-15,1351.69995,1351.69995,1351.69995,1351.69995,0.0,109.279999,109.279999,109.279999,109.279999,0.0
2017-09-18,1354.43994,1354.43994,1354.43994,1354.43994,0.0,105.550003,105.550003,105.550003,105.550003,0.0
2017-09-19,1356.18994,1356.18994,1356.18994,1356.18994,0.0,88.3899994,88.3899994,88.3899994,88.3899994,0.0
2017-09-20,1358.33997,1358.33997,1358.33997,1358.33997,0.0,82.8199997,82.8199997,82.8199997,82.8199997,0.0
2017-09-21,1354.67004,1354.67004,1354.67004,1354.67004,0.0,37.6300011,37.6300011,37.6300011,37.6300011,0.0
2017-09-22,1360.0,1360.0,1360.0,1360.0,0.0,64.7900009,64.7900009,64.7900009,64.7900009,0.0
2017-09-25,1362.58997,1362.58997,1362.58997,1362.58997,0.0,64.5400009,64.5400009,64.5400009,64.5400009,0.0
2017-09-26,1365.18994,1365.18994,1365.18994,1365.18994,0.0,63.9900017,63.9900017,63.9900017,63.9900017,0.0
2017-09-27,1368.71997,1368.71997,1368.71997,1368.71997,0.0,64.4800034,64.4800034,64.4800034,64.4800034,0.0
2017-09-28,1371.60999,1371.60999,1371.60999,1371.60999,0.0,60.1100006,60.1100006,60.1100006,60.1100006,0.0
2017-09-29,1374.76001,1374.76001,1374.76001,1374.76001,0.0,70.0599976,70.0599976,70.0599976,70.0599976,0.0
2017-10-02,1381.83997,1381.83997,1381.83997,1381.83997,0.0,87.4899979,87.4899979,87.4899979,87.4899979,0.0
2017-10-03,1384.68005,1384.68005,1384.68005,1384.68005,0.0,81.3099976,81.3099976,81.3099976,81.3099976,0.0
2017-10-04,1384.18994,1384.18994,1384.18994,1384.18994,0.0,55.1399994,55.1399994,55.1399994,55.1399994,0.0
2017-10-05,1388.72998,1388.72998,1388.72998,1388.72998,0.0,68.3300018,68.3300018,68.3300018,68.3300018,0.0
2017-10-06,1384.92004,1384.92004,1384.92004,1384.92004,0.0,4.40999985,4.40999985,4.40999985,4.40999985,0.0
2017-10-09,1382.39001,1382.39001,1382.39001,1382.39001,0.0,-28.1200008,-28.1200008,-28.1200008,-28.1200008,0.0
2017-10-10,1388.40002,1388.40002,1388.40002,1388.40002,0.0,6.21000004,6.21000004,6.21000004,6.21000004,0.0
2017-10-11,1390.79004,1390.79004,1390.79004,1390.79004,0.0,18.7299995,18.7299995,18.7299995,18.7299995,0.0
2017-10-12,1391.30005,1391.30005,1391.30005,1391.30005,0.0,2.70000005,2.70000005,2.70000005,2.70000005,0.0
2017-10-13,1393.73999,1393.73999,1393.73999,1393.73999,0.0,11.4300003,11.4300003,11.4300003,11.4300003,0.0
2017-10-16,1394.13,1394.13,1394.13,1394.13,0.0,-5.48000002,-5.48000002,-5.48000002,-5.48000002,0.0
2017-10-17,1390.83997,1390.83997,1390.83997,1390.83997,0.0,-38.9700012,-38.9700012,-38.9700012,-38.9700012,0.0
2017-10-18,1392.17004,1392.17004,1392.17004,1392.17004,0.0,-40.8300018,-40.8300018,-40.8300018,-40.8300018,0.0
2017-10-19,1392.30005,1392.30005,1392.30005,1392.30005,0.0,-45.7999992,-45.7999992,-45.7999992,-45.7999992,0.0
2017-10-20,1396.13,1396.13,1396.13,1396.13,0.0,-20.7600002,-20.7600002,-20.7600002,-20.7600002,0.0
2017-10-23,1389.71997,1389.71997,1389.71997,1389.71997,0.0,-78.3600006,-78.3600006,-78.3600006,-78.3600006,0.0
2017-10-24,1392.55005,1392.55005,1392.55005,1392.55005,0.0,-66.7600021,-66.7600021,-66.7600021,-66.7600021,0.0
2017-10-25,1383.71997,1383.71997,1383.71997,1383.71997,0.0,-142.110001,-142.110001,-142.110001,-142.110001,0.0
2017-10-26,1384.87,1384.87,1384.87,1384.87,0.0,-124.610001,-124.610001,-124.610001,-124.610001,0.0
2017-10-27,1389.03003,1389.03003,1389.03003,1389.03003,0.0,-80.9499969,-80.9499969,-80.9499969,-80.9499969,0.0
2017-10-30,1383.43994,1383.43994,1383.43994,1383.43994,0.0,-112.32,-112.32,-112.32,-112.32,0.0
2017-10-31,1387.84998,1387.84998,1387.84998,1387.84998,0.0,-69.4100037,-69.4100037,-69.4100037,-69.4100037,0.0
2017-11-01,1388.18005,1388.18005,1388.18005,1388.18005,0.0,-61.5999985,-61.5999985,-61.5999985,-61.5999985,0.0
2017-11-02,1388.94995,1388.94995,1388.94995,1388.94995,0.0,-61.9199982,-61.9199982,-61.9199982,-61.9199982,0.0
2017-11-03,1387.85999,1387.85999,1387.85999,1387.85999,0.0,-67.5699997,-67.5699997,-67.5699997,-67.5699997,0.0
2017-11-06,1391.54004,1391.54004,1391.54004,1391.54004,0.0,-40.1199989,-40.1199989,-40.1199989,-40.1199989,0.0
2017-11-07,1388.06995,1388.06995,1388.06995,1388.06995,0.0,-63.7700005,-63.7700005,-63.7700005,-63.7700005,0.0
2017-11-08,1389.43005,1389.43005,1389.43005,1389.43005,0.0,-60.4300003,-60.4300003,-60.4300003,-60.4300003,0.0
2017-11-09,1384.44995,1384.44995,1384.44995,1384.44995,0.0,-95.5400009,-95.5400009,-95.5400009,-95.5400009,0.0
2017-11-10,1381.68005,1381.68005,1381.68005,1381.68005,0.0,-110.07,-110.07,-110.07,-110.07,0.0
2017-11-13,1380.09998,1380.09998,1380.09998,1380.09998,0.0,-116.25,-116.25,-116.25,-116.25,0.0
2017-11-14,1376.21997,1376.21997,1376.21997,1376.21997,0.0,-141.330002,-141.330002,-141.330002,-141.330002,0.0
2017-11-15,1369.71997,1369.71997,1369.71997,1369.71997,0.0,-170.460007,-170.460007,-170.460007,-170.460007,0.0
2017-11-16,1379.98999,1379.98999,1379.98999,1379.98999,0.0,-74.9100037,-74.9100037,-74.9100037,-74.9100037,0.0
2017-11-17,1384.68005,1384.68005,1384.68005,1384.68005,0.0,-23.9599991,-23.9599991,-23.9599991,-23.9599991,0.0
2017-11-20,1388.87,1388.87,1388.87,1388.87,0.0,5.03000021,5.03000021,5.03000021,5.03000021,0.0
2017-11-21,1396.56995,1396.56995,1396.56995,1396.56995,0.0,51.0999985,51.0999985,51.0999985,51.0999985,0.0
2017-11-22,1397.45996,1397.45996,1397.45996,1397.45996,0.0,56.7099991,56.7099991,56.7099991,56.7099991,0.0
2017-11-24,,,,,,34.9500008,34.9500008,34.9500008,34.9500008,0.0
2017-11-27,1393.39001,1393.39001,1393.39001,1393.39001,0.0,-11.3800001,-11.3800001,-11.3800001,-11.3800001,0.0
2017-11-28,1401.91003,1401.91003,1401.91003,1401.91003,0.0,40.9099998,40.9099998,40.9099998,40.9099998,0.0
2017-11-29,1402.47998,1402.47998,1402.47998,1402.47998,0.0,27.2800007,27.2800007,27.2800007,27.2800007,0.0
2017-11-30,1405.58997,1405.58997,1405.58997,1405.58997,0.0,37.6800003,37.6800003,37.6800003,37.6800003,0.0
2017-12-01,1404.35999,1404.35999,1404.35999,1404.35999,0.0,30.8400002,30.8400002,30.8400002,30.8400002,0.0
2017-12-04,1405.71997,1405.71997,1405.71997,1405.71997,0.0,24.1700001,24.1700001,24.1700001,24.1700001,0.0
2017-12-05,1399.43005,1399.43005,1399.43005,1399.43005,0.0,-27.3500004,-27.3500004,-27.3500004,-27.3500004,0.0
2017-12-06,1396.23999,1396.23999,1396.23999,1396.23999,0.0,-52.8800011,-52.8800011,-52.8800011,-52.8800011,0.0
2017-12-07,1401.13,1401.13,1401.13,1401.13,0.0,-12.04,-12.04,-12.04,-12.04,0.0
2017-12-08,1405.18994,1405.18994,1405.18994,1405.18994,0.0,12.8699999,12.8699999,12.8699999,12.8699999,0.0
2017-12-11,1405.95996,1405.95996,1405.95996,1405.95996,0.0,15.79,15.79,15.79,15.79,0.0
2017-12-12,1404.23999,1404.23999,1404.23999,1404.23999,0.0,-5.94000006,-5.94000006,-5.94000006,-5.94000006,0.0
2017-12-13,1406.73999,1406.73999,1406.73999,1406.73999,0.0,7.26999998,7.26999998,7.26999998,7.26999998,0.0
2017-12-14,1398.47998,1398.47998,1398.47998,1398.47998,0.0,-53.5600014,-53.5600014,-53.5600014,-53.5600014,0.0
2017-12-15,1406.91003,1406.91003,1406.91003,1406.91003,0.0,4.51999998,4.51999998,4.51999998,4.51999998,0.0
2017-12-18,1415.54004,1415.54004,1415.54004,1415.54004,0.0,63.3100014,63.3100014,63.3100014,63.3100014,0.0
2017-12-19,1408.81006,1408.81006,1408.81006,1408.81006,0.0,4.8499999,4.8499999,4.8499999,4.8499999,0.0
2017-12-20,1409.48999,1409.48999,1409.48999,1409.48999,0.0,0.239999995,0.239999995,0.239999995,0.239999995,0.0
2017-12-21,1413.04004,1413.04004,1413.04004,1413.04004,0.0,25.2199993,25.2199993,25.2199993,25.2199993,0.0
2017-12-22,1413.06995,1413.06995,1413.06995,1413.06995,0.0,17.6200008,17.6200008,17.6200008,17.6200008,0.0
2017-12-26,,,,,,4.42999983,4.42999983,4.42999983,4.42999983,0.0
2017-12-27,1415.43005,1415.43005,1415.43005,1415.43005,0.0,14.3400002,14.3400002,14.3400002,14.3400002,0.0
2017-12-28,1421.05005,1421.05005,1421.05005,1421.05005,0.0,38.7999992,38.7999992,38.7999992,38.7999992,0.0
2017-12-29,1415.91003,1415.91003,1415.91003,1415.91003,0.0,-2.61999989,-2.61999989,-2.61999989,-2.61999989,0.0
2018-01-02,,,,,,-11.1599998,-11.1599998,-11.1599998,-11.1599998,0.0
2018-01-03,1418.40002,1418.40002,1418.40002,1418.40002,0.0,13.8000002,13.8000002,13.8000002,13.8000002,0.0
2018-01-04,1422.28003,1422.28003,1422.28003,1422.28003,0.0,32.3199997,32.3199997,32.3199997,32.3199997,0.0
2018-01-05,1426.91003,1426.91003,1426.91003,1426.91003,0.0,54.1199989,54.1199989,54.1199989,54.1199989,0.0
2018-01-08,1429.93994,1429.93994,1429.93994,1429.93994,0.0,65.6900024,65.6900024,65.6900024,65.6900024,0.0
2018-01-09,1426.54004,1426.54004,1426.54004,1426.54004,0.0,24.8700008,24.8700008,24.8700008,24.8700008,0.0
2018-01-10,1421.88,1421.88,1421.88,1421.88,0.0,-17.6000004,-17.6000004,-17.6000004,-17.6000004,0.0
2018-01-11,1431.94995,1431.94995,1431.94995,1431.94995,0.0,55.4500008,55.4500008,55.4500008,55.4500008,0.0
2018-01-12,1434.63,1434.63,1434.63,1434.63,0.0,52.0900002,52.0900002,52.0900002,52.0900002,0.0
2018-01-16,,,,,,26.2099991,26.2099991,26.2099991,26.2099991,0.0
2018-01-17,1442.13,1442.13,1442.13,1442.13,0.0,60.5900002,60.5900002,60.5900002,60.5900002,0.0
2018-01-18,1433.53003,1433.53003,1433.53003,1433.53003,0.0,,,,,
2018-01-19,1441.81006,1441.81006,1441.81006,1441.81006,0.0,,,,,
2018-01-22,1446.34998,1446.34998,1446.34998,1446.34998,0.0,53.3899994,53.3899994,53.3899994,53.3899994,0.0
2018-01-23,1450.05005,1450.05005,1450.05005,1450.05005,0.0,72.0599976,72.0599976,72.0599976,72.0599976,0.0
2018-01-24,1447.85999,1447.85999,1447.85999,1447.85999,0.0,34.6399994,34.6399994,34.6399994,34.6399994,0.0
2018-01-25,1446.23999,1446.23999,1446.23999,1446.23999,0.0,8.39999962,8.39999962,8.39999962,8.39999962,0.0
2018-01-26,1450.04004,1450.04004,1450.04004,1450.04004,0.0,15.1899996,15.1899996,15.1899996,15.1899996,0.0
2018-01-29,1437.57996,1437.57996,1437.57996,1437.57996,0.0,-92.6900024,-92.6900024,-92.6900024,-92.6900024,0.0
2018-01-30,1425.81995,1425.81995,1425.81995,1425.81995,0.0,-180.759995,-180.759995,-180.759995,-180.759995,0.0
2018-01-31,1425.87,1425.87,1425.87,1425.87,0.0,-151.910004,-151.910004,-151.910004,-151.910004,0.0
2018-02-01,1424.29004,1424.29004,1424.29004,1424.29004,0.0,-154.259995,-154.259995,-154.259995,-154.259995,0.0
2018-02-02,1408.19995,1408.19995,1408.19995,1408.19995,0.0,-260.01001,-260.01001,-260.01001,-260.01001,0.0
2018-02-05,1391.31995,1391.31995,1391.31995,1391.31995,0.0,-348.350006,-348.350006,-348.350006,-348.350006,0.0
2018-02-06,1400.34998,1400.34998,1400.34998,1400.34998,0.0,-232.050003,-232.050003,-232.050003,-232.050003,0.0
2018-02-07,1400.76001,1400.76001,1400.76001,1400.76001,0.0,-193.770004,-193.770004,-193.770004,-193.770004,0.0
2018-02-08,1385.02002,1385.02002,1385.02002,1385.02002,0.0,-286.73999,-286.73999,-286.73999,-286.73999,0.0
2018-02-09,1389.93005,1389.93005,1389.93005,1389.93005,0.0,-261.959991,-261.959991,-261.959991,-261.959991,0.0
2018-02-12,1399.76001,1399.76001,1399.76001,1399.76001,0.0,-109.889999,-109.889999,-109.889999,-109.889999,0.0
2018-02-13,1403.28003,1403.28003,1403.28003,1403.28003,0.0,-72.1299973,-72.1299973,-72.1299973,-72.1299973,0.0
2018-02-14,1411.76001,1411.76001,1411.76001,1411.76001,0.0,-7.30000019,-7.30000019,-7.30000019,-7.30000019,0.0
2018-02-15,1419.71997,1419.71997,1419.71997,1419.71997,0.0,51.9199982,51.9199982,51.9199982,51.9199982,0.0
2018-02-16,1423.17004,1423.17004,1423.17004,1423.17004,0.0,72.1999969,72.1999969,72.1999969,72.1999969,0.0
2018-02-20,,,,,,58.3800011,58.3800011,58.3800011,58.3800011,0.0
2018-02-21,1420.69995,1420.69995,1420.69995,1420.69995,0.0,39.5499992,39.5499992,39.5499992,39.5499992,0.0
2018-02-22,1420.67004,1420.67004,1420.67004,1420.67004,0.0,41.9300003,41.9300003,41.9300003,41.9300003,0.0
2018-02-23,1433.31006,1433.31006,1433.31006,1433.31006,0.0,132.529999,132.529999,132.529999,132.529999,0.0
2018-02-26,1440.34998,1440.34998,1440.34998,1440.34998,0.0,164.529999,164.529999,164.529999,164.529999,0.0
2018-02-27,1427.09998,1427.09998,1427.09998,1427.09998,0.0,53.5400009,53.5400009,53.5400009,53.5400009,0.0
2018-02-28,1416.64001,1416.64001,1416.64001,1416.64001,0.0,-23.7900009,-23.7900009,-23.7900009,-23.7900009,0.0
2018-03-01,1412.28003,1412.28003,1412.28003,1412.28003,0.0,-51.4799995,-51.4799995,-51.4799995,-51.4799995,0.0
2018-03-02,1418.0,1418.0,1418.0,1418.0,0.0,-3.46000004,-3.46000004,-3.46000004,-3.46000004,0.0
2018-03-05,1427.45996,1427.45996,1427.45996,1427.45996,0.0,67.4700012,67.4700012,67.4700012,67.4700012,0.0
2018-03-06,1436.06995,1436.06995,1436.06995,1436.06995,0.0,113.400002,113.400002,113.400002,113.400002,0.0
2018-03-07,1437.39001,1437.39001,1437.39001,1437.39001,0.0,102.959999,102.959999,102.959999,102.959999,0.0
2018-03-08,1439.71997,1439.71997,1439.71997,1439.71997,0.0,107.879997,107.879997,107.879997,107.879997,0.0
2018-03-09,1450.39001,1450.39001,1450.39001,1450.39001,0.0,157.630005,157.630005,157.630005,157.630005,0.0
2018-03-12,1451.94995,1451.94995,1451.94995,1451.94995,0.0,147.949997,147.949997,147.949997,147.949997,0.0
2018-03-13,1446.73999,1446.73999,1446.73999,1446.73999,0.0,89.5100021,89.5100021,89.5100021,89.5100021,0.0
2018-03-14,1441.04004,1441.04004,1441.04004,1441.04004,0.0,36.5600014,36.5600014,36.5600014,36.5600014,0.0
2018-03-15,1435.72998,1435.72998,1435.72998,1435.72998,0.0,-11.6599998,-11.6599998,-11.6599998,-11.6599998,0.0
2018-03-16,1442.66003,1442.66003,1442.66003,1442.66003,0.0,35.4900017,35.4900017,35.4900017,35.4900017,0.0
2018-03-19,1431.27002,1431.27002,1431.27002,1431.27002,0.0,-60.1199989,-60.1199989,-60.1199989,-60.1199989,0.0
2018-03-20,1430.0,1430.0,1430.0,1430.0,0.0,-72.8199997,-72.8199997,-72.8199997,-72.8199997,0.0
2018-03-21,1431.85999,1431.85999,1431.85999,1431.85999,0.0,-42.2599983,-42.2599983,-42.2599983,-42.2599983,0.0
2018-03-22,1418.82996,1418.82996,1418.82996,1418.82996,0.0,-135.190002,-135.190002,-135.190002,-135.190002,0.0
2018-03-23,1405.73999,1405.73999,1405.73999,1405.73999,0.0,-208.009995,-208.009995,-208.009995,-208.009995,0.0
2018-03-26,1418.12,1418.12,1418.12,1418.12,0.0,-96.2600021,-96.2600021,-96.2600021,-96.2600021,0.0
2018-03-27,1410.08997,1410.08997,1410.08997,1410.08997,0.0,-138.610001,-138.610001,-138.610001,-138.610001,0.0
2018-03-28,1410.46997,1410.46997,1410.46997,1410.46997,0.0,-121.209999,-121.209999,-121.209999,-121.209999,0.0
2018-03-29,1421.97998,1421.97998,1421.97998,1421.97998,0.0,-19.4200001,-19.4200001,-19.4200001,-19.4200001,0.0
2018-04-02,,,,,,-12.9099998,-12.9099998,-12.9099998,-12.9099998,0.0
2018-04-03,1432.54004,1432.54004,1432.54004,1432.54004,0.0,62.4500008,62.4500008,62.4500008,62.4500008,0.0
2018-04-04,1441.43005,1441.43005,1441.43005,1441.43005,0.0,111.110001,111.110001,111.110001,111.110001,0.0
2018-04-05,1451.06006,1451.06006,1451.06006,1451.06006,0.0,164.130005,164.130005,164.130005,164.130005,0.0
2018-04-06,1438.70996,1438.70996,1438.70996,1438.70996,0.0,52.5900002,52.5900002,52.5900002,52.5900002,0.0
2018-04-09,1438.68994,1438.68994,1438.68994,1438.68994,0.0,38.7099991,38.7099991,38.7099991,38.7099991,0.0
2018-04-10,1449.44995,1449.44995,1449.44995,1449.44995,0.0,109.419998,109.419998,109.419998,109.419998,0.0
2018-04-11,1448.31995,1448.31995,1448.31995,1448.31995,0.0,91.25,91.25,91.25,91.25,0.0
2018-04-12,1450.45996,1450.45996,1450.45996,1450.45996,0.0,85.0800018,85.0800018,85.0800018,85.0800018,0.0
2018-04-13,1446.30005,1446.30005,1446.30005,1446.30005,0.0,46.0400009,46.0400009,46.0400009,46.0400009,0.0
2018-04-16,1456.02002,1456.02002,1456.02002,1456.02002,0.0,104.489998,104.489998,104.489998,104.489998,0.0
2018-04-17,1465.09998,1465.09998,1465.09998,1465.09998,0.0,154.660004,154.660004,154.660004,154.660004,0.0
2018-04-18,1467.13,1467.13,1467.13,1467.13,0.0,144.779999,144.779999,144.779999,144.779999,0.0
2018-04-19,1460.06995,1460.06995,1460.06995,1460.06995,0.0,62.9099998,62.9099998,62.9099998,62.9099998,0.0
2018-04-20,1451.66003,1451.66003,1451.66003,1451.66003,0.0,-2.04999995,-2.04999995,-2.04999995,-2.04999995,0.0
2018-04-23,1450.75,1450.75,1450.75,1450.75,0.0,-19.8199997,-19.8199997,-19.8199997,-19.8199997,0.0
2018-04-24,1446.06995,1446.06995,1446.06995,1446.06995,0.0,-65.3499985,-65.3499985,-65.3499985,-65.3499985,0.0
2018-04-25,1444.38,1444.38,1444.38,1444.38,0.0,-79.9899979,-79.9899979,-79.9899979,-79.9899979,0.0
2018-04-26,1450.78003,1450.78003,1450.78003,1450.78003,0.0,,,,,
2018-04-27,1454.39001,1454.39001,1454.39001,1454.39001,0.0,-0.0900000036,-0.0900000036,-0.0900000036,-0.0900000036,0.0
2018-04-30,1446.95996,1446.95996,1446.95996,1446.95996,0.0,-44.5400009,-44.5400009,-44.5400009,-44.5400009,0.0
2018-05-01,1448.27002,1448.27002,1448.27002,1448.27002,0.0,-32.6300011,-32.6300011,-32.6300011,-32.6300011,0.0
2018-05-02,1446.40002,1446.40002,1446.40002,1446.40002,0.0,-38.6100006,-38.6100006,-38.6100006,-38.6100006,0.0
2018-05-03,1443.56006,1443.56006,1443.56006,1443.56006,0.0,-63.4399986,-63.4399986,-63.4399986,-63.4399986,0.0
2018-05-04,1453.97998,1453.97998,1453.97998,1453.97998,0.0,18.5300007,18.5300007,18.5300007,18.5300007,0.0
2018-05-07,1458.96997,1458.96997,1458.96997,1458.96997,0.0,50.3499985,50.3499985,50.3499985,50.3499985,0.0
2018-05-08,1459.85999,1459.85999,1459.85999,1459.85999,0.0,40.7099991,40.7099991,40.7099991,40.7099991,0.0
2018-05-09,1465.53003,1465.53003,1465.53003,1465.53003,0.0,68.6600037,68.6600037,68.6600037,68.6600037,0.0
2018-05-10,1474.56006,1474.56006,1474.56006,1474.56006,0.0,116.690002,116.690002,116.690002,116.690002,0.0
2018-05-11,1476.29004,1476.29004,1476.29004,1476.29004,0.0,109.260002,109.260002,109.260002,109.260002,0.0
2018-05-14,1472.57996,1472.57996,1472.57996,1472.57996,0.0,69.4400024,69.4400024,69.4400024,69.4400024,0.0
2018-05-15,1467.63,1467.63,1467.63,1467.63,0.0,10.7600002,10.7600002,10.7600002,10.7600002,0.0
2018-05-16,1474.01001,1474.01001,1474.01001,1474.01001,0.0,48.3100014,48.3100014,48.3100014,48.3100014,0.0
2018-05-17,1475.60999,1475.60999,1475.60999,1475.60999,0.0,47.1100006,47.1100006,47.1100006,47.1100006,0.0
2018-05-18,1475.43994,1475.43994,1475.43994,1475.43994,0.0,35.9000015,35.9000015,35.9000015,35.9000015,0.0
2018-05-21,1484.31995,1484.31995,1484.31995,1484.31995,0.0,83.7900009,83.7900009,83.7900009,83.7900009,0.0
2018-05-22,1479.84998,1479.84998,1479.84998,1479.84998,0.0,34.0099983,34.0099983,34.0099983,34.0099983,0.0
2018-05-23,1480.31006,1480.31006,1480.31006,1480.31006,0.0,27.3899994,27.3899994,27.3899994,27.3899994,0.0
2018-05-24,1480.01001,1480.01001,1480.01001,1480.01001,0.0,14.3999996,14.3999996,14.3999996,14.3999996,0.0
2018-05-25,1478.66003,1478.66003,1478.66003,1478.66003,0.0,-6.86000013,-6.86000013,-6.86000013,-6.86000013,0.0
2018-05-29,,,,,,-18.4200001,-18.4200001,-18.4200001,-18.4200001,0.0
2018-05-30,1491.23999,1491.23999,1491.23999,1491.23999,0.0,66.6200027,66.6200027,66.6200027,66.6200027,0.0
2018-05-31,1483.35999,1483.35999,1483.35999,1483.35999,0.0,2.43000007,2.43000007,2.43000007,2.43000007,0.0
2018-06-01,1491.57996,1491.57996,1491.57996,1491.57996,0.0,55.1399994,55.1399994,55.1399994,55.1399994,0.0
2018-06-04,1498.14001,1498.14001,1498.14001,1498.14001,0.0,84.3499985,84.3499985,84.3499985,84.3499985,0.0
2018-06-05,1501.06995,1501.06995,1501.06995,1501.06995,0.0,92.9300003,92.9300003,92.9300003,92.9300003,0.0
2018-06-06,1507.47998,1507.47998,1507.47998,1507.47998,0.0,114.129997,114.129997,114.129997,114.129997,0.0
2018-06-07,1507.97998,1507.97998,1507.97998,1507.97998,0.0,100.489998,100.489998,100.489998,100.489998,0.0
2018-06-08,1511.56006,1511.56006,1511.56006,1511.56006,0.0,99.2699966,99.2699966,99.2699966,99.2699966,0.0
2018-06-11,1512.68005,1512.68005,1512.68005,1512.68005,0.0,90.1399994,90.1399994,90.1399994,90.1399994,0.0
2018-06-12,1512.71997,1512.71997,1512.71997,1512.71997,0.0,64.9100037,64.9100037,64.9100037,64.9100037,0.0
2018-06-13,1505.95996,1505.95996,1505.95996,1505.95996,0.0,-5.05000019,-5.05000019,-5.05000019,-5.05000019,0.0
2018-06-14,1507.70996,1507.70996,1507.70996,1507.70996,0.0,-7.23999977,-7.23999977,-7.23999977,-7.23999977,0.0
2018-06-15,1506.37,1506.37,1506.37,1506.37,0.0,-25.3600006,-25.3600006,-25.3600006,-25.3600006,0.0
2018-06-18,1507.71997,1507.71997,1507.71997,1507.71997,0.0,-15.1099997,-15.1099997,-15.1099997,-15.1099997,0.0
2018-06-19,1504.56006,1504.56006,1504.56006,1504.56006,0.0,-47.5400009,-47.5400009,-47.5400009,-47.5400009,0.0
2018-06-20,1508.80005,1508.80005,1508.80005,1508.80005,0.0,-16.9099998,-16.9099998,-16.9099998,-16.9099998,0.0
2018-06-21,1501.66003,1501.66003,1501.66003,1501.66003,0.0,-83.0599976,-83.0599976,-83.0599976,-83.0599976,0.0
2018-06-22,1507.31995,1507.31995,1507.31995,1507.31995,0.0,-32.5600014,-32.5600014,-32.5600014,-32.5600014,0.0
2018-06-25,1496.68005,1496.68005,1496.68005,1496.68005,0.0,-117.809998,-117.809998,-117.809998,-117.809998,0.0
2018-06-26,1500.75,1500.75,1500.75,1500.75,0.0,-76.2099991,-76.2099991,-76.2099991,-76.2099991,0.0
2018-06-27,1491.20996,1491.20996,1491.20996,1491.20996,0.0,-139.050003,-139.050003,-139.050003,-139.050003,0.0
2018-06-28,1493.90002,1493.90002,1493.90002,1493.90002,0.0,-108.720001,-108.720001,-108.720001,-108.720001,0.0
2018-06-29,1496.64001,1496.64001,1496.64001,1496.64001,0.0,-77.1100006,-77.1100006,-77.1100006,-77.1100006,0.0
2018-07-02,1498.68994,1498.68994,1498.68994,1498.68994,0.0,-61.1399994,-61.1399994,-61.1399994,-61.1399994,0.0
2018-07-03,1502.85999,1502.85999,1502.85999,1502.85999,0.0,-19.1200008,-19.1200008,-19.1200008,-19.1200008,0.0
2018-07-05,,,,,,-26.0300007,-26.0300007,-26.0300007,-26.0300007,0.0
2018-07-06,1512.63,1512.63,1512.63,1512.63,0.0,44.9599991,44.9599991,44.9599991,44.9599991,0.0
2018-07-09,1518.65002,1518.65002,1518.65002,1518.65002,0.0,72.4599991,72.4599991,72.4599991,72.4599991,0.0
2018-07-10,1519.57996,1519.57996,1519.57996,1519.57996,0.0,57.5400009,57.5400009,57.5400009,57.5400009,0.0
2018-07-11,1510.71997,1510.71997,1510.71997,1510.71997,0.0,-23.8500004,-23.8500004,-23.8500004,-23.8500004,0.0
2018-07-12,1515.16003,1515.16003,1515.16003,1515.16003,0.0,2.19000006,2.19000006,2.19000006,2.19000006,0.0
2018-07-13,1514.90002,1514.90002,1514.90002,1514.90002,0.0,-12.6400003,-12.6400003,-12.6400003,-12.6400003,0.0
2018-07-16,1508.98999,1508.98999,1508.98999,1508.98999,0.0,-66.6600037,-66.6600037,-66.6600037,-66.6600037,0.0
2018-07-17,1513.55005,1513.55005,1513.55005,1513.55005,0.0,-42.6399994,-42.6399994,-42.6399994,-42.6399994,0.0
2018-07-18,1516.19995,1516.19995,1516.19995,1516.19995,0.0,-29.6800003,-29.6800003,-29.6800003,-29.6800003,0.0
2018-07-19,1519.18005,1519.18005,1519.18005,1519.18005,0.0,-3.46000004,-3.46000004,-3.46000004,-3.46000004,0.0
2018-07-20,1517.34998,1517.34998,1517.34998,1517.34998,0.0,-19.2900009,-19.2900009,-19.2900009,-19.2900009,0.0
2018-07-23,1514.41003,1514.41003,1514.41003,1514.41003,0.0,-45.0900002,-45.0900002,-45.0900002,-45.0900002,0.0
2018-07-24,1513.06995,1513.06995,1513.06995,1513.06995,0.0,-58.7599983,-58.7599983,-58.7599983,-58.7599983,0.0
2018-07-25,1518.28003,1518.28003,1518.28003,1518.28003,0.0,-17.6900005,-17.6900005,-17.6900005,-17.6900005,0.0
2018-07-26,1522.04004,1522.04004,1522.04004,1522.04004,0.0,4.21000004,4.21000004,4.21000004,4.21000004,0.0
2018-07-27,1514.30005,1514.30005,1514.30005,1514.30005,0.0,-54.9099998,-54.9099998,-54.9099998,-54.9099998,0.0
2018-07-30,1511.91003,1511.91003,1511.91003,1511.91003,0.0,-65.4599991,-65.4599991,-65.4599991,-65.4599991,0.0
2018-07-31,1520.09998,1520.09998,1520.09998,1520.09998,0.0,-9.43999958,-9.43999958,-9.43999958,-9.43999958,0.0
2018-08-01,1515.60999,1515.60999,1515.60999,1515.60999,0.0,-52.7099991,-52.7099991,-52.7099991,-52.7099991,0.0
2018-08-02,1519.40002,1519.40002,1519.40002,1519.40002,0.0,-22.6299992,-22.6299992,-22.6299992,-22.6299992,0.0
2018-08-03,1523.16003,1523.16003,1523.16003,1523.16003,0.0,0.0299999993,0.0299999993,0.0299999993,0.0299999993,0.0
2018-08-06,1527.68994,1527.68994,1527.68994,1527.68994,0.0,24.0799999,24.0799999,24.0799999,24.0799999,0.0
2018-08-07,1529.67004,1529.67004,1529.67004,1529.67004,0.0,24.1800003,24.1800003,24.1800003,24.1800003,0.0
2018-08-08,1527.93005,1527.93005,1527.93005,1527.93005,0.0,5.32000017,5.32000017,5.32000017,5.32000017,0.0
2018-08-09,1527.81995,1527.81995,1527.81995,1527.81995,0.0,0.620000005,0.620000005,0.620000005,0.620000005,0.0
2018-08-10,1520.63,1520.63,1520.63,1520.63,0.0,-55.1300011,-55.1300011,-55.1300011,-55.1300011,0.0
2018-08-13,1513.90002,1513.90002,1513.90002,1513.90002,0.0,-99.0400009,-99.0400009,-99.0400009,-99.0400009,0.0
2018-08-14,1522.76001,1522.76001,1522.76001,1522.76001,0.0,-31.75,-31.75,-31.75,-31.75,0.0
2018-08-15,1515.21997,1515.21997,1515.21997,1515.21997,0.0,-83.0,-83.0,-83.0,-83.0,0.0
2018-08-16,1525.30005,1525.30005,1525.30005,1525.30005,0.0,-3.55999994,-3.55999994,-3.55999994,-3.55999994,0.0
2018-08-17,1533.59998,1533.59998,1533.59998,1533.59998,0.0,50.1100006,50.1100006,50.1100006,50.1100006,0.0
2018-08-20,1540.75,1540.75,1540.75,1540.75,0.0,95.0999985,95.0999985,95.0999985,95.0999985,0.0
2018-08-21,1546.55005,1546.55005,1546.55005,1546.55005,0.0,120.989998,120.989998,120.989998,120.989998,0.0
2018-08-22,1545.93005,1545.93005,1545.93005,1545.93005,0.0,104.330002,104.330002,104.330002,104.330002,0.0
2018-08-23,1538.56995,1538.56995,1538.56995,1538.56995,0.0,35.7999992,35.7999992,35.7999992,35.7999992,0.0
2018-08-24,1546.03003,1546.03003,1546.03003,1546.03003,0.0,83.0899963,83.0899963,83.0899963,83.0899963,0.0
2018-08-27,1551.41003,1551.41003,1551.41003,1551.41003,0.0,100.769997,100.769997,100.769997,100.769997,0.0
2018-08-28,1549.70996,1549.70996,1549.70996,1549.70996,0.0,71.9800034,71.9800034,71.9800034,71.9800034,0.0
2018-08-29,1554.19995,1554.19995,1554.19995,1554.19995,0.0,84.3300018,84.3300018,84.3300018,84.3300018,0.0
2018-08-30,1546.51001,1546.51001,1546.51001,1546.51001,0.0,12.5,12.5,12.5,12.5,0.0
2018-08-31,1548.21997,1548.21997,1548.21997,1548.21997,0.0,10.9899998,10.9899998,10.9899998,10.9899998,0.0
2018-09-04,,,,,,-4.80999994,-4.80999994,-4.80999994,-4.80999994,0.0
2018-09-05,1547.29004,1547.29004,1547.29004,1547.29004,0.0,-27.1900005,-27.1900005,-27.1900005,-27.1900005,0.0
2018-09-06,1544.43005,1544.43005,1544.43005,1544.43005,0.0,-59.4099998,-59.4099998,-59.4099998,-59.4099998,0.0
2018-09-07,1538.05005,1538.05005,1538.05005,1538.05005,0.0,-109.370003,-109.370003,-109.370003,-109.370003,0.0
2018-09-10,1542.30005,1542.30005,1542.30005,1542.30005,0.0,-65.0899963,-65.0899963,-65.0899963,-65.0899963,0.0
2018-09-11,1542.56006,1542.56006,1542.56006,1542.56006,0.0,-58.0800018,-58.0800018,-58.0800018,-58.0800018,0.0
2018-09-12,1545.03003,1545.03003,1545.03003,1545.03003,0.0,-37.4799995,-37.4799995,-37.4799995,-37.4799995,0.0
2018-09-13,1547.0,1547.0,1547.0,1547.0,0.0,-31.4899998,-31.4899998,-31.4899998,-31.4899998,0.0
2018-09-14,1548.10999,1548.10999,1548.10999,1548.10999,0.0,-28.4099998,-28.4099998,-28.4099998,-28.4099998,0.0
2018-09-17,1543.38,1543.38,1543.38,1543.38,0.0,-62.0299988,-62.0299988,-62.0299988,-62.0299988,0.0
2018-09-18,1545.5,1545.5,1545.5,1545.5,0.0,-42.4000015,-42.4000015,-42.4000015,-42.4000015,0.0
2018-09-19,1543.68994,1543.68994,1543.68994,1543.68994,0.0,-58.7599983,-58.7599983,-58.7599983,-58.7599983,0.0
2018-09-20,1552.19995,1552.19995,1552.19995,1552.19995,0.0,-3.58999991,-3.58999991,-3.58999991,-3.58999991,0.0
2018-09-21,1551.79004,1551.79004,1551.79004,1551.79004,0.0,-6.75,-6.75,-6.75,-6.75,0.0
2018-09-24,1543.48999,1543.48999,1543.48999,1543.48999,0.0,-63.2099991,-63.2099991,-63.2099991,-63.2099991,0.0
2018-09-25,1542.33997,1542.33997,1542.33997,1542.33997,0.0,-75.0199966,-75.0199966,-75.0199966,-75.0199966,0.0
2018-09-26,1536.17004,1536.17004,1536.17004,1536.17004,0.0,-107.199997,-107.199997,-107.199997,-107.199997,0.0
2018-09-27,1536.29004,1536.29004,1536.29004,1536.29004,0.0,-87.0800018,-87.0800018,-87.0800018,-87.0800018,0.0
2018-09-28,1538.53003,1538.53003,1538.53003,1538.53003,0.0,-64.1399994,-64.1399994,-64.1399994,-64.1399994,0.0
2018-10-01,1535.03003,1535.03003,1535.03003,1535.03003,0.0,-87.0,-87.0,-87.0,-87.0,0.0
2018-10-02,1531.59998,1531.59998,1531.59998,1531.59998,0.0,-108.57,-108.57,-108.57,-108.57,0.0
2018-10-03,1531.91003,1531.91003,1531.91003,1531.91003,0.0,-95.3000031,-95.3000031,-95.3000031,-95.3000031,0.0
2018-10-04,1519.81995,1519.81995,1519.81995,1519.81995,0.0,-174.179993,-174.179993,-174.179993,-174.179993,0.0
2018-10-05,1512.60999,1512.60999,1512.60999,1512.60999,0.0,-201.539993,-201.539993,-201.539993,-201.539993,0.0
2018-10-08,1513.27002,1513.27002,1513.27002,1513.27002,0.0,-168.779999,-168.779999,-168.779999,-168.779999,0.0
2018-10-09,1510.92004,1510.92004,1510.92004,1510.92004,0.0,-150.320007,-150.320007,-150.320007,-150.320007,0.0
2018-10-10,1495.06995,1495.06995,1495.06995,1495.06995,0.0,-245.029999,-245.029999,-245.029999,-245.029999,0.0
2018-10-11,1482.17004,1482.17004,1482.17004,1482.17004,0.0,-277.829987,-277.829987,-277.829987,-277.829987,0.0
2018-10-12,1484.78003,1484.78003,1484.78003,1484.78003,0.0,-249.279999,-249.279999,-249.279999,-249.279999,0.0
2018-10-15,1488.97998,1488.97998,1488.97998,1488.97998,0.0,-178.259995,-178.259995,-178.259995,-178.259995,0.0
2018-10-16,1503.94995,1503.94995,1503.94995,1503.94995,0.0,-39.0900002,-39.0900002,-39.0900002,-39.0900002,0.0
2018-10-17,1498.84998,1498.84998,1498.84998,1498.84998,0.0,-64.8300018,-64.8300018,-64.8300018,-64.8300018,0.0
2018-10-18,1486.58997,1486.58997,1486.58997,1486.58997,0.0,-129.460007,-129.460007,-129.460007,-129.460007,0.0
2018-10-19,1485.26001,1485.26001,1485.26001,1485.26001,0.0,-106.169998,-106.169998,-106.169998,-106.169998,0.0
2018-10-22,1480.95996,1480.95996,1480.95996,1480.95996,0.0,-108.18,-108.18,-108.18,-108.18,0.0
2018-10-23,1473.13,1473.13,1473.13,1473.13,0.0,-143.710007,-143.710007,-143.710007,-143.710007,0.0
2018-10-24,1461.70996,1461.70996,1461.70996,1461.70996,0.0,-197.550003,-197.550003,-197.550003,-197.550003,0.0
2018-10-25,1471.48999,1471.48999,1471.48999,1471.48999,0.0,-88.3000031,-88.3000031,-88.3000031,-88.3000031,0.0
2018-10-26,1462.18005,1462.18005,1462.18005,1462.18005,0.0,-132.710007,-132.710007,-132.710007,-132.710007,0.0
2018-10-29,1459.38,1459.38,1459.38,1459.38,0.0,-122.959999,-122.959999,-122.959999,-122.959999,0.0
2018-10-30,1468.92004,1468.92004,1468.92004,1468.92004,0.0,-32.5699997,-32.5699997,-32.5699997,-32.5699997,0.0
2018-10-31,1472.35999,1472.35999,1472.35999,1472.35999,0.0,16.0400009,16.0400009,16.0400009,16.0400009,0.0
2018-11-01,1483.34998,1483.34998,1483.34998,1483.34998,0.0,103.379997,103.379997,103.379997,103.379997,0.0
2018-11-02,1481.19995,1481.19995,1481.19995,1481.19995,0.0,78.9599991,78.9599991,78.9599991,78.9599991,0.0
2018-11-05,1486.62,1486.62,1486.62,1486.62,0.0,122.370003,122.370003,122.370003,122.370003,0.0
2018-11-06,1492.70996,1492.70996,1492.70996,1492.70996,0.0,153.039993,153.039993,153.039993,153.039993,0.0
2018-11-07,1504.78003,1504.78003,1504.78003,1504.78003,0.0,220.960007,220.960007,220.960007,220.960007,0.0
2018-11-08,1503.47998,1503.47998,1503.47998,1503.47998,0.0,185.779999,185.779999,185.779999,185.779999,0.0
2018-11-09,1495.57996,1495.57996,1495.57996,1495.57996,0.0,112.239998,112.239998,112.239998,112.239998,0.0
2018-11-12,1485.41003,1485.41003,1485.41003,1485.41003,0.0,31.6100006,31.6100006,31.6100006,31.6100006,0.0
2018-11-13,1484.46997,1484.46997,1484.46997,1484.46997,0.0,28.4899998,28.4899998,28.4899998,28.4899998,0.0
2018-11-14,1478.32996,1478.32996,1478.32996,1478.32996,0.0,-7.28000021,-7.28000021,-7.28000021,-7.28000021,0.0
2018-11-15,1482.92004,1482.92004,1482.92004,1482.92004,0.0,23.6399994,23.6399994,23.6399994,23.6399994,0.0
2018-11-16,1484.75,1484.75,1484.75,1484.75,0.0,34.8100014,34.8100014,34.8100014,34.8100014,0.0
2018-11-19,1475.41003,1475.41003,1475.41003,1475.41003,0.0,-34.5699997,-34.5699997,-34.5699997,-34.5699997,0.0
2018-11-20,1461.5,1461.5,1461.5,1461.5,0.0,-126.639999,-126.639999,-126.639999,-126.639999,0.0
2018-11-21,1470.40002,1470.40002,1470.40002,1470.40002,0.0,-28.7600002,-28.7600002,-28.7600002,-28.7600002,0.0
2018-11-23,,,,,,-5.01000023,-5.01000023,-5.01000023,-5.01000023,0.0
2018-11-26,1478.06006,1478.06006,1478.06006,1478.06006,0.0,46.5800018,46.5800018,46.5800018,46.5800018,0.0
2018-11-27,1474.15002,1474.15002,1474.15002,1474.15002,0.0,14.1199999,14.1199999,14.1199999,14.1199999,0.0
2018-11-28,1487.89001,1487.89001,1487.89001,1487.89001,0.0,113.970001,113.970001,113.970001,113.970001,0.0
2018-11-29,1485.78003,1485.78003,1485.78003,1485.78003,0.0,90.2699966,90.2699966,90.2699966,90.2699966,0.0
2018-11-30,1489.31006,1489.31006,1489.31006,1489.31006,0.0,94.3600006,94.3600006,94.3600006,94.3600006,0.0
2018-12-03,1499.20996,1499.20996,1499.20996,1499.20996,0.0,158.570007,158.570007,158.570007,158.570007,0.0
2018-12-04,1485.0,1485.0,1485.0,1485.0,0.0,35.3400002,35.3400002,35.3400002,35.3400002,0.0
2018-12-06,,,,,,36.9300003,36.9300003,36.9300003,36.9300003,0.0
2018-12-07,1475.68005,1475.68005,1475.68005,1475.68005,0.0,-21.1399994,-21.1399994,-21.1399994,-21.1399994,0.0
2018-12-10,1469.23999,1469.23999,1469.23999,1469.23999,0.0,-65.6699982,-65.6699982,-65.6699982,-65.6699982,0.0
2018-12-11,1465.71997,1465.71997,1465.71997,1465.71997,0.0,-68.8099976,-68.8099976,-68.8099976,-68.8099976,0.0
2018-12-12,1472.46997,1472.46997,1472.46997,1472.46997,0.0,-8.28999996,-8.28999996,-8.28999996,-8.28999996,0.0
2018-12-13,1465.88,1465.88,1465.88,1465.88,0.0,-48.9500008,-48.9500008,-48.9500008,-48.9500008,0.0
2018-12-14,1453.41003,1453.41003,1453.41003,1453.41003,0.0,-123.730003,-123.730003,-123.730003,-123.730003,0.0
2018-12-17,1438.47998,1438.47998,1438.47998,1438.47998,0.0,-213.149994,-213.149994,-213.149994,-213.149994,0.0
2018-12-18,1437.76001,1437.76001,1437.76001,1437.76001,0.0,-189.289993,-189.289993,-189.289993,-189.289993,0.0
2018-12-19,1426.81006,1426.81006,1426.81006,1426.81006,0.0,-221.660004,-221.660004,-221.660004,-221.660004,0.0
2018-12-20,1414.30005,1414.30005,1414.30005,1414.30005,0.0,-275.350006,-275.350006,-275.350006,-275.350006,0.0
2018-12-21,1402.05005,1402.05005,1402.05005,1402.05005,0.0,-310.059998,-310.059998,-310.059998,-310.059998,0.0
2018-12-24,1389.90002,1389.90002,1389.90002,1389.90002,0.0,-340.829987,-340.829987,-340.829987,-340.829987,0.0
2018-12-26,,,,,,-219.550003,-219.550003,-219.550003,-219.550003,0.0
2018-12-27,1389.80005,1389.80005,1389.80005,1389.80005,0.0,-205.729996,-205.729996,-205.729996,-205.729996,0.0
2018-12-28,1397.04004,1397.04004,1397.04004,1397.04004,0.0,-79.2799988,-79.2799988,-79.2799988,-79.2799988,0.0
2018-12-31,1405.96997,1405.96997,1405.96997,1405.96997,0.0,13.2799997,13.2799997,13.2799997,13.2799997,0.0
2019-01-02,,,,,,44.6800003,44.6800003,44.6800003,44.6800003,0.0
2019-01-03,1400.27002,1400.27002,1400.27002,1400.27002,0.0,28.1800003,28.1800003,28.1800003,28.1800003,0.0
2019-01-04,1416.87,1416.87,1416.87,1416.87,0.0,167.619995,167.619995,167.619995,167.619995,0.0
2019-01-07,1428.56006,1428.56006,1428.56006,1428.56006,0.0,248.720001,248.720001,248.720001,248.720001,0.0
2019-01-08,1440.87,1440.87,1440.87,1440.87,0.0,310.790009,310.790009,310.790009,310.790009,0.0
2019-01-09,1448.97998,1448.97998,1448.97998,1448.97998,0.0,333.160004,333.160004,333.160004,333.160004,0.0
2019-01-10,1454.82996,1454.82996,1454.82996,1454.82996,0.0,332.029999,332.029999,332.029999,332.029999,0.0
2019-01-11,1456.78003,1456.78003,1456.78003,1456.78003,0.0,311.209991,311.209991,311.209991,311.209991,0.0
2019-01-14,1450.19995,1450.19995,1450.19995,1450.19995,0.0,229.889999,229.889999,229.889999,229.889999,0.0
2019-01-15,1456.16003,1456.16003,1456.16003,1456.16003,0.0,246.860001,246.860001,246.860001,246.860001,0.0
2019-01-16,1462.37,1462.37,1462.37,1462.37,0.0,254.339996,254.339996,254.339996,254.339996,0.0
2019-01-17,1471.32996,1471.32996,1471.32996,1471.32996,0.0,284.420013,284.420013,284.420013,284.420013,0.0
2019-01-18,1481.47998,1481.47998,1481.47998,1481.47998,0.0,320.130005,320.130005,320.130005,320.130005,0.0
2019-01-22,,,,,,238.320007,238.320007,238.320007,238.320007,0.0
2019-01-23,1482.05005,1482.05005,1482.05005,1482.05005,0.0,200.690002,200.690002,200.690002,200.690002,0.0
2019-01-24,1488.14001,1488.14001,1488.14001,1488.14001,0.0,222.559998,222.559998,222.559998,222.559998,0.0
2019-01-25,1498.95996,1498.95996,1498.95996,1498.95996,0.0,269.089996,269.089996,269.089996,269.089996,0.0
2019-01-28,1496.35999,1496.35999,1496.35999,1496.35999,0.0,210.860001,210.860001,210.860001,210.860001,0.0
2019-01-29,1499.56995,1499.56995,1499.56995,1499.56995,0.0,192.589996,192.589996,192.589996,192.589996,0.0
2019-01-30,1510.65002,1510.65002,1510.65002,1510.65002,0.0,248.699997,248.699997,248.699997,248.699997,0.0
2019-01-31,1519.32996,1519.32996,1519.32996,1519.32996,0.0,261.130005,261.130005,261.130005,261.130005,0.0
2019-02-01,1521.72998,1521.72998,1521.72998,1521.72998,0.0,233.630005,233.630005,233.630005,233.630005,0.0
2019-02-04,1529.0,1529.0,1529.0,1529.0,0.0,244.229996,244.229996,244.229996,244.229996,0.0
2019-02-05,1534.81995,1534.81995,1534.81995,1534.81995,0.0,236.729996,236.729996,236.729996,236.729996,0.0
2019-02-06,1531.45996,1531.45996,1531.45996,1531.45996,0.0,161.960007,161.960007,161.960007,161.960007,0.0
2019-02-07,1524.21997,1524.21997,1524.21997,1524.21997,0.0,68.7600021,68.7600021,68.7600021,68.7600021,0.0
2019-02-08,1523.52002,1523.52002,1523.52002,1523.52002,0.0,35.7599983,35.7599983,35.7599983,35.7599983,0.0
2019-02-11,1529.22998,1529.22998,1529.22998,1529.22998,0.0,64.3499985,64.3499985,64.3499985,64.3499985,0.0
2019-02-12,1539.41003,1539.41003,1539.41003,1539.41003,0.0,115.25,115.25,115.25,115.25,0.0
2019-02-13,1545.06006,1545.06006,1545.06006,1545.06006,0.0,127.43,127.43,127.43,127.43,0.0
2019-02-14,1545.55005,1545.55005,1545.55005,1545.55005,0.0,93.2399979,93.2399979,93.2399979,93.2399979,0.0
2019-02-15,1557.03003,1557.03003,1557.03003,1557.03003,0.0,150.570007,150.570007,150.570007,150.570007,0.0
2019-02-19,,,,,,81.5400009,81.5400009,81.5400009,81.5400009,0.0
2019-02-20,1561.78003,1561.78003,1561.78003,1561.78003,0.0,83.5500031,83.5500031,83.5500031,83.5500031,0.0
2019-02-21,1558.08997,1558.08997,1558.08997,1558.08997,0.0,20.7700005,20.7700005,20.7700005,20.7700005,0.0
2019-02-22,1568.33997,1568.33997,1568.33997,1568.33997,0.0,70.1800003,70.1800003,70.1800003,70.1800003,0.0
2019-02-25,1567.07996,1567.07996,1567.07996,1567.07996,0.0,40.1399994,40.1399994,40.1399994,40.1399994,0.0
2019-02-26,1563.17004,1563.17004,1563.17004,1563.17004,0.0,-10.6800003,-10.6800003,-10.6800003,-10.6800003,0.0
2019-02-27,1563.89001,1563.89001,1563.89001,1563.89001,0.0,-25.4699993,-25.4699993,-25.4699993,-25.4699993,0.0
2019-02-28,1560.78003,1560.78003,1560.78003,1560.78003,0.0,-56.7000008,-56.7000008,-56.7000008,-56.7000008,0.0
2019-03-01,1566.17004,1566.17004,1566.17004,1566.17004,0.0,-23.3999996,-23.3999996,-23.3999996,-23.3999996,0.0
2019-03-04,1562.70996,1562.70996,1562.70996,1562.70996,0.0,-55.4199982,-55.4199982,-55.4199982,-55.4199982,0.0
2019-03-05,1560.69995,1560.69995,1560.69995,1560.69995,0.0,-70.9899979,-70.9899979,-70.9899979,-70.9899979,0.0
2019-03-06,1549.58997,1549.58997,1549.58997,1549.58997,0.0,-151.820007,-151.820007,-151.820007,-151.820007,0.0
2019-03-07,1541.65002,1541.65002,1541.65002,1541.65002,0.0,-205.25,-205.25,-205.25,-205.25,0.0
2019-03-08,1539.42004,1539.42004,1539.42004,1539.42004,0.0,-207.229996,-207.229996,-207.229996,-207.229996,0.0
2019-03-11,1552.54004,1552.54004,1552.54004,1552.54004,0.0,-102.540001,-102.540001,-102.540001,-102.540001,0.0
2019-03-12,1556.07996,1556.07996,1556.07996,1556.07996,0.0,-77.0100021,-77.0100021,-77.0100021,-77.0100021,0.0
2019-03-13,1563.87,1563.87,1563.87,1563.87,0.0,-25.6299992,-25.6299992,-25.6299992,-25.6299992,0.0
2019-03-14,1560.70996,1560.70996,1560.70996,1560.70996,0.0,-57.0499992,-57.0499992,-57.0499992,-57.0499992,0.0
2019-03-15,1564.52002,1564.52002,1564.52002,1564.52002,0.0,-35.9099998,-35.9099998,-35.9099998,-35.9099998,0.0
2019-03-18,1571.77002,1571.77002,1571.77002,1571.77002,0.0,8.36999989,8.36999989,8.36999989,8.36999989,0.0
2019-03-19,1566.98999,1566.98999,1566.98999,1566.98999,0.0,-36.4599991,-36.4599991,-36.4599991,-36.4599991,0.0
2019-03-20,1563.46997,1563.46997,1563.46997,1563.46997,0.0,-61.2999992,-61.2999992,-61.2999992,-61.2999992,0.0
2019-03-21,1573.0,1573.0,1573.0,1573.0,0.0,-0.00999999978,-0.00999999978,-0.00999999978,-0.00999999978,0.0
2019-03-22,1559.64001,1559.64001,1559.64001,1559.64001,0.0,-104.120003,-104.120003,-104.120003,-104.120003,0.0
2019-03-25,1561.5,1561.5,1561.5,1561.5,0.0,-95.3899994,-95.3899994,-95.3899994,-95.3899994,0.0
2019-03-26,1571.66003,1571.66003,1571.66003,1571.66003,0.0,-21.9300003,-21.9300003,-21.9300003,-21.9300003,0.0
2019-03-27,1570.0,1570.0,1570.0,1570.0,0.0,-42.0800018,-42.0800018,-42.0800018,-42.0800018,0.0
2019-03-28,1576.94995,1576.94995,1576.94995,1576.94995,0.0,-1.89999998,-1.89999998,-1.89999998,-1.89999998,0.0
2019-03-29,1581.29004,1581.29004,1581.29004,1581.29004,0.0,17.4500008,17.4500008,17.4500008,17.4500008,0.0
2019-04-01,1592.02002,1592.02002,1592.02002,1592.02002,0.0,81.7300034,81.7300034,81.7300034,81.7300034,0.0
2019-04-02,1589.56995,1589.56995,1589.56995,1589.56995,0.0,43.5900002,43.5900002,43.5900002,43.5900002,0.0
2019-04-03,1593.71997,1593.71997,1593.71997,1593.71997,0.0,52.2999992,52.2999992,52.2999992,52.2999992,0.0
2019-04-04,1599.73999,1599.73999,1599.73999,1599.73999,0.0,78.2300034,78.2300034,78.2300034,78.2300034,0.0
2019-04-05,1608.75,1608.75,1608.75,1608.75,0.0,120.779999,120.779999,120.779999,120.779999,0.0
2019-04-08,1609.97998,1609.97998,1609.97998,1609.97998,0.0,94.3300018,94.3300018,94.3300018,94.3300018,0.0
2019-04-09,1599.43994,1599.43994,1599.43994,1599.43994,0.0,-6.44999981,-6.44999981,-6.44999981,-6.44999981,0.0
2019-04-10,1609.52002,1609.52002,1609.52002,1609.52002,0.0,51.2099991,51.2099991,51.2099991,51.2099991,0.0
2019-04-11,1611.23999,1611.23999,1611.23999,1611.23999,0.0,39.3199997,39.3199997,39.3199997,39.3199997,0.0
2019-04-12,1616.73999,1616.73999,1616.73999,1616.73999,0.0,54.8899994,54.8899994,54.8899994,54.8899994,0.0
2019-04-15,1614.81995,1614.81995,1614.81995,1614.81995,0.0,19.8299999,19.8299999,19.8299999,19.8299999,0.0
2019-04-16,1616.81995,1616.81995,1616.81995,1616.81995,0.0,14.5600004,14.5600004,14.5600004,14.5600004,0.0
2019-04-17,1612.79004,1612.79004,1612.79004,1612.79004,0.0,-30.0799999,-30.0799999,-30.0799999,-30.0799999,0.0
2019-04-18,1612.81006,1612.81006,1612.81006,1612.81006,0.0,-43.4399986,-43.4399986,-43.4399986,-43.4399986,0.0
2019-04-22,,,,,,-55.2799988,-55.2799988,-55.2799988,-55.2799988,0.0
2019-04-23,1623.56995,1623.56995,1623.56995,1623.56995,0.0,15.1000004,15.1000004,15.1000004,15.1000004,0.0
2019-04-24,1623.96997,1623.96997,1623.96997,1623.96997,0.0,0.0900000036,0.0900000036,0.0900000036,0.0900000036,0.0
2019-04-25,1618.43994,1618.43994,1618.43994,1618.43994,0.0,-54.1599998,-54.1599998,-54.1599998,-54.1599998,0.0
2019-04-26,1627.37,1627.37,1627.37,1627.37,0.0,-7.4000001,-7.4000001,-7.4000001,-7.4000001,0.0
2019-04-29,1630.64001,1630.64001,1630.64001,1630.64001,0.0,10.1700001,10.1700001,10.1700001,10.1700001,0.0
2019-04-30,1632.73999,1632.73999,1632.73999,1632.73999,0.0,8.77000046,8.77000046,8.77000046,8.77000046,0.0
2019-05-01,1626.14001,1626.14001,1626.14001,1626.14001,0.0,-47.6800003,-47.6800003,-47.6800003,-47.6800003,0.0
2019-05-02,1625.20996,1625.20996,1625.20996,1625.20996,0.0,-65.9499969,-65.9499969,-65.9499969,-65.9499969,0.0
2019-05-03,1637.90002,1637.90002,1637.90002,1637.90002,0.0,14.96,14.96,14.96,14.96,0.0
2019-05-06,1633.77002,1633.77002,1633.77002,1633.77002,0.0,-23.75,-23.75,-23.75,-23.75,0.0
2019-05-07,1620.16003,1620.16003,1620.16003,1620.16003,0.0,-127.029999,-127.029999,-127.029999,-127.029999,0.0
2019-05-08,1618.26001,1618.26001,1618.26001,1618.26001,0.0,-130.25,-130.25,-130.25,-130.25,0.0
2019-05-09,1615.34998,1615.34998,1615.34998,1615.34998,0.0,-146.029999,-146.029999,-146.029999,-146.029999,0.0
2019-05-10,1621.69995,1621.69995,1621.69995,1621.69995,0.0,-90.2600021,-90.2600021,-90.2600021,-90.2600021,0.0
2019-05-13,1607.18994,1607.18994,1607.18994,1607.18994,0.0,-189.570007,-189.570007,-189.570007,-189.570007,0.0
2019-05-14,1616.84998,1616.84998,1616.84998,1616.84998,0.0,-101.510002,-101.510002,-101.510002,-101.510002,0.0
2019-05-15,1622.76001,1622.76001,1622.76001,1622.76001,0.0,-47.3600006,-47.3600006,-47.3600006,-47.3600006,0.0
2019-05-16,1630.31006,1630.31006,1630.31006,1630.31006,0.0,6.15999985,6.15999985,6.15999985,6.15999985,0.0
2019-05-17,1619.95996,1619.95996,1619.95996,1619.95996,0.0,-74.5299988,-74.5299988,-74.5299988,-74.5299988,0.0
2019-05-20,1613.67004,1613.67004,1613.67004,1613.67004,0.0,-119.830002,-119.830002,-119.830002,-119.830002,0.0
2019-05-21,1625.79004,1625.79004,1625.79004,1625.79004,0.0,-23.6900005,-23.6900005,-23.6900005,-23.6900005,0.0
2019-05-22,1619.35999,1619.35999,1619.35999,1619.35999,0.0,-65.9000015,-65.9000015,-65.9000015,-65.9000015,0.0
2019-05-23,1607.73999,1607.73999,1607.73999,1607.73999,0.0,-146.520004,-146.520004,-146.520004,-146.520004,0.0
2019-05-24,1615.08997,1615.08997,1615.08997,1615.08997,0.0,-72.5800018,-72.5800018,-72.5800018,-72.5800018,0.0
2019-05-28,,,,,,-62.1300011,-62.1300011,-62.1300011,-62.1300011,0.0
2019-05-29,1606.95996,1606.95996,1606.95996,1606.95996,0.0,-109.849998,-109.849998,-109.849998,-109.849998,0.0
2019-05-30,1607.38,1607.38,1607.38,1607.38,0.0,-99.9700012,-99.9700012,-99.9700012,-99.9700012,0.0
2019-05-31,1598.37,1598.37,1598.37,1598.37,0.0,-148.320007,-148.320007,-148.320007,-148.320007,0.0
2019-06-03,1605.98999,1605.98999,1605.98999,1605.98999,0.0,-84.5100021,-84.5100021,-84.5100021,-84.5100021,0.0
2019-06-04,1619.03003,1619.03003,1619.03003,1619.03003,0.0,19.8099995,19.8099995,19.8099995,19.8099995,0.0
2019-06-05,1619.80005,1619.80005,1619.80005,1619.80005,0.0,15.71,15.71,15.71,15.71,0.0
2019-06-06,1623.46997,1623.46997,1623.46997,1623.46997,0.0,32.4000015,32.4000015,32.4000015,32.4000015,0.0
2019-06-07,1633.02002,1633.02002,1633.02002,1633.02002,0.0,95.1600037,95.1600037,95.1600037,95.1600037,0.0
2019-06-10,1637.66003,1637.66003,1637.66003,1637.66003,0.0,109.699997,109.699997,109.699997,109.699997,0.0
2019-06-11,1638.48999,1638.48999,1638.48999,1638.48999,0.0,91.6600037,91.6600037,91.6600037,91.6600037,0.0
2019-06-12,1637.85999,1637.85999,1637.85999,1637.85999,0.0,62.7200012,62.7200012,62.7200012,62.7200012,0.0
2019-06-13,1645.03003,1645.03003,1645.03003,1645.03003,0.0,98.9800034,98.9800034,98.9800034,98.9800034,0.0
2019-06-14,1640.47998,1640.47998,1640.47998,1640.47998,0.0,49.5800018,49.5800018,49.5800018,49.5800018,0.0
2019-06-17,1641.14001,1641.14001,1641.14001,1641.14001,0.0,51.25,51.25,51.25,51.25,0.0
2019-06-18,1650.29004,1650.29004,1650.29004,1650.29004,0.0,102.32,102.32,102.32,102.32,0.0
2019-06-19,1654.93005,1654.93005,1654.93005,1654.93005,0.0,111.129997,111.129997,111.129997,111.129997,0.0
2019-06-20,1663.97998,1663.97998,1663.97998,1663.97998,0.0,152.509995,152.509995,152.509995,152.509995,0.0
2019-06-21,1657.93994,1657.93994,1657.93994,1657.93994,0.0,85.2900009,85.2900009,85.2900009,85.2900009,0.0
2019-06-24,1653.32996,1653.32996,1653.32996,1653.32996,0.0,30.5300007,30.5300007,30.5300007,30.5300007,0.0
2019-06-25,1646.44995,1646.44995,1646.44995,1646.44995,0.0,-31.5599995,-31.5599995,-31.5599995,-31.5599995,0.0
2019-06-26,1647.90002,1647.90002,1647.90002,1647.90002,0.0,-23.6599998,-23.6599998,-23.6599998,-23.6599998,0.0
2019-06-27,1657.57996,1657.57996,1657.57996,1657.57996,0.0,30.0100002,30.0100002,30.0100002,30.0100002,0.0
2019-06-28,1668.34998,1668.34998,1668.34998,1668.34998,0.0,84.5400009,84.5400009,84.5400009,84.5400009,0.0
2019-07-01,1672.06995,1672.06995,1672.06995,1672.06995,0.0,90.5100021,90.5100021,90.5100021,90.5100021,0.0
2019-07-02,1673.25,1673.25,1673.25,1673.25,0.0,80.9599991,80.9599991,80.9599991,80.9599991,0.0
2019-07-03,1683.16003,1683.16003,1683.16003,1683.16003,0.0,126.32,126.32,126.32,126.32,0.0
2019-07-05,,,,,,74.8700027,74.8700027,74.8700027,74.8700027,0.0
2019-07-08,1677.08997,1677.08997,1677.08997,1677.08997,0.0,13.6899996,13.6899996,13.6899996,13.6899996,0.0
2019-07-09,1677.26001,1677.26001,1677.26001,1677.26001,0.0,5.88999987,5.88999987,5.88999987,5.88999987,0.0
2019-07-10,1681.54004,1681.54004,1681.54004,1681.54004,0.0,31.6800003,31.6800003,31.6800003,31.6800003,0.0
2019-07-11,1681.08997,1681.08997,1681.08997,1681.08997,0.0,14.5200005,14.5200005,14.5200005,14.5200005,0.0
2019-07-12,1687.18994,1687.18994,1687.18994,1687.18994,0.0,38.6599998,38.6599998,38.6599998,38.6599998,0.0
2019-07-15,1685.98999,1685.98999,1685.98999,1685.98999,0.0,19.3700008,19.3700008,19.3700008,19.3700008,0.0
2019-07-16,1686.27002,1686.27002,1686.27002,1686.27002,0.0,7.69000006,7.69000006,7.69000006,7.69000006,0.0
2019-07-17,1680.08997,1680.08997,1680.08997,1680.08997,0.0,-42.4500008,-42.4500008,-42.4500008,-42.4500008,0.0
2019-07-18,1682.53003,1682.53003,1682.53003,1682.53003,0.0,-33.3199997,-33.3199997,-33.3199997,-33.3199997,0.0
2019-07-19,1678.41003,1678.41003,1678.41003,1678.41003,0.0,-61.0699997,-61.0699997,-61.0699997,-61.0699997,0.0
2019-07-22,1676.93005,1676.93005,1676.93005,1676.93005,0.0,-70.8700027,-70.8700027,-70.8700027,-70.8700027,0.0
2019-07-23,1684.58997,1684.58997,1684.58997,1684.58997,0.0,-21.0799999,-21.0799999,-21.0799999,-21.0799999,0.0
2019-07-24,1694.23999,1694.23999,1694.23999,1694.23999,0.0,38.9799995,38.9799995,38.9799995,38.9799995,0.0
2019-07-25,1684.30005,1684.30005,1684.30005,1684.30005,0.0,-45.4799995,-45.4799995,-45.4799995,-45.4799995,0.0
2019-07-26,1693.17004,1693.17004,1693.17004,1693.17004,0.0,4.75,4.75,4.75,4.75,0.0
2019-07-29,1692.85999,1692.85999,1692.85999,1692.85999,0.0,-4.46999979,-4.46999979,-4.46999979,-4.46999979,0.0
2019-07-30,1696.80005,1696.80005,1696.80005,1696.80005,0.0,10.9700003,10.9700003,10.9700003,10.9700003,0.0
2019-07-31,1689.56995,1689.56995,1689.56995,1689.56995,0.0,-45.0400009,-45.0400009,-45.0400009,-45.0400009,0.0
2019-08-01,1681.67004,1681.67004,1681.67004,1681.67004,0.0,-99.5400009,-99.5400009,-99.5400009,-99.5400009,0.0
2019-08-02,1675.94995,1675.94995,1675.94995,1675.94995,0.0,-128.800003,-128.800003,-128.800003,-128.800003,0.0
2019-08-05,1659.02002,1659.02002,1659.02002,1659.02002,0.0,-241.550003,-241.550003,-241.550003,-241.550003,0.0
2019-08-06,1668.16003,1668.16003,1668.16003,1668.16003,0.0,-155.720001,-155.720001,-155.720001,-155.720001,0.0
2019-08-07,1667.42004,1667.42004,1667.42004,1667.42004,0.0,-151.669998,-151.669998,-151.669998,-151.669998,0.0
2019-08-08,1681.84998,1681.84998,1681.84998,1681.84998,0.0,-37.8800011,-37.8800011,-37.8800011,-37.8800011,0.0
2019-08-09,1673.51001,1673.51001,1673.51001,1673.51001,0.0,-86.5899963,-86.5899963,-86.5899963,-86.5899963,0.0
2019-08-12,1664.37,1664.37,1664.37,1664.37,0.0,-138.139999,-138.139999,-138.139999,-138.139999,0.0
2019-08-13,1673.92004,1673.92004,1673.92004,1673.92004,0.0,-56.1699982,-56.1699982,-56.1699982,-56.1699982,0.0
2019-08-14,1657.41003,1657.41003,1657.41003,1657.41003,0.0,-160.710007,-160.710007,-160.710007,-160.710007,0.0
2019-08-15,1658.35999,1658.35999,1658.35999,1658.35999,0.0,-135.0,-135.0,-135.0,-135.0,0.0
2019-08-16,1672.69995,1672.69995,1672.69995,1672.69995,0.0,-30.6399994,-30.6399994,-30.6399994,-30.6399994,0.0
2019-08-19,1684.18005,1684.18005,1684.18005,1684.18005,0.0,46.9199982,46.9199982,46.9199982,46.9199982,0.0
2019-08-20,1677.98999,1677.98999,1677.98999,1677.98999,0.0,1.00999999,1.00999999,1.00999999,1.00999999,0.0
2019-08-21,1687.13,1687.13,1687.13,1687.13,0.0,61.4099998,61.4099998,61.4099998,61.4099998,0.0
2019-08-22,1685.27002,1685.27002,1685.27002,1685.27002,0.0,37.2700005,37.2700005,37.2700005,37.2700005,0.0
2019-08-23,1669.71997,1669.71997,1669.71997,1669.71997,0.0,-78.0599976,-78.0599976,-78.0599976,-78.0599976,0.0
2019-08-26,1678.45996,1678.45996,1678.45996,1678.45996,0.0,-18.7199993,-18.7199993,-18.7199993,-18.7199993,0.0
2019-08-27,1671.13,1671.13,1671.13,1671.13,0.0,-67.3099976,-67.3099976,-67.3099976,-67.3099976,0.0
2019-08-28,1680.93005,1680.93005,1680.93005,1680.93005,0.0,4.75,4.75,4.75,4.75,0.0
2019-08-29,1693.23999,1693.23999,1693.23999,1693.23999,0.0,77.7300034,77.7300034,77.7300034,77.7300034,0.0
2019-08-30,1696.46997,1696.46997,1696.46997,1696.46997,0.0,80.6100006,80.6100006,80.6100006,80.6100006,0.0
2019-09-03,,,,,,52.8400002,52.8400002,52.8400002,52.8400002,0.0
2019-09-04,1709.71997,1709.71997,1709.71997,1709.71997,0.0,133.470001,133.470001,133.470001,133.470001,0.0
2019-09-05,1717.83997,1717.83997,1717.83997,1717.83997,0.0,161.309998,161.309998,161.309998,161.309998,0.0
2019-09-06,1720.38,1720.38,1720.38,1720.38,0.0,152.649994,152.649994,152.649994,152.649994,0.0
2019-09-09,1725.54004,1725.54004,1725.54004,1725.54004,0.0,159.149994,159.149994,159.149994,159.149994,0.0
2019-09-10,1729.67004,1729.67004,1729.67004,1729.67004,0.0,155.410004,155.410004,155.410004,155.410004,0.0
2019-09-11,1739.12,1739.12,1739.12,1739.12,0.0,189.759995,189.759995,189.759995,189.759995,0.0
2019-09-12,1739.19995,1739.19995,1739.19995,1739.19995,0.0,148.869995,148.869995,148.869995,148.869995,0.0
2019-09-13,1737.67004,1737.67004,1737.67004,1737.67004,0.0,102.769997,102.769997,102.769997,102.769997,0.0
2019-09-16,1738.78003,1738.78003,1738.78003,1738.78003,0.0,90.3899994,90.3899994,90.3899994,90.3899994,0.0
2019-09-17,1739.66003,1739.66003,1739.66003,1739.66003,0.0,73.3399963,73.3399963,73.3399963,73.3399963,0.0
2019-09-18,1737.80005,1737.80005,1737.80005,1737.80005,0.0,38.4700012,38.4700012,38.4700012,38.4700012,0.0
2019-09-19,1737.85999,1737.85999,1737.85999,1737.85999,0.0,25.4899998,25.4899998,25.4899998,25.4899998,0.0
2019-09-20,1737.33997,1737.33997,1737.33997,1737.33997,0.0,12.7299995,12.7299995,12.7299995,12.7299995,0.0
2019-09-23,1739.04004,1739.04004,1739.04004,1739.04004,0.0,15.6000004,15.6000004,15.6000004,15.6000004,0.0
2019-09-24,1730.79004,1730.79004,1730.79004,1730.79004,0.0,-54.8800011,-54.8800011,-54.8800011,-54.8800011,0.0
2019-09-25,1737.69995,1737.69995,1737.69995,1737.69995,0.0,-15.54,-15.54,-15.54,-15.54,0.0
2019-09-26,1734.73999,1734.73999,1734.73999,1734.73999,0.0,-45.7900009,-45.7900009,-45.7900009,-45.7900009,0.0
2019-09-27,1731.18005,1731.18005,1731.18005,1731.18005,0.0,-69.2200012,-69.2200012,-69.2200012,-69.2200012,0.0
2019-09-30,1734.94995,1734.94995,1734.94995,1734.94995,0.0,-50.0200005,-50.0200005,-50.0200005,-50.0200005,0.0
2019-10-01,1723.15002,1723.15002,1723.15002,1723.15002,0.0,-125.860001,-125.860001,-125.860001,-125.860001,0.0
2019-10-02,1710.54004,1710.54004,1710.54004,1710.54004,0.0,-201.949997,-201.949997,-201.949997,-201.949997,0.0
2019-10-03,1715.94995,1715.94995,1715.94995,1715.94995,0.0,-141.089996,-141.089996,-141.089996,-141.089996,0.0
2019-10-04,1727.73999,1727.73999,1727.73999,1727.73999,0.0,-52.4300003,-52.4300003,-52.4300003,-52.4300003,0.0
2019-10-07,1721.80005,1721.80005,1721.80005,1721.80005,0.0,-88.2900009,-88.2900009,-88.2900009,-88.2900009,0.0
2019-10-08,1710.07996,1710.07996,1710.07996,1710.07996,0.0,-158.899994,-158.899994,-158.899994,-158.899994,0.0
2019-10-09,1717.81006,1717.81006,1717.81006,1717.81006,0.0,-95.1699982,-95.1699982,-95.1699982,-95.1699982,0.0
2019-10-10,1723.09998,1723.09998,1723.09998,1723.09998,0.0,-54.3699989,-54.3699989,-54.3699989,-54.3699989,0.0
2019-10-11,1733.51001,1733.51001,1733.51001,1733.51001,0.0,22.3199997,22.3199997,22.3199997,22.3199997,0.0
2019-10-14,1730.65002,1730.65002,1730.65002,1730.65002,0.0,-2.1500001,-2.1500001,-2.1500001,-2.1500001,0.0
2019-10-15,1737.68005,1737.68005,1737.68005,1737.68005,0.0,34.1699982,34.1699982,34.1699982,34.1699982,0.0
2019-10-16,1737.97998,1737.97998,1737.97998,1737.97998,0.0,26.8600006,26.8600006,26.8600006,26.8600006,0.0
2019-10-17,1745.63,1745.63,1745.63,1745.63,0.0,66.9300003,66.9300003,66.9300003,66.9300003,0.0
2019-10-18,1745.56995,1745.56995,1745.56995,1745.56995,0.0,45.3100014,45.3100014,45.3100014,45.3100014,0.0
2019-10-21,1753.76001,1753.76001,1753.76001,1753.76001,0.0,82.0299988,82.0299988,82.0299988,82.0299988,0.0
2019-10-22,1756.56006,1756.56006,1756.56006,1756.56006,0.0,87.1500015,87.1500015,87.1500015,87.1500015,0.0
2019-10-23,1761.45996,1761.45996,1761.45996,1761.45996,0.0,103.830002,103.830002,103.830002,103.830002,0.0
2019-10-24,1759.52002,1759.52002,1759.52002,1759.52002,0.0,69.0699997,69.0699997,69.0699997,69.0699997,0.0
2019-10-25,1762.15002,1762.15002,1762.15002,1762.15002,0.0,70.1800003,70.1800003,70.1800003,70.1800003,0.0
2019-10-28,1764.93994,1764.93994,1764.93994,1764.93994,0.0,63.9099998,63.9099998,63.9099998,63.9099998,0.0
2019-10-29,1766.81006,1766.81006,1766.81006,1766.81006,0.0,53.9000015,53.9000015,53.9000015,53.9000015,0.0
2019-10-30,1768.19995,1768.19995,1768.19995,1768.19995,0.0,44.2099991,44.2099991,44.2099991,44.2099991,0.0
2019-10-31,1762.63,1762.63,1762.63,1762.63,0.0,-9.47000027,-9.47000027,-9.47000027,-9.47000027,0.0
2019-11-01,1772.79004,1772.79004,1772.79004,1772.79004,0.0,51.2900009,51.2900009,51.2900009,51.2900009,0.0
2019-11-04,1777.81995,1777.81995,1777.81995,1777.81995,0.0,69.2200012,69.2200012,69.2200012,69.2200012,0.0
2019-11-05,1777.51001,1777.51001,1777.51001,1777.51001,0.0,40.6899986,40.6899986,40.6899986,40.6899986,0.0
2019-11-06,1776.44995,1776.44995,1776.44995,1776.44995,0.0,10.9799995,10.9799995,10.9799995,10.9799995,0.0
2019-11-07,1775.88,1775.88,1775.88,1775.88,0.0,-12.4700003,-12.4700003,-12.4700003,-12.4700003,0.0
2019-11-08,1777.02002,1777.02002,1777.02002,1777.02002,0.0,-11.71,-11.71,-11.71,-11.71,0.0
2019-11-11,1774.76001,1774.76001,1774.76001,1774.76001,0.0,-36.6899986,-36.6899986,-36.6899986,-36.6899986,0.0
2019-11-12,1773.18005,1773.18005,1773.18005,1773.18005,0.0,-48.6899986,-48.6899986,-48.6899986,-48.6899986,0.0
2019-11-13,1770.78003,1770.78003,1770.78003,1770.78003,0.0,-63.0200005,-63.0200005,-63.0200005,-63.0200005,0.0
2019-11-14,1772.71997,1772.71997,1772.71997,1772.71997,0.0,-51.75,-51.75,-51.75,-51.75,0.0
2019-11-15,1778.12,1778.12,1778.12,1778.12,0.0,-18.7399998,-18.7399998,-18.7399998,-18.7399998,0.0
2019-11-18,1775.51001,1775.51001,1775.51001,1775.51001,0.0,-46.2799988,-46.2799988,-46.2799988,-46.2799988,0.0
2019-11-19,1776.15002,1776.15002,1776.15002,1776.15002,0.0,-55.1300011,-55.1300011,-55.1300011,-55.1300011,0.0
2019-11-20,1772.84998,1772.84998,1772.84998,1772.84998,0.0,-74.9000015,-74.9000015,-74.9000015,-74.9000015,0.0
2019-11-21,1767.58997,1767.58997,1767.58997,1767.58997,0.0,-103.25,-103.25,-103.25,-103.25,0.0
2019-11-22,1771.78003,1771.78003,1771.78003,1771.78003,0.0,-67.0999985,-67.0999985,-67.0999985,-67.0999985,0.0
2019-11-25,1782.30005,1782.30005,1782.30005,1782.30005,0.0,4.36000013,4.36000013,4.36000013,4.36000013,0.0
2019-11-26,1784.53003,1784.53003,1784.53003,1784.53003,0.0,8.82999992,8.82999992,8.82999992,8.82999992,0.0
2019-11-27,1789.93005,1789.93005,1789.93005,1789.93005,0.0,30.8299999,30.8299999,30.8299999,30.8299999,0.0
2019-11-29,,,,,,9.64999962,9.64999962,9.64999962,9.64999962,0.0
2019-12-02,1779.45996,1779.45996,1779.45996,1779.45996,0.0,-67.6299973,-67.6299973,-67.6299973,-67.6299973,0.0
2019-12-03,1773.83997,1773.83997,1773.83997,1773.83997,0.0,-100.25,-100.25,-100.25,-100.25,0.0
2019-12-04,1782.87,1782.87,1782.87,1782.87,0.0,-33.8300018,-33.8300018,-33.8300018,-33.8300018,0.0
2019-12-05,1785.51001,1785.51001,1785.51001,1785.51001,0.0,-25.1100006,-25.1100006,-25.1100006,-25.1100006,0.0
2019-12-06,1796.09998,1796.09998,1796.09998,1796.09998,0.0,46.0800018,46.0800018,46.0800018,46.0800018,0.0
2019-12-09,1795.13,1795.13,1795.13,1795.13,0.0,32.3400002,32.3400002,32.3400002,32.3400002,0.0
2019-12-10,1794.48999,1794.48999,1794.48999,1794.48999,0.0,23.2099991,23.2099991,23.2099991,23.2099991,0.0
2019-12-11,1799.68005,1799.68005,1799.68005,1799.68005,0.0,51.3499985,51.3499985,51.3499985,51.3499985,0.0
2019-12-12,1804.80005,1804.80005,1804.80005,1804.80005,0.0,67.1999969,67.1999969,67.1999969,67.1999969,0.0
2019-12-13,1803.81006,1803.81006,1803.81006,1803.81006,0.0,48.0800018,48.0800018,48.0800018,48.0800018,0.0
2019-12-16,1812.06995,1812.06995,1812.06995,1812.06995,0.0,90.6100006,90.6100006,90.6100006,90.6100006,0.0
2019-12-17,1816.88,1816.88,1816.88,1816.88,0.0,103.660004,103.660004,103.660004,103.660004,0.0
2019-12-18,1821.32996,1821.32996,1821.32996,1821.32996,0.0,114.459999,114.459999,114.459999,114.459999,0.0
2019-12-19,1825.19995,1825.19995,1825.19995,1825.19995,0.0,115.669998,115.669998,115.669998,115.669998,0.0
2019-12-20,1829.81006,1829.81006,1829.81006,1829.81006,0.0,115.139999,115.139999,115.139999,115.139999,0.0
2019-12-23,1830.65002,1830.65002,1830.65002,1830.65002,0.0,100.919998,100.919998,100.919998,100.919998,0.0
2019-12-24,1833.52002,1833.52002,1833.52002,1833.52002,0.0,95.3099976,95.3099976,95.3099976,95.3099976,0.0
2019-12-26,,,,,,49.4099998,49.4099998,49.4099998,49.4099998,0.0
2019-12-27,1831.60999,1831.60999,1831.60999,1831.60999,0.0,15.3699999,15.3699999,15.3699999,15.3699999,0.0
2019-12-30,1826.56006,1826.56006,1826.56006,1826.56006,0.0,-32.3100014,-32.3100014,-32.3100014,-32.3100014,0.0
2019-12-31,1832.41003,1832.41003,1832.41003,1832.41003,0.0,3.18000007,3.18000007,3.18000007,3.18000007,0.0
2020-01-02,,,,,,-19.4799995,-19.4799995,-19.4799995,-19.4799995,0.0
2020-01-03,1829.67004,1829.67004,1829.67004,1829.67004,0.0,-37.1500015,-37.1500015,-37.1500015,-37.1500015,0.0
2020-01-06,1830.10999,1830.10999,1830.10999,1830.10999,0.0,-32.25,-32.25,-32.25,-32.25,0.0
2020-01-07,1826.45996,1826.45996,1826.45996,1826.45996,0.0,-57.3899994,-57.3899994,-57.3899994,-57.3899994,0.0
2020-01-08,1830.65002,1830.65002,1830.65002,1830.65002,0.0,-32.8400002,-32.8400002,-32.8400002,-32.8400002,0.0
2020-01-09,1833.52002,1833.52002,1833.52002,1833.52002,0.0,-20.7700005,-20.7700005,-20.7700005,-20.7700005,0.0
2020-01-10,1831.32996,1831.32996,1831.32996,1831.32996,0.0,-41.9900017,-41.9900017,-41.9900017,-41.9900017,0.0
2020-01-13,1840.65002,1840.65002,1840.65002,1840.65002,0.0,13.1700001,13.1700001,13.1700001,13.1700001,0.0
2020-01-14,1842.33997,1842.33997,1842.33997,1842.33997,0.0,14.3000002,14.3000002,14.3000002,14.3000002,0.0
2020-01-15,1845.29004,1845.29004,1845.29004,1845.29004,0.0,17.8700008,17.8700008,17.8700008,17.8700008,0.0
2020-01-16,1855.78003,1855.78003,1855.78003,1855.78003,0.0,63.9399986,63.9399986,63.9399986,63.9399986,0.0
2020-01-17,1856.47998,1856.47998,1856.47998,1856.47998,0.0,46.1100006,46.1100006,46.1100006,46.1100006,0.0
2020-01-21,,,,,,13.3199997,13.3199997,13.3199997,13.3199997,0.0
2020-01-22,1856.95996,1856.95996,1856.95996,1856.95996,0.0,-0.579999983,-0.579999983,-0.579999983,-0.579999983,0.0
2020-01-23,1857.75,1857.75,1857.75,1857.75,0.0,-13.3900003,-13.3900003,-13.3900003,-13.3900003,0.0
2020-01-24,1848.03003,1848.03003,1848.03003,1848.03003,0.0,-85.3799973,-85.3799973,-85.3799973,-85.3799973,0.0
2020-01-27,1834.57996,1834.57996,1834.57996,1834.57996,0.0,-171.860001,-171.860001,-171.860001,-171.860001,0.0
2020-01-28,1843.81006,1843.81006,1843.81006,1843.81006,0.0,-99.3300018,-99.3300018,-99.3300018,-99.3300018,0.0
2020-01-29,1842.47998,1842.47998,1842.47998,1842.47998,0.0,-96.2099991,-96.2099991,-96.2099991,-96.2099991,0.0
2020-01-30,1843.62,1843.62,1843.62,1843.62,0.0,-88.8600006,-88.8600006,-88.8600006,-88.8600006,0.0
2020-01-31,1829.59998,1829.59998,1829.59998,1829.59998,0.0,-172.649994,-172.649994,-172.649994,-172.649994,0.0
2020-02-03,1836.96997,1836.96997,1836.96997,1836.96997,0.0,-110.540001,-110.540001,-110.540001,-110.540001,0.0
2020-02-04,1847.27002,1847.27002,1847.27002,1847.27002,0.0,-35.5299988,-35.5299988,-35.5299988,-35.5299988,0.0
2020-02-05,1858.96997,1858.96997,1858.96997,1858.96997,0.0,39.2999992,39.2999992,39.2999992,39.2999992,0.0
2020-02-06,1857.35999,1857.35999,1857.35999,1857.35999,0.0,19.75,19.75,19.75,19.75,0.0
2020-02-07,1850.67004,1850.67004,1850.67004,1850.67004,0.0,-32.5099983,-32.5099983,-32.5099983,-32.5099983,0.0
2020-02-10,1855.68994,1855.68994,1855.68994,1855.68994,0.0,-10.4700003,-10.4700003,-10.4700003,-10.4700003,0.0
2020-02-11,1863.89001,1863.89001,1863.89001,1863.89001,0.0,41.1100006,41.1100006,41.1100006,41.1100006,0.0
2020-02-12,1869.41003,1869.41003,1869.41003,1869.41003,0.0,57.5800018,57.5800018,57.5800018,57.5800018,0.0
2020-02-13,1868.56995,1868.56995,1868.56995,1868.56995,0.0,32.5,32.5,32.5,32.5,0.0
2020-02-14,1868.5,1868.5,1868.5,1868.5,0.0,22.0300007,22.0300007,22.0300007,22.0300007,0.0
2020-02-18,,,,,,2.18000007,2.18000007,2.18000007,2.18000007,0.0
2020-02-19,1871.15002,1871.15002,1871.15002,1871.15002,0.0,4.36999989,4.36999989,4.36999989,4.36999989,0.0
2020-02-20,1875.06995,1875.06995,1875.06995,1875.06995,0.0,26.2199993,26.2199993,26.2199993,26.2199993,0.0
2020-02-21,1866.29004,1866.29004,1866.29004,1866.29004,0.0,-46.0499992,-46.0499992,-46.0499992,-46.0499992,0.0
2020-02-24,1848.59998,1848.59998,1848.59998,1848.59998,0.0,-170.789993,-170.789993,-170.789993,-170.789993,0.0
2020-02-25,1830.43005,1830.43005,1830.43005,1830.43005,0.0,-277.609985,-277.609985,-277.609985,-277.609985,0.0
2020-02-26,1822.53003,1822.53003,1822.53003,1822.53003,0.0,-290.470001,-290.470001,-290.470001,-290.470001,0.0
2020-02-27,1804.31995,1804.31995,1804.31995,1804.31995,0.0,-376.869995,-376.869995,-376.869995,-376.869995,0.0
2020-02-28,1792.62,1792.62,1792.62,1792.62,0.0,-404.320007,-404.320007,-404.320007,-404.320007,0.0
2020-03-02,1807.63,1807.63,1807.63,1807.63,0.0,-246.5,-246.5,-246.5,-246.5,0.0
2020-03-03,1799.19995,1799.19995,1799.19995,1799.19995,0.0,-258.230011,-258.230011,-258.230011,-258.230011,0.0
2020-03-04,1815.40002,1815.40002,1815.40002,1815.40002,0.0,-109.480003,-109.480003,-109.480003,-109.480003,0.0
2020-03-05,1797.93994,1797.93994,1797.93994,1797.93994,0.0,-211.020004,-211.020004,-211.020004,-211.020004,0.0
2020-03-06,1784.39001,1784.39001,1784.39001,1784.39001,0.0,-274.920013,-274.920013,-274.920013,-274.920013,0.0
2020-03-09,1763.70996,1763.70996,1763.70996,1763.70996,0.0,-377.48999,-377.48999,-377.48999,-377.48999,0.0
2020-03-10,1776.09998,1776.09998,1776.09998,1776.09998,0.0,-231.75,-231.75,-231.75,-231.75,0.0
2020-03-11,1756.16003,1756.16003,1756.16003,1756.16003,0.0,-327.73999,-327.73999,-327.73999,-327.73999,0.0
2020-03-12,1735.28003,1735.28003,1735.28003,1735.28003,0.0,-419.98999,-419.98999,-419.98999,-419.98999,0.0
2020-03-13,1752.17004,1752.17004,1752.17004,1752.17004,0.0,-229.080002,-229.080002,-229.080002,-229.080002,0.0
2020-03-16,1732.04004,1732.04004,1732.04004,1732.04004,0.0,-328.359985,-328.359985,-328.359985,-328.359985,0.0
2020-03-17,1738.42004,1738.42004,1738.42004,1738.42004,0.0,-231.050003,-231.050003,-231.050003,-231.050003,0.0
2020-03-18,1719.37,1719.37,1719.37,1719.37,0.0,-318.540009,-318.540009,-318.540009,-318.540009,0.0
2020-03-19,1730.38,1730.38,1730.38,1730.38,0.0,-171.5,-171.5,-171.5,-171.5,0.0
2020-03-20,1725.72998,1725.72998,1725.72998,1725.72998,0.0,-148.589996,-148.589996,-148.589996,-148.589996,0.0
2020-03-23,1713.94995,1713.94995,1713.94995,1713.94995,0.0,-193.339996,-193.339996,-193.339996,-193.339996,0.0
2020-03-24,1732.65002,1732.65002,1732.65002,1732.65002,0.0,-14.25,-14.25,-14.25,-14.25,0.0
2020-03-25,1745.34998,1745.34998,1745.34998,1745.34998,0.0,102.580002,102.580002,102.580002,102.580002,0.0
2020-03-26,1761.63,1761.63,1761.63,1761.63,0.0,221.800003,221.800003,221.800003,221.800003,0.0
2020-03-27,1748.60999,1748.60999,1748.60999,1748.60999,0.0,120.309998,120.309998,120.309998,120.309998,0.0
2020-03-30,1753.91003,1753.91003,1753.91003,1753.91003,0.0,149.330002,149.330002,149.330002,149.330002,0.0
2020-03-31,1750.5,1750.5,1750.5,1750.5,0.0,125.440002,125.440002,125.440002,125.440002,0.0
2020-04-01,1731.66003,1731.66003,1731.66003,1731.66003,0.0,-8.15999985,-8.15999985,-8.15999985,-8.15999985,0.0
2020-04-02,1736.47998,1736.47998,1736.47998,1736.47998,0.0,38.6100006,38.6100006,38.6100006,38.6100006,0.0
2020-04-03,1723.71997,1723.71997,1723.71997,1723.71997,0.0,-37.2700005,-37.2700005,-37.2700005,-37.2700005,0.0
2020-04-06,1742.70996,1742.70996,1742.70996,1742.70996,0.0,112.010002,112.010002,112.010002,112.010002,0.0
2020-04-07,1751.64001,1751.64001,1751.64001,1751.64001,0.0,179.490005,179.490005,179.490005,179.490005,0.0
2020-04-08,1768.80005,1768.80005,1768.80005,1768.80005,0.0,289.089996,289.089996,289.089996,289.089996,0.0
2020-04-09,1784.45996,1784.45996,1784.45996,1784.45996,0.0,370.450012,370.450012,370.450012,370.450012,0.0
2020-04-13,,,,,,290.420013,290.420013,290.420013,290.420013,0.0
2020-04-14,1795.31006,1795.31006,1795.31006,1795.31006,0.0,330.089996,330.089996,330.089996,330.089996,0.0
2020-04-15,1779.75,1779.75,1779.75,1779.75,0.0,185.470001,185.470001,185.470001,185.470001,0.0
2020-04-16,1774.26001,1774.26001,1774.26001,1774.26001,0.0,126.940002,126.940002,126.940002,126.940002,0.0
2020-04-17,1790.31006,1790.31006,1790.31006,1790.31006,0.0,221.059998,221.059998,221.059998,221.059998,0.0
2020-04-20,1777.55005,1777.55005,1777.55005,1777.55005,0.0,109.709999,109.709999,109.709999,109.709999,0.0
2020-04-21,1763.66003,1763.66003,1763.66003,1763.66003,0.0,6.92000008,6.92000008,6.92000008,6.92000008,0.0
2020-04-22,1772.53003,1772.53003,1772.53003,1772.53003,0.0,71.4400024,71.4400024,71.4400024,71.4400024,0.0
2020-04-23,1776.67004,1776.67004,1776.67004,1776.67004,0.0,98.8099976,98.8099976,98.8099976,98.8099976,0.0
2020-04-24,1782.43005,1782.43005,1782.43005,1782.43005,0.0,124.489998,124.489998,124.489998,124.489998,0.0
2020-04-27,1795.91003,1795.91003,1795.91003,1795.91003,0.0,196.0,196.0,196.0,196.0,0.0
2020-04-28,1805.87,1805.87,1805.87,1805.87,0.0,234.279999,234.279999,234.279999,234.279999,0.0
2020-04-29,1822.57996,1822.57996,1822.57996,1822.57996,0.0,316.040009,316.040009,316.040009,316.040009,0.0
2020-04-30,1810.72998,1810.72998,1810.72998,1810.72998,0.0,196.410004,196.410004,196.410004,196.410004,0.0
2020-05-01,1794.56995,1794.56995,1794.56995,1794.56995,0.0,57.7700005,57.7700005,57.7700005,57.7700005,0.0
2020-05-04,1793.13,1793.13,1793.13,1793.13,0.0,37.6699982,37.6699982,37.6699982,37.6699982,0.0
2020-05-05,1796.19995,1796.19995,1796.19995,1796.19995,0.0,46.8899994,46.8899994,46.8899994,46.8899994,0.0
2020-05-06,1787.46997,1787.46997,1787.46997,1787.46997,0.0,-21.4899998,-21.4899998,-21.4899998,-21.4899998,0.0
2020-05-07,1797.98999,1797.98999,1797.98999,1797.98999,0.0,49.1100006,49.1100006,49.1100006,49.1100006,0.0
2020-05-08,1813.31006,1813.31006,1813.31006,1813.31006,0.0,140.289993,140.289993,140.289993,140.289993,0.0
2020-05-11,1805.69995,1805.69995,1805.69995,1805.69995,0.0,70.9899979,70.9899979,70.9899979,70.9899979,0.0
2020-05-12,1793.01001,1793.01001,1793.01001,1793.01001,0.0,-26.3500004,-26.3500004,-26.3500004,-26.3500004,0.0
2020-05-13,1775.94995,1775.94995,1775.94995,1775.94995,0.0,-145.699997,-145.699997,-145.699997,-145.699997,0.0
2020-05-14,1778.29004,1778.29004,1778.29004,1778.29004,0.0,-118.260002,-118.260002,-118.260002,-118.260002,0.0
2020-05-15,1781.34998,1781.34998,1781.34998,1781.34998,0.0,-84.3199997,-84.3199997,-84.3199997,-84.3199997,0.0
2020-05-18,1799.0,1799.0,1799.0,1799.0,0.0,44.25,44.25,44.25,44.25,0.0
2020-05-19,1792.40002,1792.40002,1792.40002,1792.40002,0.0,0.170000002,0.170000002,0.170000002,0.170000002,0.0
2020-05-20,1806.29004,1806.29004,1806.29004,1806.29004,0.0,87.8700027,87.8700027,87.8700027,87.8700027,0.0
2020-05-21,1806.27002,1806.27002,1806.27002,1806.27002,0.0,78.1100006,78.1100006,78.1100006,78.1100006,0.0
2020-05-22,1808.79004,1808.79004,1808.79004,1808.79004,0.0,80.7900009,80.7900009,80.7900009,80.7900009,0.0
2020-05-26,,,,,,52.1800003,52.1800003,52.1800003,52.1800003,0.0
2020-05-27,1823.17004,1823.17004,1823.17004,1823.17004,0.0,134.270004,134.270004,134.270004,134.270004,0.0
2020-05-28,1818.13,1818.13,1818.13,1818.13,0.0,78.4300003,78.4300003,78.4300003,78.4300003,0.0
2020-05-29,1816.15002,1816.15002,1816.15002,1816.15002,0.0,52.1699982,52.1699982,52.1699982,52.1699982,0.0
2020-06-01,1827.51001,1827.51001,1827.51001,1827.51001,0.0,115.449997,115.449997,115.449997,115.449997,0.0
2020-06-02,1838.42004,1838.42004,1838.42004,1838.42004,0.0,164.470001,164.470001,164.470001,164.470001,0.0
2020-06-03,1852.18994,1852.18994,1852.18994,1852.18994,0.0,226.889999,226.889999,226.889999,226.889999,0.0
2020-06-04,1853.87,1853.87,1853.87,1853.87,0.0,197.550003,197.550003,197.550003,197.550003,0.0
2020-06-05,1869.41003,1869.41003,1869.41003,1869.41003,0.0,264.76001,264.76001,264.76001,264.76001,0.0
2020-06-08,1882.66003,1882.66003,1882.66003,1882.66003,0.0,312.600006,312.600006,312.600006,312.600006,0.0
2020-06-09,1868.73999,1868.73999,1868.73999,1868.73999,0.0,166.899994,166.899994,166.899994,166.899994,0.0
2020-06-10,1857.81006,1857.81006,1857.81006,1857.81006,0.0,59.3699989,59.3699989,59.3699989,59.3699989,0.0
2020-06-11,1836.73999,1836.73999,1836.73999,1836.73999,0.0,-108.760002,-108.760002,-108.760002,-108.760002,0.0
2020-06-12,1849.81006,1849.81006,1849.81006,1849.81006,0.0,-23.5699997,-23.5699997,-23.5699997,-23.5699997,0.0
2020-06-15,1856.84998,1856.84998,1856.84998,1856.84998,0.0,13.3999996,13.3999996,13.3999996,13.3999996,0.0
2020-06-16,1871.78003,1871.78003,1871.78003,1871.78003,0.0,98.0999985,98.0999985,98.0999985,98.0999985,0.0
2020-06-17,1862.95996,1862.95996,1862.95996,1862.95996,0.0,18.3500004,18.3500004,18.3500004,18.3500004,0.0
2020-06-18,1860.0,1860.0,1860.0,1860.0,0.0,-17.1200008,-17.1200008,-17.1200008,-17.1200008,0.0
2020-06-19,1852.80005,1852.80005,1852.80005,1852.80005,0.0,-73.3099976,-73.3099976,-73.3099976,-73.3099976,0.0
2020-06-22,1854.35999,1854.35999,1854.35999,1854.35999,0.0,-69.8899994,-69.8899994,-69.8899994,-69.8899994,0.0
2020-06-23,1857.31995,1857.31995,1857.31995,1857.31995,0.0,-49.7999992,-49.7999992,-49.7999992,-49.7999992,0.0
2020-06-24,1839.66003,1839.66003,1839.66003,1839.66003,0.0,-173.380005,-173.380005,-173.380005,-173.380005,0.0
2020-06-25,1847.69995,1847.69995,1847.69995,1847.69995,0.0,-113.690002,-113.690002,-113.690002,-113.690002,0.0
2020-06-26,1832.94995,1832.94995,1832.94995,1832.94995,0.0,-205.300003,-205.300003,-205.300003,-205.300003,0.0
2020-06-29,1844.98999,1844.98999,1844.98999,1844.98999,0.0,-110.040001,-110.040001,-110.040001,-110.040001,0.0
2020-06-30,1853.41003,1853.41003,1853.41003,1853.41003,0.0,-56.6300011,-56.6300011,-56.6300011,-56.6300011,0.0
2020-07-01,1852.54004,1852.54004,1852.54004,1852.54004,0.0,-54.4799995,-54.4799995,-54.4799995,-54.4799995,0.0
2020-07-02,1858.06006,1858.06006,1858.06006,1858.06006,0.0,-17.0200005,-17.0200005,-17.0200005,-17.0200005,0.0
2020-07-06,,,,,,-27.9500008,-27.9500008,-27.9500008,-27.9500008,0.0
2020-07-07,1845.59998,1845.59998,1845.59998,1845.59998,0.0,-113.220001,-113.220001,-113.220001,-113.220001,0.0
2020-07-08,1850.21997,1850.21997,1850.21997,1850.21997,0.0,-75.9599991,-75.9599991,-75.9599991,-75.9599991,0.0
2020-07-09,1838.03003,1838.03003,1838.03003,1838.03003,0.0,-145.75,-145.75,-145.75,-145.75,0.0
2020-07-10,1849.71997,1849.71997,1849.71997,1849.71997,0.0,-50.8100014,-50.8100014,-50.8100014,-50.8100014,0.0
2020-07-13,1844.57996,1844.57996,1844.57996,1844.57996,0.0,-92.25,-92.25,-92.25,-92.25,0.0
2020-07-14,1852.10999,1852.10999,1852.10999,1852.10999,0.0,-42.9000015,-42.9000015,-42.9000015,-42.9000015,0.0
2020-07-15,1867.67004,1867.67004,1867.67004,1867.67004,0.0,63.2400017,63.2400017,63.2400017,63.2400017,0.0
2020-07-16,1864.91003,1864.91003,1864.91003,1864.91003,0.0,33.4900017,33.4900017,33.4900017,33.4900017,0.0
2020-07-17,1866.82996,1866.82996,1866.82996,1866.82996,0.0,37.2099991,37.2099991,37.2099991,37.2099991,0.0
2020-07-20,1862.87,1862.87,1862.87,1862.87,0.0,4.09000015,4.09000015,4.09000015,4.09000015,0.0
2020-07-21,1874.91003,1874.91003,1874.91003,1874.91003,0.0,77.0299988,77.0299988,77.0299988,77.0299988,0.0
2020-07-22,1880.15002,1880.15002,1880.15002,1880.15002,0.0,86.0100021,86.0100021,86.0100021,86.0100021,0.0
2020-07-23,1879.01001,1879.01001,1879.01001,1879.01001,0.0,57.0900002,57.0900002,57.0900002,57.0900002,0.0
2020-07-24,1871.46997,1871.46997,1871.46997,1871.46997,0.0,-6.38999987,-6.38999987,-6.38999987,-6.38999987,0.0
2020-07-27,1876.66003,1876.66003,1876.66003,1876.66003,0.0,18.0599995,18.0599995,18.0599995,18.0599995,0.0
2020-07-28,1874.06006,1874.06006,1874.06006,1874.06006,0.0,-8.30000019,-8.30000019,-8.30000019,-8.30000019,0.0
2020-07-29,1888.56995,1888.56995,1888.56995,1888.56995,0.0,79.3700027,79.3700027,79.3700027,79.3700027,0.0
2020-07-30,1881.04004,1881.04004,1881.04004,1881.04004,0.0,9.97999954,9.97999954,9.97999954,9.97999954,0.0
2020-07-31,1876.93005,1876.93005,1876.93005,1876.93005,0.0,-24.8899994,-24.8899994,-24.8899994,-24.8899994,0.0
2020-08-03,1883.0,1883.0,1883.0,1883.0,0.0,12.9499998,12.9499998,12.9499998,12.9499998,0.0
2020-08-04,1889.45996,1889.45996,1889.45996,1889.45996,0.0,45.2799988,45.2799988,45.2799988,45.2799988,0.0
2020-08-05,1898.94995,1898.94995,1898.94995,1898.94995,0.0,88.8499985,88.8499985,88.8499985,88.8499985,0.0
2020-08-06,1898.28003,1898.28003,1898.28003,1898.28003,0.0,64.1200027,64.1200027,64.1200027,64.1200027,0.0
2020-08-07,1904.88,1904.88,1904.88,1904.88,0.0,86.4100037,86.4100037,86.4100037,86.4100037,0.0
2020-08-10,1914.60999,1914.60999,1914.60999,1914.60999,0.0,132.639999,132.639999,132.639999,132.639999,0.0
2020-08-11,1914.79004,1914.79004,1914.79004,1914.79004,0.0,101.360001,101.360001,101.360001,101.360001,0.0
2020-08-12,1920.09998,1920.09998,1920.09998,1920.09998,0.0,111.650002,111.650002,111.650002,111.650002,0.0
2020-08-13,1914.12,1914.12,1914.12,1914.12,0.0,49.9700012,49.9700012,49.9700012,49.9700012,0.0
2020-08-14,1913.62,1913.62,1913.62,1913.62,0.0,31.4799995,31.4799995,31.4799995,31.4799995,0.0
2020-08-17,1914.30005,1914.30005,1914.30005,1914.30005,0.0,19.3500004,19.3500004,19.3500004,19.3500004,0.0
2020-08-18,1908.23999,1908.23999,1908.23999,1908.23999,0.0,-30.2900009,-30.2900009,-30.2900009,-30.2900009,0.0
2020-08-19,1903.97998,1903.97998,1903.97998,1903.97998,0.0,-69.1200027,-69.1200027,-69.1200027,-69.1200027,0.0
2020-08-20,1898.89001,1898.89001,1898.89001,1898.89001,0.0,-102.650002,-102.650002,-102.650002,-102.650002,0.0
2020-08-21,1891.08997,1891.08997,1891.08997,1891.08997,0.0,-150.240005,-150.240005,-150.240005,-150.240005,0.0
2020-08-24,1901.56006,1901.56006,1901.56006,1901.56006,0.0,-71.7600021,-71.7600021,-71.7600021,-71.7600021,0.0
2020-08-25,1900.69995,1900.69995,1900.69995,1900.69995,0.0,-73.4499969,-73.4499969,-73.4499969,-73.4499969,0.0
2020-08-26,1895.60999,1895.60999,1895.60999,1895.60999,0.0,-104.949997,-104.949997,-104.949997,-104.949997,0.0
2020-08-27,1898.23999,1898.23999,1898.23999,1898.23999,0.0,-82.3000031,-82.3000031,-82.3000031,-82.3000031,0.0
2020-08-28,1907.20996,1907.20996,1907.20996,1907.20996,0.0,-21.8999996,-21.8999996,-21.8999996,-21.8999996,0.0
2020-08-31,1897.35999,1897.35999,1897.35999,1897.35999,0.0,-91.7300034,-91.7300034,-91.7300034,-91.7300034,0.0
2020-09-01,1903.84998,1903.84998,1903.84998,1903.84998,0.0,-48.3400002,-48.3400002,-48.3400002,-48.3400002,0.0
2020-09-02,1912.82996,1912.82996,1912.82996,1912.82996,0.0,-1.01999998,-1.01999998,-1.01999998,-1.01999998,0.0
2020-09-03,1898.56995,1898.56995,1898.56995,1898.56995,0.0,-103.660004,-103.660004,-103.660004,-103.660004,0.0
2020-09-04,1894.06995,1894.06995,1894.06995,1894.06995,0.0,-126.519997,-126.519997,-126.519997,-126.519997,0.0
2020-09-08,,,,,,-102.550003,-102.550003,-102.550003,-102.550003,0.0
2020-09-09,1904.84998,1904.84998,1904.84998,1904.84998,0.0,-17.5300007,-17.5300007,-17.5300007,-17.5300007,0.0
2020-09-10,1895.08997,1895.08997,1895.08997,1895.08997,0.0,-76.0,-76.0,-76.0,-76.0,0.0
2020-09-11,1895.19995,1895.19995,1895.19995,1895.19995,0.0,-77.0100021,-77.0100021,-77.0100021,-77.0100021,0.0
2020-09-14,1907.76001,1907.76001,1907.76001,1907.76001,0.0,13.5699997,13.5699997,13.5699997,13.5699997,0.0
2020-09-15,1908.90002,1908.90002,1908.90002,1908.90002,0.0,19.7299995,19.7299995,19.7299995,19.7299995,0.0
2020-09-16,1914.06995,1914.06995,1914.06995,1914.06995,0.0,46.6699982,46.6699982,46.6699982,46.6699982,0.0
2020-09-17,1908.46997,1908.46997,1908.46997,1908.46997,0.0,-1.17999995,-1.17999995,-1.17999995,-1.17999995,0.0
2020-09-18,1899.51001,1899.51001,1899.51001,1899.51001,0.0,-55.25,-55.25,-55.25,-55.25,0.0
2020-09-21,1882.54004,1882.54004,1882.54004,1882.54004,0.0,-162.669998,-162.669998,-162.669998,-162.669998,0.0
2020-09-22,1886.21997,1886.21997,1886.21997,1886.21997,0.0,-123.769997,-123.769997,-123.769997,-123.769997,0.0
2020-09-23,1868.10999,1868.10999,1868.10999,1868.10999,0.0,-235.320007,-235.320007,-235.320007,-235.320007,0.0
2020-09-24,1868.96997,1868.96997,1868.96997,1868.96997,0.0,-204.720001,-204.720001,-204.720001,-204.720001,0.0
2020-09-25,1879.06006,1879.06006,1879.06006,1879.06006,0.0,-106.300003,-106.300003,-106.300003,-106.300003,0.0
2020-09-28,1895.34998,1895.34998,1895.34998,1895.34998,0.0,16.5900002,16.5900002,16.5900002,16.5900002,0.0
2020-09-29,1887.39001,1887.39001,1887.39001,1887.39001,0.0,-30.3600006,-30.3600006,-30.3600006,-30.3600006,0.0
2020-09-30,1890.14001,1890.14001,1890.14001,1890.14001,0.0,-17.5200005,-17.5200005,-17.5200005,-17.5200005,0.0
2020-10-01,1898.75,1898.75,1898.75,1898.75,0.0,41.1199989,41.1199989,41.1199989,41.1199989,0.0
2020-10-02,1905.94995,1905.94995,1905.94995,1905.94995,0.0,74.1100006,74.1100006,74.1100006,74.1100006,0.0
2020-10-05,1919.0,1919.0,1919.0,1919.0,0.0,141.449997,141.449997,141.449997,141.449997,0.0
2020-10-06,1913.98999,1913.98999,1913.98999,1913.98999,0.0,83.0199966,83.0199966,83.0199966,83.0199966,0.0
2020-10-07,1925.78003,1925.78003,1925.78003,1925.78003,0.0,142.820007,142.820007,142.820007,142.820007,0.0
2020-10-08,1938.43005,1938.43005,1938.43005,1938.43005,0.0,199.690002,199.690002,199.690002,199.690002,0.0
2020-10-09,1938.70996,1938.70996,1938.70996,1938.70996,0.0,170.330002,170.330002,170.330002,170.330002,0.0
2020-10-12,1944.93994,1944.93994,1944.93994,1944.93994,0.0,178.240005,178.240005,178.240005,178.240005,0.0
2020-10-13,1936.01001,1936.01001,1936.01001,1936.01001,0.0,92.0400009,92.0400009,92.0400009,92.0400009,0.0
2020-10-14,1929.66003,1929.66003,1929.66003,1929.66003,0.0,31.6000004,31.6000004,31.6000004,31.6000004,0.0
2020-10-15,1933.29004,1933.29004,1933.29004,1933.29004,0.0,39.7999992,39.7999992,39.7999992,39.7999992,0.0
2020-10-16,1929.64001,1929.64001,1929.64001,1929.64001,0.0,1.54999995,1.54999995,1.54999995,1.54999995,0.0
2020-10-19,1917.79004,1917.79004,1917.79004,1917.79004,0.0,-77.75,-77.75,-77.75,-77.75,0.0
2020-10-20,1927.37,1927.37,1927.37,1927.37,0.0,-14.5200005,-14.5200005,-14.5200005,-14.5200005,0.0
2020-10-21,1921.14001,1921.14001,1921.14001,1921.14001,0.0,-67.1100006,-67.1100006,-67.1100006,-67.1100006,0.0
2020-10-22,1930.12,1930.12,1930.12,1930.12,0.0,-4.63000011,-4.63000011,-4.63000011,-4.63000011,0.0
2020-10-23,1936.05005,1936.05005,1936.05005,1936.05005,0.0,31.8099995,31.8099995,31.8099995,31.8099995,0.0
2020-10-26,1918.82996,1918.82996,1918.82996,1918.82996,0.0,-97.4199982,-97.4199982,-97.4199982,-97.4199982,0.0
2020-10-27,1909.39001,1909.39001,1909.39001,1909.39001,0.0,-145.820007,-145.820007,-145.820007,-145.820007,0.0
2020-10-28,1890.48999,1890.48999,1890.48999,1890.48999,0.0,-261.48999,-261.48999,-261.48999,-261.48999,0.0
2020-10-29,1898.66003,1898.66003,1898.66003,1898.66003,0.0,-175.710007,-175.710007,-175.710007,-175.710007,0.0
2020-10-30,1893.08997,1893.08997,1893.08997,1893.08997,0.0,-189.820007,-189.820007,-189.820007,-189.820007,0.0
2020-11-02,1906.29004,1906.29004,1906.29004,1906.29004,0.0,-87.2099991,-87.2099991,-87.2099991,-87.2099991,0.0
2020-11-03,1921.5,1921.5,1921.5,1921.5,0.0,23.5300007,23.5300007,23.5300007,23.5300007,0.0
2020-11-04,1922.31006,1922.31006,1922.31006,1922.31006,0.0,35.25,35.25,35.25,35.25,0.0
2020-11-05,1936.94995,1936.94995,1936.94995,1936.94995,0.0,123.68,123.68,123.68,123.68,0.0
2020-11-06,1931.73999,1931.73999,1931.73999,1931.73999,0.0,67.2600021,67.2600021,67.2600021,67.2600021,0.0
2020-11-09,1944.51001,1944.51001,1944.51001,1944.51001,0.0,143.990005,143.990005,143.990005,143.990005,0.0
2020-11-10,1952.60999,1952.60999,1952.60999,1952.60999,0.0,171.229996,171.229996,171.229996,171.229996,0.0
2020-11-11,1952.23999,1952.23999,1952.23999,1952.23999,0.0,144.940002,144.940002,144.940002,144.940002,0.0
2020-11-12,1938.81006,1938.81006,1938.81006,1938.81006,0.0,33.2700005,33.2700005,33.2700005,33.2700005,0.0
2020-11-13,1953.97998,1953.97998,1953.97998,1953.97998,0.0,123.199997,123.199997,123.199997,123.199997,0.0
2020-11-16,1969.37,1969.37,1969.37,1969.37,0.0,204.100006,204.100006,204.100006,204.100006,0.0
2020-11-17,1971.81006,1971.81006,1971.81006,1971.81006,0.0,185.820007,185.820007,185.820007,185.820007,0.0
2020-11-18,1965.06006,1965.06006,1965.06006,1965.06006,0.0,114.260002,114.260002,114.260002,114.260002,0.0
2020-11-19,1970.43994,1970.43994,1970.43994,1970.43994,0.0,131.479996,131.479996,131.479996,131.479996,0.0
2020-11-20,1967.34998,1967.34998,1967.34998,1967.34998,0.0,90.5500031,90.5500031,90.5500031,90.5500031,0.0
2020-11-23,1979.33997,1979.33997,1979.33997,1979.33997,0.0,152.669998,152.669998,152.669998,152.669998,0.0
2020-11-24,1991.64001,1991.64001,1991.64001,1991.64001,0.0,204.199997,204.199997,204.199997,204.199997,0.0
2020-11-25,1986.70996,1986.70996,1986.70996,1986.70996,0.0,140.880005,140.880005,140.880005,140.880005,0.0
2020-11-27,,,,,,82.0699997,82.0699997,82.0699997,82.0699997,0.0
2020-11-30,1975.91003,1975.91003,1975.91003,1975.91003,0.0,-8.77999973,-8.77999973,-8.77999973,-8.77999973,0.0
2020-12-01,1986.08997,1986.08997,1986.08997,1986.08997,0.0,44.7700005,44.7700005,44.7700005,44.7700005,0.0
2020-12-02,1990.56006,1990.56006,1990.56006,1990.56006,0.0,57.5200005,57.5200005,57.5200005,57.5200005,0.0
2020-12-03,1996.43994,1996.43994,1996.43994,1996.43994,0.0,83.2099991,83.2099991,83.2099991,83.2099991,0.0
2020-12-04,2009.95996,2009.95996,2009.95996,2009.95996,0.0,150.0,150.0,150.0,150.0,0.0
2020-12-07,2004.47998,2004.47998,2004.47998,2004.47998,0.0,87.1299973,87.1299973,87.1299973,87.1299973,0.0
2020-12-08,2011.19995,2011.19995,2011.19995,2011.19995,0.0,102.209999,102.209999,102.209999,102.209999,0.0
2020-12-09,2010.68994,2010.68994,2010.68994,2010.68994,0.0,72.0899963,72.0899963,72.0899963,72.0899963,0.0
2020-12-10,2011.46997,2011.46997,2011.46997,2011.46997,0.0,56.6899986,56.6899986,56.6899986,56.6899986,0.0
2020-12-11,2006.5,2006.5,2006.5,2006.5,0.0,4.84000015,4.84000015,4.84000015,4.84000015,0.0
2020-12-14,1999.30005,1999.30005,1999.30005,1999.30005,0.0,-58.1899986,-58.1899986,-58.1899986,-58.1899986,0.0
2020-12-15,2013.90002,2013.90002,2013.90002,2013.90002,0.0,15.5200005,15.5200005,15.5200005,15.5200005,0.0
2020-12-16,2010.81006,2010.81006,2010.81006,2010.81006,0.0,-13.8800001,-13.8800001,-13.8800001,-13.8800001,0.0
2020-12-17,2018.47998,2018.47998,2018.47998,2018.47998,0.0,25.1700001,25.1700001,25.1700001,25.1700001,0.0
2020-12-18,2013.85999,2013.85999,2013.85999,2013.85999,0.0,-18.9200001,-18.9200001,-18.9200001,-18.9200001,0.0
2020-12-21,2005.69995,2005.69995,2005.69995,2005.69995,0.0,-76.9199982,-76.9199982,-76.9199982,-76.9199982,0.0
2020-12-22,2000.78003,2000.78003,2000.78003,2000.78003,0.0,-105.419998,-105.419998,-105.419998,-105.419998,0.0
2020-12-23,2009.04004,2009.04004,2009.04004,2009.04004,0.0,-45.5699997,-45.5699997,-45.5699997,-45.5699997,0.0
2020-12-24,2013.25,2013.25,2013.25,2013.25,0.0,-19.2199993,-19.2199993,-19.2199993,-19.2199993,0.0
2020-12-28,,,,,,-39.2000008,-39.2000008,-39.2000008,-39.2000008,0.0
2020-12-29,2006.13,2006.13,2006.13,2006.13,0.0,-99.2900009,-99.2900009,-99.2900009,-99.2900009,0.0
2020-12-30,2014.42004,2014.42004,2014.42004,2014.42004,0.0,-45.9300003,-45.9300003,-45.9300003,-45.9300003,0.0
2020-12-31,2019.71997,2019.71997,2019.71997,2019.71997,0.0,-22.5,-22.5,-22.5,-22.5,0.0
2021-01-04,,,,,,-38.75,-38.75,-38.75,-38.75,0.0
2021-01-05,2030.5,2030.5,2030.5,2030.5,0.0,28.5699997,28.5699997,28.5699997,28.5699997,0.0
2021-01-06,2038.78003,2038.78003,2038.78003,2038.78003,0.0,58.3499985,58.3499985,58.3499985,58.3499985,0.0
2021-01-07,2042.97998,2042.97998,2042.97998,2042.97998,0.0,74.6999969,74.6999969,74.6999969,74.6999969,0.0
2021-01-08,2042.51001,2042.51001,2042.51001,2042.51001,0.0,55.9900017,55.9900017,55.9900017,55.9900017,0.0
2021-01-11,2037.56995,2037.56995,2037.56995,2037.56995,0.0,1.15999997,1.15999997,1.15999997,1.15999997,0.0
2021-01-12,2045.27002,2045.27002,2045.27002,2045.27002,0.0,44.1500015,44.1500015,44.1500015,44.1500015,0.0
2021-01-13,2044.17004,2044.17004,2044.17004,2044.17004,0.0,31.9699993,31.9699993,31.9699993,31.9699993,0.0
2021-01-14,2051.84009,2051.84009,2051.84009,2051.84009,0.0,68.3000031,68.3000031,68.3000031,68.3000031,0.0
2021-01-15,2043.78003,2043.78003,2043.78003,2043.78003,0.0,-14.8599997,-14.8599997,-14.8599997,-14.8599997,0.0
2021-01-19,,,,,,-36.0,-36.0,-36.0,-36.0,0.0
2021-01-20,2050.6001,2050.6001,2050.6001,2050.6001,0.0,0.610000014,0.610000014,0.610000014,0.610000014,0.0
2021-01-21,2044.04004,2044.04004,2044.04004,2044.04004,0.0,-52.3800011,-52.3800011,-52.3800011,-52.3800011,0.0
2021-01-22,2044.42004,2044.42004,2044.42004,2044.42004,0.0,-48.4900017,-48.4900017,-48.4900017,-48.4900017,0.0
2021-01-25,2040.27002,2040.27002,2040.27002,2040.27002,0.0,-82.3199997,-82.3199997,-82.3199997,-82.3199997,0.0
2021-01-26,2036.96997,2036.96997,2036.96997,2036.96997,0.0,-110.93,-110.93,-110.93,-110.93,0.0
2021-01-27,2022.5,2022.5,2022.5,2022.5,0.0,-217.589996,-217.589996,-217.589996,-217.589996,0.0
2021-01-28,2030.37,2030.37,2030.37,2030.37,0.0,-134.789993,-134.789993,-134.789993,-134.789993,0.0
2021-01-29,2017.51001,2017.51001,2017.51001,2017.51001,0.0,-202.910004,-202.910004,-202.910004,-202.910004,0.0
2021-02-01,2031.43005,2031.43005,2031.43005,2031.43005,0.0,-87.7200012,-87.7200012,-87.7200012,-87.7200012,0.0
2021-02-02,2043.5,2043.5,2043.5,2043.5,0.0,2.22000003,2.22000003,2.22000003,2.22000003,0.0
2021-02-03,2046.12,2046.12,2046.12,2046.12,0.0,20.3400002,20.3400002,20.3400002,20.3400002,0.0
2021-02-04,2057.67993,2057.67993,2057.67993,2057.67993,0.0,84.4499969,84.4499969,84.4499969,84.4499969,0.0
2021-02-05,2066.33008,2066.33008,2066.33008,2066.33008,0.0,118.169998,118.169998,118.169998,118.169998,0.0
2021-02-08,2077.98999,2077.98999,2077.98999,2077.98999,0.0,169.550003,169.550003,169.550003,169.550003,0.0
2021-02-09,2081.62988,2081.62988,2081.62988,2081.62988,0.0,158.330002,158.330002,158.330002,158.330002,0.0
2021-02-10,2082.77002,2082.77002,2082.77002,2082.77002,0.0,125.550003,125.550003,125.550003,125.550003,0.0
2021-02-11,2080.97998,2080.97998,2080.97998,2080.97998,0.0,74.1699982,74.1699982,74.1699982,74.1699982,0.0
2021-02-12,2083.04004,2083.04004,2083.04004,2083.04004,0.0,66.2600021,66.2600021,66.2600021,66.2600021,0.0
2021-02-16,,,,,,24.1900005,24.1900005,24.1900005,24.1900005,0.0
2021-02-17,2079.16992,2079.16992,2079.16992,2079.16992,0.0,-17.1700001,-17.1700001,-17.1700001,-17.1700001,0.0
2021-02-18,2069.46997,2069.46997,2069.46997,2069.46997,0.0,-88.5100021,-88.5100021,-88.5100021,-88.5100021,0.0
2021-02-19,2076.78003,2076.78003,2076.78003,2076.78003,0.0,-33.8600006,-33.8600006,-33.8600006,-33.8600006,0.0
2021-02-22,2076.1499,2076.1499,2076.1499,2076.1499,0.0,-49.9799995,-49.9799995,-49.9799995,-49.9799995,0.0
2021-02-23,2073.86011,2073.86011,2073.86011,2073.86011,0.0,-90.9100037,-90.9100037,-90.9100037,-90.9100037,0.0
2021-02-24,2084.1001,2084.1001,2084.1001,2084.1001,0.0,-31.2800007,-31.2800007,-31.2800007,-31.2800007,0.0
2021-02-25,2066.76001,2066.76001,2066.76001,2066.76001,0.0,-167.509995,-167.509995,-167.509995,-167.509995,0.0
2021-02-26,2062.07007,2062.07007,2062.07007,2062.07007,0.0,-185.820007,-185.820007,-185.820007,-185.820007,0.0
2021-03-01,2078.17993,2078.17993,2078.17993,2078.17993,0.0,-64.9700012,-64.9700012,-64.9700012,-64.9700012,0.0
2021-03-02,2075.98999,2075.98999,2075.98999,2075.98999,0.0,-90.3300018,-90.3300018,-90.3300018,-90.3300018,0.0
2021-03-03,2076.01001,2076.01001,2076.01001,2076.01001,0.0,-97.4800034,-97.4800034,-97.4800034,-97.4800034,0.0
2021-03-04,2063.59009,2063.59009,2063.59009,2063.59009,0.0,-186.300003,-186.300003,-186.300003,-186.300003,0.0
2021-03-05,2076.61011,2076.61011,2076.61011,2076.61011,0.0,-74.0,-74.0,-74.0,-74.0,0.0
2021-03-08,2083.17993,2083.17993,2083.17993,2083.17993,0.0,-35.0099983,-35.0099983,-35.0099983,-35.0099983,0.0
2021-03-09,2087.80005,2087.80005,2087.80005,2087.80005,0.0,0.219999999,0.219999999,0.219999999,0.219999999,0.0
2021-03-10,2100.17993,2100.17993,2100.17993,2100.17993,0.0,73.1600037,73.1600037,73.1600037,73.1600037,0.0
2021-03-11,2110.02002,2110.02002,2110.02002,2110.02002,0.0,134.720001,134.720001,134.720001,134.720001,0.0
2021-03-12,2113.65991,2113.65991,2113.65991,2113.65991,0.0,122.970001,122.970001,122.970001,122.970001,0.0
2021-03-15,2120.81006,2120.81006,2120.81006,2120.81006,0.0,137.100006,137.100006,137.100006,137.100006,0.0
2021-03-16,2113.1001,2113.1001,2113.1001,2113.1001,0.0,50.8300018,50.8300018,50.8300018,50.8300018,0.0
2021-03-17,2117.52002,2117.52002,2117.52002,2117.52002,0.0,54.8600006,54.8600006,54.8600006,54.8600006,0.0
2021-03-18,2104.3999,2104.3999,2104.3999,2104.3999,0.0,-63.7000008,-63.7000008,-63.7000008,-63.7000008,0.0
2021-03-19,2106.61011,2106.61011,2106.61011,2106.61011,0.0,-46.25,-46.25,-46.25,-46.25,0.0
2021-03-22,2103.52002,2103.52002,2103.52002,2103.52002,0.0,-68.5299988,-68.5299988,-68.5299988,-68.5299988,0.0
2021-03-23,2090.93994,2090.93994,2090.93994,2090.93994,0.0,-162.850006,-162.850006,-162.850006,-162.850006,0.0
2021-03-24,2089.52002,2089.52002,2089.52002,2089.52002,0.0,-171.960007,-171.960007,-171.960007,-171.960007,0.0
2021-03-25,2099.23999,2099.23999,2099.23999,2099.23999,0.0,-101.699997,-101.699997,-101.699997,-101.699997,0.0
2021-03-26,2112.11011,2112.11011,2112.11011,2112.11011,0.0,-0.569999993,-0.569999993,-0.569999993,-0.569999993,0.0
2021-03-29,2103.37012,2103.37012,2103.37012,2103.37012,0.0,-68.2699966,-68.2699966,-68.2699966,-68.2699966,0.0
2021-03-30,2110.33008,2110.33008,2110.33008,2110.33008,0.0,-29.1399994,-29.1399994,-29.1399994,-29.1399994,0.0
2021-03-31,2111.80005,2111.80005,2111.80005,2111.80005,0.0,-14.8800001,-14.8800001,-14.8800001,-14.8800001,0.0
2021-04-01,2125.65991,2125.65991,2125.65991,2125.65991,0.0,81.9899979,81.9899979,81.9899979,81.9899979,0.0
2021-04-05,,,,,,47.7999992,47.7999992,47.7999992,47.7999992,0.0
2021-04-06,2130.42993,2130.42993,2130.42993,2130.42993,0.0,68.7200012,68.7200012,68.7200012,68.7200012,0.0
2021-04-07,2125.67993,2125.67993,2125.67993,2125.67993,0.0,24.3199997,24.3199997,24.3199997,24.3199997,0.0
2021-04-08,2130.8999,2130.8999,2130.8999,2130.8999,0.0,54.5800018,54.5800018,54.5800018,54.5800018,0.0
2021-04-09,2133.25,2133.25,2133.25,2133.25,0.0,52.8899994,52.8899994,52.8899994,52.8899994,0.0
2021-04-12,2135.06006,2135.06006,2135.06006,2135.06006,0.0,34.0299988,34.0299988,34.0299988,34.0299988,0.0
2021-04-13,2133.56006,2133.56006,2133.56006,2133.56006,0.0,14.3699999,14.3699999,14.3699999,14.3699999,0.0
2021-04-14,2137.3999,2137.3999,2137.3999,2137.3999,0.0,27.9599991,27.9599991,27.9599991,27.9599991,0.0
2021-04-15,2145.61011,2145.61011,2145.61011,2145.61011,0.0,58.2299995,58.2299995,58.2299995,58.2299995,0.0
2021-04-16,2150.79004,2150.79004,2150.79004,2150.79004,0.0,59.5,59.5,59.5,59.5,0.0
2021-04-19,2143.21997,2143.21997,2143.21997,2143.21997,0.0,-13.4899998,-13.4899998,-13.4899998,-13.4899998,0.0
2021-04-20,2132.8999,2132.8999,2132.8999,2132.8999,0.0,-101.389999,-101.389999,-101.389999,-101.389999,0.0
2021-04-21,2148.07007,2148.07007,2148.07007,2148.07007,0.0,4.61999989,4.61999989,4.61999989,4.61999989,0.0
2021-04-22,2140.78003,2140.78003,2140.78003,2140.78003,0.0,-44.4099998,-44.4099998,-44.4099998,-44.4099998,0.0
2021-04-23,2154.52002,2154.52002,2154.52002,2154.52002,0.0,46.5699997,46.5699997,46.5699997,46.5699997,0.0
2021-04-26,2160.19995,2160.19995,2160.19995,2160.19995,0.0,74.8899994,74.8899994,74.8899994,74.8899994,0.0
2021-04-27,2159.83008,2159.83008,2159.83008,2159.83008,0.0,52.9300003,52.9300003,52.9300003,52.9300003,0.0
2021-04-28,2163.13989,2163.13989,2163.13989,2163.13989,0.0,63.8800011,63.8800011,63.8800011,63.8800011,0.0
2021-04-29,2164.93994,2164.93994,2164.93994,2164.93994,0.0,51.9000015,51.9000015,51.9000015,51.9000015,0.0
2021-04-30,2155.67993,2155.67993,2155.67993,2155.67993,0.0,-26.7199993,-26.7199993,-26.7199993,-26.7199993,0.0
2021-05-03,2165.8501,2165.8501,2165.8501,2165.8501,0.0,30.6299992,30.6299992,30.6299992,30.6299992,0.0
2021-05-04,2162.22998,2162.22998,2162.22998,2162.22998,0.0,-9.10999966,-9.10999966,-9.10999966,-9.10999966,0.0
2021-05-05,2164.88989,2164.88989,2164.88989,2164.88989,0.0,-8.10999966,-8.10999966,-8.10999966,-8.10999966,0.0
2021-05-06,2169.37012,2169.37012,2169.37012,2169.37012,0.0,0.340000004,0.340000004,0.340000004,0.340000004,0.0
2021-05-07,2182.36011,2182.36011,2182.36011,2182.36011,0.0,74.4400024,74.4400024,74.4400024,74.4400024,0.0
2021-05-10,2174.45996,2174.45996,2174.45996,2174.45996,0.0,-6.61999989,-6.61999989,-6.61999989,-6.61999989,0.0
2021-05-11,2162.98999,2162.98999,2162.98999,2162.98999,0.0,-96.5199966,-96.5199966,-96.5199966,-96.5199966,0.0
2021-05-12,2144.43994,2144.43994,2144.43994,2144.43994,0.0,-216.639999,-216.639999,-216.639999,-216.639999,0.0
2021-05-13,2154.70996,2154.70996,2154.70996,2154.70996,0.0,-139.25,-139.25,-139.25,-139.25,0.0
2021-05-14,2171.31006,2171.31006,2171.31006,2171.31006,0.0,-19.8700008,-19.8700008,-19.8700008,-19.8700008,0.0
2021-05-17,2172.75,2172.75,2172.75,2172.75,0.0,-15.3000002,-15.3000002,-15.3000002,-15.3000002,0.0
2021-05-18,2168.46997,2168.46997,2168.46997,2168.46997,0.0,-35.6100006,-35.6100006,-35.6100006,-35.6100006,0.0
2021-05-19,2160.25,2160.25,2160.25,2160.25,0.0,-89.1100006,-89.1100006,-89.1100006,-89.1100006,0.0
2021-05-20,2168.62012,2168.62012,2168.62012,2168.62012,0.0,-25.7399998,-25.7399998,-25.7399998,-25.7399998,0.0
2021-05-21,2172.8501,2172.8501,2172.8501,2172.8501,0.0,0.670000017,0.670000017,0.670000017,0.670000017,0.0
2021-05-24,2181.3999,2181.3999,2181.3999,2181.3999,0.0,44.4599991,44.4599991,44.4599991,44.4599991,0.0
2021-05-25,2174.34009,2174.34009,2174.34009,2174.34009,0.0,-12.3999996,-12.3999996,-12.3999996,-12.3999996,0.0
2021-05-26,2184.23999,2184.23999,2184.23999,2184.23999,0.0,43.2799988,43.2799988,43.2799988,43.2799988,0.0
2021-05-27,2191.57007,2191.57007,2191.57007,2191.57007,0.0,71.7300034,71.7300034,71.7300034,71.7300034,0.0
2021-05-28,2195.82007,2195.82007,2195.82007,2195.82007,0.0,81.7200012,81.7200012,81.7200012,81.7200012,0.0
2021-06-01,,,,,,44.0099983,44.0099983,44.0099983,44.0099983,0.0
2021-06-02,2197.6499,2197.6499,2197.6499,2197.6499,0.0,47.2400017,47.2400017,47.2400017,47.2400017,0.0
2021-06-03,2193.37012,2193.37012,2193.37012,2193.37012,0.0,9.81999969,9.81999969,9.81999969,9.81999969,0.0
2021-06-04,2200.19995,2200.19995,2200.19995,2200.19995,0.0,47.3800011,47.3800011,47.3800011,47.3800011,0.0
2021-06-07,2202.07007,2202.07007,2202.07007,2202.07007,0.0,51.6899986,51.6899986,51.6899986,51.6899986,0.0
2021-06-08,2207.93994,2207.93994,2207.93994,2207.93994,0.0,80.6999969,80.6999969,80.6999969,80.6999969,0.0
2021-06-09,2204.83008,2204.83008,2204.83008,2204.83008,0.0,48.0200005,48.0200005,48.0200005,48.0200005,0.0
2021-06-10,2204.93994,2204.93994,2204.93994,2204.93994,0.0,39.5200005,39.5200005,39.5200005,39.5200005,0.0
2021-06-11,2212.90991,2212.90991,2212.90991,2212.90991,0.0,75.5999985,75.5999985,75.5999985,75.5999985,0.0
2021-06-14,2208.15991,2208.15991,2208.15991,2208.15991,0.0,26.3099995,26.3099995,26.3099995,26.3099995,0.0
2021-06-15,2207.32007,2207.32007,2207.32007,2207.32007,0.0,-1.66999996,-1.66999996,-1.66999996,-1.66999996,0.0
2021-06-16,2199.93994,2199.93994,2199.93994,2199.93994,0.0,-53.9199982,-53.9199982,-53.9199982,-53.9199982,0.0
2021-06-17,2191.6499,2191.6499,2191.6499,2191.6499,0.0,-107.440002,-107.440002,-107.440002,-107.440002,0.0
2021-06-18,2177.76001,2177.76001,2177.76001,2177.76001,0.0,-188.029999,-188.029999,-188.029999,-188.029999,0.0
2021-06-21,2192.21997,2192.21997,2192.21997,2192.21997,0.0,-87.6900024,-87.6900024,-87.6900024,-87.6900024,0.0
2021-06-22,2193.94995,2193.94995,2193.94995,2193.94995,0.0,-72.25,-72.25,-72.25,-72.25,0.0
2021-06-23,2194.31006,2194.31006,2194.31006,2194.31006,0.0,-62.3300018,-62.3300018,-62.3300018,-62.3300018,0.0
2021-06-24,2204.62012,2204.62012,2204.62012,2204.62012,0.0,3.03999996,3.03999996,3.03999996,3.03999996,0.0
2021-06-25,2207.56006,2207.56006,2207.56006,2207.56006,0.0,6.76999998,6.76999998,6.76999998,6.76999998,0.0
2021-06-28,2202.01001,2202.01001,2202.01001,2202.01001,0.0,-34.3199997,-34.3199997,-34.3199997,-34.3199997,0.0
2021-06-29,2198.22998,2198.22998,2198.22998,2198.22998,0.0,-59.6199989,-59.6199989,-59.6199989,-59.6199989,0.0
2021-06-30,2202.37988,2202.37988,2202.37988,2202.37988,0.0,-35.4000015,-35.4000015,-35.4000015,-35.4000015,0.0
2021-07-01,2210.69995,2210.69995,2210.69995,2210.69995,0.0,10.1000004,10.1000004,10.1000004,10.1000004,0.0
2021-07-02,2210.37012,2210.37012,2210.37012,2210.37012,0.0,2.41000009,2.41000009,2.41000009,2.41000009,0.0
2021-07-06,,,,,,-11.1899996,-11.1899996,-11.1899996,-11.1899996,0.0
2021-07-07,2210.19995,2210.19995,2210.19995,2210.19995,0.0,-24.4300003,-24.4300003,-24.4300003,-24.4300003,0.0
2021-07-08,2195.95996,2195.95996,2195.95996,2195.95996,0.0,-116.160004,-116.160004,-116.160004,-116.160004,0.0
2021-07-09,2211.63989,2211.63989,2211.63989,2211.63989,0.0,-9.19999981,-9.19999981,-9.19999981,-9.19999981,0.0
2021-07-12,2216.05005,2216.05005,2216.05005,2216.05005,0.0,11.6000004,11.6000004,11.6000004,11.6000004,0.0
2021-07-13,2202.22998,2202.22998,2202.22998,2202.22998,0.0,-85.2699966,-85.2699966,-85.2699966,-85.2699966,0.0
2021-07-14,2197.70996,2197.70996,2197.70996,2197.70996,0.0,-112.160004,-112.160004,-112.160004,-112.160004,0.0
2021-07-15,2192.61011,2192.61011,2192.61011,2192.61011,0.0,-139.429993,-139.429993,-139.429993,-139.429993,0.0
2021-07-16,2181.31006,2181.31006,2181.31006,2181.31006,0.0,-191.679993,-191.679993,-191.679993,-191.679993,0.0
2021-07-19,2163.61011,2163.61011,2163.61011,2163.61011,0.0,-287.899994,-287.899994,-287.899994,-287.899994,0.0
2021-07-20,2181.19995,2181.19995,2181.19995,2181.19995,0.0,-135.100006,-135.100006,-135.100006,-135.100006,0.0
2021-07-21,2194.12012,2194.12012,2194.12012,2194.12012,0.0,-35.0200005,-35.0200005,-35.0200005,-35.0200005,0.0
2021-07-22,2183.71997,2183.71997,2183.71997,2183.71997,0.0,-96.4000015,-96.4000015,-96.4000015,-96.4000015,0.0
2021-07-23,2191.52002,2191.52002,2191.52002,2191.52002,0.0,-44.8100014,-44.8100014,-44.8100014,-44.8100014,0.0
2021-07-26,2195.76001,2195.76001,2195.76001,2195.76001,0.0,-17.8099995,-17.8099995,-17.8099995,-17.8099995,0.0
2021-07-27,2189.6499,2189.6499,2189.6499,2189.6499,0.0,-63.4900017,-63.4900017,-63.4900017,-63.4900017,0.0
2021-07-28,2197.16992,2197.16992,2197.16992,2197.16992,0.0,-9.38000011,-9.38000011,-9.38000011,-9.38000011,0.0
2021-07-29,2208.69995,2208.69995,2208.69995,2208.69995,0.0,51.8499985,51.8499985,51.8499985,51.8499985,0.0
2021-07-30,2203.56006,2203.56006,2203.56006,2203.56006,0.0,14.71,14.71,14.71,14.71,0.0
2021-08-02,2201.3999,2201.3999,2201.3999,2201.3999,0.0,-0.819999993,-0.819999993,-0.819999993,-0.819999993,0.0
2021-08-03,2207.91992,2207.91992,2207.91992,2207.91992,0.0,32.3600006,32.3600006,32.3600006,32.3600006,0.0
2021-08-04,2198.37988,2198.37988,2198.37988,2198.37988,0.0,-32.5299988,-32.5299988,-32.5299988,-32.5299988,0.0
2021-08-05,2208.90991,2208.90991,2208.90991,2208.90991,0.0,32.8800011,32.8800011,32.8800011,32.8800011,0.0
2021-08-06,2214.57007,2214.57007,2214.57007,2214.57007,0.0,61.4500008,61.4500008,61.4500008,61.4500008,0.0
2021-08-09,2207.43994,2207.43994,2207.43994,2207.43994,0.0,11.5799999,11.5799999,11.5799999,11.5799999,0.0
2021-08-10,2210.81006,2210.81006,2210.81006,2210.81006,0.0,23.0,23.0,23.0,23.0,0.0
2021-08-11,2220.40991,2220.40991,2220.40991,2220.40991,0.0,75.2900009,75.2900009,75.2900009,75.2900009,0.0
2021-08-12,2217.6499,2217.6499,2217.6499,2217.6499,0.0,44.2000008,44.2000008,44.2000008,44.2000008,0.0
2021-08-13,2216.16992,2216.16992,2216.16992,2216.16992,0.0,20.5300007,20.5300007,20.5300007,20.5300007,0.0
2021-08-16,2209.68994,2209.68994,2209.68994,2209.68994,0.0,-35.5400009,-35.5400009,-35.5400009,-35.5400009,0.0
2021-08-17,2198.13989,2198.13989,2198.13989,2198.13989,0.0,-112.43,-112.43,-112.43,-112.43,0.0
2021-08-18,2186.30005,2186.30005,2186.30005,2186.30005,0.0,-170.660004,-170.660004,-170.660004,-170.660004,0.0
2021-08-19,2176.07007,2176.07007,2176.07007,2176.07007,0.0,-218.889999,-218.889999,-218.889999,-218.889999,0.0
2021-08-20,2189.51001,2189.51001,2189.51001,2189.51001,0.0,-110.43,-110.43,-110.43,-110.43,0.0
2021-08-23,2199.97998,2199.97998,2199.97998,2199.97998,0.0,-30.9400005,-30.9400005,-30.9400005,-30.9400005,0.0
2021-08-24,2210.01001,2210.01001,2210.01001,2210.01001,0.0,34.8499985,34.8499985,34.8499985,34.8499985,0.0
2021-08-25,2214.37012,2214.37012,2214.37012,2214.37012,0.0,62.4500008,62.4500008,62.4500008,62.4500008,0.0
2021-08-26,2200.55005,2200.55005,2200.55005,2200.55005,0.0,-27.7600002,-27.7600002,-27.7600002,-27.7600002,0.0
2021-08-27,2218.37988,2218.37988,2218.37988,2218.37988,0.0,89.1600037,89.1600037,89.1600037,89.1600037,0.0
2021-08-30,2213.81006,2213.81006,2213.81006,2213.81006,0.0,48.7000008,48.7000008,48.7000008,48.7000008,0.0
2021-08-31,2215.88989,2215.88989,2215.88989,2215.88989,0.0,58.4900017,58.4900017,58.4900017,58.4900017,0.0
2021-09-01,2221.42993,2221.42993,2221.42993,2221.42993,0.0,79.5100021,79.5100021,79.5100021,79.5100021,0.0
2021-09-02,2229.28003,2229.28003,2229.28003,2229.28003,0.0,122.32,122.32,122.32,122.32,0.0
2021-09-03,2222.84009,2222.84009,2222.84009,2222.84009,0.0,72.6100006,72.6100006,72.6100006,72.6100006,0.0
2021-09-07,,,,,,52.8600006,52.8600006,52.8600006,52.8600006,0.0
2021-09-08,2216.69995,2216.69995,2216.69995,2216.69995,0.0,2.1500001,2.1500001,2.1500001,2.1500001,0.0
2021-09-09,2215.48999,2215.48999,2215.48999,2215.48999,0.0,-2.1099999,-2.1099999,-2.1099999,-2.1099999,0.0
2021-09-10,2206.66992,2206.66992,2206.66992,2206.66992,0.0,-52.6699982,-52.6699982,-52.6699982,-52.6699982,0.0
2021-09-13,2213.3501,2213.3501,2213.3501,2213.3501,0.0,-6.0,-6.0,-6.0,-6.0,0.0
2021-09-14,2200.81006,2200.81006,2200.81006,2200.81006,0.0,-82.5299988,-82.5299988,-82.5299988,-82.5299988,0.0
2021-09-15,2211.37012,2211.37012,2211.37012,2211.37012,0.0,-8.46000004,-8.46000004,-8.46000004,-8.46000004,0.0
2021-09-16,2207.3999,2207.3999,2207.3999,2207.3999,0.0,-25.8400002,-25.8400002,-25.8400002,-25.8400002,0.0
2021-09-17,2198.73999,2198.73999,2198.73999,2198.73999,0.0,-72.8099976,-72.8099976,-72.8099976,-72.8099976,0.0
2021-09-20,2180.48999,2180.48999,2180.48999,2180.48999,0.0,-181.320007,-181.320007,-181.320007,-181.320007,0.0
2021-09-21,2181.37988,2181.37988,2181.37988,2181.37988,0.0,-140.779999,-140.779999,-140.779999,-140.779999,0.0
2021-09-22,2197.21997,2197.21997,2197.21997,2197.21997,0.0,-18.9699993,-18.9699993,-18.9699993,-18.9699993,0.0
2021-09-23,2205.8999,2205.8999,2205.8999,2205.8999,0.0,37.5299988,37.5299988,37.5299988,37.5299988,0.0
2021-09-24,2200.79004,2200.79004,2200.79004,2200.79004,0.0,0.800000012,0.800000012,0.800000012,0.800000012,0.0
2021-09-27,2205.75,2205.75,2205.75,2205.75,0.0,35.5,35.5,35.5,35.5,0.0
2021-09-28,2188.90991,2188.90991,2188.90991,2188.90991,0.0,-75.8700027,-75.8700027,-75.8700027,-75.8700027,0.0
2021-09-29,2192.36011,2192.36011,2192.36011,2192.36011,0.0,-41.3899994,-41.3899994,-41.3899994,-41.3899994,0.0
2021-09-30,2183.81006,2183.81006,2183.81006,2183.81006,0.0,-82.5899963,-82.5899963,-82.5899963,-82.5899963,0.0
2021-10-01,2194.90991,2194.90991,2194.90991,2194.90991,0.0,-2.05999994,-2.05999994,-2.05999994,-2.05999994,0.0
2021-10-04,2186.87012,2186.87012,2186.87012,2186.87012,0.0,-52.5900002,-52.5900002,-52.5900002,-52.5900002,0.0
2021-10-05,2192.22998,2192.22998,2192.22998,2192.22998,0.0,-14.8599997,-14.8599997,-14.8599997,-14.8599997,0.0
2021-10-06,2190.40991,2190.40991,2190.40991,2190.40991,0.0,-24.5400009,-24.5400009,-24.5400009,-24.5400009,0.0
2021-10-07,2200.69995,2200.69995,2200.69995,2200.69995,0.0,51.1699982,51.1699982,51.1699982,51.1699982,0.0
2021-10-08,2197.77002,2197.77002,2197.77002,2197.77002,0.0,24.5799999,24.5799999,24.5799999,24.5799999,0.0
2021-10-11,2193.73999,2193.73999,2193.73999,2193.73999,0.0,0.409999996,0.409999996,0.409999996,0.409999996,0.0
2021-10-12,2199.03003,2199.03003,2199.03003,2199.03003,0.0,38.2700005,38.2700005,38.2700005,38.2700005,0.0
2021-10-13,2205.42993,2205.42993,2205.42993,2205.42993,0.0,74.4199982,74.4199982,74.4199982,74.4199982,0.0
2021-10-14,2219.56006,2219.56006,2219.56006,2219.56006,0.0,149.649994,149.649994,149.649994,149.649994,0.0
2021-10-15,2219.18994,2219.18994,2219.18994,2219.18994,0.0,124.629997,124.629997,124.629997,124.629997,0.0
2021-10-18,2218.37012,2218.37012,2218.37012,2218.37012,0.0,100.389999,100.389999,100.389999,100.389999,0.0
2021-10-19,2222.16992,2222.16992,2222.16992,2222.16992,0.0,111.440002,111.440002,111.440002,111.440002,0.0
2021-10-20,2232.84009,2232.84009,2232.84009,2232.84009,0.0,154.660004,154.660004,154.660004,154.660004,0.0
2021-10-21,2230.07007,2230.07007,2230.07007,2230.07007,0.0,117.43,117.43,117.43,117.43,0.0
2021-10-22,2230.12988,2230.12988,2230.12988,2230.12988,0.0,97.5500031,97.5500031,97.5500031,97.5500031,0.0
2021-10-25,2235.8501,2235.8501,2235.8501,2235.8501,0.0,124.120003,124.120003,124.120003,124.120003,0.0
2021-10-26,2231.03003,2231.03003,2231.03003,2231.03003,0.0,81.3199997,81.3199997,81.3199997,81.3199997,0.0
2021-10-27,2218.48999,2218.48999,2218.48999,2218.48999,0.0,-11.5,-11.5,-11.5,-11.5,0.0
2021-10-28,2229.28003,2229.28003,2229.28003,2229.28003,0.0,43.3600006,43.3600006,43.3600006,43.3600006,0.0
2021-10-29,2226.87012,2226.87012,2226.87012,2226.87012,0.0,32.25,32.25,32.25,32.25,0.0
2021-11-01,2240.46997,2240.46997,2240.46997,2240.46997,0.0,109.400002,109.400002,109.400002,109.400002,0.0
2021-11-02,2238.45996,2238.45996,2238.45996,2238.45996,0.0,72.6500015,72.6500015,72.6500015,72.6500015,0.0
2021-11-03,2247.68994,2247.68994,2247.68994,2247.68994,0.0,115.889999,115.889999,115.889999,115.889999,0.0
2021-11-04,2245.30005,2245.30005,2245.30005,2245.30005,0.0,72.6699982,72.6699982,72.6699982,72.6699982,0.0
2021-11-05,2255.42993,2255.42993,2255.42993,2255.42993,0.0,111.110001,111.110001,111.110001,111.110001,0.0
2021-11-08,2257.6499,2257.6499,2257.6499,2257.6499,0.0,103.730003,103.730003,103.730003,103.730003,0.0
2021-11-09,2256.04004,2256.04004,2256.04004,2256.04004,0.0,71.1600037,71.1600037,71.1600037,71.1600037,0.0
2021-11-10,2246.12988,2246.12988,2246.12988,2246.12988,0.0,-14.0900002,-14.0900002,-14.0900002,-14.0900002,0.0
2021-11-11,2250.42993,2250.42993,2250.42993,2250.42993,0.0,4.82999992,4.82999992,4.82999992,4.82999992,0.0
2021-11-12,2251.66992,2251.66992,2251.66992,2251.66992,0.0,2.99000001,2.99000001,2.99000001,2.99000001,0.0
2021-11-15,2248.31006,2248.31006,2248.31006,2248.31006,0.0,-22.2999992,-22.2999992,-22.2999992,-22.2999992,0.0
2021-11-16,2244.95996,2244.95996,2244.95996,2244.95996,0.0,-46.0999985,-46.0999985,-46.0999985,-46.0999985,0.0
2021-11-17,2235.40991,2235.40991,2235.40991,2235.40991,0.0,-104.620003,-104.620003,-104.620003,-104.620003,0.0
2021-11-18,2227.48999,2227.48999,2227.48999,2227.48999,0.0,-151.509995,-151.509995,-151.509995,-151.509995,0.0
2021-11-19,2218.26001,2218.26001,2218.26001,2218.26001,0.0,-192.029999,-192.029999,-192.029999,-192.029999,0.0
2021-11-22,2216.38989,2216.38989,2216.38989,2216.38989,0.0,-188.259995,-188.259995,-188.259995,-188.259995,0.0
2021-11-23,2214.91992,2214.91992,2214.91992,2214.91992,0.0,-176.770004,-176.770004,-176.770004,-176.770004,0.0
2021-11-24,2217.18994,2217.18994,2217.18994,2217.18994,0.0,-137.0,-137.0,-137.0,-137.0,0.0
2021-11-26,,,,,,-103.080002,-103.080002,-103.080002,-103.080002,0.0
2021-11-29,2219.65991,2219.65991,2219.65991,2219.65991,0.0,-77.5899963,-77.5899963,-77.5899963,-77.5899963,0.0
2021-11-30,2202.41992,2202.41992,2202.41992,2202.41992,0.0,-175.039993,-175.039993,-175.039993,-175.039993,0.0
2021-12-01,2191.45996,2191.45996,2191.45996,2191.45996,0.0,-225.429993,-225.429993,-225.429993,-225.429993,0.0
2021-12-02,2206.52002,2206.52002,2206.52002,2206.52002,0.0,-107.529999,-107.529999,-107.529999,-107.529999,0.0
2021-12-03,2194.96997,2194.96997,2194.96997,2194.96997,0.0,-168.389999,-168.389999,-168.389999,-168.389999,0.0
2021-12-06,2209.8501,2209.8501,2209.8501,2209.8501,0.0,-54.4399986,-54.4399986,-54.4399986,-54.4399986,0.0
2021-12-07,2225.82007,2225.82007,2225.82007,2225.82007,0.0,58.4399986,58.4399986,58.4399986,58.4399986,0.0
2021-12-08,2232.21997,2232.21997,2232.21997,2232.21997,0.0,92.7699966,92.7699966,92.7699966,92.7699966,0.0
2021-12-09,2218.40991,2218.40991,2218.40991,2218.40991,0.0,-6.17000008,-6.17000008,-6.17000008,-6.17000008,0.0
2021-12-10,2218.81006,2218.81006,2218.81006,2218.81006,0.0,-10.0900002,-10.0900002,-10.0900002,-10.0900002,0.0
2021-12-13,2208.30005,2208.30005,2208.30005,2208.30005,0.0,-76.3099976,-76.3099976,-76.3099976,-76.3099976,0.0
2021-12-14,2197.63989,2197.63989,2197.63989,2197.63989,0.0,-141.759995,-141.759995,-141.759995,-141.759995,0.0
2021-12-15,2207.26001,2207.26001,2207.26001,2207.26001,0.0,-61.4300003,-61.4300003,-61.4300003,-61.4300003,0.0
2021-12-16,2205.15991,2205.15991,2205.15991,2205.15991,0.0,-65.9300003,-65.9300003,-65.9300003,-65.9300003,0.0
2021-12-17,2200.51001,2200.51001,2200.51001,2200.51001,0.0,-82.4599991,-82.4599991,-82.4599991,-82.4599991,0.0
2021-12-20,2183.8999,2183.8999,2183.8999,2183.8999,0.0,-171.580002,-171.580002,-171.580002,-171.580002,0.0
2021-12-21,2201.54004,2201.54004,2201.54004,2201.54004,0.0,-30.3099995,-30.3099995,-30.3099995,-30.3099995,0.0
2021-12-22,2215.3501,2215.3501,2215.3501,2215.3501,0.0,58.0400009,58.0400009,58.0400009,58.0400009,0.0
2021-12-23,2225.77002,2225.77002,2225.77002,2225.77002,0.0,117.040001,117.040001,117.040001,117.040001,0.0
2021-12-27,,,,,,92.6900024,92.6900024,92.6900024,92.6900024,0.0
2021-12-28,2225.61011,2225.61011,2225.61011,2225.61011,0.0,74.5199966,74.5199966,74.5199966,74.5199966,0.0
2021-12-29,2229.46997,2229.46997,2229.46997,2229.46997,0.0,84.2399979,84.2399979,84.2399979,84.2399979,0.0
2021-12-30,2229.43994,2229.43994,2229.43994,2229.43994,0.0,81.7900009,81.7900009,81.7900009,81.7900009,0.0
2021-12-31,2234.33008,2234.33008,2234.33008,2234.33008,0.0,103.029999,103.029999,103.029999,103.029999,0.0
2022-01-03,2237.1001,2237.1001,2237.1001,2237.1001,0.0,115.330002,115.330002,115.330002,115.330002,0.0
2022-01-04,2238.58008,2238.58008,2238.58008,2238.58008,0.0,104.199997,104.199997,104.199997,104.199997,0.0
2022-01-05,2221.3501,2221.3501,2221.3501,2221.3501,0.0,-10.6199999,-10.6199999,-10.6199999,-10.6199999,0.0
2022-01-06,2226.43994,2226.43994,2226.43994,2226.43994,0.0,16.8299999,16.8299999,16.8299999,16.8299999,0.0
2022-01-07,2227.18994,2227.18994,2227.18994,2227.18994,0.0,10.9499998,10.9499998,10.9499998,10.9499998,0.0
2022-01-10,2220.25,2220.25,2220.25,2220.25,0.0,-39.1800003,-39.1800003,-39.1800003,-39.1800003,0.0
2022-01-11,2233.03003,2233.03003,2233.03003,2233.03003,0.0,49.8800011,49.8800011,49.8800011,49.8800011,0.0
2022-01-12,2233.69995,2233.69995,2233.69995,2233.69995,0.0,45.6699982,45.6699982,45.6699982,45.6699982,0.0
2022-01-13,2232.32007,2232.32007,2232.32007,2232.32007,0.0,22.0,22.0,22.0,22.0,0.0
2022-01-14,2227.63989,2227.63989,2227.63989,2227.63989,0.0,-12.0,-12.0,-12.0,-12.0,0.0
2022-01-18,,,,,,-7.96999979,-7.96999979,-7.96999979,-7.96999979,0.0
2022-01-19,2217.43994,2217.43994,2217.43994,2217.43994,0.0,-70.8700027,-70.8700027,-70.8700027,-70.8700027,0.0
2022-01-20,2203.44995,2203.44995,2203.44995,2203.44995,0.0,-144.699997,-144.699997,-144.699997,-144.699997,0.0
2022-01-21,2187.86011,2187.86011,2187.86011,2187.86011,0.0,-229.350006,-229.350006,-229.350006,-229.350006,0.0
2022-01-24,2186.95996,2186.95996,2186.95996,2186.95996,0.0,-212.759995,-212.759995,-212.759995,-212.759995,0.0
2022-01-25,2182.3999,2182.3999,2182.3999,2182.3999,0.0,-204.25,-204.25,-204.25,-204.25,0.0
2022-01-26,2181.33008,2181.33008,2181.33008,2181.33008,0.0,-172.509995,-172.509995,-172.509995,-172.509995,0.0
2022-01-27,2165.87012,2165.87012,2165.87012,2165.87012,0.0,-246.389999,-246.389999,-246.389999,-246.389999,0.0
2022-01-28,2176.63989,2176.63989,2176.63989,2176.63989,0.0,-144.389999,-144.389999,-144.389999,-144.389999,0.0
2022-01-31,2194.21997,2194.21997,2194.21997,2194.21997,0.0,-5.32999992,-5.32999992,-5.32999992,-5.32999992,0.0
2022-02-01,2205.92993,2205.92993,2205.92993,2205.92993,0.0,82.8700027,82.8700027,82.8700027,82.8700027,0.0
2022-02-02,2203.55005,2203.55005,2203.55005,2203.55005,0.0,55.9599991,55.9599991,55.9599991,55.9599991,0.0
2022-02-03,2186.26001,2186.26001,2186.26001,2186.26001,0.0,-57.6899986,-57.6899986,-57.6899986,-57.6899986,0.0
2022-02-04,2183.65991,2183.65991,2183.65991,2183.65991,0.0,-51.1199989,-51.1199989,-51.1199989,-51.1199989,0.0
2022-02-07,2186.62012,2186.62012,2186.62012,2186.62012,0.0,-21.7700005,-21.7700005,-21.7700005,-21.7700005,0.0
2022-02-08,2193.54004,2193.54004,2193.54004,2193.54004,0.0,26.5699997,26.5699997,26.5699997,26.5699997,0.0
2022-02-09,2206.19995,2206.19995,2206.19995,2206.19995,0.0,107.330002,107.330002,107.330002,107.330002,0.0
2022-02-10,2190.98999,2190.98999,2190.98999,2190.98999,0.0,9.63000011,9.63000011,9.63000011,9.63000011,0.0
2022-02-11,2179.77002,2179.77002,2179.77002,2179.77002,0.0,-57.0,-57.0,-57.0,-57.0,0.0
2022-02-14,2167.13989,2167.13989,2167.13989,2167.13989,0.0,-118.970001,-118.970001,-118.970001,-118.970001,0.0
2022-02-15,2182.17993,2182.17993,2182.17993,2182.17993,0.0,-0.449999988,-0.449999988,-0.449999988,-0.449999988,0.0
2022-02-16,2190.67993,2190.67993,2190.67993,2190.67993,0.0,50.9500008,50.9500008,50.9500008,50.9500008,0.0
2022-02-17,2177.18994,2177.18994,2177.18994,2177.18994,0.0,-35.8400002,-35.8400002,-35.8400002,-35.8400002,0.0
2022-02-18,2170.62988,2170.62988,2170.62988,2170.62988,0.0,-65.6600037,-65.6600037,-65.6600037,-65.6600037,0.0
2022-02-22,,,,,,-33.9099998,-33.9099998,-33.9099998,-33.9099998,0.0
2022-02-23,2156.86011,2156.86011,2156.86011,2156.86011,0.0,-102.120003,-102.120003,-102.120003,-102.120003,0.0
2022-02-24,2161.72998,2161.72998,2161.72998,2161.72998,0.0,-51.7400017,-51.7400017,-51.7400017,-51.7400017,0.0
2022-02-25,2179.78003,2179.78003,2179.78003,2179.78003,0.0,73.8899994,73.8899994,73.8899994,73.8899994,0.0
2022-02-28,2177.42993,2177.42993,2177.42993,2177.42993,0.0,54.9599991,54.9599991,54.9599991,54.9599991,0.0
2022-03-01,2169.95996,2169.95996,2169.95996,2169.95996,0.0,15.7700005,15.7700005,15.7700005,15.7700005,0.0
2022-03-02,2184.21997,2184.21997,2184.21997,2184.21997,0.0,103.25,103.25,103.25,103.25,0.0
2022-03-03,2178.53003,2178.53003,2178.53003,2178.53003,0.0,56.7799988,56.7799988,56.7799988,56.7799988,0.0
2022-03-04,2168.86011,2168.86011,2168.86011,2168.86011,0.0,-0.519999981,-0.519999981,-0.519999981,-0.519999981,0.0
2022-03-07,2152.46997,2152.46997,2152.46997,2152.46997,0.0,-92.9300003,-92.9300003,-92.9300003,-92.9300003,0.0
2022-03-08,2153.62012,2153.62012,2153.62012,2153.62012,0.0,-66.3300018,-66.3300018,-66.3300018,-66.3300018,0.0
2022-03-09,2168.25,2168.25,2168.25,2168.25,0.0,39.8100014,39.8100014,39.8100014,39.8100014,0.0
2022-03-10,2163.27002,2163.27002,2163.27002,2163.27002,0.0,9.75,9.75,9.75,9.75,0.0
2022-03-11,2150.05005,2150.05005,2150.05005,2150.05005,0.0,-63.2700005,-63.2700005,-63.2700005,-63.2700005,0.0
2022-03-14,2137.91992,2137.91992,2137.91992,2137.91992,0.0,-130.520004,-130.520004,-130.520004,-130.520004,0.0
2022-03-15,2149.37012,2149.37012,2149.37012,2149.37012,0.0,-37.6300011,-37.6300011,-37.6300011,-37.6300011,0.0
2022-03-16,2166.06006,2166.06006,2166.06006,2166.06006,0.0,79.3099976,79.3099976,79.3099976,79.3099976,0.0
2022-03-17,2182.06006,2182.06006,2182.06006,2182.06006,0.0,,,,,
2022-03-18,2190.98999,2190.98999,2190.98999,2190.98999,0.0,209.130005,209.130005,209.130005,209.130005,0.0
2022-03-21,2184.22998,2184.22998,2184.22998,2184.22998,0.0,147.779999,147.779999,147.779999,147.779999,0.0
2022-03-22,2190.44995,2190.44995,2190.44995,2190.44995,0.0,171.759995,171.759995,171.759995,171.759995,0.0
2022-03-23,2180.46997,2180.46997,2180.46997,2180.46997,0.0,99.8000031,99.8000031,99.8000031,99.8000031,0.0
2022-03-24,2189.48999,2189.48999,2189.48999,2189.48999,0.0,142.649994,142.649994,142.649994,142.649994,0.0
2022-03-25,2190.62012,2190.62012,2190.62012,2190.62012,0.0,128.800003,128.800003,128.800003,128.800003,0.0
2022-03-28,2190.3501,2190.3501,2190.3501,2190.3501,0.0,111.620003,111.620003,111.620003,111.620003,0.0
2022-03-29,2208.21997,2208.21997,2208.21997,2208.21997,0.0,206.080002,206.080002,206.080002,206.080002,0.0
2022-03-30,2202.19995,2202.19995,2202.19995,2202.19995,0.0,143.089996,143.089996,143.089996,143.089996,0.0
2022-03-31,2194.42993,2194.42993,2194.42993,2194.42993,0.0,80.9300003,80.9300003,80.9300003,80.9300003,0.0
2022-04-01,2202.87988,2202.87988,2202.87988,2202.87988,0.0,119.849998,119.849998,119.849998,119.849998,0.0
2022-04-04,2204.3501,2204.3501,2204.3501,2204.3501,0.0,117.769997,117.769997,117.769997,117.769997,0.0
2022-04-05,2186.58008,2186.58008,2186.58008,2186.58008,0.0,-7.0999999,-7.0999999,-7.0999999,-7.0999999,0.0
2022-04-06,2174.41992,2174.41992,2174.41992,2174.41992,0.0,-81.6900024,-81.6900024,-81.6900024,-81.6900024,0.0
2022-04-07,2172.71997,2172.71997,2172.71997,2172.71997,0.0,-79.2200012,-79.2200012,-79.2200012,-79.2200012,0.0
2022-04-08,2168.97998,2168.97998,2168.97998,2168.97998,0.0,-87.5,-87.5,-87.5,-87.5,0.0
2022-04-11,2157.54004,2157.54004,2157.54004,2157.54004,0.0,-143.529999,-143.529999,-143.529999,-143.529999,0.0
2022-04-12,2156.67993,2156.67993,2156.67993,2156.67993,0.0,-122.129997,-122.129997,-122.129997,-122.129997,0.0
2022-04-13,2169.29004,2169.29004,2169.29004,2169.29004,0.0,-28.2299995,-28.2299995,-28.2299995,-28.2299995,0.0
2022-04-14,2160.79004,2160.79004,2160.79004,2160.79004,0.0,-71.9800034,-71.9800034,-71.9800034,-71.9800034,0.0
2022-04-18,,,,,,-47.9000015,-47.9000015,-47.9000015,-47.9000015,0.0
2022-04-19,2171.46997,2171.46997,2171.46997,2171.46997,0.0,24.4400005,24.4400005,24.4400005,24.4400005,0.0
2022-04-20,2180.38989,2180.38989,2180.38989,2180.38989,0.0,71.3399963,71.3399963,71.3399963,71.3399963,0.0
2022-04-21,2162.53003,2162.53003,2162.53003,2162.53003,0.0,-42.7999992,-42.7999992,-42.7999992,-42.7999992,0.0
2022-04-22,2142.77002,2142.77002,2142.77002,2142.77002,0.0,-151.940002,-151.940002,-151.940002,-151.940002,0.0
2022-04-25,2143.05005,2143.05005,2143.05005,2143.05005,0.0,-127.589996,-127.589996,-127.589996,-127.589996,0.0
2022-04-26,2124.18994,2124.18994,2124.18994,2124.18994,0.0,-219.490005,-219.490005,-219.490005,-219.490005,0.0
2022-04-27,2121.88989,2121.88989,2121.88989,2121.88989,0.0,-202.199997,-202.199997,-202.199997,-202.199997,0.0
2022-04-28,2138.27002,2138.27002,2138.27002,2138.27002,0.0,-71.2799988,-71.2799988,-71.2799988,-71.2799988,0.0
2022-04-29,2120.32007,2120.32007,2120.32007,2120.32007,0.0,-158.649994,-158.649994,-158.649994,-158.649994,0.0
2022-05-02,2116.68994,2116.68994,2116.68994,2116.68994,0.0,-151.850006,-151.850006,-151.850006,-151.850006,0.0
2022-05-03,2124.76001,2124.76001,2124.76001,2124.76001,0.0,-76.4400024,-76.4400024,-76.4400024,-76.4400024,0.0
2022-05-04,2144.0,2144.0,2144.0,2144.0,0.0,53.1399994,53.1399994,53.1399994,53.1399994,0.0
2022-05-05,2122.23999,2122.23999,2122.23999,2122.23999,0.0,-80.0699997,-80.0699997,-80.0699997,-80.0699997,0.0
2022-05-06,2111.06006,2111.06006,2111.06006,2111.06006,0.0,-127.089996,-127.089996,-127.089996,-127.089996,0.0
2022-05-09,2091.71997,2091.71997,2091.71997,2091.71997,0.0,-232.860001,-232.860001,-232.860001,-232.860001,0.0
2022-05-10,2089.26001,2089.26001,2089.26001,2089.26001,0.0,-211.839996,-211.839996,-211.839996,-211.839996,0.0
2022-05-11,2079.61011,2079.61011,2079.61011,2079.61011,0.0,-236.75,-236.75,-236.75,-236.75,0.0
2022-05-12,2081.27002,2081.27002,2081.27002,2081.27002,0.0,-188.5,-188.5,-188.5,-188.5,0.0
2022-05-13,2098.40991,2098.40991,2098.40991,2098.40991,0.0,-42.6199989,-42.6199989,-42.6199989,-42.6199989,0.0
2022-05-16,2098.53003,2098.53003,2098.53003,2098.53003,0.0,-21.8799992,-21.8799992,-21.8799992,-21.8799992,0.0
2022-05-17,2113.32007,2113.32007,2113.32007,2113.32007,0.0,84.4000015,84.4000015,84.4000015,84.4000015,0.0
2022-05-18,2093.40991,2093.40991,2093.40991,2093.40991,0.0,-31.1299992,-31.1299992,-31.1299992,-31.1299992,0.0
2022-05-19,2093.87988,2093.87988,2093.87988,2093.87988,0.0,-8.17000008,-8.17000008,-8.17000008,-8.17000008,0.0
2022-05-20,2091.96997,2091.96997,2091.96997,2091.96997,0.0,-4.23999977,-4.23999977,-4.23999977,-4.23999977,0.0
2022-05-23,2103.12988,2103.12988,2103.12988,2103.12988,0.0,74.0100021,74.0100021,74.0100021,74.0100021,0.0
2022-05-24,2100.11011,2100.11011,2100.11011,2100.11011,0.0,54.2299995,54.2299995,54.2299995,54.2299995,0.0
2022-05-25,2115.93994,2115.93994,2115.93994,2115.93994,0.0,155.600006,155.600006,155.600006,155.600006,0.0
2022-05-26,2134.38989,2134.38989,2134.38989,2134.38989,0.0,255.860001,255.860001,255.860001,255.860001,0.0
2022-05-27,2154.55005,2154.55005,2154.55005,2154.55005,0.0,349.070007,349.070007,349.070007,349.070007,0.0
2022-05-31,,,,,,269.98999,269.98999,269.98999,269.98999,0.0
2022-06-01,2148.31006,2148.31006,2148.31006,2148.31006,0.0,203.0,203.0,203.0,203.0,0.0
2022-06-02,2163.30005,2163.30005,2163.30005,2163.30005,0.0,264.730011,264.730011,264.730011,264.730011,0.0
2022-06-03,2149.6499,2149.6499,2149.6499,2149.6499,0.0,155.050003,155.050003,155.050003,155.050003,0.0
2022-06-06,2153.28003,2153.28003,2153.28003,2153.28003,0.0,153.350006,153.350006,153.350006,153.350006,0.0
2022-06-07,2165.12988,2165.12988,2165.12988,2165.12988,0.0,197.429993,197.429993,197.429993,197.429993,0.0
2022-06-08,2150.98999,2150.98999,2150.98999,2150.98999,0.0,90.3199997,90.3199997,90.3199997,90.3199997,0.0
2022-06-09,2130.80005,2130.80005,2130.80005,2130.80005,0.0,-37.7999992,-37.7999992,-37.7999992,-37.7999992,0.0
2022-06-10,2110.81006,2110.81006,2110.81006,2110.81006,0.0,-148.630005,-148.630005,-148.630005,-148.630005,0.0
2022-06-13,2085.98999,2085.98999,2085.98999,2085.98999,0.0,-280.01001,-280.01001,-280.01001,-280.01001,0.0
2022-06-14,2078.05005,2078.05005,2078.05005,2078.05005,0.0,-282.899994,-282.899994,-282.899994,-282.899994,0.0
2022-06-15,2091.37988,2091.37988,2091.37988,2091.37988,0.0,-157.660004,-157.660004,-157.660004,-157.660004,0.0
2022-06-16,2068.62988,2068.62988,2068.62988,2068.62988,0.0,-268.829987,-268.829987,-268.829987,-268.829987,0.0
2022-06-17,2074.77002,2074.77002,2074.77002,2074.77002,0.0,-187.899994,-187.899994,-187.899994,-187.899994,0.0
2022-06-21,,,,,,-122.550003,-122.550003,-122.550003,-122.550003,0.0
2022-06-22,2073.21997,2073.21997,2073.21997,2073.21997,0.0,-107.559998,-107.559998,-107.559998,-107.559998,0.0
2022-06-23,2078.94995,2078.94995,2078.94995,2078.94995,0.0,-46.3199997,-46.3199997,-46.3199997,-46.3199997,0.0
2022-06-24,2097.6001,2097.6001,2097.6001,2097.6001,0.0,77.4800034,77.4800034,77.4800034,77.4800034,0.0
2022-06-27,2100.16992,2100.16992,2100.16992,2100.16992,0.0,100.620003,100.620003,100.620003,100.620003,0.0
2022-06-28,2089.07007,2089.07007,2089.07007,2089.07007,0.0,20.2000008,20.2000008,20.2000008,20.2000008,0.0
2022-06-29,2080.76001,2080.76001,2080.76001,2080.76001,0.0,-26.9500008,-26.9500008,-26.9500008,-26.9500008,0.0
2022-06-30,2075.1499,2075.1499,2075.1499,2075.1499,0.0,-51.5999985,-51.5999985,-51.5999985,-51.5999985,0.0
2022-07-01,2089.68994,2089.68994,2089.68994,2089.68994,0.0,47.3499985,47.3499985,47.3499985,47.3499985,0.0
2022-07-05,,,,,,51.3800011,51.3800011,51.3800011,51.3800011,0.0
2022-07-06,2082.79004,2082.79004,2082.79004,2082.79004,0.0,12.9300003,12.9300003,12.9300003,12.9300003,0.0
2022-07-07,2097.94995,2097.94995,2097.94995,2097.94995,0.0,109.980003,109.980003,109.980003,109.980003,0.0
2022-07-08,2094.8999,2094.8999,2094.8999,2094.8999,0.0,87.4400024,87.4400024,87.4400024,87.4400024,0.0
2022-07-11,2083.98999,2083.98999,2083.98999,2083.98999,0.0,14.8699999,14.8699999,14.8699999,14.8699999,0.0
2022-07-12,2080.46997,2080.46997,2080.46997,2080.46997,0.0,1.99000001,1.99000001,1.99000001,1.99000001,0.0
2022-07-13,2076.95996,2076.95996,2076.95996,2076.95996,0.0,-13.7399998,-13.7399998,-13.7399998,-13.7399998,0.0
2022-07-14,2063.04004,2063.04004,2063.04004,2063.04004,0.0,-86.0800018,-86.0800018,-86.0800018,-86.0800018,0.0
2022-07-15,2081.23999,2081.23999,2081.23999,2081.23999,0.0,42.2200012,42.2200012,42.2200012,42.2200012,0.0
2022-07-18,2082.27002,2082.27002,2082.27002,2082.27002,0.0,52.2299995,52.2299995,52.2299995,52.2299995,0.0
2022-07-19,2101.40991,2101.40991,2101.40991,2101.40991,0.0,164.779999,164.779999,164.779999,164.779999,0.0
2022-07-20,2111.08008,2111.08008,2111.08008,2111.08008,0.0,212.339996,212.339996,212.339996,212.339996,0.0
2022-07-21,2117.55005,2117.55005,2117.55005,2117.55005,0.0,173.679993,173.679993,173.679993,173.679993,0.0
2022-07-22,2111.19995,2111.19995,2111.19995,2111.19995,0.0,155.699997,155.699997,155.699997,155.699997,0.0
2022-07-25,2117.05005,2117.05005,2117.05005,2117.05005,0.0,170.610001,170.610001,170.610001,170.610001,0.0
2022-07-26,2110.90991,2110.90991,2110.90991,2110.90991,0.0,107.169998,107.169998,107.169998,107.169998,0.0
2022-07-27,2129.02002,2129.02002,2129.02002,2129.02002,0.0,203.770004,203.770004,203.770004,203.770004,0.0
2022-07-28,2143.22998,2143.22998,2143.22998,2143.22998,0.0,257.820007,257.820007,257.820007,257.820007,0.0
2022-07-29,2155.98999,2155.98999,2155.98999,2155.98999,0.0,292.079987,292.079987,292.079987,292.079987,0.0
2022-08-01,2157.77002,2157.77002,2157.77002,2157.77002,0.0,258.269989,258.269989,258.269989,258.269989,0.0
2022-08-02,2153.54004,2153.54004,2153.54004,2153.54004,0.0,201.889999,201.889999,201.889999,201.889999,0.0
2022-08-03,2164.34009,2164.34009,2164.34009,2164.34009,0.0,234.350006,234.350006,234.350006,234.350006,0.0
2022-08-04,2162.33008,2162.33008,2162.33008,2162.33008,0.0,186.710007,186.710007,186.710007,186.710007,0.0
2022-08-05,2160.52002,2160.52002,2160.52002,2160.52002,0.0,143.600006,143.600006,143.600006,143.600006,0.0
2022-08-08,2169.80005,2169.80005,2169.80005,2169.80005,0.0,171.509995,171.509995,171.509995,171.509995,0.0
2022-08-09,2162.06006,2162.06006,2162.06006,2162.06006,0.0,89.5899963,89.5899963,89.5899963,89.5899963,0.0
2022-08-10,2181.28003,2181.28003,2181.28003,2181.28003,0.0,184.449997,184.449997,184.449997,184.449997,0.0
2022-08-11,2186.21997,2186.21997,2186.21997,2186.21997,0.0,175.820007,175.820007,175.820007,175.820007,0.0
2022-08-12,2202.62012,2202.62012,2202.62012,2202.62012,0.0,236.369995,236.369995,236.369995,236.369995,0.0
2022-08-15,2203.12988,2203.12988,2203.12988,2203.12988,0.0,190.580002,190.580002,190.580002,190.580002,0.0
2022-08-16,2204.68994,2204.68994,2204.68994,2204.68994,0.0,161.210007,161.210007,161.210007,161.210007,0.0
2022-08-17,2188.05005,2188.05005,2188.05005,2188.05005,0.0,25.6100006,25.6100006,25.6100006,25.6100006,0.0
2022-08-18,2192.79004,2192.79004,2192.79004,2192.79004,0.0,36.3400002,36.3400002,36.3400002,36.3400002,0.0
2022-08-19,2173.02002,2173.02002,2173.02002,2173.02002,0.0,-99.7300034,-99.7300034,-99.7300034,-99.7300034,0.0
2022-08-22,2153.95996,2153.95996,2153.95996,2153.95996,0.0,-207.559998,-207.559998,-207.559998,-207.559998,0.0
2022-08-23,2152.54004,2152.54004,2152.54004,2152.54004,0.0,-196.690002,-196.690002,-196.690002,-196.690002,0.0
2022-08-24,2159.93994,2159.93994,2159.93994,2159.93994,0.0,-133.529999,-133.529999,-133.529999,-133.529999,0.0
2022-08-25,2176.83008,2176.83008,2176.83008,2176.83008,0.0,-26.7700005,-26.7700005,-26.7700005,-26.7700005,0.0
2022-08-26,2155.82007,2155.82007,2155.82007,2155.82007,0.0,-153.619995,-153.619995,-153.619995,-153.619995,0.0
2022-08-29,2146.09009,2146.09009,2146.09009,2146.09009,0.0,-193.729996,-193.729996,-193.729996,-193.729996,0.0
2022-08-30,2129.09009,2129.09009,2129.09009,2129.09009,0.0,-271.100006,-271.100006,-271.100006,-271.100006,0.0
2022-08-31,2117.43994,2117.43994,2117.43994,2117.43994,0.0,-302.339996,-302.339996,-302.339996,-302.339996,0.0
2022-09-01,2105.93994,2105.93994,2105.93994,2105.93994,0.0,-333.769989,-333.769989,-333.769989,-333.769989,0.0
2022-09-02,2100.37012,2100.37012,2100.37012,2100.37012,0.0,-316.48999,-316.48999,-316.48999,-316.48999,0.0
2022-09-06,,,,,,-233.729996,-233.729996,-233.729996,-233.729996,0.0
2022-09-07,2115.84009,2115.84009,2115.84009,2115.84009,0.0,-111.440002,-111.440002,-111.440002,-111.440002,0.0
2022-09-08,2119.44995,2119.44995,2119.44995,2119.44995,0.0,-76.1399994,-76.1399994,-76.1399994,-76.1399994,0.0
2022-09-09,2138.59009,2138.59009,2138.59009,2138.59009,0.0,47.5299988,47.5299988,47.5299988,47.5299988,0.0
2022-09-12,2153.81006,2153.81006,2153.81006,2153.81006,0.0,128.080002,128.080002,128.080002,128.080002,0.0
2022-09-13,2131.07007,2131.07007,2131.07007,2131.07007,0.0,-21.6000004,-21.6000004,-21.6000004,-21.6000004,0.0
2022-09-14,2130.62012,2130.62012,2130.62012,2130.62012,0.0,-20.6900005,-20.6900005,-20.6900005,-20.6900005,0.0
2022-09-15,2118.16992,2118.16992,2118.16992,2118.16992,0.0,-88.4700012,-88.4700012,-88.4700012,-88.4700012,0.0
2022-09-16,2105.12012,2105.12012,2105.12012,2105.12012,0.0,-152.0,-152.0,-152.0,-152.0,0.0
2022-09-19,2110.30005,2110.30005,2110.30005,2110.30005,0.0,-100.459999,-100.459999,-100.459999,-100.459999,0.0
2022-09-20,2091.12988,2091.12988,2091.12988,2091.12988,0.0,-194.529999,-194.529999,-194.529999,-194.529999,0.0
2022-09-21,2077.87988,2077.87988,2077.87988,2077.87988,0.0,-237.449997,-237.449997,-237.449997,-237.449997,0.0
2022-09-22,2059.38989,2059.38989,2059.38989,2059.38989,0.0,-308.209991,-308.209991,-308.209991,-308.209991,0.0
2022-09-23,2037.81995,2037.81995,2037.81995,2037.81995,0.0,-384.820007,-384.820007,-384.820007,-384.820007,0.0
2022-09-26,2018.96997,2018.96997,2018.96997,2018.96997,0.0,-431.23999,-431.23999,-431.23999,-431.23999,0.0
2022-09-27,2017.98999,2017.98999,2017.98999,2017.98999,0.0,-360.049988,-360.049988,-360.049988,-360.049988,0.0
2022-09-28,2039.76001,2039.76001,2039.76001,2039.76001,0.0,-169.240005,-169.240005,-169.240005,-169.240005,0.0
2022-09-29,2019.81995,2019.81995,2019.81995,2019.81995,0.0,-246.929993,-246.929993,-246.929993,-246.929993,0.0
2022-09-30,2014.81995,2014.81995,2014.81995,2014.81995,0.0,-221.600006,-221.600006,-221.600006,-221.600006,0.0
2022-10-03,2034.26001,2034.26001,2034.26001,2034.26001,0.0,-62.8100014,-62.8100014,-62.8100014,-62.8100014,0.0
2022-10-04,2055.90991,2055.90991,2055.90991,2055.90991,0.0,86.8300018,86.8300018,86.8300018,86.8300018,0.0
2022-10-05,2044.70996,2044.70996,2044.70996,2044.70996,0.0,25.6200008,25.6200008,25.6200008,25.6200008,0.0
2022-10-06,2033.42004,2033.42004,2033.42004,2033.42004,0.0,-25.5799999,-25.5799999,-25.5799999,-25.5799999,0.0
2022-10-07,2012.94995,2012.94995,2012.94995,2012.94995,0.0,-123.550003,-123.550003,-123.550003,-123.550003,0.0
2022-10-10,2003.80005,2003.80005,2003.80005,2003.80005,0.0,-148.360001,-148.360001,-148.360001,-148.360001,0.0
2022-10-11,1999.78003,1999.78003,1999.78003,1999.78003,0.0,-135.339996,-135.339996,-135.339996,-135.339996,0.0
2022-10-12,1992.69995,1992.69995,1992.69995,1992.69995,0.0,-136.25,-136.25,-136.25,-136.25,0.0
2022-10-13,2004.98999,2004.98999,2004.98999,2004.98999,0.0,-30.5799999,-30.5799999,-30.5799999,-30.5799999,0.0
2022-10-14,1986.47998,1986.47998,1986.47998,1986.47998,0.0,-113.510002,-113.510002,-113.510002,-113.510002,0.0
2022-10-17,2005.27002,2005.27002,2005.27002,2005.27002,0.0,31.1200008,31.1200008,31.1200008,31.1200008,0.0
2022-10-18,2018.0,2018.0,2018.0,2018.0,0.0,117.300003,117.300003,117.300003,117.300003,0.0
2022-10-19,2002.67004,2002.67004,2002.67004,2002.67004,0.0,29.8700008,29.8700008,29.8700008,29.8700008,0.0
2022-10-20,1991.31995,1991.31995,1991.31995,1991.31995,0.0,-26.7000008,-26.7000008,-26.7000008,-26.7000008,0.0
2022-10-21,2003.39001,2003.39001,2003.39001,2003.39001,0.0,91.7900009,91.7900009,91.7900009,91.7900009,0.0
2022-10-24,2007.82996,2007.82996,2007.82996,2007.82996,0.0,128.830002,128.830002,128.830002,128.830002,0.0
2022-10-25,2026.93005,2026.93005,2026.93005,2026.93005,0.0,270.630005,270.630005,270.630005,270.630005,0.0
2022-10-26,2031.96997,2031.96997,2031.96997,2031.96997,0.0,290.820007,290.820007,290.820007,290.820007,0.0
2022-10-27,2034.88,2034.88,2034.88,2034.88,0.0,275.230011,275.230011,275.230011,275.230011,0.0
2022-10-28,2049.76001,2049.76001,2049.76001,2049.76001,0.0,354.25,354.25,354.25,354.25,0.0
2022-10-31,2046.5,2046.5,2046.5,2046.5,0.0,285.100006,285.100006,285.100006,285.100006,0.0
2022-11-01,2051.28003,2051.28003,2051.28003,2051.28003,0.0,294.309998,294.309998,294.309998,294.309998,0.0
2022-11-02,2034.28003,2034.28003,2034.28003,2034.28003,0.0,147.429993,147.429993,147.429993,147.429993,0.0
2022-11-03,2028.57996,2028.57996,2028.57996,2028.57996,0.0,88.9400024,88.9400024,88.9400024,88.9400024,0.0
2022-11-04,2040.72998,2040.72998,2040.72998,2040.72998,0.0,176.300003,176.300003,176.300003,176.300003,0.0
2022-11-07,2048.62988,2048.62988,2048.62988,2048.62988,0.0,216.25,216.25,216.25,216.25,0.0
2022-11-08,2054.87012,2054.87012,2054.87012,2054.87012,0.0,248.600006,248.600006,248.600006,248.600006,0.0
2022-11-09,2036.97998,2036.97998,2036.97998,2036.97998,0.0,95.5400009,95.5400009,95.5400009,95.5400009,0.0
2022-11-10,2059.58008,2059.58008,2059.58008,2059.58008,0.0,250.5,250.5,250.5,250.5,0.0
2022-11-11,2067.67993,2067.67993,2067.67993,2067.67993,0.0,290.51001,290.51001,290.51001,290.51001,0.0
2022-11-14,2054.58008,2054.58008,2054.58008,2054.58008,0.0,158.529999,158.529999,158.529999,158.529999,0.0
2022-11-15,2069.08008,2069.08008,2069.08008,2069.08008,0.0,249.490005,249.490005,249.490005,249.490005,0.0
2022-11-16,2059.72998,2059.72998,2059.72998,2059.72998,0.0,145.399994,145.399994,145.399994,145.399994,0.0
2022-11-17,2051.12988,2051.12988,2051.12988,2051.12988,0.0,58.3400002,58.3400002,58.3400002,58.3400002,0.0
2022-11-18,2056.88989,2056.88989,2056.88989,2056.88989,0.0,91.6100006,91.6100006,91.6100006,91.6100006,0.0
2022-11-21,2054.19995,2054.19995,2054.19995,2054.19995,0.0,51.1899986,51.1899986,51.1899986,51.1899986,0.0
2022-11-22,2068.75,2068.75,2068.75,2068.75,0.0,148.0,148.0,148.0,148.0,0.0
2022-11-23,2075.22998,2075.22998,2075.22998,2075.22998,0.0,184.839996,184.839996,184.839996,184.839996,0.0
2022-11-25,,,,,,130.009995,130.009995,130.009995,130.009995,0.0
2022-11-28,2058.5,2058.5,2058.5,2058.5,0.0,-2.92000008,-2.92000008,-2.92000008,-2.92000008,0.0
2022-11-29,2062.26001,2062.26001,2062.26001,2062.26001,0.0,19.4799995,19.4799995,19.4799995,19.4799995,0.0
2022-11-30,2083.17993,2083.17993,2083.17993,2083.17993,0.0,151.809998,151.809998,151.809998,151.809998,0.0
2022-12-01,2085.73999,2085.73999,2085.73999,2085.73999,0.0,155.179993,155.179993,155.179993,155.179993,0.0
2022-12-02,2087.92993,2087.92993,2087.92993,2087.92993,0.0,144.979996,144.979996,144.979996,144.979996,0.0
2022-12-05,2067.63989,2067.63989,2067.63989,2067.63989,0.0,-15.0500002,-15.0500002,-15.0500002,-15.0500002,0.0
2022-12-06,2055.17993,2055.17993,2055.17993,2055.17993,0.0,-102.940002,-102.940002,-102.940002,-102.940002,0.0
2022-12-07,2053.44995,2053.44995,2053.44995,2053.44995,0.0,-102.389999,-102.389999,-102.389999,-102.389999,0.0
2022-12-08,2057.37012,2057.37012,2057.37012,2057.37012,0.0,-60.4300003,-60.4300003,-60.4300003,-60.4300003,0.0
2022-12-09,2045.18994,2045.18994,2045.18994,2045.18994,0.0,-123.660004,-123.660004,-123.660004,-123.660004,0.0
2022-12-12,2053.6001,2053.6001,2053.6001,2053.6001,0.0,-63.25,-63.25,-63.25,-63.25,0.0
2022-12-13,2064.6001,2064.6001,2064.6001,2064.6001,0.0,8.46000004,8.46000004,8.46000004,8.46000004,0.0
2022-12-14,2057.97998,2057.97998,2057.97998,2057.97998,0.0,-28.6100006,-28.6100006,-28.6100006,-28.6100006,0.0
2022-12-15,2039.47998,2039.47998,2039.47998,2039.47998,0.0,-130.25,-130.25,-130.25,-130.25,0.0
2022-12-16,2028.04004,2028.04004,2028.04004,2028.04004,0.0,-175.440002,-175.440002,-175.440002,-175.440002,0.0
2022-12-19,2016.23999,2016.23999,2016.23999,2016.23999,0.0,-217.75,-217.75,-217.75,-217.75,0.0
2022-12-20,2017.88,2017.88,2017.88,2017.88,0.0,-177.020004,-177.020004,-177.020004,-177.020004,0.0
2022-12-21,2033.06995,2033.06995,2033.06995,2033.06995,0.0,-63.1300011,-63.1300011,-63.1300011,-63.1300011,0.0
2022-12-22,2017.28003,2017.28003,2017.28003,2017.28003,0.0,-143.919998,-143.919998,-143.919998,-143.919998,0.0
2022-12-23,2026.78003,2026.78003,2026.78003,2026.78003,0.0,-65.0800018,-65.0800018,-65.0800018,-65.0800018,0.0
2022-12-27,,,,,,-41.2599983,-41.2599983,-41.2599983,-41.2599983,0.0
2022-12-28,2009.34998,2009.34998,2009.34998,2009.34998,0.0,-123.769997,-123.769997,-123.769997,-123.769997,0.0
2022-12-29,2027.13,2027.13,2027.13,2027.13,0.0,-0.109999999,-0.109999999,-0.109999999,-0.109999999,0.0
2022-12-30,2022.28003,2022.28003,2022.28003,2022.28003,0.0,-14.2200003,-14.2200003,-14.2200003,-14.2200003,0.0
2023-01-03,,,,,,-1.75,-1.75,-1.75,-1.75,0.0
2023-01-04,2039.02002,2039.02002,2039.02002,2039.02002,0.0,101.910004,101.910004,101.910004,101.910004,0.0
2023-01-05,2032.73999,2032.73999,2032.73999,2032.73999,0.0,60.25,60.25,60.25,60.25,0.0
2023-01-06,2053.98999,2053.98999,2053.98999,2053.98999,0.0,172.800003,172.800003,172.800003,172.800003,0.0
2023-01-09,2058.98999,2058.98999,2058.98999,2058.98999,0.0,187.020004,187.020004,187.020004,187.020004,0.0
2023-01-10,2070.71997,2070.71997,2070.71997,2070.71997,0.0,229.610001,229.610001,229.610001,229.610001,0.0
2023-01-11,2085.78003,2085.78003,2085.78003,2085.78003,0.0,284.309998,284.309998,284.309998,284.309998,0.0
2023-01-12,2098.95996,2098.95996,2098.95996,2098.95996,0.0,319.950012,319.950012,319.950012,319.950012,0.0
2023-01-13,2105.16992,2105.16992,2105.16992,2105.16992,0.0,308.440002,308.440002,308.440002,308.440002,0.0
2023-01-17,,,,,,217.75,217.75,217.75,217.75,0.0
2023-01-18,2095.11011,2095.11011,2095.11011,2095.11011,0.0,126.589996,126.589996,126.589996,126.589996,0.0
2023-01-19,2089.07007,2089.07007,2089.07007,2089.07007,0.0,67.6900024,67.6900024,67.6900024,67.6900024,0.0
2023-01-20,2105.82007,2105.82007,2105.82007,2105.82007,0.0,147.850006,147.850006,147.850006,147.850006,0.0
2023-01-23,2118.21997,2118.21997,2118.21997,2118.21997,0.0,189.160004,189.160004,189.160004,189.160004,0.0
2023-01-24,2116.59009,2116.59009,2116.59009,2116.59009,0.0,145.669998,145.669998,145.669998,145.669998,0.0
2023-01-25,2118.65991,2118.65991,2118.65991,2118.65991,0.0,128.839996,128.839996,128.839996,128.839996,0.0
2023-01-26,2129.26001,2129.26001,2129.26001,2129.26001,0.0,158.130005,158.130005,158.130005,158.130005,0.0
2023-01-27,2133.37988,2133.37988,2133.37988,2133.37988,0.0,150.520004,150.520004,150.520004,150.520004,0.0
2023-01-30,2122.63989,2122.63989,2122.63989,2122.63989,0.0,56.3400002,56.3400002,56.3400002,56.3400002,0.0
2023-01-31,2142.23999,2142.23999,2142.23999,2142.23999,0.0,147.860001,147.860001,147.860001,147.860001,0.0
2023-02-01,2154.76001,2154.76001,2154.76001,2154.76001,0.0,184.779999,184.779999,184.779999,184.779999,0.0
2023-02-02,2165.87012,2165.87012,2165.87012,2165.87012,0.0,209.600006,209.600006,209.600006,209.600006,0.0
2023-02-03,2152.76001,2152.76001,2152.76001,2152.76001,0.0,90.5400009,90.5400009,90.5400009,90.5400009,0.0
2023-02-06,2137.62988,2137.62988,2137.62988,2137.62988,0.0,-22.3199997,-22.3199997,-22.3199997,-22.3199997,0.0
2023-02-07,2144.88989,2144.88989,2144.88989,2144.88989,0.0,5.71999979,5.71999979,5.71999979,5.71999979,0.0
2023-02-08,2134.86011,2134.86011,2134.86011,2134.86011,0.0,-64.5999985,-64.5999985,-64.5999985,-64.5999985,0.0
2023-02-09,2120.8999,2120.8999,2120.8999,2120.8999,0.0,-147.240005,-147.240005,-147.240005,-147.240005,0.0
2023-02-10,2121.93994,2121.93994,2121.93994,2121.93994,0.0,-133.729996,-133.729996,-133.729996,-133.729996,0.0
2023-02-13,2136.41992,2136.41992,2136.41992,2136.41992,0.0,-46.5,-46.5,-46.5,-46.5,0.0
2023-02-14,2134.15991,2134.15991,2134.15991,2134.15991,0.0,-62.2400017,-62.2400017,-62.2400017,-62.2400017,0.0
2023-02-15,2138.94995,2138.94995,2138.94995,2138.94995,0.0,-39.6800003,-39.6800003,-39.6800003,-39.6800003,0.0
2023-02-16,2125.11011,2125.11011,2125.11011,2125.11011,0.0,-124.410004,-124.410004,-124.410004,-124.410004,0.0
2023-02-17,2121.8501,2121.8501,2121.8501,2121.8501,0.0,-138.740005,-138.740005,-138.740005,-138.740005,0.0
2023-02-21,,,,,,-121.379997,-121.379997,-121.379997,-121.379997,0.0
2023-02-22,2123.68994,2123.68994,2123.68994,2123.68994,0.0,-101.290001,-101.290001,-101.290001,-101.290001,0.0
2023-02-23,2132.92993,2132.92993,2132.92993,2132.92993,0.0,-44.9900017,-44.9900017,-44.9900017,-44.9900017,0.0
2023-02-24,2120.02002,2120.02002,2120.02002,2120.02002,0.0,-117.959999,-117.959999,-117.959999,-117.959999,0.0
2023-02-27,2124.61011,2124.61011,2124.61011,2124.61011,0.0,-82.4199982,-82.4199982,-82.4199982,-82.4199982,0.0
2023-02-28,2122.08008,2122.08008,2122.08008,2122.08008,0.0,-90.3000031,-90.3000031,-90.3000031,-90.3000031,0.0
2023-03-01,2119.05005,2119.05005,2119.05005,2119.05005,0.0,-105.669998,-105.669998,-105.669998,-105.669998,0.0
2023-03-02,2121.58008,2121.58008,2121.58008,2121.58008,0.0,-84.4800034,-84.4800034,-84.4800034,-84.4800034,0.0
2023-03-03,2138.96997,2138.96997,2138.96997,2138.96997,0.0,20.3099995,20.3099995,20.3099995,20.3099995,0.0
2023-03-06,2129.82007,2129.82007,2129.82007,2129.82007,0.0,-38.1300011,-38.1300011,-38.1300011,-38.1300011,0.0
2023-03-07,2112.56006,2112.56006,2112.56006,2112.56006,0.0,-134.350006,-134.350006,-134.350006,-134.350006,0.0
2023-03-08,2113.68994,2113.68994,2113.68994,2113.68994,0.0,-114.790001,-114.790001,-114.790001,-114.790001,0.0
2023-03-09,2092.78003,2092.78003,2092.78003,2092.78003,0.0,-221.350006,-221.350006,-221.350006,-221.350006,0.0
2023-03-10,2072.94995,2072.94995,2072.94995,2072.94995,0.0,-307.519989,-307.519989,-307.519989,-307.519989,0.0
2023-03-13,2060.88989,2060.88989,2060.88989,2060.88989,0.0,-336.25,-336.25,-336.25,-336.25,0.0
2023-03-14,2073.69995,2073.69995,2073.69995,2073.69995,0.0,-217.490005,-217.490005,-217.490005,-217.490005,0.0
2023-03-15,2058.69995,2058.69995,2058.69995,2058.69995,0.0,-271.619995,-271.619995,-271.619995,-271.619995,0.0
2023-03-16,2072.72998,2072.72998,2072.72998,2072.72998,0.0,-150.919998,-150.919998,-150.919998,-150.919998,0.0
2023-03-17,2053.59009,2053.59009,2053.59009,2053.59009,0.0,-234.949997,-234.949997,-234.949997,-234.949997,0.0
2023-03-20,2060.54004,2060.54004,2060.54004,2060.54004,0.0,-162.119995,-162.119995,-162.119995,-162.119995,0.0
2023-03-21,2076.02002,2076.02002,2076.02002,2076.02002,0.0,-44.9399986,-44.9399986,-44.9399986,-44.9399986,0.0
2023-03-22,2061.87012,2061.87012,2061.87012,2061.87012,0.0,-111.900002,-111.900002,-111.900002,-111.900002,0.0
2023-03-23,2053.3501,2053.3501,2053.3501,2053.3501,0.0,-136.309998,-136.309998,-136.309998,-136.309998,0.0
2023-03-24,2060.58008,2060.58008,2060.58008,2060.58008,0.0,-73.2900009,-73.2900009,-73.2900009,-73.2900009,0.0
2023-03-27,2073.8999,2073.8999,2073.8999,2073.8999,0.0,17.6200008,17.6200008,17.6200008,17.6200008,0.0
2023-03-28,2078.93994,2078.93994,2078.93994,2078.93994,0.0,49.2700005,49.2700005,49.2700005,49.2700005,0.0
2023-03-29,2095.12988,2095.12988,2095.12988,2095.12988,0.0,139.029999,139.029999,139.029999,139.029999,0.0
2023-03-30,2104.18994,2104.18994,2104.18994,2104.18994,0.0,175.710007,175.710007,175.710007,175.710007,0.0
2023-03-31,2122.57007,2122.57007,2122.57007,2122.57007,0.0,256.679993,256.679993,256.679993,256.679993,0.0
2023-04-03,2122.97998,2122.97998,2122.97998,2122.97998,0.0,223.759995,223.759995,223.759995,223.759995,0.0
2023-04-04,2111.58008,2111.58008,2111.58008,2111.58008,0.0,131.889999,131.889999,131.889999,131.889999,0.0
2023-04-05,2104.26001,2104.26001,2104.26001,2104.26001,0.0,72.9700012,72.9700012,72.9700012,72.9700012,0.0
2023-04-06,2107.09009,2107.09009,2107.09009,2107.09009,0.0,78.3799973,78.3799973,78.3799973,78.3799973,0.0
2023-04-10,,,,,,58.1399994,58.1399994,58.1399994,58.1399994,0.0
2023-04-11,2120.03003,2120.03003,2120.03003,2120.03003,0.0,122.150002,122.150002,122.150002,122.150002,0.0
2023-04-12,2117.06006,2117.06006,2117.06006,2117.06006,0.0,87.2099991,87.2099991,87.2099991,87.2099991,0.0
2023-04-13,2128.1001,2128.1001,2128.1001,2128.1001,0.0,134.169998,134.169998,134.169998,134.169998,0.0
2023-04-14,2118.98999,2118.98999,2118.98999,2118.98999,0.0,61.4000015,61.4000015,61.4000015,61.4000015,0.0
2023-04-17,2125.45996,2125.45996,2125.45996,2125.45996,0.0,86.75,86.75,86.75,86.75,0.0
2023-04-18,2122.69995,2122.69995,2122.69995,2122.69995,0.0,55.7799988,55.7799988,55.7799988,55.7799988,0.0
2023-04-19,2120.65991,2120.65991,2120.65991,2120.65991,0.0,34.6300011,34.6300011,34.6300011,34.6300011,0.0
2023-04-20,2113.1001,2113.1001,2113.1001,2113.1001,0.0,-16.8099995,-16.8099995,-16.8099995,-16.8099995,0.0
2023-04-21,2110.55005,2110.55005,2110.55005,2110.55005,0.0,-31.3999996,-31.3999996,-31.3999996,-31.3999996,0.0
2023-04-24,2112.43994,2112.43994,2112.43994,2112.43994,0.0,-16.3799992,-16.3799992,-16.3799992,-16.3799992,0.0
2023-04-25,2093.88989,2093.88989,2093.88989,2093.88989,0.0,-121.690002,-121.690002,-121.690002,-121.690002,0.0
2023-04-26,2084.52002,2084.52002,2084.52002,2084.52002,0.0,-157.869995,-157.869995,-157.869995,-157.869995,0.0
2023-04-27,2100.20996,2100.20996,2100.20996,2100.20996,0.0,-49.1699982,-49.1699982,-49.1699982,-49.1699982,0.0
2023-04-28,2113.32007,2113.32007,2113.32007,2113.32007,0.0,26.5300007,26.5300007,26.5300007,26.5300007,0.0
2023-05-01,2108.07007,2108.07007,2108.07007,2108.07007,0.0,-7.53999996,-7.53999996,-7.53999996,-7.53999996,0.0
2023-05-02,2091.67993,2091.67993,2091.67993,2091.67993,0.0,-100.349998,-100.349998,-100.349998,-100.349998,0.0
2023-05-03,2084.90991,2084.90991,2084.90991,2084.90991,0.0,-122.269997,-122.269997,-122.269997,-122.269997,0.0
2023-05-04,2073.6001,2073.6001,2073.6001,2073.6001,0.0,-167.380005,-167.380005,-167.380005,-167.380005,0.0
2023-05-05,2093.11011,2093.11011,2093.11011,2093.11011,0.0,-34.2299995,-34.2299995,-34.2299995,-34.2299995,0.0
2023-05-08,2090.70996,2090.70996,2090.70996,2090.70996,0.0,-38.4799995,-38.4799995,-38.4799995,-38.4799995,0.0
2023-05-09,2085.29004,2085.29004,2085.29004,2085.29004,0.0,-58.7700005,-58.7700005,-58.7700005,-58.7700005,0.0
2023-05-10,2088.86011,2088.86011,2088.86011,2088.86011,0.0,-28.7199993,-28.7199993,-28.7199993,-28.7199993,0.0
2023-05-11,2078.33008,2078.33008,2078.33008,2078.33008,0.0,-83.5100021,-83.5100021,-83.5100021,-83.5100021,0.0
2023-05-12,2073.87988,2073.87988,2073.87988,2073.87988,0.0,-94.8700027,-94.8700027,-94.8700027,-94.8700027,0.0
2023-05-15,2083.5,2083.5,2083.5,2083.5,0.0,-26.1299992,-26.1299992,-26.1299992,-26.1299992,0.0
2023-05-16,2066.12988,2066.12988,2066.12988,2066.12988,0.0,-114.339996,-114.339996,-114.339996,-114.339996,0.0
2023-05-17,2081.51001,2081.51001,2081.51001,2081.51001,0.0,-10.3800001,-10.3800001,-10.3800001,-10.3800001,0.0
2023-05-18,2086.62012,2086.62012,2086.62012,2086.62012,0.0,21.3500004,21.3500004,21.3500004,21.3500004,0.0
2023-05-19,2080.23999,2080.23999,2080.23999,2080.23999,0.0,-11.75,-11.75,-11.75,-11.75,0.0
2023-05-22,2085.33008,2085.33008,2085.33008,2085.33008,0.0,22.8500004,22.8500004,22.8500004,22.8500004,0.0
2023-05-23,2078.78003,2078.78003,2078.78003,2078.78003,0.0,-12.1800003,-12.1800003,-12.1800003,-12.1800003,0.0
2023-05-24,2063.36011,2063.36011,2063.36011,2063.36011,0.0,-91.0500031,-91.0500031,-91.0500031,-91.0500031,0.0
2023-05-25,2055.42993,2055.42993,2055.42993,2055.42993,0.0,-121.199997,-121.199997,-121.199997,-121.199997,0.0
2023-05-26,2066.40991,2066.40991,2066.40991,2066.40991,0.0,-39.5999985,-39.5999985,-39.5999985,-39.5999985,0.0
2023-05-30,,,,,,-20.1700001,-20.1700001,-20.1700001,-20.1700001,0.0
2023-05-31,2061.55005,2061.55005,2061.55005,2061.55005,0.0,-36.0900002,-36.0900002,-36.0900002,-36.0900002,0.0
2023-06-01,2074.22998,2074.22998,2074.22998,2074.22998,0.0,39.8499985,39.8499985,39.8499985,39.8499985,0.0
2023-06-02,2093.96997,2093.96997,2093.96997,2093.96997,0.0,147.630005,147.630005,147.630005,147.630005,0.0
2023-06-05,2085.3501,2085.3501,2085.3501,2085.3501,0.0,84.1999969,84.1999969,84.1999969,84.1999969,0.0
2023-06-06,2101.53003,2101.53003,2101.53003,2101.53003,0.0,162.690002,162.690002,162.690002,162.690002,0.0
2023-06-07,2109.40991,2109.40991,2109.40991,2109.40991,0.0,186.600006,186.600006,186.600006,186.600006,0.0
2023-06-08,2108.61011,2108.61011,2108.61011,2108.61011,0.0,156.080002,156.080002,156.080002,156.080002,0.0
2023-06-09,2101.42993,2101.42993,2101.42993,2101.42993,0.0,94.8700027,94.8700027,94.8700027,94.8700027,0.0
2023-06-12,2102.71997,2102.71997,2102.71997,2102.71997,0.0,87.4300003,87.4300003,87.4300003,87.4300003,0.0
2023-06-13,2113.33008,2113.33008,2113.33008,2113.33008,0.0,134.779999,134.779999,134.779999,134.779999,0.0
2023-06-14,2105.28003,2105.28003,2105.28003,2105.28003,0.0,71.1500015,71.1500015,71.1500015,71.1500015,0.0
2023-06-15,2119.41992,2119.41992,2119.41992,2119.41992,0.0,135.910004,135.910004,135.910004,135.910004,0.0
2023-06-16,2112.8501,2112.8501,2112.8501,2112.8501,0.0,80.2099991,80.2099991,80.2099991,80.2099991,0.0
2023-06-20,,,,,,54.3699989,54.3699989,54.3699989,54.3699989,0.0
2023-06-21,2113.53003,2113.53003,2113.53003,2113.53003,0.0,46.9199982,46.9199982,46.9199982,46.9199982,0.0
2023-06-22,2103.75,2103.75,2103.75,2103.75,0.0,-15.04,-15.04,-15.04,-15.04,0.0
2023-06-23,2092.75,2092.75,2092.75,2092.75,0.0,-74.3199997,-74.3199997,-74.3199997,-74.3199997,0.0
2023-06-26,2101.44995,2101.44995,2101.44995,2101.44995,0.0,-19.3299999,-19.3299999,-19.3299999,-19.3299999,0.0
2023-06-27,2113.92993,2113.92993,2113.92993,2113.92993,0.0,50.5400009,50.5400009,50.5400009,50.5400009,0.0
2023-06-28,2116.1499,2116.1499,2116.1499,2116.1499,0.0,53.9500008,53.9500008,53.9500008,53.9500008,0.0
2023-06-29,2124.6499,2124.6499,2124.6499,2124.6499,0.0,92.6399994,92.6399994,92.6399994,92.6399994,0.0
2023-06-30,2136.07007,2136.07007,2136.07007,2136.07007,0.0,138.490005,138.490005,138.490005,138.490005,0.0
2023-07-03,2146.5,2146.5,2146.5,2146.5,0.0,172.529999,172.529999,172.529999,172.529999,0.0
2023-07-05,,,,,,116.629997,116.629997,116.629997,116.629997,0.0
2023-07-06,2126.68994,2126.68994,2126.68994,2126.68994,0.0,-15.2200003,-15.2200003,-15.2200003,-15.2200003,0.0
2023-07-07,2138.16992,2138.16992,2138.16992,2138.16992,0.0,46.6300011,46.6300011,46.6300011,46.6300011,0.0
2023-07-10,2148.6499,2148.6499,2148.6499,2148.6499,0.0,92.0899963,92.0899963,92.0899963,92.0899963,0.0
2023-07-11,2163.3999,2163.3999,2163.3999,2163.3999,0.0,154.110001,154.110001,154.110001,154.110001,0.0
2023-07-12,2175.52002,2175.52002,2175.52002,2175.52002,0.0,190.070007,190.070007,190.070007,190.070007,0.0
2023-07-13,2185.80005,2185.80005,2185.80005,2185.80005,0.0,209.160004,209.160004,209.160004,209.160004,0.0
2023-07-14,2171.58008,2171.58008,2171.58008,2171.58008,0.0,90.7799988,90.7799988,90.7799988,90.7799988,0.0
2023-07-17,2175.61011,2175.61011,2175.61011,2175.61011,0.0,87.7099991,87.7099991,87.7099991,87.7099991,0.0
2023-07-18,2187.62988,2187.62988,2187.62988,2187.62988,0.0,129.800003,129.800003,129.800003,129.800003,0.0
2023-07-19,2196.1001,2196.1001,2196.1001,2196.1001,0.0,144.880005,144.880005,144.880005,144.880005,0.0
2023-07-20,2191.29004,2191.29004,2191.29004,2191.29004,0.0,85.8499985,85.8499985,85.8499985,85.8499985,0.0
2023-07-21,2190.77002,2190.77002,2190.77002,2190.77002,0.0,59.5999985,59.5999985,59.5999985,59.5999985,0.0
2023-07-24,2197.29004,2197.29004,2197.29004,2197.29004,0.0,72.1200027,72.1200027,72.1200027,72.1200027,0.0
2023-07-25,2198.04004,2198.04004,2198.04004,2198.04004,0.0,52.0900002,52.0900002,52.0900002,52.0900002,0.0
2023-07-26,2205.25,2205.25,2205.25,2205.25,0.0,71.1399994,71.1399994,71.1399994,71.1399994,0.0
2023-07-27,2190.23999,2190.23999,2190.23999,2190.23999,0.0,-32.9599991,-32.9599991,-32.9599991,-32.9599991,0.0
2023-07-28,2201.58008,2201.58008,2201.58008,2201.58008,0.0,21.6900005,21.6900005,21.6900005,21.6900005,0.0
2023-07-31,2213.59009,2213.59009,2213.59009,2213.59009,0.0,74.6200027,74.6200027,74.6200027,74.6200027,0.0
2023-08-01,2204.07007,2204.07007,2204.07007,2204.07007,0.0,-0.850000024,-0.850000024,-0.850000024,-0.850000024,0.0
2023-08-02,2189.59009,2189.59009,2189.59009,2189.59009,0.0,-94.9800034,-94.9800034,-94.9800034,-94.9800034,0.0
2023-08-03,2182.03003,2182.03003,2182.03003,2182.03003,0.0,-132.960007,-132.960007,-132.960007,-132.960007,0.0
2023-08-04,2184.3501,2184.3501,2184.3501,2184.3501,0.0,-114.120003,-114.120003,-114.120003,-114.120003,0.0
2023-08-07,2192.20996,2192.20996,2192.20996,2192.20996,0.0,-69.9700012,-69.9700012,-69.9700012,-69.9700012,0.0
2023-08-08,2184.66992,2184.66992,2184.66992,2184.66992,0.0,-111.599998,-111.599998,-111.599998,-111.599998,0.0
2023-08-09,2180.83008,2180.83008,2180.83008,2180.83008,0.0,-124.849998,-124.849998,-124.849998,-124.849998,0.0
2023-08-10,2176.95996,2176.95996,2176.95996,2176.95996,0.0,-136.770004,-136.770004,-136.770004,-136.770004,0.0
2023-08-11,2177.56006,2177.56006,2177.56006,2177.56006,0.0,-123.669998,-123.669998,-123.669998,-123.669998,0.0
2023-08-14,2171.56006,2171.56006,2171.56006,2171.56006,0.0,-148.729996,-148.729996,-148.729996,-148.729996,0.0
2023-08-15,2152.33008,2152.33008,2152.33008,2152.33008,0.0,-239.139999,-239.139999,-239.139999,-239.139999,0.0
2023-08-16,2138.28003,2138.28003,2138.28003,2138.28003,0.0,-286.859985,-286.859985,-286.859985,-286.859985,0.0
2023-08-17,2127.33008,2127.33008,2127.33008,2127.33008,0.0,-310.929993,-310.929993,-310.929993,-310.929993,0.0
2023-08-18,2130.53003,2130.53003,2130.53003,2130.53003,0.0,-250.0,-250.0,-250.0,-250.0,0.0
2023-08-21,2124.36011,2124.36011,2124.36011,2124.36011,0.0,-252.160004,-252.160004,-252.160004,-252.160004,0.0
2023-08-22,2120.08008,2120.08008,2120.08008,2120.08008,0.0,-239.089996,-239.089996,-239.089996,-239.089996,0.0
2023-08-23,2135.59009,2135.59009,2135.59009,2135.59009,0.0,-123.25,-123.25,-123.25,-123.25,0.0
2023-08-24,2121.71997,2121.71997,2121.71997,2121.71997,0.0,-181.949997,-181.949997,-181.949997,-181.949997,0.0
2023-08-25,2127.44995,2127.44995,2127.44995,2127.44995,0.0,-123.760002,-123.760002,-123.760002,-123.760002,0.0
2023-08-28,2140.6499,2140.6499,2140.6499,2140.6499,0.0,-33.25,-33.25,-33.25,-33.25,0.0
2023-08-29,2159.1001,2159.1001,2159.1001,2159.1001,0.0,72.6100006,72.6100006,72.6100006,72.6100006,0.0
2023-08-30,2164.45996,2164.45996,2164.45996,2164.45996,0.0,92.1500015,92.1500015,92.1500015,92.1500015,0.0
2023-08-31,2161.54004,2161.54004,2161.54004,2161.54004,0.0,67.0500031,67.0500031,67.0500031,67.0500031,0.0
2023-09-01,2169.62012,2169.62012,2169.62012,2169.62012,0.0,99.4499969,99.4499969,99.4499969,99.4499969,0.0
2023-09-05,,,,,,72.1100006,72.1100006,72.1100006,72.1100006,0.0
2023-09-06,2162.48999,2162.48999,2162.48999,2162.48999,0.0,21.9400005,21.9400005,21.9400005,21.9400005,0.0
2023-09-07,2153.83008,2153.83008,2153.83008,2153.83008,0.0,-26.6299992,-26.6299992,-26.6299992,-26.6299992,0.0
2023-09-08,2155.05005,2155.05005,2155.05005,2155.05005,0.0,-18.1000004,-18.1000004,-18.1000004,-18.1000004,0.0
2023-09-11,2157.53003,2157.53003,2157.53003,2157.53003,0.0,-0.899999976,-0.899999976,-0.899999976,-0.899999976,0.0
2023-09-12,2155.40991,2155.40991,2155.40991,2155.40991,0.0,-11.8000002,-11.8000002,-11.8000002,-11.8000002,0.0
2023-09-13,2148.97998,2148.97998,2148.97998,2148.97998,0.0,-43.1699982,-43.1699982,-43.1699982,-43.1699982,0.0
2023-09-14,2163.68994,2163.68994,2163.68994,2163.68994,0.0,39.9599991,39.9599991,39.9599991,39.9599991,0.0
2023-09-15,2154.62988,2154.62988,2154.62988,2154.62988,0.0,-17.1700001,-17.1700001,-17.1700001,-17.1700001,0.0
2023-09-18,2151.65991,2151.65991,2151.65991,2151.65991,0.0,-29.8600006,-29.8600006,-29.8600006,-29.8600006,0.0
2023-09-19,2146.65991,2146.65991,2146.65991,2146.65991,0.0,-51.7700005,-51.7700005,-51.7700005,-51.7700005,0.0
2023-09-20,2140.8501,2140.8501,2140.8501,2140.8501,0.0,-75.3199997,-75.3199997,-75.3199997,-75.3199997,0.0
2023-09-21,2121.34009,2121.34009,2121.34009,2121.34009,0.0,-168.929993,-168.929993,-168.929993,-168.929993,0.0
2023-09-22,2119.63989,2119.63989,2119.63989,2119.63989,0.0,-151.470001,-151.470001,-151.470001,-151.470001,0.0
2023-09-25,2118.81006,2118.81006,2118.81006,2118.81006,0.0,-132.009995,-132.009995,-132.009995,-132.009995,0.0
2023-09-26,2099.36011,2099.36011,2099.36011,2099.36011,0.0,-215.059998,-215.059998,-215.059998,-215.059998,0.0
2023-09-27,2101.11011,2101.11011,2101.11011,2101.11011,0.0,-168.800003,-168.800003,-168.800003,-168.800003,0.0
2023-09-28,2109.84009,2109.84009,2109.84009,2109.84009,0.0,-94.2799988,-94.2799988,-94.2799988,-94.2799988,0.0
2023-09-29,2106.53003,2106.53003,2106.53003,2106.53003,0.0,-92.5400009,-92.5400009,-92.5400009,-92.5400009,0.0
2023-10-02,2089.12012,2089.12012,2089.12012,2089.12012,0.0,-168.259995,-168.259995,-168.259995,-168.259995,0.0
2023-10-03,2070.51001,2070.51001,2070.51001,2070.51001,0.0,-239.089996,-239.089996,-239.089996,-239.089996,0.0
2023-10-04,2077.01001,2077.01001,2077.01001,2077.01001,0.0,-163.380005,-163.380005,-163.380005,-163.380005,0.0
2023-10-05,2074.34009,2074.34009,2074.34009,2074.34009,0.0,-147.039993,-147.039993,-147.039993,-147.039993,0.0
2023-10-06,2082.51001,2082.51001,2082.51001,2082.51001,0.0,-71.2900009,-71.2900009,-71.2900009,-71.2900009,0.0
2023-10-09,2092.62988,2092.62988,2092.62988,2092.62988,0.0,2.23000002,2.23000002,2.23000002,2.23000002,0.0
2023-10-10,2106.1001,2106.1001,2106.1001,2106.1001,0.0,82.9100037,82.9100037,82.9100037,82.9100037,0.0
2023-10-11,2112.51001,2112.51001,2112.51001,2112.51001,0.0,112.169998,112.169998,112.169998,112.169998,0.0
2023-10-12,2093.45996,2093.45996,2093.45996,2093.45996,0.0,2.8599999,2.8599999,2.8599999,2.8599999,0.0
2023-10-13,2085.67993,2085.67993,2085.67993,2085.67993,0.0,-28.6599998,-28.6599998,-28.6599998,-28.6599998,0.0
2023-10-16,2099.53003,2099.53003,2099.53003,2099.53003,0.0,56.7799988,56.7799988,56.7799988,56.7799988,0.0
2023-10-17,2104.31006,2104.31006,2104.31006,2104.31006,0.0,81.9100037,81.9100037,81.9100037,81.9100037,0.0
2023-10-18,2085.68994,2085.68994,2085.68994,2085.68994,0.0,-22.8799992,-22.8799992,-22.8799992,-22.8799992,0.0
2023-10-19,2068.43994,2068.43994,2068.43994,2068.43994,0.0,-100.809998,-100.809998,-100.809998,-100.809998,0.0
2023-10-20,2055.52002,2055.52002,2055.52002,2055.52002,0.0,-147.179993,-147.179993,-147.179993,-147.179993,0.0
2023-10-23,2044.53003,2044.53003,2044.53003,2044.53003,0.0,-174.940002,-174.940002,-174.940002,-174.940002,0.0
2023-10-24,2055.31006,2055.31006,2055.31006,2055.31006,0.0,-80.5699997,-80.5699997,-80.5699997,-80.5699997,0.0
2023-10-25,2040.19995,2040.19995,2040.19995,2040.19995,0.0,-140.399994,-140.399994,-140.399994,-140.399994,0.0
2023-10-26,2041.67004,2041.67004,2041.67004,2041.67004,0.0,-102.059998,-102.059998,-102.059998,-102.059998,0.0
2023-10-27,2028.22998,2028.22998,2028.22998,2028.22998,0.0,-146.25,-146.25,-146.25,-146.25,0.0
2023-10-30,2039.52002,2039.52002,2039.52002,2039.52002,0.0,-54.2400017,-54.2400017,-54.2400017,-54.2400017,0.0
2023-10-31,2051.28003,2051.28003,2051.28003,2051.28003,0.0,29.8600006,29.8600006,29.8600006,29.8600006,0.0
2023-11-01,2061.16992,2061.16992,2061.16992,2061.16992,0.0,88.8499985,88.8499985,88.8499985,88.8499985,0.0
2023-11-02,2082.52002,2082.52002,2082.52002,2082.52002,0.0,206.270004,206.270004,206.270004,206.270004,0.0
2023-11-03,2101.31006,2101.31006,2101.31006,2101.31006,0.0,287.200012,287.200012,287.200012,287.200012,0.0
2023-11-06,2088.96997,2088.96997,2088.96997,2088.96997,0.0,189.199997,189.199997,189.199997,189.199997,0.0
2023-11-07,2083.77002,2083.77002,2083.77002,2083.77002,0.0,142.710007,142.710007,142.710007,142.710007,0.0
2023-11-08,2080.26001,2080.26001,2080.26001,2080.26001,0.0,110.519997,110.519997,110.519997,110.519997,0.0
2023-11-09,2066.59009,2066.59009,2066.59009,2066.59009,0.0,28.6000004,28.6000004,28.6000004,28.6000004,0.0
2023-11-10,2079.62988,2079.62988,2079.62988,2079.62988,0.0,99.0899963,99.0899963,99.0899963,99.0899963,0.0
2023-11-13,2078.59009,2078.59009,2078.59009,2078.59009,0.0,87.3300018,87.3300018,87.3300018,87.3300018,0.0
2023-11-14,2101.45996,2101.45996,2101.45996,2101.45996,0.0,204.309998,204.309998,204.309998,204.309998,0.0
2023-11-15,2104.27002,2104.27002,2104.27002,2104.27002,0.0,194.330002,194.330002,194.330002,194.330002,0.0
2023-11-16,2097.95996,2097.95996,2097.95996,2097.95996,0.0,133.190002,133.190002,133.190002,133.190002,0.0
2023-11-17,2109.27002,2109.27002,2109.27002,2109.27002,0.0,178.020004,178.020004,178.020004,178.020004,0.0
2023-11-20,2116.57007,2116.57007,2116.57007,2116.57007,0.0,193.729996,193.729996,193.729996,193.729996,0.0
2023-11-21,2106.66992,2106.66992,2106.66992,2106.66992,0.0,114.459999,114.459999,114.459999,114.459999,0.0
2023-11-22,2114.40991,2114.40991,2114.40991,2114.40991,0.0,140.669998,140.669998,140.669998,140.669998,0.0
2023-11-24,,,,,,102.970001,102.970001,102.970001,102.970001,0.0
2023-11-27,2109.80005,2109.80005,2109.80005,2109.80005,0.0,64.3899994,64.3899994,64.3899994,64.3899994,0.0
2023-11-28,2109.91992,2109.91992,2109.91992,2109.91992,0.0,56.5400009,56.5400009,56.5400009,56.5400009,0.0
2023-11-29,2117.63989,2117.63989,2117.63989,2117.63989,0.0,87.1200027,87.1200027,87.1200027,87.1200027,0.0
2023-11-30,2124.62012,2124.62012,2124.62012,2124.62012,0.0,109.230003,109.230003,109.230003,109.230003,0.0
2023-12-01,2143.0,2143.0,2143.0,2143.0,0.0,189.800003,189.800003,189.800003,189.800003,0.0
2023-12-04,2147.1001,2147.1001,2147.1001,2147.1001,0.0,179.509995,179.509995,179.509995,179.509995,0.0
2023-12-05,2135.78003,2135.78003,2135.78003,2135.78003,0.0,90.3499985,90.3499985,90.3499985,90.3499985,0.0
2023-12-06,2135.15991,2135.15991,2135.15991,2135.15991,0.0,69.6500015,69.6500015,69.6500015,69.6500015,0.0
2023-12-07,2144.37988,2144.37988,2144.37988,2144.37988,0.0,104.610001,104.610001,104.610001,104.610001,0.0
2023-12-08,2148.06006,2148.06006,2148.06006,2148.06006,0.0,102.980003,102.980003,102.980003,102.980003,0.0
2023-12-11,2149.12012,2149.12012,2149.12012,2149.12012,0.0,84.6999969,84.6999969,84.6999969,84.6999969,0.0
2023-12-12,2147.27002,2147.27002,2147.27002,2147.27002,0.0,53.2599983,53.2599983,53.2599983,53.2599983,0.0
2023-12-13,2169.19995,2169.19995,2169.19995,2169.19995,0.0,156.410004,156.410004,156.410004,156.410004,0.0
2023-12-14,2184.26001,2184.26001,2184.26001,2184.26001,0.0,210.190002,210.190002,210.190002,210.190002,0.0
2023-12-15,2173.87012,2173.87012,2173.87012,2173.87012,0.0,114.32,114.32,114.32,114.32,0.0
2023-12-18,2173.61011,2173.61011,2173.61011,2173.61011,0.0,87.4899979,87.4899979,87.4899979,87.4899979,0.0
2023-12-19,2190.95996,2190.95996,2190.95996,2190.95996,0.0,157.130005,157.130005,157.130005,157.130005,0.0
2023-12-20,2175.06006,2175.06006,2175.06006,2175.06006,0.0,41.3199997,41.3199997,41.3199997,41.3199997,0.0
2023-12-21,2192.09009,2192.09009,2192.09009,2192.09009,0.0,115.559998,115.559998,115.559998,115.559998,0.0
2023-12-22,2201.36011,2201.36011,2201.36011,2201.36011,0.0,138.630005,138.630005,138.630005,138.630005,0.0
2023-12-26,,,,,,79.4800034,79.4800034,79.4800034,79.4800034,0.0
2023-12-27,2207.04004,2207.04004,2207.04004,2207.04004,0.0,85.5100021,85.5100021,85.5100021,85.5100021,0.0
2023-12-28,2203.62012,2203.62012,2203.62012,2203.62012,0.0,42.9599991,42.9599991,42.9599991,42.9599991,0.0
2023-12-29,2190.98999,2190.98999,2190.98999,2190.98999,0.0,-44.2900009,-44.2900009,-44.2900009,-44.2900009,0.0
2024-01-02,,,,,,-55.7799988,-55.7799988,-55.7799988,-55.7799988,0.0
2024-01-03,2178.40991,2178.40991,2178.40991,2178.40991,0.0,-124.949997,-124.949997,-124.949997,-124.949997,0.0
2024-01-04,2177.34009,2177.34009,2177.34009,2177.34009,0.0,-122.449997,-122.449997,-122.449997,-122.449997,0.0
2024-01-05,2179.73999,2179.73999,2179.73999,2179.73999,0.0,-103.989998,-103.989998,-103.989998,-103.989998,0.0
2024-01-08,2194.12988,2194.12988,2194.12988,2194.12988,0.0,-22.7399998,-22.7399998,-22.7399998,-22.7399998,0.0
2024-01-09,2182.76001,2182.76001,2182.76001,2182.76001,0.0,-89.8000031,-89.8000031,-89.8000031,-89.8000031,0.0
2024-01-10,2186.37012,2186.37012,2186.37012,2186.37012,0.0,-68.8000031,-68.8000031,-68.8000031,-68.8000031,0.0
2024-01-11,2180.52002,2180.52002,2180.52002,2180.52002,0.0,-100.800003,-100.800003,-100.800003,-100.800003,0.0
2024-01-12,2183.12012,2183.12012,2183.12012,2183.12012,0.0,-81.1399994,-81.1399994,-81.1399994,-81.1399994,0.0
2024-01-16,,,,,,-75.1200027,-75.1200027,-75.1200027,-75.1200027,0.0
2024-01-17,2168.93994,2168.93994,2168.93994,2168.93994,0.0,-146.360001,-146.360001,-146.360001,-146.360001,0.0
2024-01-18,2172.45996,2172.45996,2172.45996,2172.45996,0.0,-113.809998,-113.809998,-113.809998,-113.809998,0.0
2024-01-19,2183.16992,2183.16992,2183.16992,2183.16992,0.0,-47.1199989,-47.1199989,-47.1199989,-47.1199989,0.0
2024-01-22,2197.6499,2197.6499,2197.6499,2197.6499,0.0,28.2900009,28.2900009,28.2900009,28.2900009,0.0
2024-01-23,2196.40991,2196.40991,2196.40991,2196.40991,0.0,13.7299995,13.7299995,13.7299995,13.7299995,0.0
2024-01-24,2192.94995,2192.94995,2192.94995,2192.94995,0.0,-12.6499996,-12.6499996,-12.6499996,-12.6499996,0.0
2024-01-25,2208.34009,2208.34009,2208.34009,2208.34009,0.0,63.7900009,63.7900009,63.7900009,63.7900009,0.0
2024-01-26,2212.12988,2212.12988,2212.12988,2212.12988,0.0,70.1999969,70.1999969,70.1999969,70.1999969,0.0
2024-01-29,2224.86011,2224.86011,2224.86011,2224.86011,0.0,119.330002,119.330002,119.330002,119.330002,0.0
2024-01-30,2223.48999,2223.48999,2223.48999,2223.48999,0.0,85.2300034,85.2300034,85.2300034,85.2300034,0.0
2024-01-31,2207.38989,2207.38989,2207.38989,2207.38989,0.0,-22.0499992,-22.0499992,-22.0499992,-22.0499992,0.0
2024-02-01,2223.11011,2223.11011,2223.11011,2223.11011,0.0,54.7200012,54.7200012,54.7200012,54.7200012,0.0
2024-02-02,2212.87012,2212.87012,2212.87012,2212.87012,0.0,-15.2299995,-15.2299995,-15.2299995,-15.2299995,0.0
2024-02-05,2195.21997,2195.21997,2195.21997,2195.21997,0.0,-117.370003,-117.370003,-117.370003,-117.370003,0.0
2024-02-06,2207.33008,2207.33008,2207.33008,2207.33008,0.0,-42.2299995,-42.2299995,-42.2299995,-42.2299995,0.0
2024-02-07,2207.88989,2207.88989,2207.88989,2207.88989,0.0,-42.5200005,-42.5200005,-42.5200005,-42.5200005,0.0
2024-02-08,2213.09009,2213.09009,2213.09009,2213.09009,0.0,-14.9300003,-14.9300003,-14.9300003,-14.9300003,0.0
2024-02-09,2222.48999,2222.48999,2222.48999,2222.48999,0.0,28.9899998,28.9899998,28.9899998,28.9899998,0.0
2024-02-12,2237.37988,2237.37988,2237.37988,2237.37988,0.0,98.3399963,98.3399963,98.3399963,98.3399963,0.0
2024-02-13,2214.79004,2214.79004,2214.79004,2214.79004,0.0,-44.8400002,-44.8400002,-44.8400002,-44.8400002,0.0
2024-02-14,2226.52002,2226.52002,2226.52002,2226.52002,0.0,17.6100006,17.6100006,17.6100006,17.6100006,0.0
2024-02-15,2244.3501,2244.3501,2244.3501,2244.3501,0.0,103.410004,103.410004,103.410004,103.410004,0.0
2024-02-16,2234.80005,2234.80005,2234.80005,2234.80005,0.0,30.75,30.75,30.75,30.75,0.0
2024-02-20,,,,,,7.25,7.25,7.25,7.25,0.0
2024-02-21,2234.22998,2234.22998,2234.22998,2234.22998,0.0,-5.15999985,-5.15999985,-5.15999985,-5.15999985,0.0
2024-02-22,2240.54004,2240.54004,2240.54004,2240.54004,0.0,18.4400005,18.4400005,18.4400005,18.4400005,0.0
2024-02-23,2246.8501,2246.8501,2246.8501,2246.8501,0.0,17.5499992,17.5499992,17.5499992,17.5499992,0.0
2024-02-26,2240.93994,2240.93994,2240.93994,2240.93994,0.0,-3.6400001,-3.6400001,-3.6400001,-3.6400001,0.0
2024-02-27,2244.86011,2244.86011,2244.86011,2244.86011,0.0,9.89999962,9.89999962,9.89999962,9.89999962,0.0
2024-02-28,2241.30005,2241.30005,2241.30005,2241.30005,0.0,-20.0300007,-20.0300007,-20.0300007,-20.0300007,0.0
2024-02-29,2251.86011,2251.86011,2251.86011,2251.86011,0.0,29.7600002,29.7600002,29.7600002,29.7600002,0.0
2024-03-01,2259.02002,2259.02002,2259.02002,2259.02002,0.0,54.3400002,54.3400002,54.3400002,54.3400002,0.0
2024-03-04,2255.26001,2255.26001,2255.26001,2255.26001,0.0,15.0699997,15.0699997,15.0699997,15.0699997,0.0
2024-03-05,2250.13989,2250.13989,2250.13989,2250.13989,0.0,-22.1399994,-22.1399994,-22.1399994,-22.1399994,0.0
2024-03-06,2261.70996,2261.70996,2261.70996,2261.70996,0.0,33.0299988,33.0299988,33.0299988,33.0299988,0.0
2024-03-07,2273.1499,2273.1499,2273.1499,2273.1499,0.0,78.9899979,78.9899979,78.9899979,78.9899979,0.0
2024-03-08,2274.94995,2274.94995,2274.94995,2274.94995,0.0,68.8499985,68.8499985,68.8499985,68.8499985,0.0
2024-03-11,2274.83008,2274.83008,2274.83008,2274.83008,0.0,48.8899994,48.8899994,48.8899994,48.8899994,0.0
2024-03-12,2277.02002,2277.02002,2277.02002,2277.02002,0.0,43.2000008,43.2000008,43.2000008,43.2000008,0.0
2024-03-13,2281.48999,2281.48999,2281.48999,2281.48999,0.0,52.3499985,52.3499985,52.3499985,52.3499985,0.0
2024-03-14,2263.91992,2263.91992,2263.91992,2263.91992,0.0,-58.4199982,-58.4199982,-58.4199982,-58.4199982,0.0
2024-03-15,2266.61011,2266.61011,2266.61011,2266.61011,0.0,-46.4799995,-46.4799995,-46.4799995,-46.4799995,0.0
2024-03-18,2266.45996,2266.45996,2266.45996,2266.45996,0.0,-49.0600014,-49.0600014,-49.0600014,-49.0600014,0.0
2024-03-19,2276.81006,2276.81006,2276.81006,2276.81006,0.0,3.49000001,3.49000001,3.49000001,3.49000001,0.0
2024-03-20,2292.0,2292.0,2292.0,2292.0,0.0,73.1299973,73.1299973,73.1299973,73.1299973,0.0
2024-03-21,2302.16992,2302.16992,2302.16992,2302.16992,0.0,105.089996,105.089996,105.089996,105.089996,0.0
2024-03-22,2292.8999,2292.8999,2292.8999,2292.8999,0.0,29.9400005,29.9400005,29.9400005,29.9400005,0.0
2024-03-25,2288.13989,2288.13989,2288.13989,2288.13989,0.0,-9.52999973,-9.52999973,-9.52999973,-9.52999973,0.0
2024-03-26,2285.25,2285.25,2285.25,2285.25,0.0,-34.9399986,-34.9399986,-34.9399986,-34.9399986,0.0
2024-03-27,2301.82007,2301.82007,2301.82007,2301.82007,0.0,48.8199997,48.8199997,48.8199997,48.8199997,0.0
2024-03-28,2308.75,2308.75,2308.75,2308.75,0.0,67.4700012,67.4700012,67.4700012,67.4700012,0.0
2024-04-01,,,,,,28.4400005,28.4400005,28.4400005,28.4400005,0.0
2024-04-02,2294.59009,2294.59009,2294.59009,2294.59009,0.0,-61.2000008,-61.2000008,-61.2000008,-61.2000008,0.0
2024-04-03,2299.86011,2299.86011,2299.86011,2299.86011,0.0,-34.6199989,-34.6199989,-34.6199989,-34.6199989,0.0
2024-04-04,2290.68994,2290.68994,2290.68994,2290.68994,0.0,-88.3499985,-88.3499985,-88.3499985,-88.3499985,0.0
2024-04-05,2296.13989,2296.13989,2296.13989,2296.13989,0.0,-58.1199989,-58.1199989,-58.1199989,-58.1199989,0.0
2024-04-08,2301.37012,2301.37012,2301.37012,2301.37012,0.0,-31.1499996,-31.1499996,-31.1499996,-31.1499996,0.0
2024-04-09,2305.8501,2305.8501,2305.8501,2305.8501,0.0,-13.3500004,-13.3500004,-13.3500004,-13.3500004,0.0
2024-04-10,2285.61011,2285.61011,2285.61011,2285.61011,0.0,-128.490005,-128.490005,-128.490005,-128.490005,0.0
2024-04-11,2285.97998,2285.97998,2285.97998,2285.97998,0.0,-116.910004,-116.910004,-116.910004,-116.910004,0.0
2024-04-12,2265.68994,2265.68994,2265.68994,2265.68994,0.0,-216.229996,-216.229996,-216.229996,-216.229996,0.0
2024-04-15,2246.16992,2246.16992,2246.16992,2246.16992,0.0,-295.329987,-295.329987,-295.329987,-295.329987,0.0
2024-04-16,2237.66992,2237.66992,2237.66992,2237.66992,0.0,-302.920013,-302.920013,-302.920013,-302.920013,0.0
2024-04-17,2236.42993,2236.42993,2236.42993,2236.42993,0.0,-268.820007,-268.820007,-268.820007,-268.820007,0.0
2024-04-18,2235.6001,2235.6001,2235.6001,2235.6001,0.0,-238.179993,-238.179993,-238.179993,-238.179993,0.0
2024-04-19,2245.76001,2245.76001,2245.76001,2245.76001,0.0,-153.199997,-153.199997,-153.199997,-153.199997,0.0
2024-04-22,2258.82007,2258.82007,2258.82007,2258.82007,0.0,-63.8100014,-63.8100014,-63.8100014,-63.8100014,0.0
2024-04-23,2277.1499,2277.1499,2277.1499,2277.1499,0.0,40.2099991,40.2099991,40.2099991,40.2099991,0.0
2024-04-24,2273.23999,2273.23999,2273.23999,2273.23999,0.0,13.0799999,13.0799999,13.0799999,13.0799999,0.0
2024-04-25,2261.82007,2261.82007,2261.82007,2261.82007,0.0,-50.0499992,-50.0499992,-50.0499992,-50.0499992,0.0
2024-04-26,2270.36011,2270.36011,2270.36011,2270.36011,0.0,1.71000004,1.71000004,1.71000004,1.71000004,0.0
2024-04-29,2281.77002,2281.77002,2281.77002,2281.77002,0.0,61.2000008,61.2000008,61.2000008,61.2000008,0.0
2024-04-30,2263.47998,2263.47998,2263.47998,2263.47998,0.0,-46.1399994,-46.1399994,-46.1399994,-46.1399994,0.0
2024-05-01,2268.97998,2268.97998,2268.97998,2268.97998,0.0,-12.96,-12.96,-12.96,-12.96,0.0
2024-05-02,2284.61011,2284.61011,2284.61011,2284.61011,0.0,71.0100021,71.0100021,71.0100021,71.0100021,0.0
2024-05-03,2298.66992,2298.66992,2298.66992,2298.66992,0.0,132.190002,132.190002,132.190002,132.190002,0.0
2024-05-06,2313.83008,2313.83008,2313.83008,2313.83008,0.0,189.610001,189.610001,189.610001,189.610001,0.0
2024-05-07,2316.81006,2316.81006,2316.81006,2316.81006,0.0,176.929993,176.929993,176.929993,176.929993,0.0
2024-05-08,2314.1001,2314.1001,2314.1001,2314.1001,0.0,131.910004,131.910004,131.910004,131.910004,0.0
2024-05-09,2325.94995,2325.94995,2325.94995,2325.94995,0.0,168.809998,168.809998,168.809998,168.809998,0.0
2024-05-10,2323.46997,2323.46997,2323.46997,2323.46997,0.0,124.32,124.32,124.32,124.32,0.0
2024-05-13,2324.67993,2324.67993,2324.67993,2324.67993,0.0,107.699997,107.699997,107.699997,107.699997,0.0
2024-05-14,2332.18994,2332.18994,2332.18994,2332.18994,0.0,126.5,126.5,126.5,126.5,0.0
2024-05-15,2343.48999,2343.48999,2343.48999,2343.48999,0.0,159.410004,159.410004,159.410004,159.410004,0.0
2024-05-16,2340.23999,2340.23999,2340.23999,2340.23999,0.0,112.260002,112.260002,112.260002,112.260002,0.0
2024-05-17,2342.1001,2342.1001,2342.1001,2342.1001,0.0,98.9499969,98.9499969,98.9499969,98.9499969,0.0
2024-05-20,2342.04004,2342.04004,2342.04004,2342.04004,0.0,76.8600006,76.8600006,76.8600006,76.8600006,0.0
2024-05-21,2340.09009,2340.09009,2340.09009,2340.09009,0.0,45.6500015,45.6500015,45.6500015,45.6500015,0.0
2024-05-22,2327.72998,2327.72998,2327.72998,2327.72998,0.0,-35.3400002,-35.3400002,-35.3400002,-35.3400002,0.0
2024-05-23,2308.13989,2308.13989,2308.13989,2308.13989,0.0,-143.479996,-143.479996,-143.479996,-143.479996,0.0
2024-05-24,2320.82007,2320.82007,2320.82007,2320.82007,0.0,-62.3100014,-62.3100014,-62.3100014,-62.3100014,0.0
2024-05-28,,,,,,-61.4900017,-61.4900017,-61.4900017,-61.4900017,0.0
2024-05-29,2301.48999,2301.48999,2301.48999,2301.48999,0.0,-162.25,-162.25,-162.25,-162.25,0.0
2024-05-30,2315.87012,2315.87012,2315.87012,2315.87012,0.0,-70.4300003,-70.4300003,-70.4300003,-70.4300003,0.0
2024-05-31,2330.29004,2330.29004,2330.29004,2330.29004,0.0,9.07999992,9.07999992,9.07999992,9.07999992,0.0
2024-06-03,2328.07007,2328.07007,2328.07007,2328.07007,0.0,-11.0799999,-11.0799999,-11.0799999,-11.0799999,0.0
2024-06-04,2321.6499,2321.6499,2321.6499,2321.6499,0.0,-56.4599991,-56.4599991,-56.4599991,-56.4599991,0.0
2024-06-05,2330.82007,2330.82007,2330.82007,2330.82007,0.0,-0.560000002,-0.560000002,-0.560000002,-0.560000002,0.0
2024-06-06,2328.5,2328.5,2328.5,2328.5,0.0,-20.4099998,-20.4099998,-20.4099998,-20.4099998,0.0
2024-06-07,2315.37988,2315.37988,2315.37988,2315.37988,0.0,-91.3600006,-91.3600006,-91.3600006,-91.3600006,0.0
2024-06-10,2315.51001,2315.51001,2315.51001,2315.51001,0.0,-83.7099991,-83.7099991,-83.7099991,-83.7099991,0.0
2024-06-11,2308.3999,2308.3999,2308.3999,2308.3999,0.0,-113.059998,-113.059998,-113.059998,-113.059998,0.0
2024-06-12,2319.37988,2319.37988,2319.37988,2319.37988,0.0,-44.5900002,-44.5900002,-44.5900002,-44.5900002,0.0
2024-06-13,2311.13989,2311.13989,2311.13989,2311.13989,0.0,-87.8099976,-87.8099976,-87.8099976,-87.8099976,0.0
2024-06-14,2296.62012,2296.62012,2296.62012,2296.62012,0.0,-154.550003,-154.550003,-154.550003,-154.550003,0.0
2024-06-17,2301.95996,2301.95996,2301.95996,2301.95996,0.0,-110.699997,-110.699997,-110.699997,-110.699997,0.0
2024-06-18,2305.5,2305.5,2305.5,2305.5,0.0,-79.0899963,-79.0899963,-79.0899963,-79.0899963,0.0
2024-06-20,,,,,,-61.6699982,-61.6699982,-61.6699982,-61.6699982,0.0
2024-06-21,2305.3999,2305.3999,2305.3999,2305.3999,0.0,-56.1199989,-56.1199989,-56.1199989,-56.1199989,0.0
2024-06-24,2315.81006,2315.81006,2315.81006,2315.81006,0.0,6.13999987,6.13999987,6.13999987,6.13999987,0.0
2024-06-25,2307.5,2307.5,2307.5,2307.5,0.0,-38.6300011,-38.6300011,-38.6300011,-38.6300011,0.0
2024-06-26,2304.46997,2304.46997,2304.46997,2304.46997,0.0,-49.0800018,-49.0800018,-49.0800018,-49.0800018,0.0
2024-06-27,2310.38989,2310.38989,2310.38989,2310.38989,0.0,-12.4499998,-12.4499998,-12.4499998,-12.4499998,0.0
2024-06-28,2314.0,2314.0,2314.0,2314.0,0.0,6.63999987,6.63999987,6.63999987,6.63999987,0.0
2024-07-01,2303.59009,2303.59009,2303.59009,2303.59009,0.0,-49.4199982,-49.4199982,-49.4199982,-49.4199982,0.0
2024-07-02,2312.43994,2312.43994,2312.43994,2312.43994,0.0,2.3599999,2.3599999,2.3599999,2.3599999,0.0
2024-07-03,2322.36011,2322.36011,2322.36011,2322.36011,0.0,54.6100006,54.6100006,54.6100006,54.6100006,0.0
2024-07-05,,,,,,37.5200005,37.5200005,37.5200005,37.5200005,0.0
2024-07-08,2324.47998,2324.47998,2324.47998,2324.47998,0.0,40.9500008,40.9500008,40.9500008,40.9500008,0.0
2024-07-09,2317.25,2317.25,2317.25,2317.25,0.0,-4.28999996,-4.28999996,-4.28999996,-4.28999996,0.0
2024-07-10,2331.38989,2331.38989,2331.38989,2331.38989,0.0,68.25,68.25,68.25,68.25,0.0
2024-07-11,2350.87988,2350.87988,2350.87988,2350.87988,0.0,157.809998,157.809998,157.809998,157.809998,0.0
2024-07-12,2365.37012,2365.37012,2365.37012,2365.37012,0.0,207.889999,207.889999,207.889999,207.889999,0.0
2024-07-15,2369.51001,2369.51001,2369.51001,2369.51001,0.0,195.100006,195.100006,195.100006,195.100006,0.0
2024-07-16,2386.68994,2386.68994,2386.68994,2386.68994,0.0,252.130005,252.130005,252.130005,252.130005,0.0
2024-07-17,2381.95996,2381.95996,2381.95996,2381.95996,0.0,182.740005,182.740005,182.740005,182.740005,0.0
2024-07-18,2366.33008,2366.33008,2366.33008,2366.33008,0.0,69.1800003,69.1800003,69.1800003,69.1800003,0.0
2024-07-19,2358.04004,2358.04004,2358.04004,2358.04004,0.0,8.39000034,8.39000034,8.39000034,8.39000034,0.0
2024-07-22,2372.26001,2372.26001,2372.26001,2372.26001,0.0,74.3199997,74.3199997,74.3199997,74.3199997,0.0
2024-07-23,2372.72998,2372.72998,2372.72998,2372.72998,0.0,58.7099991,58.7099991,58.7099991,58.7099991,0.0
2024-07-24,2354.38989,2354.38989,2354.38989,2354.38989,0.0,-54.2900009,-54.2900009,-54.2900009,-54.2900009,0.0
2024-07-25,2363.27002,2363.27002,2363.27002,2363.27002,0.0,-8.47999954,-8.47999954,-8.47999954,-8.47999954,0.0
2024-07-26,2381.17993,2381.17993,2381.17993,2381.17993,0.0,79.6600037,79.6600037,79.6600037,79.6600037,0.0
2024-07-29,2376.12012,2376.12012,2376.12012,2376.12012,0.0,32.5800018,32.5800018,32.5800018,32.5800018,0.0
2024-07-30,2382.6499,2382.6499,2382.6499,2382.6499,0.0,53.7599983,53.7599983,53.7599983,53.7599983,0.0
2024-07-31,2389.68994,2389.68994,2389.68994,2389.68994,0.0,73.5,73.5,73.5,73.5,0.0
2024-08-01,2378.83008,2378.83008,2378.83008,2378.83008,0.0,-6.57000017,-6.57000017,-6.57000017,-6.57000017,0.0
2024-08-02,2364.0,2364.0,2364.0,2364.0,0.0,-88.8799973,-88.8799973,-88.8799973,-88.8799973,0.0
2024-08-05,2339.48999,2339.48999,2339.48999,2339.48999,0.0,-212.979996,-212.979996,-212.979996,-212.979996,0.0
2024-08-06,2354.13989,2354.13989,2354.13989,2354.13989,0.0,-112.68,-112.68,-112.68,-112.68,0.0
2024-08-07,2349.16992,2349.16992,2349.16992,2349.16992,0.0,-128.130005,-128.130005,-128.130005,-128.130005,0.0
2024-08-08,2366.44995,2366.44995,2366.44995,2366.44995,0.0,-25.8299999,-25.8299999,-25.8299999,-25.8299999,0.0
2024-08-09,2367.32007,2367.32007,2367.32007,2367.32007,0.0,-23.7000008,-23.7000008,-23.7000008,-23.7000008,0.0
2024-08-12,2357.93994,2357.93994,2357.93994,2357.93994,0.0,-73.9100037,-73.9100037,-73.9100037,-73.9100037,0.0
2024-08-13,2375.52002,2375.52002,2375.52002,2375.52002,0.0,21.4099998,21.4099998,21.4099998,21.4099998,0.0
2024-08-14,2379.77002,2379.77002,2379.77002,2379.77002,0.0,34.4099998,34.4099998,34.4099998,34.4099998,0.0
2024-08-15,2394.21997,2394.21997,2394.21997,2394.21997,0.0,99.2699966,99.2699966,99.2699966,99.2699966,0.0
2024-08-16,2401.87988,2401.87988,2401.87988,2401.87988,0.0,118.129997,118.129997,118.129997,118.129997,0.0
2024-08-19,2416.47998,2416.47998,2416.47998,2416.47998,0.0,170.509995,170.509995,170.509995,170.509995,0.0
2024-08-20,2407.30005,2407.30005,2407.30005,2407.30005,0.0,89.6600037,89.6600037,89.6600037,89.6600037,0.0
2024-08-21,2421.98999,2421.98999,2421.98999,2421.98999,0.0,144.080002,144.080002,144.080002,144.080002,0.0
2024-08-22,2412.34009,2412.34009,2412.34009,2412.34009,0.0,62.4900017,62.4900017,62.4900017,62.4900017,0.0
2024-08-23,2433.92993,2433.92993,2433.92993,2433.92993,0.0,157.059998,157.059998,157.059998,157.059998,0.0
2024-08-26,2436.29004,2436.29004,2436.29004,2436.29004,0.0,135.710007,135.710007,135.710007,135.710007,0.0
2024-08-27,2432.17993,2432.17993,2432.17993,2432.17993,0.0,84.3000031,84.3000031,84.3000031,84.3000031,0.0
2024-08-28,2424.77002,2424.77002,2424.77002,2424.77002,0.0,21.5100002,21.5100002,21.5100002,21.5100002,0.0
2024-08-29,2435.3999,2435.3999,2435.3999,2435.3999,0.0,62.6800003,62.6800003,62.6800003,62.6800003,0.0
2024-08-30,2443.34009,2443.34009,2443.34009,2443.34009,0.0,82.3600006,82.3600006,82.3600006,82.3600006,0.0
2024-09-03,,,,,,38.2799988,38.2799988,38.2799988,38.2799988,0.0
2024-09-04,2443.81006,2443.81006,2443.81006,2443.81006,0.0,23.1200008,23.1200008,23.1200008,23.1200008,0.0
2024-09-05,2440.32007,2440.32007,2440.32007,2440.32007,0.0,-11.1700001,-11.1700001,-11.1700001,-11.1700001,0.0
2024-09-06,2424.79004,2424.79004,2424.79004,2424.79004,0.0,-101.489998,-101.489998,-101.489998,-101.489998,0.0
2024-09-09,2433.92993,2433.92993,2433.92993,2433.92993,0.0,-52.1699982,-52.1699982,-52.1699982,-52.1699982,0.0
2024-09-10,2435.1001,2435.1001,2435.1001,2435.1001,0.0,-51.25,-51.25,-51.25,-51.25,0.0
2024-09-11,2439.22998,2439.22998,2439.22998,2439.22998,0.0,-34.1199989,-34.1199989,-34.1199989,-34.1199989,0.0
2024-09-12,2454.6499,2454.6499,2454.6499,2454.6499,0.0,38.8400002,38.8400002,38.8400002,38.8400002,0.0
2024-09-13,2472.20996,2472.20996,2472.20996,2472.20996,0.0,112.580002,112.580002,112.580002,112.580002,0.0
2024-09-16,2482.69995,2482.69995,2482.69995,2482.69995,0.0,139.380005,139.380005,139.380005,139.380005,0.0
2024-09-17,2488.52002,2488.52002,2488.52002,2488.52002,0.0,136.869995,136.869995,136.869995,136.869995,0.0
2024-09-18,2486.20996,2486.20996,2486.20996,2486.20996,0.0,91.2099991,91.2099991,91.2099991,91.2099991,0.0
2024-09-19,2502.52002,2502.52002,2502.52002,2502.52002,0.0,149.259995,149.259995,149.259995,149.259995,0.0
2024-09-20,2493.45996,2493.45996,2493.45996,2493.45996,0.0,65.8300018,65.8300018,65.8300018,65.8300018,0.0
2024-09-23,2496.30005,2496.30005,2496.30005,2496.30005,0.0,55.9900017,55.9900017,55.9900017,55.9900017,0.0
2024-09-24,2502.47998,2502.47998,2502.47998,2502.47998,0.0,64.9499969,64.9499969,64.9499969,64.9499969,0.0
2024-09-25,2490.46997,2490.46997,2490.46997,2490.46997,0.0,-21.3899994,-21.3899994,-21.3899994,-21.3899994,0.0
2024-09-26,2497.86011,2497.86011,2497.86011,2497.86011,0.0,5.17000008,5.17000008,5.17000008,5.17000008,0.0
2024-09-27,2504.93994,2504.93994,2504.93994,2504.93994,0.0,27.0200005,27.0200005,27.0200005,27.0200005,0.0
2024-09-30,2506.07007,2506.07007,2506.07007,2506.07007,0.0,11.9799995,11.9799995,11.9799995,11.9799995,0.0
2024-10-01,2500.42993,2500.42993,2500.42993,2500.42993,0.0,-35.6800003,-35.6800003,-35.6800003,-35.6800003,0.0
2024-10-02,2498.45996,2498.45996,2498.45996,2498.45996,0.0,-55.3699989,-55.3699989,-55.3699989,-55.3699989,0.0
2024-10-03,2489.44995,2489.44995,2489.44995,2489.44995,0.0,-107.480003,-107.480003,-107.480003,-107.480003,0.0
2024-10-04,2497.59009,2497.59009,2497.59009,2497.59009,0.0,-64.0199966,-64.0199966,-64.0199966,-64.0199966,0.0
2024-10-07,2483.78003,2483.78003,2483.78003,2483.78003,0.0,-138.860001,-138.860001,-138.860001,-138.860001,0.0
2024-10-08,2484.42993,2484.42993,2484.42993,2484.42993,0.0,-128.720001,-128.720001,-128.720001,-128.720001,0.0
2024-10-09,2488.57007,2488.57007,2488.57007,2488.57007,0.0,-102.110001,-102.110001,-102.110001,-102.110001,0.0
2024-10-10,2483.41992,2483.41992,2483.41992,2483.41992,0.0,-125.769997,-125.769997,-125.769997,-125.769997,0.0
2024-10-11,2500.30005,2500.30005,2500.30005,2500.30005,0.0,-34.0,-34.0,-34.0,-34.0,0.0
2024-10-14,2505.78003,2505.78003,2505.78003,2505.78003,0.0,-13.5900002,-13.5900002,-13.5900002,-13.5900002,0.0
2024-10-15,2504.0,2504.0,2504.0,2504.0,0.0,-32.5099983,-32.5099983,-32.5099983,-32.5099983,0.0
2024-10-16,2518.75,2518.75,2518.75,2518.75,0.0,36.5499992,36.5499992,36.5499992,36.5499992,0.0
2024-10-17,2515.82007,2515.82007,2515.82007,2515.82007,0.0,4.42000008,4.42000008,4.42000008,4.42000008,0.0
2024-10-18,2518.5,2518.5,2518.5,2518.5,0.0,6.38000011,6.38000011,6.38000011,6.38000011,0.0
2024-10-21,2501.28003,2501.28003,2501.28003,2501.28003,0.0,-93.1900024,-93.1900024,-93.1900024,-93.1900024,0.0
2024-10-22,2497.59009,2497.59009,2497.59009,2497.59009,0.0,-109.220001,-109.220001,-109.220001,-109.220001,0.0
2024-10-23,2483.88989,2483.88989,2483.88989,2483.88989,0.0,-175.449997,-175.449997,-175.449997,-175.449997,0.0
2024-10-24,2486.3999,2486.3999,2486.3999,2486.3999,0.0,-147.850006,-147.850006,-147.850006,-147.850006,0.0
2024-10-25,2478.81006,2478.81006,2478.81006,2478.81006,0.0,-172.929993,-172.929993,-172.929993,-172.929993,0.0
2024-10-28,2488.45996,2488.45996,2488.45996,2488.45996,0.0,-105.220001,-105.220001,-105.220001,-105.220001,0.0
2024-10-29,2478.40991,2478.40991,2478.40991,2478.40991,0.0,-150.160004,-150.160004,-150.160004,-150.160004,0.0
2024-10-30,2479.11011,2479.11011,2479.11011,2479.11011,0.0,-131.979996,-131.979996,-131.979996,-131.979996,0.0
2024-10-31,2467.23999,2467.23999,2467.23999,2467.23999,0.0,-179.570007,-179.570007,-179.570007,-179.570007,0.0
2024-11-01,2464.18994,2464.18994,2464.18994,2464.18994,0.0,-173.220001,-173.220001,-173.220001,-173.220001,0.0
2024-11-04,2469.40991,2469.40991,2469.40991,2469.40991,0.0,-126.550003,-126.550003,-126.550003,-126.550003,0.0
2024-11-05,2487.6001,2487.6001,2487.6001,2487.6001,0.0,-18.6700001,-18.6700001,-18.6700001,-18.6700001,0.0
2024-11-06,2494.15991,2494.15991,2494.15991,2494.15991,0.0,14.2799997,14.2799997,14.2799997,14.2799997,0.0
2024-11-07,2500.06006,2500.06006,2500.06006,2500.06006,0.0,39.5400009,39.5400009,39.5400009,39.5400009,0.0
2024-11-08,2506.77002,2506.77002,2506.77002,2506.77002,0.0,62.4099998,62.4099998,62.4099998,62.4099998,0.0
2024-11-11,2510.72998,2510.72998,2510.72998,2510.72998,0.0,69.8700027,69.8700027,69.8700027,69.8700027,0.0
2024-11-12,2493.59009,2493.59009,2493.59009,2493.59009,0.0,-32.4199982,-32.4199982,-32.4199982,-32.4199982,0.0
2024-11-13,2487.96997,2487.96997,2487.96997,2487.96997,0.0,-60.8699989,-60.8699989,-60.8699989,-60.8699989,0.0
2024-11-14,2480.17993,2480.17993,2480.17993,2480.17993,0.0,-96.2699966,-96.2699966,-96.2699966,-96.2699966,0.0
2024-11-15,2470.58008,2470.58008,2470.58008,2470.58008,0.0,-135.289993,-135.289993,-135.289993,-135.289993,0.0
2024-11-18,2475.43994,2475.43994,2475.43994,2475.43994,0.0,-94.2600021,-94.2600021,-94.2600021,-94.2600021,0.0
2024-11-19,2474.56006,2474.56006,2474.56006,2474.56006,0.0,-86.7600021,-86.7600021,-86.7600021,-86.7600021,0.0
2024-11-20,2472.38989,2472.38989,2472.38989,2472.38989,0.0,-87.0400009,-87.0400009,-87.0400009,-87.0400009,0.0
2024-11-21,2487.95996,2487.95996,2487.95996,2487.95996,0.0,3.74000001,3.74000001,3.74000001,3.74000001,0.0
2024-11-22,2502.19995,2502.19995,2502.19995,2502.19995,0.0,74.7799988,74.7799988,74.7799988,74.7799988,0.0
2024-11-25,2516.02002,2516.02002,2516.02002,2516.02002,0.0,132.660004,132.660004,132.660004,132.660004,0.0
2024-11-26,2507.47998,2507.47998,2507.47998,2507.47998,0.0,66.6900024,66.6900024,66.6900024,66.6900024,0.0
2024-11-27,2513.25,2513.25,2513.25,2513.25,0.0,84.6299973,84.6299973,84.6299973,84.6299973,0.0
2024-11-29,,,,,,54.6399994,54.6399994,54.6399994,54.6399994,0.0
2024-12-02,2509.12012,2509.12012,2509.12012,2509.12012,0.0,21.6000004,21.6000004,21.6000004,21.6000004,0.0
2024-12-03,2503.73999,2503.73999,2503.73999,2503.73999,0.0,-13.3199997,-13.3199997,-13.3199997,-13.3199997,0.0
2024-12-04,2504.37012,2504.37012,2504.37012,2504.37012,0.0,-12.9399996,-12.9399996,-12.9399996,-12.9399996,0.0
2024-12-05,2499.15991,2499.15991,2499.15991,2499.15991,0.0,-41.9599991,-41.9599991,-41.9599991,-41.9599991,0.0
2024-12-06,2496.32007,2496.32007,2496.32007,2496.32007,0.0,-53.5299988,-53.5299988,-53.5299988,-53.5299988,0.0
2024-12-09,2493.67993,2493.67993,2493.67993,2493.67993,0.0,-62.0900002,-62.0900002,-62.0900002,-62.0900002,0.0
2024-12-10,2486.3501,2486.3501,2486.3501,2486.3501,0.0,-93.7699966,-93.7699966,-93.7699966,-93.7699966,0.0
2024-12-11,2487.94995,2487.94995,2487.94995,2487.94995,0.0,-74.3799973,-74.3799973,-74.3799973,-74.3799973,0.0
2024-12-12,2473.86011,2473.86011,2473.86011,2473.86011,0.0,-137.949997,-137.949997,-137.949997,-137.949997,0.0
2024-12-13,2462.36011,2462.36011,2462.36011,2462.36011,0.0,-178.619995,-178.619995,-178.619995,-178.619995,0.0
2024-12-16,2456.37988,2456.37988,2456.37988,2456.37988,0.0,-184.369995,-184.369995,-184.369995,-184.369995,0.0
2024-12-17,2443.34009,2443.34009,2443.34009,2443.34009,0.0,-224.160004,-224.160004,-224.160004,-224.160004,0.0
2024-12-18,2418.03003,2418.03003,2418.03003,2418.03003,0.0,-320.140015,-320.140015,-320.140015,-320.140015,0.0
2024-12-19,2408.95996,2408.95996,2408.95996,2408.95996,0.0,-316.130005,-316.130005,-316.130005,-316.130005,0.0
2024-12-20,2423.01001,2423.01001,2423.01001,2423.01001,0.0,-194.710007,-194.710007,-194.710007,-194.710007,0.0
2024-12-23,2422.52002,2422.52002,2422.52002,2422.52002,0.0,-162.570007,-162.570007,-162.570007,-162.570007,0.0
2024-12-24,2437.01001,2437.01001,2437.01001,2437.01001,0.0,-57.9700012,-57.9700012,-57.9700012,-57.9700012,0.0
2024-12-26,,,,,,-30.3899994,-30.3899994,-30.3899994,-30.3899994,0.0
2024-12-27,2418.28003,2418.28003,2418.28003,2418.28003,0.0,-113.309998,-113.309998,-113.309998,-113.309998,0.0
2024-12-30,2409.08008,2409.08008,2409.08008,2409.08008,0.0,-136.0,-136.0,-136.0,-136.0,0.0
2024-12-31,2414.80005,2414.80005,2414.80005,2414.80005,0.0,-79.9599991,-79.9599991,-79.9599991,-79.9599991,0.0
2025-01-02,,,,,,-42.4099998,-42.4099998,-42.4099998,-42.4099998,0.0
2025-01-03,2429.90991,2429.90991,2429.90991,2429.90991,0.0,49.7900009,49.7900009,49.7900009,49.7900009,0.0
2025-01-06,2426.15991,2426.15991,2426.15991,2426.15991,0.0,32.7299995,32.7299995,32.7299995,32.7299995,0.0
2025-01-07,2415.95996,2415.95996,2415.95996,2415.95996,0.0,-14.54,-14.54,-14.54,-14.54,0.0
2025-01-08,2412.53003,2412.53003,2412.53003,2412.53003,0.0,-22.7800007,-22.7800007,-22.7800007,-22.7800007,0.0
2025-01-10,,,,,,-0.349999994,-0.349999994,-0.349999994,-0.349999994,0.0
2025-01-13,2415.18994,2415.18994,2415.18994,2415.18994,0.0,22.2099991,22.2099991,22.2099991,22.2099991,0.0
2025-01-14,2429.87988,2429.87988,2429.87988,2429.87988,0.0,101.610001,101.610001,101.610001,101.610001,0.0
2025-01-15,2449.0,2449.0,2449.0,2449.0,0.0,192.520004,192.520004,192.520004,192.520004,0.0
2025-01-16,2455.98999,2455.98999,2455.98999,2455.98999,0.0,207.970001,207.970001,207.970001,207.970001,0.0
2025-01-17,2462.86011,2462.86011,2462.86011,2462.86011,0.0,219.580002,219.580002,219.580002,219.580002,0.0
2025-01-21,,,,,,169.080002,169.080002,169.080002,169.080002,0.0
2025-01-22,2453.52002,2453.52002,2453.52002,2453.52002,0.0,100.360001,100.360001,100.360001,100.360001,0.0
2025-01-23,2457.58008,2457.58008,2457.58008,2457.58008,0.0,109.389999,109.389999,109.389999,109.389999,0.0
2025-01-24,2460.40991,2460.40991,2460.40991,2460.40991,0.0,110.400002,110.400002,110.400002,110.400002,0.0
2025-01-27,2464.15991,2464.15991,2464.15991,2464.15991,0.0,114.349998,114.349998,114.349998,114.349998,0.0
2025-01-28,2460.69995,2460.69995,2460.69995,2460.69995,0.0,82.1200027,82.1200027,82.1200027,82.1200027,0.0
2025-01-29,2453.18994,2453.18994,2453.18994,2453.18994,0.0,32.7999992,32.7999992,32.7999992,32.7999992,0.0
2025-01-30,2469.47998,2469.47998,2469.47998,2469.47998,0.0,110.019997,110.019997,110.019997,110.019997,0.0
2025-01-31,2456.06006,2456.06006,2456.06006,2456.06006,0.0,26.9599991,26.9599991,26.9599991,26.9599991,0.0
2025-02-03,2444.87012,2444.87012,2444.87012,2444.87012,0.0,-33.6699982,-33.6699982,-33.6699982,-33.6699982,0.0
2025-02-04,2456.6499,2456.6499,2456.6499,2456.6499,0.0,30.6499996,30.6499996,30.6499996,30.6499996,0.0
2025-02-05,2468.62988,2468.62988,2468.62988,2468.62988,0.0,87.7600021,87.7600021,87.7600021,87.7600021,0.0
2025-02-06,2467.87012,2467.87012,2467.87012,2467.87012,0.0,70.5899963,70.5899963,70.5899963,70.5899963,0.0
2025-02-07,2454.11011,2454.11011,2454.11011,2454.11011,0.0,-9.81000042,-9.81000042,-9.81000042,-9.81000042,0.0
2025-02-10,2460.20996,2460.20996,2460.20996,2460.20996,0.0,21.5699997,21.5699997,21.5699997,21.5699997,0.0
2025-02-11,2460.36011,2460.36011,2460.36011,2460.36011,0.0,17.2099991,17.2099991,17.2099991,17.2099991,0.0
2025-02-12,2448.6001,2448.6001,2448.6001,2448.6001,0.0,-44.2900009,-44.2900009,-44.2900009,-44.2900009,0.0
2025-02-13,2464.53003,2464.53003,2464.53003,2464.53003,0.0,42.4599991,42.4599991,42.4599991,42.4599991,0.0
2025-02-14,2465.96997,2465.96997,2465.96997,2465.96997,0.0,42.7599983,42.7599983,42.7599983,42.7599983,0.0
2025-02-18,,,,,,29.0400009,29.0400009,29.0400009,29.0400009,0.0
2025-02-19,2462.13989,2462.13989,2462.13989,2462.13989,0.0,4.1500001,4.1500001,4.1500001,4.1500001,0.0
2025-02-20,2458.22998,2458.22998,2458.22998,2458.22998,0.0,-17.9699993,-17.9699993,-17.9699993,-17.9699993,0.0
2025-02-21,2443.77002,2443.77002,2443.77002,2443.77002,0.0,-89.8399963,-89.8399963,-89.8399963,-89.8399963,0.0
2025-02-24,2440.68994,2440.68994,2440.68994,2440.68994,0.0,-93.9899979,-93.9899979,-93.9899979,-93.9899979,0.0
2025-02-25,2445.15991,2445.15991,2445.15991,2445.15991,0.0,-58.3800011,-58.3800011,-58.3800011,-58.3800011,0.0
2025-02-26,2445.30005,2445.30005,2445.30005,2445.30005,0.0,-50.0200005,-50.0200005,-50.0200005,-50.0200005,0.0
2025-02-27,2434.77002,2434.77002,2434.77002,2434.77002,0.0,-96.3499985,-96.3499985,-96.3499985,-96.3499985,0.0
2025-02-28,2445.19995,2445.19995,2445.19995,2445.19995,0.0,-29.6399994,-29.6399994,-29.6399994,-29.6399994,0.0
2025-03-03,2432.83008,2432.83008,2432.83008,2432.83008,0.0,-86.6800003,-86.6800003,-86.6800003,-86.6800003,0.0
2025-03-04,2417.09009,2417.09009,2417.09009,2417.09009,0.0,-152.580002,-152.580002,-152.580002,-152.580002,0.0
2025-03-05,2426.81006,2426.81006,2426.81006,2426.81006,0.0,-78.4499969,-78.4499969,-78.4499969,-78.4499969,0.0
2025-03-06,2413.96997,2413.96997,2413.96997,2413.96997,0.0,-130.139999,-130.139999,-130.139999,-130.139999,0.0
2025-03-07,2417.87012,2417.87012,2417.87012,2417.87012,0.0,-88.0400009,-88.0400009,-88.0400009,-88.0400009,0.0
2025-03-10,2400.20996,2400.20996,2400.20996,2400.20996,0.0,-161.419998,-161.419998,-161.419998,-161.419998,0.0
2025-03-11,2394.48999,2394.48999,2394.48999,2394.48999,0.0,-162.649994,-162.649994,-162.649994,-162.649994,0.0
2025-03-12,2397.02002,2397.02002,2397.02002,2397.02002,0.0,-120.709999,-120.709999,-120.709999,-120.709999,0.0
2025-03-13,2383.81006,2383.81006,2383.81006,2383.81006,0.0,-163.809998,-163.809998,-163.809998,-163.809998,0.0
2025-03-14,2401.28003,2401.28003,2401.28003,2401.28003,0.0,-44.5400009,-44.5400009,-44.5400009,-44.5400009,0.0
2025-03-17,2418.44995,2418.44995,2418.44995,2418.44995,0.0,54.6100006,54.6100006,54.6100006,54.6100006,0.0
2025-03-18,2410.12012,2410.12012,2410.12012,2410.12012,0.0,11.7600002,11.7600002,11.7600002,11.7600002,0.0
2025-03-19,2423.12012,2423.12012,2423.12012,2423.12012,0.0,81.5199966,81.5199966,81.5199966,81.5199966,0.0
2025-03-20,2418.05005,2418.05005,2418.05005,2418.05005,0.0,49.6100006,49.6100006,49.6100006,49.6100006,0.0
2025-03-21,2409.29004,2409.29004,2409.29004,2409.29004,0.0,4.19000006,4.19000006,4.19000006,4.19000006,0.0
2025-03-24,2422.69995,2422.69995,2422.69995,2422.69995,0.0,77.1699982,77.1699982,77.1699982,77.1699982,0.0
2025-03-25,2419.15991,2419.15991,2419.15991,2419.15991,0.0,53.5800018,53.5800018,53.5800018,53.5800018,0.0
2025-03-26,2410.8999,2410.8999,2410.8999,2410.8999,0.0,9.64000034,9.64000034,9.64000034,9.64000034,0.0
2025-03-27,2406.62012,2406.62012,2406.62012,2406.62012,0.0,-8.23999977,-8.23999977,-8.23999977,-8.23999977,0.0
2025-03-28,2389.62988,2389.62988,2389.62988,2389.62988,0.0,-87.9899979,-87.9899979,-87.9899979,-87.9899979,0.0
2025-03-31,2388.69995,2388.69995,2388.69995,2388.69995,0.0,-74.2300034,-74.2300034,-74.2300034,-74.2300034,0.0
2025-04-01,2395.28003,2395.28003,2395.28003,2395.28003,0.0,-24.2199993,-24.2199993,-24.2199993,-24.2199993,0.0
2025-04-02,2407.77002,2407.77002,2407.77002,2407.77002,0.0,47.3100014,47.3100014,47.3100014,47.3100014,0.0
2025-04-03,2387.12988,2387.12988,2387.12988,2387.12988,0.0,-57.5499992,-57.5499992,-57.5499992,-57.5499992,0.0
2025-04-04,2361.95996,2361.95996,2361.95996,2361.95996,0.0,-171.070007,-171.070007,-171.070007,-171.070007,0.0
2025-04-07,2343.29004,2343.29004,2343.29004,2343.29004,0.0,-234.419998,-234.419998,-234.419998,-234.419998,0.0
2025-04-08,2327.1499,2327.1499,2327.1499,2327.1499,0.0,-273.220001,-273.220001,-273.220001,-273.220001,0.0
2025-04-09,2353.46997,2353.46997,2353.46997,2353.46997,0.0,-91.9899979,-91.9899979,-91.9899979,-91.9899979,0.0
2025-04-10,2330.13989,2330.13989,2330.13989,2330.13989,0.0,-185.0,-185.0,-185.0,-185.0,0.0
2025-04-11,2342.63989,2342.63989,2342.63989,2342.63989,0.0,-84.7900009,-84.7900009,-84.7900009,-84.7900009,0.0
2025-04-14,2360.25,2360.25,2360.25,2360.25,0.0,28.3500004,28.3500004,28.3500004,28.3500004,0.0
2025-04-15,2361.48999,2361.48999,2361.48999,2361.48999,0.0,40.3300018,40.3300018,40.3300018,40.3300018,0.0
2025-04-16,2353.3501,2353.3501,2353.3501,2353.3501,0.0,4.67999983,4.67999983,4.67999983,4.67999983,0.0
2025-04-17,2368.61011,2368.61011,2368.61011,2368.61011,0.0,91.0699997,91.0699997,91.0699997,91.0699997,0.0
2025-04-21,,,,,,85.2099991,85.2099991,85.2099991,85.2099991,0.0
2025-04-22,2392.66992,2392.66992,2392.66992,2392.66992,0.0,202.589996,202.589996,202.589996,202.589996,0.0
2025-04-23,2407.18994,2407.18994,2407.18994,2407.18994,0.0,255.210007,255.210007,255.210007,255.210007,0.0
2025-04-24,2426.82007,2426.82007,2426.82007,2426.82007,0.0,323.779999,323.779999,323.779999,323.779999,0.0
2025-04-25,2428.58008,2428.58008,2428.58008,2428.58008,0.0,291.880005,291.880005,291.880005,291.880005,0.0
2025-04-28,2436.22998,2436.22998,2436.22998,2436.22998,0.0,291.369995,291.369995,291.369995,291.369995,0.0
2025-04-29,2445.32007,2445.32007,2445.32007,2445.32007,0.0,297.700012,297.700012,297.700012,297.700012,0.0
2025-04-30,2441.94995,2441.94995,2441.94995,2441.94995,0.0,238.399994,238.399994,238.399994,238.399994,0.0
2025-05-01,2444.3999,2444.3999,2444.3999,2444.3999,0.0,216.139999,216.139999,216.139999,216.139999,0.0
2025-05-02,2462.69995,2462.69995,2462.69995,2462.69995,0.0,275.480011,275.480011,275.480011,275.480011,0.0
2025-05-05,2452.51001,2452.51001,2452.51001,2452.51001,0.0,182.240005,182.240005,182.240005,182.240005,0.0
2025-05-06,2447.20996,2447.20996,2447.20996,2447.20996,0.0,126.290001,126.290001,126.290001,126.290001,0.0
2025-05-07,2453.90991,2453.90991,2453.90991,2453.90991,0.0,136.880005,136.880005,136.880005,136.880005,0.0
2025-05-08,2463.28003,2463.28003,2463.28003,2463.28003,0.0,159.690002,159.690002,159.690002,159.690002,0.0
2025-05-09,2466.52002,2466.52002,2466.52002,2466.52002,0.0,146.960007,146.960007,146.960007,146.960007,0.0
2025-05-12,2481.6001,2481.6001,2481.6001,2481.6001,0.0,195.869995,195.869995,195.869995,195.869995,0.0
2025-05-13,2487.41992,2487.41992,2487.41992,2487.41992,0.0,189.559998,189.559998,189.559998,189.559998,0.0
2025-05-14,2477.12012,2477.12012,2477.12012,2477.12012,0.0,102.639999,102.639999,102.639999,102.639999,0.0
2025-05-15,2484.23999,2484.23999,2484.23999,2484.23999,0.0,114.300003,114.300003,114.300003,114.300003,0.0
2025-05-16,2495.43994,2495.43994,2495.43994,2495.43994,0.0,144.220001,144.220001,144.220001,144.220001,0.0
2025-05-19,2492.03003,2492.03003,2492.03003,2492.03003,0.0,96.3899994,96.3899994,96.3899994,96.3899994,0.0
2025-05-20,2485.96997,2485.96997,2485.96997,2485.96997,0.0,41.7000008,41.7000008,41.7000008,41.7000008,0.0
2025-05-21,2462.40991,2462.40991,2462.40991,2462.40991,0.0,-93.0599976,-93.0599976,-93.0599976,-93.0599976,0.0
2025-05-22,2460.87988,2460.87988,2460.87988,2460.87988,0.0,-97.7099991,-97.7099991,-97.7099991,-97.7099991,0.0
2025-05-23,2457.07007,2457.07007,2457.07007,2457.07007,0.0,-111.940002,-111.940002,-111.940002,-111.940002,0.0
2025-05-27,,,,,,-98.1299973,-98.1299973,-98.1299973,-98.1299973,0.0
2025-05-28,2442.37988,2442.37988,2442.37988,2442.37988,0.0,-165.509995,-165.509995,-165.509995,-165.509995,0.0
2025-05-29,2452.66992,2452.66992,2452.66992,2452.66992,0.0,-96.5699997,-96.5699997,-96.5699997,-96.5699997,0.0
2025-05-30,2447.86011,2447.86011,2447.86011,2447.86011,0.0,-113.860001,-113.860001,-113.860001,-113.860001,0.0
2025-06-02,2445.18994,2445.18994,2445.18994,2445.18994,0.0,-116.660004,-116.660004,-116.660004,-116.660004,0.0
2025-06-03,2456.30005,2456.30005,2456.30005,2456.30005,0.0,-49.7099991,-49.7099991,-49.7099991,-49.7099991,0.0
2025-06-04,2456.48999,2456.48999,2456.48999,2456.48999,0.0,-46.2299995,-46.2299995,-46.2299995,-46.2299995,0.0
2025-06-05,2455.73999,2455.73999,2455.73999,2455.73999,0.0,-49.3199997,-49.3199997,-49.3199997,-49.3199997,0.0
2025-06-06,2467.16992,2467.16992,2467.16992,2467.16992,0.0,11.04,11.04,11.04,11.04,0.0
2025-06-09,2474.84009,2474.84009,2474.84009,2474.84009,0.0,42.8899994,42.8899994,42.8899994,42.8899994,0.0
2025-06-10,2482.68994,2482.68994,2482.68994,2482.68994,0.0,70.5400009,70.5400009,70.5400009,70.5400009,0.0
2025-06-11,2480.65991,2480.65991,2480.65991,2480.65991,0.0,44.7999992,44.7999992,44.7999992,44.7999992,0.0
2025-06-12,2483.63989,2483.63989,2483.63989,2483.63989,0.0,47.0600014,47.0600014,47.0600014,47.0600014,0.0
2025-06-13,2464.82007,2464.82007,2464.82007,2464.82007,0.0,-60.2099991,-60.2099991,-60.2099991,-60.2099991,0.0
2025-06-16,2472.79004,2472.79004,2472.79004,2472.79004,0.0,-16.6599998,-16.6599998,-16.6599998,-16.6599998,0.0
2025-06-17,2461.57007,2461.57007,2461.57007,2461.57007,0.0,-76.0699997,-76.0699997,-76.0699997,-76.0699997,0.0
2025-06-18,2469.84009,2469.84009,2469.84009,2469.84009,0.0,-56.1500015,-56.1500015,-56.1500015,-56.1500015,0.0
2025-06-20,,,,,,-49.9399986,-49.9399986,-49.9399986,-49.9399986,0.0
2025-06-23,2471.44995,2471.44995,2471.44995,2471.44995,0.0,1.80999994,1.80999994,1.80999994,1.80999994,0.0
2025-06-24,2485.31006,2485.31006,2485.31006,2485.31006,0.0,68.0400009,68.0400009,68.0400009,68.0400009,0.0
2025-06-25,2477.77002,2477.77002,2477.77002,2477.77002,0.0,-7.55999994,-7.55999994,-7.55999994,-7.55999994,0.0
2025-06-26,2502.19995,2502.19995,2502.19995,2502.19995,0.0,80.5999985,80.5999985,80.5999985,80.5999985,0.0
2025-06-27,2507.03003,2507.03003,2507.03003,2507.03003,0.0,78.1699982,78.1699982,78.1699982,78.1699982,0.0
2025-06-30,2507.98999,2507.98999,2507.98999,2507.98999,0.0,75.9499969,75.9499969,75.9499969,75.9499969,0.0
2025-07-01,2511.54004,2511.54004,2511.54004,2511.54004,0.0,124.150002,124.150002,124.150002,124.150002,0.0
2025-07-02,2519.23999,2519.23999,2519.23999,2519.23999,0.0,167.470001,167.470001,167.470001,167.470001,0.0
2025-07-03,2534.13989,2534.13989,2534.13989,2534.13989,0.0,192.139999,192.139999,192.139999,192.139999,0.0
2025-07-07,,,,,,124.230003,124.230003,124.230003,124.230003,0.0
2025-07-08,2548.46997,2548.46997,2548.46997,2548.46997,0.0,131.479996,131.479996,131.479996,131.479996,0.0
2025-07-09,2552.01001,2552.01001,2552.01001,2552.01001,0.0,143.529999,143.529999,143.529999,143.529999,0.0
2025-07-10,2555.32007,2555.32007,2555.32007,2555.32007,0.0,161.389999,161.389999,161.389999,161.389999,0.0
2025-07-11,2545.57007,2545.57007,2545.57007,2545.57007,0.0,59.2999992,59.2999992,59.2999992,59.2999992,0.0
2025-07-14,2553.33008,2553.33008,2553.33008,2553.33008,0.0,45.8899994,45.8899994,45.8899994,45.8899994,0.0
2025-07-15,2531.68994,2531.68994,2531.68994,2531.68994,0.0,-68.9400024,-68.9400024,-68.9400024,-68.9400024,0.0
2025-07-16,2537.1499,2537.1499,2537.1499,2537.1499,0.0,-39.3400002,-39.3400002,-39.3400002,-39.3400002,0.0
2025-07-17,2544.62012,2544.62012,2544.62012,2544.62012,0.0,7.38999987,7.38999987,7.38999987,7.38999987,0.0
2025-07-18,2532.76001,2532.76001,2532.76001,2532.76001,0.0,-35.6199989,-35.6199989,-35.6199989,-35.6199989,0.0
2025-07-21,2533.32007,2533.32007,2533.32007,2533.32007,0.0,-47.6800003,-47.6800003,-47.6800003,-47.6800003,0.0
2025-07-22,2548.19995,2548.19995,2548.19995,2548.19995,0.0,8.06000042,8.06000042,8.06000042,8.06000042,0.0
2025-07-23,2558.56006,2558.56006,2558.56006,2558.56006,0.0,48.3300018,48.3300018,48.3300018,48.3300018,0.0
2025-07-24,2544.88989,2544.88989,2544.88989,2544.88989,0.0,-18.5499992,-18.5499992,-18.5499992,-18.5499992,0.0
2025-07-25,2553.75,2553.75,2553.75,2553.75,0.0,1.54999995,1.54999995,1.54999995,1.54999995,0.0
2025-07-28,2545.82007,2545.82007,2545.82007,2545.82007,0.0,-54.8899994,-54.8899994,-54.8899994,-54.8899994,0.0
2025-07-29,2543.28003,2543.28003,2543.28003,2543.28003,0.0,-59.1399994,-59.1399994,-59.1399994,-59.1399994,0.0
2025-07-30,2531.42993,2531.42993,2531.42993,2531.42993,0.0,-118.5,-118.5,-118.5,-118.5,0.0
2025-07-31,2530.97998,2530.97998,2530.97998,2530.97998,0.0,-145.190002,-145.190002,-145.190002,-145.190002,0.0
2025-08-01,2517.57007,2517.57007,2517.57007,2517.57007,0.0,-196.270004,-196.270004,-196.270004,-196.270004,0.0
2025-08-04,2525.23999,2525.23999,2525.23999,2525.23999,0.0,-84.0100021,-84.0100021,-84.0100021,-84.0100021,0.0
2025-08-05,2528.06006,2528.06006,2528.06006,2528.06006,0.0,-63.7400017,-63.7400017,-63.7400017,-63.7400017,0.0
2025-08-06,2533.23999,2533.23999,2533.23999,2533.23999,0.0,-67.1800003,-67.1800003,-67.1800003,-67.1800003,0.0
2025-08-07,2525.3999,2525.3999,2525.3999,2525.3999,0.0,-71.9300003,-71.9300003,-71.9300003,-71.9300003,0.0
2025-08-08,2522.81006,2522.81006,2522.81006,2522.81006,0.0,-56.8600006,-56.8600006,-56.8600006,-56.8600006,0.0
2025-08-11,2525.88989,2525.88989,2525.88989,2525.88989,0.0,-77.0400009,-77.0400009,-77.0400009,-77.0400009,0.0
2025-08-12,2542.18994,2542.18994,2542.18994,2542.18994,0.0,17.0300007,17.0300007,17.0300007,17.0300007,0.0
2025-08-13,2556.97998,2556.97998,2556.97998,2556.97998,0.0,93.0699997,93.0699997,93.0699997,93.0699997,0.0
2025-08-14,2540.96997,2540.96997,2540.96997,2540.96997,0.0,3.38000011,3.38000011,3.38000011,3.38000011,0.0
2025-08-15,2541.34009,2541.34009,2541.34009,2541.34009,0.0,-39.3199997,-39.3199997,-39.3199997,-39.3199997,0.0
2025-08-18,2537.33008,2537.33008,2537.33008,2537.33008,0.0,-28.4699993,-28.4699993,-28.4699993,-28.4699993,0.0
2025-08-19,2545.21997,2545.21997,2545.21997,2545.21997,0.0,-17.1499996,-17.1499996,-17.1499996,-17.1499996,0.0
2025-08-20,2543.13989,2543.13989,2543.13989,2543.13989,0.0,-27.8500004,-27.8500004,-27.8500004,-27.8500004,0.0
2025-08-21,2533.20996,2533.20996,2533.20996,2533.20996,0.0,-52.7700005,-52.7700005,-52.7700005,-52.7700005,0.0
2025-08-22,2560.6499,2560.6499,2560.6499,2560.6499,0.0,65.3300018,65.3300018,65.3300018,65.3300018,0.0
2025-08-25,2541.91992,2541.91992,2541.91992,2541.91992,0.0,-5.5,-5.5,-5.5,-5.5,0.0
2025-08-26,2543.83008,2543.83008,2543.83008,2543.83008,0.0,-0.819999993,-0.819999993,-0.819999993,-0.819999993,0.0
2025-08-27,2547.12012,2547.12012,2547.12012,2547.12012,0.0,27.3899994,27.3899994,27.3899994,27.3899994,0.0
2025-08-28,2550.54004,2550.54004,2550.54004,2550.54004,0.0,21.8700008,21.8700008,21.8700008,21.8700008,0.0
2025-08-29,2550.63989,2550.63989,2550.63989,2550.63989,0.0,0.889999986,0.889999986,0.889999986,0.889999986,0.0
2025-09-02,,,,,,-11.8599997,-11.8599997,-11.8599997,-11.8599997,0.0
2025-09-03,2547.46997,2547.46997,2547.46997,2547.46997,0.0,-6.59000015,-6.59000015,-6.59000015,-6.59000015,0.0
2025-09-04,2565.3501,2565.3501,2565.3501,2565.3501,0.0,53.8699989,53.8699989,53.8699989,53.8699989,0.0
2025-09-05,2568.73999,2568.73999,2568.73999,2568.73999,0.0,76.4899979,76.4899979,76.4899979,76.4899979,0.0
2025-09-08,2575.20996,2575.20996,2575.20996,2575.20996,0.0,72.7099991,72.7099991,72.7099991,72.7099991,0.0
2025-09-09,2569.68994,2569.68994,2569.68994,2569.68994,0.0,23.8500004,23.8500004,23.8500004,23.8500004,0.0
2025-09-10,2567.76001,2567.76001,2567.76001,2567.76001,0.0,16.7299995,16.7299995,16.7299995,16.7299995,0.0
2025-09-11,2584.04004,2584.04004,2584.04004,2584.04004,0.0,101.190002,101.190002,101.190002,101.190002,0.0
2025-09-12,2571.80005,2571.80005,2571.80005,2571.80005,0.0,27.8899994,27.8899994,27.8899994,27.8899994,0.0
2025-09-15,2577.45996,2577.45996,2577.45996,2577.45996,0.0,20.3199997,20.3199997,20.3199997,20.3199997,0.0
2025-09-16,2566.29004,2566.29004,2566.29004,2566.29004,0.0,-7.17000008,-7.17000008,-7.17000008,-7.17000008,0.0
