date, state, direction, 5d%, MA20, RSI, VIX, ATR, BBW, Score, Dist
2005-01-03, Volatile Chop, 5, +nan, +nan, nan, 14.08, nan, nan, [0, -2, -1], 2.24
2005-01-04, Volatile Chop, 5, +nan, +nan, nan, 13.98, nan, nan, [0, -2, -1], 2.24
2005-01-05, Volatile Chop, 5, +nan, +nan, nan, 14.09, nan, nan, [0, -2, -1], 2.24
2005-01-06, Volatile Chop, 5, +nan, +nan, nan, 13.58, nan, nan, [0, -2, -1], 2.24
2005-01-07, Volatile Chop, 5, +nan, +nan, nan, 13.49, nan, nan, [0, -2, -1], 2.24
2005-01-10, Orderly Decline, 3, -0.98, +nan, nan, 13.23, -0.0027, nan, [-1, -2, 1], 1.41
2005-01-11, Orderly Decline, 3, -0.43, +nan, nan, 13.19, 0.0006, nan, [0, -2, 1], 2.24
2005-01-12, Orderly Decline, 3, +0.33, +nan, nan, 12.56, 0.0001, nan, [0, -2, 1], 2.24
2005-01-13, Orderly Decline, 3, -0.88, +nan, nan, 12.84, -0.0003, nan, [-1, -2, 1], 1.41
2005-01-14, Orderly Decline, 3, -0.14, +nan, nan, 12.43, -0.0017, nan, [0, -2, 1], 2.24
2005-01-18, Orderly Decline, 3, +0.48, +nan, nan, 12.47, -0.0014, nan, [0, -2, 1], 2.24
2005-01-19, Orderly Decline, 3, +0.14, +nan, nan, 13.18, 0.0019, nan, [0, -2, 1], 2.24
2005-01-20, Orderly Decline, 3, -1.03, +nan, nan, 13.83, 0.0011, nan, [-1, -2, 1], 1.41
2005-01-21, Orderly Decline, 3, -0.81, +nan, 32.4, 14.36, -0.0003, nan, [-1, -2, 1], 1.41
2005-01-24, Orderly Decline, 3, -1.75, +nan, 31.1, 14.65, -0.0046, nan, [-1, -2, 1], 1.41
2005-01-25, Orderly Decline, 3, -2.31, +nan, 39.3, 14.06, -0.0070, nan, [-2, -2, 1], 1.00
2005-01-26, Trend Pullback, 2, -0.89, +nan, 44.8, 13.44, -0.0038, nan, [-1, 0, 1], 1.41
2005-01-27, Trend Pullback, 2, -0.07, +nan, 42.6, 13.24, -0.0002, nan, [0, 0, 1], 1.73
2005-01-28, Trend Pullback, 2, +0.30, +nan, 41.9, 13.24, 0.0020, nan, [0, 0, 1], 1.73
2005-01-31, Steady Climb, 1, +1.51, +nan, 45.4, 12.82, 0.0018, 0.03, [1, 0, 3], 1.73
2005-02-01, Trend Pullback, 2, +1.80, -1.18, 53.3, 12.03, 0.0019, 0.03, [-1, 1, 3], 3.00
2005-02-02, Trend Pullback, 2, +1.63, -0.74, 52.8, 11.66, 0.0031, 0.03, [-1, 1, 3], 3.00
2005-02-03, Steady Climb, 1, +1.31, -0.44, 56.9, 11.79, 0.0047, 0.03, [0, 1, 3], 2.24
2005-02-04, Steady Climb, 1, +2.70, -0.27, 59.6, 11.21, 0.0041, 0.03, [1, 1, 3], 1.41
2005-02-07, Steady Climb, 1, +1.73, +0.14, 53.3, 11.73, 0.0037, 0.04, [1, 1, 3], 1.41
2005-02-08, Steady Climb, 1, +1.08, +0.48, 61.8, 11.60, 0.0029, 0.04, [2, 1, 3], 1.00
2005-02-09, Steady Climb, 1, -0.10, +0.88, 60.9, 12.00, 0.0025, 0.04, [2, 1, 3], 1.00
2005-02-10, Steady Climb, 1, +0.60, +0.99, 69.8, 11.51, 0.0003, 0.04, [3, 2, 3], 1.73
2005-02-11, Steady Climb, 1, +0.19, +1.24, 76.7, 11.43, -0.0018, 0.04, [2, 2, 3], 1.41
2005-02-14, Steady Climb, 1, +0.37, +1.43, 75.5, 11.52, 0.0002, 0.05, [2, 2, 3], 1.41
2005-02-15, Steady Climb, 1, +0.65, +1.70, 74.9, 11.27, 0.0017, 0.05, [3, 2, 3], 1.73
2005-02-16, Steady Climb, 1, +1.54, +2.17, 74.9, 11.10, 0.0038, 0.05, [3, 2, 3], 1.73
2005-02-17, Steady Climb, 1, +0.31, +2.45, 68.7, 11.77, 0.0026, 0.05, [2, 2, 3], 1.41
2005-02-18, Steady Climb, 1, -0.31, +2.41, 64.7, 11.18, -0.0004, 0.05, [2, 1, 3], 1.00
2005-02-22, Steady Climb, 1, -1.82, +2.22, 46.7, 13.14, -0.0016, 0.04, [1, 0, 3], 1.73
2005-02-23, Steady Climb, 1, -1.60, +1.67, 48.5, 12.39, -0.0051, 0.04, [1, 0, 3], 1.73
2005-02-24, Steady Climb, 1, -0.84, +1.26, 55.9, 11.57, -0.0046, 0.04, [1, 1, 3], 1.41
2005-02-25, Steady Climb, 1, +0.88, +1.03, 54.9, 11.49, -0.0010, 0.04, [3, 1, 3], 1.41
2005-02-28, Steady Climb, 1, +0.17, +0.94, 51.0, 12.08, 0.0030, 0.03, [2, 1, 3], 1.00
2005-03-01, Steady Climb, 1, +2.22, +0.62, 54.1, 12.04, 0.0049, 0.03, [4, 1, 3], 2.24
2005-03-02, Steady Climb, 1, +1.62, +0.51, 60.2, 12.50, 0.0035, 0.03, [3, 1, 3], 1.41
2005-03-03, Steady Climb, 1, +0.86, +0.49, 58.0, 12.93, 0.0016, 0.03, [2, 1, 3], 1.00
2005-03-04, Steady Climb, 1, +0.89, +0.49, 59.7, 11.94, 0.0004, 0.03, [2, 1, 3], 1.00
2005-03-07, Steady Climb, 1, +1.80, +0.59, 60.7, 12.26, 0.0030, 0.03, [3, 1, 3], 1.41
2005-03-08, Steady Climb, 1, +0.75, +0.88, 55.1, 12.40, 0.0034, 0.03, [3, 1, 3], 1.41
2005-03-09, Steady Climb, 1, -0.25, +1.05, 48.4, 12.70, 0.0028, 0.03, [2, 0, 3], 1.41
2005-03-10, Steady Climb, 1, -0.10, +1.01, 54.4, 12.49, -0.0008, 0.03, [2, 1, 3], 1.00
2005-03-11, Steady Climb, 1, -1.80, +0.84, 49.3, 12.80, -0.0037, 0.03, [1, 0, 3], 1.73
2005-03-14, Steady Climb, 1, -1.51, +0.59, 62.1, 12.39, -0.0050, 0.03, [1, 1, 3], 1.41
2005-03-15, Steady Climb, 1, -1.78, +0.56, 53.6, 13.15, -0.0027, 0.03, [1, 1, 3], 1.41
2005-03-16, Steady Climb, 1, -1.57, +0.42, 43.7, 13.49, -0.0018, 0.04, [0, 0, 3], 2.45
2005-03-17, Orderly Decline, 3, -1.57, +0.21, 37.9, 13.29, -0.0038, 0.04, [0, -2, 3], 3.00
2005-03-18, Orderly Decline, 3, -0.87, +0.07, 41.3, 13.14, -0.0032, 0.04, [-1, 0, 3], 2.45
2005-03-21, Orderly Decline, 3, -1.91, -0.20, 33.2, 13.61, -0.0035, 0.04, [-2, -2, 3], 2.24
2005-03-22, Orderly Decline, 3, -2.17, -0.53, 28.9, 14.27, -0.0022, 0.05, [-4, -2, 3], 3.00
2005-03-23, Orderly Decline, 3, -1.31, -1.27, 29.3, 14.06, -0.0033, 0.05, [-3, -2, 3], 2.45
2005-03-24, Orderly Decline, 3, -1.58, -1.88, 18.7, 13.42, -0.0046, 0.05, [-3, -2, 3], 2.45
2005-03-28, Orderly Decline, 3, -1.29, -2.33, 18.4, 13.75, -0.0041, 0.06, [-3, -2, 3], 2.45
2005-03-29, Orderly Decline, 3, -1.56, -2.52, 17.7, 14.49, -0.0017, 0.06, [-3, -2, 3], 2.45
2005-03-30, Orderly Decline, 3, +0.83, -2.91, 35.3, 13.64, -0.0009, 0.06, [-1, -2, 3], 2.45
2005-03-31, Orderly Decline, 3, +0.69, -2.90, 33.3, 14.02, 0.0010, 0.06, [-1, -2, 3], 2.45
2005-04-01, Orderly Decline, 3, +0.13, -2.86, 33.9, 14.09, 0.0022, 0.06, [-2, -2, 3], 2.24
2005-04-04, Orderly Decline, 3, +0.16, -2.88, 31.0, 14.11, 0.0011, 0.06, [-2, -2, 3], 2.24
2005-04-05, Orderly Decline, 3, +1.38, -2.62, 39.4, 13.68, 0.0011, 0.05, [-1, -2, 3], 2.45
2005-04-06, Orderly Decline, 3, +0.23, -2.16, 47.1, 13.15, -0.0004, 0.04, [-2, 0, 3], 2.24
2005-04-07, Trend Pullback, 2, +0.89, -1.69, 50.6, 12.33, 0.0013, 0.04, [-1, 1, 3], 3.00
2005-04-08, Orderly Decline, 3, +0.71, -1.26, 45.0, 12.62, 0.0038, 0.04, [-1, 0, 3], 2.45
2005-04-11, Orderly Decline, 3, +0.43, -0.91, 48.4, 11.98, 0.0017, 0.03, [-2, 0, 3], 2.24
2005-04-12, Trend Pullback, 2, +0.54, -0.67, 61.0, 11.30, -0.0003, 0.03, [-1, 1, 3], 3.00
2005-04-13, Trend Pullback, 2, -0.87, -0.20, 50.7, 13.31, -0.0002, 0.03, [-1, 1, 3], 3.00
2005-04-14, Orderly Decline, 3, -2.44, -0.04, 45.2, 14.53, -0.0024, 0.03, [-2, 0, 3], 2.24
2005-04-15, Orderly Decline, 3, -3.27, -0.17, 36.0, 17.74, -0.0040, 0.04, [-2, -2, 2], 1.41
2005-04-18, Orderly Decline, 3, -2.98, -0.50, 41.0, 16.56, -0.0090, 0.04, [-3, 0, 2], 1.73
2005-04-19, Orderly Decline, 3, -2.95, -0.72, 35.5, 14.96, -0.0100, 0.04, [-4, -2, 3], 3.00
2005-04-20, Orderly Decline, 3, -3.09, -0.87, 30.9, 16.92, -0.0051, 0.05, [-4, -2, 2], 2.45
2005-04-21, Orderly Decline, 3, -0.18, -1.38, 44.9, 14.41, -0.0034, 0.05, [-2, 0, 3], 2.24
2005-04-22, Orderly Decline, 3, +0.83, -1.51, 40.9, 15.38, 0.0023, 0.05, [-1, 0, 3], 2.45
2005-04-25, Orderly Decline, 3, +1.41, -1.75, 43.0, 14.62, 0.0017, 0.05, [-1, 0, 3], 2.45
2005-04-26, Orderly Decline, 3, -0.08, -1.77, 38.9, 14.91, 0.0029, 0.06, [-2, -2, 3], 2.24
2005-04-27, Orderly Decline, 3, +1.66, -2.06, 37.8, 14.87, 0.0027, 0.06, [-1, -2, 3], 2.45
2005-04-28, Orderly Decline, 3, -1.44, -2.01, 36.9, 16.86, -0.0006, 0.06, [-3, -2, 2], 1.73
2005-04-29, Orderly Decline, 3, +0.41, -2.13, 42.3, 15.31, -0.0020, 0.06, [-2, 0, 3], 2.24
2005-05-02, Orderly Decline, 3, +0.01, -2.12, 41.9, 15.12, -0.0016, 0.06, [-2, 0, 3], 2.24
2005-05-03, Orderly Decline, 3, +0.81, -1.95, 45.6, 14.53, 0.0018, 0.05, [-1, 0, 3], 2.45
2005-05-04, Trend Pullback, 2, +1.67, -1.70, 54.6, 13.85, 0.0024, 0.05, [-1, 1, 3], 3.00
2005-05-05, Steady Climb, 1, +2.57, -1.16, 61.4, 13.98, 0.0059, 0.05, [0, 1, 3], 2.24
2005-05-06, Trend Pullback, 2, +1.25, -0.55, 59.8, 14.05, 0.0038, 0.05, [-1, 1, 3], 3.00
2005-05-09, Steady Climb, 1, +1.44, -0.08, 60.0, 13.75, 0.0025, 0.05, [1, 1, 3], 1.41
2005-05-10, Steady Climb, 1, +0.43, +0.51, 61.3, 14.91, 0.0027, 0.04, [2, 1, 3], 1.00
2005-05-11, Steady Climb, 1, -0.39, +1.03, 55.1, 14.45, -0.0011, 0.04, [2, 1, 3], 1.00
2005-05-12, Steady Climb, 1, -1.13, +1.43, 53.2, 16.12, -0.0007, 0.04, [1, 1, 2], 1.00
2005-05-13, Steady Climb, 1, -1.48, +1.48, 46.3, 16.32, -0.0027, 0.04, [1, 0, 2], 1.41
2005-05-16, Steady Climb, 1, -1.12, +1.15, 56.3, 15.68, -0.0048, 0.04, [1, 1, 3], 1.41
2005-05-17, Steady Climb, 1, +0.65, +1.02, 57.7, 14.57, -0.0015, 0.04, [3, 1, 3], 1.41
2005-05-18, Steady Climb, 1, +1.23, +1.09, 68.9, 13.63, 0.0010, 0.04, [3, 2, 3], 1.73
2005-05-19, Steady Climb, 1, +2.74, +1.05, 66.4, 13.32, 0.0061, 0.04, [4, 2, 3], 2.45
2005-05-20, Steady Climb, 1, +3.05, +1.37, 63.5, 13.14, 0.0079, 0.04, [4, 1, 3], 2.24
2005-05-23, Steady Climb, 1, +2.42, +1.50, 65.7, 12.95, 0.0054, 0.05, [4, 2, 3], 2.45
2005-05-24, Steady Climb, 1, +1.73, +1.79, 60.2, 12.69, 0.0037, 0.05, [3, 1, 3], 1.41
2005-05-25, Steady Climb, 1, +0.38, +1.88, 59.5, 12.58, 0.0017, 0.05, [2, 1, 3], 1.00
2005-05-26, Steady Climb, 1, +0.55, +1.92, 63.5, 12.24, 0.0002, 0.05, [3, 1, 3], 1.41
2005-05-27, Steady Climb, 1, +0.80, +1.81, 61.0, 12.15, 0.0011, 0.05, [3, 1, 3], 1.41
2005-05-31, Steady Climb, 1, -0.20, +1.84, 64.8, 13.29, 0.0011, 0.05, [2, 1, 3], 1.00
2005-06-01, Steady Climb, 1, +0.68, +1.80, 67.0, 12.36, 0.0003, 0.05, [3, 2, 3], 1.73
2005-06-02, Steady Climb, 1, +1.20, +1.85, 77.5, 11.84, 0.0015, 0.05, [3, 2, 3], 1.73
2005-06-03, Steady Climb, 1, -0.13, +2.09, 74.7, 12.15, 0.0014, 0.05, [2, 2, 3], 1.41
2005-06-06, Steady Climb, 1, -0.11, +2.13, 71.3, 12.28, 0.0006, 0.05, [2, 2, 3], 1.41
2005-06-07, Steady Climb, 1, +0.48, +2.13, 67.6, 12.39, 0.0005, 0.05, [2, 2, 3], 1.41
2005-06-08, Steady Climb, 1, -0.63, +2.20, 57.9, 12.70, -0.0014, 0.05, [1, 1, 3], 1.41
2005-06-09, Steady Climb, 1, -0.28, +2.02, 58.4, 12.08, -0.0015, 0.05, [2, 1, 3], 1.00
2005-06-10, Steady Climb, 1, +0.17, +1.95, 57.4, 11.96, 0.0006, 0.04, [2, 1, 3], 1.00
2005-06-13, Steady Climb, 1, +0.28, +1.62, 56.1, 11.65, 0.0004, 0.03, [2, 1, 3], 1.00
2005-06-14, Steady Climb, 1, +0.56, +1.18, 58.1, 11.79, 0.0009, 0.02, [3, 1, 3], 1.41
2005-06-15, Steady Climb, 1, +1.00, +0.90, 64.0, 11.46, 0.0015, 0.02, [3, 1, 3], 1.41
2005-06-16, Steady Climb, 1, +0.84, +0.73, 62.0, 11.15, 0.0014, 0.02, [3, 1, 3], 1.41
2005-06-17, Steady Climb, 1, +1.57, +0.76, 65.0, 11.48, 0.0026, 0.02, [3, 2, 3], 1.73
2005-06-20, Steady Climb, 1, +1.27, +0.92, 72.7, 11.47, 0.0032, 0.02, [3, 2, 3], 1.73
2005-06-21, Steady Climb, 1, +0.81, +1.00, 62.4, 11.08, 0.0029, 0.03, [3, 1, 3], 1.41
2005-06-22, Steady Climb, 1, +0.61, +1.08, 60.9, 11.05, 0.0016, 0.03, [3, 1, 3], 1.41
2005-06-23, Steady Climb, 1, -0.84, +1.14, 54.8, 12.13, 0.0002, 0.03, [1, 1, 3], 1.41
2005-06-24, Steady Climb, 1, -2.09, +0.91, 44.8, 12.18, -0.0029, 0.03, [0, 0, 3], 2.45
2005-06-27, Steady Climb, 1, -2.09, +0.66, 44.3, 12.52, -0.0052, 0.03, [0, 0, 3], 2.45
2005-06-28, Steady Climb, 1, -0.99, +0.42, 55.3, 11.58, -0.0057, 0.03, [0, 1, 3], 2.24
2005-06-29, Steady Climb, 1, -1.16, +0.24, 49.1, 11.77, -0.0029, 0.03, [0, 0, 3], 2.45
2005-06-30, Orderly Decline, 3, -0.78, +0.18, 44.9, 12.04, 0.0007, 0.03, [-1, 0, 3], 2.45
2005-07-01, Steady Climb, 1, +0.24, +0.04, 45.3, 11.40, 0.0007, 0.03, [0, 0, 3], 2.45
2005-07-05, Steady Climb, 1, +1.20, -0.16, 50.7, 11.68, -0.0002, 0.03, [1, 1, 3], 1.41
2005-07-06, Orderly Decline, 3, -0.55, -0.19, 42.9, 12.27, 0.0001, 0.03, [-1, 0, 3], 2.45
2005-07-07, Orderly Decline, 3, -0.17, -0.38, 41.9, 12.49, 0.0003, 0.03, [-1, 0, 3], 2.45
2005-07-08, Orderly Decline, 3, +1.72, -0.57, 47.1, 11.45, 0.0011, 0.03, [-1, 0, 3], 2.45
2005-07-11, Steady Climb, 1, +2.09, -0.46, 51.8, 11.28, 0.0023, 0.03, [1, 1, 3], 1.41
2005-07-12, Steady Climb, 1, +1.43, -0.30, 54.5, 10.95, 0.0037, 0.03, [0, 1, 3], 2.24
2005-07-13, Steady Climb, 1, +2.37, -0.09, 54.9, 10.84, 0.0062, 0.04, [2, 1, 3], 1.00
2005-07-14, Steady Climb, 1, +2.39, +0.14, 64.9, 10.81, 0.0050, 0.04, [2, 1, 3], 1.00
2005-07-15, Steady Climb, 1, +1.33, +0.44, 73.1, 10.33, 0.0027, 0.04, [2, 2, 3], 1.41
2005-07-18, Steady Climb, 1, +0.14, +0.80, 68.0, 10.77, 0.0017, 0.04, [2, 2, 3], 1.41
2005-07-19, Steady Climb, 1, +0.58, +1.13, 67.0, 10.45, 0.0002, 0.04, [3, 2, 3], 1.73
2005-07-20, Steady Climb, 1, +0.97, +1.56, 70.5, 10.23, 0.0005, 0.05, [3, 2, 3], 1.73
2005-07-21, Steady Climb, 1, +0.04, +2.01, 70.8, 10.97, 0.0015, 0.05, [2, 2, 3], 1.41
2005-07-22, Steady Climb, 1, +0.47, +2.31, 72.0, 10.52, 0.0010, 0.05, [2, 2, 3], 1.41
2005-07-25, Steady Climb, 1, +0.65, +2.49, 64.4, 11.10, 0.0019, 0.05, [3, 1, 3], 1.41
2005-07-26, Steady Climb, 1, +0.15, +2.40, 74.0, 10.99, -0.0002, 0.05, [2, 2, 3], 1.41
2005-07-27, Steady Climb, 1, +0.13, +2.27, 74.9, 10.36, -0.0005, 0.05, [2, 2, 3], 1.41
2005-07-28, Steady Climb, 1, +1.36, +2.34, 72.4, 10.52, 0.0014, 0.05, [3, 2, 3], 1.73
2005-07-29, Steady Climb, 1, +0.04, +2.42, 60.1, 11.57, 0.0023, 0.05, [2, 1, 3], 1.00
2005-08-01, Steady Climb, 1, +0.51, +2.17, 59.2, 12.08, 0.0019, 0.04, [3, 1, 3], 1.41
2005-08-02, Steady Climb, 1, +1.05, +1.92, 63.2, 11.75, 0.0005, 0.04, [3, 1, 3], 1.41
2005-08-03, Steady Climb, 1, +0.67, +1.90, 62.1, 11.83, 0.0005, 0.04, [3, 1, 3], 1.41
2005-08-04, Steady Climb, 1, -0.63, +1.67, 54.7, 12.52, 0.0010, 0.03, [1, 1, 3], 1.41
2005-08-05, Steady Climb, 1, -0.63, +1.29, 53.0, 12.48, 0.0011, 0.02, [1, 1, 3], 1.41
2005-08-08, Steady Climb, 1, -0.99, +0.93, 46.2, 13.21, -0.0021, 0.02, [1, 0, 3], 1.73
2005-08-09, Steady Climb, 1, -1.02, +0.62, 47.7, 12.40, -0.0049, 0.02, [1, 0, 3], 1.73
2005-08-10, Steady Climb, 1, -1.28, +0.47, 51.3, 12.38, -0.0033, 0.02, [0, 1, 3], 2.24
2005-08-11, Steady Climb, 1, +0.16, +0.29, 52.6, 12.42, -0.0007, 0.02, [1, 1, 3], 1.41
2005-08-12, Steady Climb, 1, +0.32, +0.28, 50.8, 12.74, 0.0023, 0.02, [1, 1, 3], 1.41
2005-08-15, Steady Climb, 1, +0.88, +0.17, 51.6, 12.26, 0.0017, 0.02, [1, 1, 3], 1.41
2005-08-16, Orderly Decline, 3, -0.98, -0.01, 40.7, 13.52, 0.0005, 0.02, [-1, 0, 3], 2.45
2005-08-17, Orderly Decline, 3, -0.72, -0.28, 36.6, 13.30, -0.0019, 0.02, [-2, -2, 3], 2.24
2005-08-18, Orderly Decline, 3, -1.52, -0.43, 40.5, 13.42, -0.0038, 0.03, [-2, 0, 3], 2.24
2005-08-19, Orderly Decline, 3, -0.87, -0.71, 40.1, 13.42, -0.0030, 0.03, [-3, 0, 3], 2.45
2005-08-22, Orderly Decline, 3, -0.98, -0.85, 34.5, 13.42, -0.0023, 0.03, [-3, -2, 3], 2.45
2005-08-23, Orderly Decline, 3, -0.14, -1.03, 31.8, 13.34, 0.0003, 0.03, [-2, -2, 3], 2.24
2005-08-24, Orderly Decline, 3, -0.87, -1.21, 32.3, 14.17, -0.0002, 0.03, [-3, -2, 3], 2.45
2005-08-25, Orderly Decline, 3, -0.55, -1.41, 39.6, 13.73, -0.0017, 0.03, [-3, -2, 3], 2.45
2005-08-26, Orderly Decline, 3, -1.20, -1.41, 37.4, 13.72, -0.0022, 0.04, [-3, -2, 3], 2.45
2005-08-29, Orderly Decline, 3, -0.77, -1.62, 36.5, 13.52, -0.0032, 0.04, [-3, -2, 3], 2.45
2005-08-30, Orderly Decline, 3, -0.75, -1.66, 35.6, 13.65, -0.0013, 0.04, [-3, -2, 3], 2.45
2005-08-31, Orderly Decline, 3, +0.89, -1.59, 38.4, 12.60, -0.0002, 0.03, [-1, -2, 3], 2.45
2005-09-01, Orderly Decline, 3, +0.76, -1.27, 43.6, 13.15, 0.0016, 0.03, [-1, 0, 3], 2.45
2005-09-02, Orderly Decline, 3, +1.07, -1.05, 38.6, 13.57, 0.0034, 0.03, [-1, -2, 3], 2.45
2005-09-06, Trend Pullback, 2, +1.74, -1.01, 60.0, 12.93, 0.0020, 0.03, [-1, 1, 3], 3.00
2005-09-07, Steady Climb, 1, +2.31, -0.78, 61.2, 12.52, 0.0039, 0.03, [0, 1, 3], 2.24
2005-09-08, Steady Climb, 1, +0.93, -0.40, 58.4, 12.93, 0.0036, 0.03, [0, 1, 3], 2.24
2005-09-09, Steady Climb, 1, +1.63, -0.13, 62.8, 11.98, 0.0031, 0.03, [1, 1, 3], 1.41
2005-09-12, Steady Climb, 1, +1.85, +0.41, 61.2, 11.65, 0.0036, 0.03, [2, 1, 3], 1.00
2005-09-13, Steady Climb, 1, -0.18, +0.82, 57.6, 12.39, 0.0016, 0.03, [2, 1, 3], 1.00
2005-09-14, Steady Climb, 1, -0.74, +1.14, 60.3, 12.91, -0.0001, 0.03, [1, 1, 3], 1.41
2005-09-15, Steady Climb, 1, -0.32, +1.17, 59.3, 12.49, -0.0016, 0.03, [2, 1, 3], 1.00
2005-09-16, Steady Climb, 1, -0.29, +1.21, 69.1, 11.22, -0.0033, 0.04, [2, 2, 3], 1.41
2005-09-19, Steady Climb, 1, -0.77, +1.37, 61.0, 12.14, -0.0007, 0.04, [1, 1, 3], 1.41
2005-09-20, Steady Climb, 1, -0.80, +1.41, 57.1, 12.64, 0.0009, 0.04, [1, 1, 3], 1.41
2005-09-21, Steady Climb, 1, -1.38, +1.33, 44.4, 13.79, -0.0007, 0.04, [1, 0, 3], 1.73
2005-09-22, Steady Climb, 1, -1.07, +1.02, 46.3, 13.33, -0.0043, 0.04, [1, 0, 3], 1.73
2005-09-23, Steady Climb, 1, -1.83, +0.66, 48.5, 12.96, -0.0055, 0.04, [1, 0, 3], 1.73
2005-09-26, Orderly Decline, 3, -1.25, +0.35, 38.3, 13.04, -0.0031, 0.03, [0, -2, 3], 3.00
2005-09-27, Orderly Decline, 3, -0.47, -0.07, 35.8, 12.76, -0.0005, 0.03, [0, -2, 3], 3.00
2005-09-28, Orderly Decline, 3, +0.55, -0.40, 39.3, 12.63, 0.0010, 0.03, [0, -2, 3], 3.00
2005-09-29, Orderly Decline, 3, +1.08, -0.78, 40.2, 12.24, 0.0004, 0.03, [-1, 0, 3], 2.45
2005-09-30, Orderly Decline, 3, +1.11, -0.83, 41.7, 11.92, 0.0021, 0.03, [-1, 0, 3], 2.45
2005-10-03, Orderly Decline, 3, +0.91, -0.85, 46.4, 12.46, 0.0031, 0.03, [-1, 0, 3], 2.45
2005-10-04, Orderly Decline, 3, -0.10, -0.97, 41.1, 13.20, 0.0028, 0.03, [-2, 0, 3], 2.24
2005-10-05, Orderly Decline, 3, -1.68, -1.04, 32.4, 14.55, -0.0005, 0.04, [-3, -2, 3], 2.45
2005-10-06, Orderly Decline, 3, -2.95, -1.28, 22.3, 14.96, -0.0065, 0.04, [-4, -2, 3], 3.00
2005-10-07, Orderly Decline, 3, -2.68, -1.62, 28.4, 14.59, -0.0088, 0.04, [-4, -2, 3], 3.00
2005-10-10, Orderly Decline, 3, -3.21, -1.67, 28.8, 15.55, -0.0071, 0.05, [-4, -2, 3], 3.00
2005-10-11, Orderly Decline, 3, -2.44, -1.79, 32.3, 15.63, -0.0046, 0.05, [-4, -2, 3], 3.00
2005-10-12, Orderly Decline, 3, -1.56, -2.02, 25.1, 16.22, -0.0023, 0.06, [-3, -2, 2], 1.73
2005-10-13, Orderly Decline, 3, -1.23, -2.34, 24.1, 16.47, -0.0033, 0.06, [-3, -2, 2], 1.73
2005-10-14, Orderly Decline, 3, -0.78, -2.59, 32.6, 14.87, -0.0040, 0.06, [-3, -2, 3], 2.45
2005-10-17, Orderly Decline, 3, +0.23, -2.46, 35.3, 14.67, -0.0008, 0.06, [-2, -2, 3], 2.24
2005-10-18, Orderly Decline, 3, -0.57, -2.32, 30.2, 15.33, 0.0016, 0.06, [-3, -2, 3], 2.45
2005-10-19, Orderly Decline, 3, +1.54, -2.43, 34.8, 13.50, 0.0012, 0.06, [-1, -2, 3], 2.45
2005-10-20, Orderly Decline, 3, +0.08, -2.41, 29.0, 16.11, 0.0025, 0.06, [-2, -2, 2], 1.41
2005-10-21, Orderly Decline, 3, -0.59, -2.55, 30.6, 16.13, -0.0010, 0.06, [-3, -2, 2], 1.73
2005-10-24, Orderly Decline, 3, +0.78, -2.60, 44.1, 14.74, -0.0018, 0.06, [-1, 0, 3], 2.45
2005-10-25, Trend Pullback, 2, +1.56, -2.31, 50.1, 14.53, 0.0022, 0.06, [-1, 1, 3], 3.00
2005-10-26, Orderly Decline, 3, -0.37, -2.04, 50.0, 14.59, 0.0019, 0.06, [-2, 0, 3], 2.24
2005-10-27, Orderly Decline, 3, +0.09, -1.78, 43.0, 16.02, 0.0037, 0.05, [-2, 0, 2], 1.41
2005-10-28, Trend Pullback, 2, +1.60, -1.50, 54.2, 14.25, -0.0008, 0.04, [-1, 1, 3], 3.00
2005-10-31, Trend Pullback, 2, +0.64, -0.85, 58.0, 15.32, -0.0016, 0.04, [-1, 1, 3], 3.00
2005-11-01, Steady Climb, 1, +0.52, -0.07, 59.2, 14.85, 0.0023, 0.03, [1, 1, 3], 1.41
2005-11-02, Steady Climb, 1, +1.96, +0.49, 62.9, 13.48, 0.0042, 0.04, [2, 1, 3], 1.00
2005-11-03, Steady Climb, 1, +3.48, +0.96, 61.7, 13.00, 0.0062, 0.04, [4, 1, 3], 2.24
2005-11-04, Steady Climb, 1, +1.81, +1.39, 60.8, 13.17, 0.0042, 0.05, [3, 1, 3], 1.41
2005-11-07, Steady Climb, 1, +1.31, +1.86, 67.2, 13.10, 0.0036, 0.05, [3, 2, 3], 1.73
2005-11-08, Steady Climb, 1, +1.32, +2.19, 59.8, 13.08, 0.0037, 0.05, [3, 1, 3], 1.41
2005-11-09, Steady Climb, 1, +0.48, +2.37, 71.3, 12.80, 0.0009, 0.05, [2, 2, 3], 1.41
2005-11-10, Steady Climb, 1, +0.90, +2.41, 73.5, 11.90, -0.0000, 0.06, [3, 2, 3], 1.73
2005-11-11, Steady Climb, 1, +1.19, +2.52, 69.0, 11.63, 0.0016, 0.06, [3, 2, 3], 1.73
2005-11-14, Steady Climb, 1, +0.90, +2.76, 70.4, 12.18, 0.0029, 0.06, [3, 2, 3], 1.73
2005-11-15, Steady Climb, 1, +0.86, +2.97, 70.7, 12.23, 0.0036, 0.06, [3, 2, 3], 1.73
2005-11-16, Steady Climb, 1, +0.87, +2.86, 82.4, 12.26, 0.0016, 0.06, [3, 2, 3], 1.73
2005-11-17, Steady Climb, 1, +0.96, +2.97, 80.5, 11.25, -0.0004, 0.06, [3, 2, 3], 1.73
2005-11-18, Steady Climb, 1, +1.10, +2.92, 79.6, 11.12, 0.0011, 0.06, [3, 2, 3], 1.73
2005-11-21, Steady Climb, 1, +1.71, +2.88, 86.2, 10.82, 0.0034, 0.06, [3, 2, 3], 1.73
2005-11-22, Steady Climb, 1, +2.62, +3.14, 85.0, 10.60, 0.0055, 0.07, [4, 2, 3], 2.45
2005-11-23, Steady Climb, 1, +2.79, +3.36, 84.8, 10.96, 0.0057, 0.07, [4, 2, 3], 2.45
2005-11-25, Steady Climb, 1, +2.05, +3.47, 85.4, 10.88, 0.0046, 0.07, [4, 2, 3], 2.45
2005-11-28, Steady Climb, 1, +0.74, +3.30, 72.8, 11.84, 0.0040, 0.06, [3, 2, 3], 1.73
2005-11-29, Steady Climb, 1, +0.21, +3.16, 77.0, 11.89, 0.0010, 0.06, [2, 2, 3], 1.41
2005-11-30, Steady Climb, 1, -0.93, +3.06, 68.5, 12.06, -0.0013, 0.06, [1, 2, 3], 1.73
2005-12-01, Steady Climb, 1, -0.07, +2.70, 70.4, 11.24, -0.0034, 0.06, [2, 2, 3], 1.41
2005-12-02, Steady Climb, 1, -0.25, +2.68, 69.1, 11.01, -0.0012, 0.06, [2, 2, 3], 1.41
2005-12-05, Steady Climb, 1, +0.37, +2.68, 67.4, 11.60, 0.0018, 0.05, [2, 2, 3], 1.41
2005-12-06, Steady Climb, 1, +0.49, +2.56, 72.2, 11.52, 0.0020, 0.05, [2, 2, 3], 1.41
2005-12-07, Steady Climb, 1, +0.63, +2.45, 65.9, 12.18, 0.0021, 0.05, [3, 2, 3], 1.73
2005-12-08, Steady Climb, 1, -0.70, +2.12, 59.0, 12.21, -0.0013, 0.04, [1, 1, 3], 1.41
2005-12-09, Steady Climb, 1, -0.45, +1.74, 57.9, 11.69, -0.0018, 0.04, [2, 1, 3], 1.00
2005-12-12, Steady Climb, 1, -0.13, +1.53, 54.3, 11.47, -0.0011, 0.04, [2, 1, 3], 1.00
2005-12-13, Steady Climb, 1, +0.30, +1.34, 54.7, 11.11, -0.0004, 0.04, [2, 1, 3], 1.00
2005-12-14, Steady Climb, 1, +1.22, +1.20, 55.4, 10.48, 0.0019, 0.03, [3, 1, 3], 1.41
2005-12-15, Steady Climb, 1, +1.20, +1.01, 52.1, 10.73, 0.0033, 0.02, [3, 1, 3], 1.41
2005-12-16, Steady Climb, 1, +0.63, +0.76, 58.4, 10.68, 0.0028, 0.02, [3, 1, 3], 1.41
2005-12-19, Steady Climb, 1, -0.04, +0.59, 51.9, 11.38, 0.0014, 0.02, [2, 1, 3], 1.00
2005-12-20, Steady Climb, 1, -0.62, +0.36, 58.7, 11.19, -0.0016, 0.02, [0, 1, 3], 2.24
2005-12-21, Steady Climb, 1, -0.78, +0.21, 48.0, 10.81, -0.0030, 0.02, [0, 0, 3], 2.45
2005-12-22, Steady Climb, 1, -0.22, +0.20, 53.0, 10.29, -0.0019, 0.02, [1, 1, 3], 1.41
2005-12-23, Steady Climb, 1, +0.11, +0.33, 56.8, 10.27, 0.0004, 0.02, [1, 1, 3], 1.41
2005-12-27, Steady Climb, 1, -0.27, +0.51, 43.9, 11.57, 0.0021, 0.02, [2, 0, 3], 1.41
2005-12-28, Steady Climb, 1, -0.12, +0.35, 50.7, 11.35, -0.0000, 0.02, [1, 1, 3], 1.41
2005-12-29, Steady Climb, 1, -0.66, +0.21, 48.7, 11.61, -0.0017, 0.02, [0, 0, 3], 2.45
2005-12-30, Orderly Decline, 3, -1.56, -0.12, 40.6, 12.07, -0.0030, 0.02, [-1, 0, 3], 2.45
2006-01-03, Trend Pullback, 2, +0.01, -0.29, 55.3, 11.14, -0.0034, 0.02, [-1, 1, 3], 3.00
2006-01-04, Steady Climb, 1, +1.35, -0.14, 54.0, 11.37, 0.0011, 0.02, [1, 1, 3], 1.41
2006-01-05, Steady Climb, 1, +1.22, +0.02, 50.5, 11.31, 0.0035, 0.02, [1, 1, 3], 1.41
2006-01-06, Steady Climb, 1, +2.47, +0.19, 58.9, 11.00, 0.0049, 0.03, [2, 1, 3], 1.00
2006-01-09, Steady Climb, 1, +3.35, +0.41, 63.9, 11.13, 0.0061, 0.03, [3, 1, 3], 1.41
2006-01-10, Steady Climb, 1, +1.65, +0.64, 69.8, 10.86, 0.0042, 0.04, [3, 2, 3], 1.73
2006-01-11, Steady Climb, 1, +1.63, +0.86, 71.7, 10.94, 0.0038, 0.04, [3, 2, 3], 1.73
2006-01-12, Steady Climb, 1, +0.99, +1.12, 63.8, 11.20, 0.0035, 0.04, [3, 1, 3], 1.41
2006-01-13, Steady Climb, 1, +0.17, +1.33, 62.1, 11.23, 0.0004, 0.04, [2, 1, 3], 1.00
2006-01-17, Steady Climb, 1, -0.56, +1.61, 58.4, 11.91, -0.0007, 0.04, [1, 1, 3], 1.41
2006-01-18, Steady Climb, 1, -0.91, +1.77, 63.8, 12.25, -0.0016, 0.04, [1, 1, 3], 1.41
2006-01-19, Steady Climb, 1, -0.71, +1.79, 66.2, 11.98, -0.0028, 0.04, [1, 2, 3], 1.73
2006-01-20, Steady Climb, 1, -1.91, +1.78, 53.4, 14.56, -0.0009, 0.04, [1, 1, 3], 1.41
2006-01-23, Steady Climb, 1, -1.85, +1.38, 57.8, 13.93, -0.0040, 0.04, [1, 1, 3], 1.41
2006-01-24, Steady Climb, 1, -1.25, +1.07, 48.8, 13.31, -0.0043, 0.04, [1, 0, 3], 1.73
2006-01-25, Steady Climb, 1, -1.04, +0.89, 44.5, 12.87, -0.0034, 0.04, [1, 0, 3], 1.73
2006-01-26, Steady Climb, 1, -0.87, +0.68, 50.2, 12.42, -0.0028, 0.04, [1, 1, 3], 1.41
2006-01-27, Steady Climb, 1, +1.76, +0.42, 49.0, 11.97, 0.0020, 0.04, [2, 0, 3], 1.41
2006-01-30, Steady Climb, 1, +1.69, +0.30, 47.0, 12.39, 0.0036, 0.04, [2, 0, 3], 1.41
2006-01-31, Steady Climb, 1, +1.04, +0.10, 44.5, 12.95, 0.0044, 0.03, [1, 0, 3], 1.73
2006-02-01, Steady Climb, 1, +1.41, -0.31, 43.2, 12.36, 0.0033, 0.03, [0, 0, 3], 2.45
2006-02-02, Orderly Decline, 3, -0.23, -0.42, 41.5, 13.23, 0.0011, 0.03, [-1, 0, 3], 2.45
2006-02-03, Orderly Decline, 3, -1.53, -0.63, 37.5, 12.96, -0.0023, 0.03, [-3, -2, 3], 2.45
2006-02-06, Orderly Decline, 3, -1.57, -0.94, 40.1, 13.04, -0.0041, 0.03, [-3, 0, 3], 2.45
2006-02-07, Orderly Decline, 3, -1.98, -1.03, 37.9, 13.59, -0.0039, 0.04, [-3, -2, 3], 2.45
2006-02-08, Orderly Decline, 3, -1.31, -1.17, 40.3, 12.83, -0.0048, 0.03, [-3, 0, 3], 2.45
2006-02-09, Orderly Decline, 3, -0.56, -1.10, 51.5, 13.12, -0.0016, 0.03, [-3, 1, 3], 3.00
2006-02-10, Orderly Decline, 3, +0.23, -0.95, 52.0, 12.87, 0.0000, 0.03, [-2, 1, 3], 2.83
2006-02-13, Orderly Decline, 3, -0.17, -0.84, 47.5, 13.35, 0.0010, 0.03, [-2, 0, 3], 2.24
2006-02-14, Trend Pullback, 2, +1.65, -0.73, 56.0, 12.25, 0.0014, 0.03, [-1, 1, 3], 3.00
2006-02-15, Steady Climb, 1, +1.13, -0.48, 53.6, 12.31, 0.0015, 0.03, [0, 1, 3], 2.24
2006-02-16, Steady Climb, 1, +2.03, -0.24, 53.3, 11.48, 0.0032, 0.03, [1, 1, 3], 1.41
2006-02-17, Steady Climb, 1, +1.60, +0.25, 51.2, 12.01, 0.0048, 0.03, [2, 1, 3], 1.00
2006-02-21, Steady Climb, 1, +1.60, +0.33, 51.7, 12.41, 0.0049, 0.03, [2, 1, 3], 1.00
2006-02-22, Steady Climb, 1, +1.34, +0.35, 55.5, 11.88, 0.0017, 0.03, [2, 1, 3], 1.00
2006-02-23, Steady Climb, 1, +0.61, +0.53, 59.9, 11.87, 0.0015, 0.03, [3, 1, 3], 1.41
2006-02-24, Steady Climb, 1, +0.00, +0.56, 65.8, 11.46, 0.0002, 0.04, [2, 2, 3], 1.41
2006-02-27, Steady Climb, 1, +0.53, +0.72, 67.3, 11.59, 0.0007, 0.04, [3, 2, 3], 1.73
2006-02-28, Steady Climb, 1, -0.18, +1.09, 64.8, 12.34, 0.0015, 0.04, [2, 1, 3], 1.00
2006-03-01, Steady Climb, 1, -0.11, +1.27, 64.7, 11.54, -0.0014, 0.04, [2, 1, 3], 1.00
2006-03-02, Steady Climb, 1, +0.10, +1.53, 64.5, 11.72, -0.0001, 0.04, [2, 1, 3], 1.00
2006-03-03, Steady Climb, 1, -0.17, +1.77, 61.8, 11.96, -0.0003, 0.04, [2, 1, 3], 1.00
2006-03-06, Steady Climb, 1, -1.23, +1.80, 58.5, 12.74, -0.0004, 0.04, [1, 1, 3], 1.41
2006-03-07, Steady Climb, 1, -0.37, +1.57, 50.2, 12.66, -0.0007, 0.04, [2, 1, 3], 1.00
2006-03-08, Steady Climb, 1, -0.99, +1.30, 49.0, 12.32, -0.0033, 0.03, [1, 0, 3], 1.73
2006-03-09, Steady Climb, 1, -1.31, +0.88, 38.6, 12.68, -0.0026, 0.03, [1, -2, 3], 3.32
2006-03-10, Steady Climb, 1, -0.45, +0.52, 46.5, 11.85, -0.0023, 0.03, [2, 0, 3], 1.41
2006-03-13, Steady Climb, 1, +0.46, +0.24, 50.7, 11.37, 0.0002, 0.02, [1, 1, 3], 1.41
2006-03-14, Steady Climb, 1, +1.69, +0.03, 52.8, 10.74, 0.0015, 0.02, [1, 1, 3], 1.41
2006-03-15, Steady Climb, 1, +1.92, -0.08, 58.9, 11.35, 0.0038, 0.02, [1, 1, 3], 1.41
2006-03-16, Steady Climb, 1, +2.60, +0.03, 59.2, 11.98, 0.0059, 0.03, [2, 1, 3], 1.00
2006-03-17, Steady Climb, 1, +2.02, +0.21, 57.9, 12.12, 0.0051, 0.03, [3, 1, 3], 1.41
2006-03-20, Steady Climb, 1, +1.63, +0.52, 67.0, 11.79, 0.0041, 0.03, [3, 2, 3], 1.73
2006-03-21, Steady Climb, 1, -0.02, +0.75, 54.3, 11.62, 0.0015, 0.03, [2, 1, 3], 1.00
2006-03-22, Steady Climb, 1, +0.16, +0.76, 60.6, 11.21, -0.0009, 0.03, [2, 1, 3], 1.00
2006-03-23, Steady Climb, 1, -0.28, +1.02, 59.5, 11.17, -0.0008, 0.03, [2, 1, 3], 1.00
2006-03-24, Steady Climb, 1, -0.33, +1.14, 68.0, 11.19, -0.0009, 0.04, [2, 2, 3], 1.41
2006-03-27, Steady Climb, 1, -0.27, +1.28, 69.0, 11.46, 0.0000, 0.04, [2, 2, 3], 1.41
2006-03-28, Steady Climb, 1, -0.31, +1.45, 60.0, 11.58, 0.0005, 0.04, [2, 1, 3], 1.00
2006-03-29, Steady Climb, 1, -0.16, +1.28, 69.9, 10.95, -0.0018, 0.04, [2, 2, 3], 1.41
2006-03-30, Steady Climb, 1, -0.11, +1.40, 63.4, 11.57, -0.0006, 0.04, [2, 1, 3], 1.00
2006-03-31, Steady Climb, 1, -0.62, +1.43, 57.4, 11.39, -0.0003, 0.04, [1, 1, 3], 1.41
2006-04-03, Steady Climb, 1, -0.29, +1.33, 50.3, 11.57, -0.0005, 0.03, [2, 1, 3], 1.00
2006-04-04, Steady Climb, 1, +0.98, +1.13, 52.2, 11.14, 0.0001, 0.03, [3, 1, 3], 1.41
2006-04-05, Steady Climb, 1, +0.67, +0.97, 54.5, 11.13, 0.0003, 0.03, [3, 1, 3], 1.41
2006-04-06, Steady Climb, 1, +0.68, +0.89, 51.3, 11.45, 0.0026, 0.02, [3, 1, 3], 1.41
2006-04-07, Steady Climb, 1, +0.05, +0.62, 44.0, 12.26, 0.0032, 0.02, [2, 0, 3], 1.41
2006-04-10, Steady Climb, 1, -0.09, +0.25, 49.6, 12.19, -0.0001, 0.02, [1, 0, 3], 1.73
2006-04-11, Orderly Decline, 3, -1.48, -0.08, 37.8, 13.00, -0.0027, 0.02, [-1, -2, 3], 2.45
2006-04-12, Orderly Decline, 3, -1.79, -0.36, 40.9, 12.76, -0.0048, 0.02, [-2, 0, 3], 2.24
2006-04-13, Orderly Decline, 3, -1.52, -0.52, 40.6, 12.38, -0.0039, 0.02, [-3, 0, 3], 2.45
2006-04-17, Orderly Decline, 3, -0.79, -0.60, 39.3, 12.58, -0.0017, 0.02, [-3, -2, 3], 2.45
2006-04-18, Trend Pullback, 2, +0.82, -0.69, 57.8, 11.40, -0.0015, 0.02, [-1, 1, 3], 3.00
2006-04-19, Steady Climb, 1, +1.82, -0.46, 54.2, 11.32, 0.0029, 0.02, [0, 1, 3], 2.24
2006-04-20, Steady Climb, 1, +1.81, -0.32, 56.9, 11.64, 0.0047, 0.03, [0, 1, 3], 2.24
2006-04-21, Steady Climb, 1, +1.72, -0.05, 60.7, 11.59, 0.0053, 0.03, [1, 1, 3], 1.41
2006-04-24, Steady Climb, 1, +1.77, +0.15, 56.7, 11.75, 0.0043, 0.03, [1, 1, 3], 1.41
2006-04-25, Steady Climb, 1, -0.42, +0.31, 47.2, 11.75, 0.0002, 0.03, [1, 0, 3], 1.73
2006-04-26, Steady Climb, 1, -0.35, +0.35, 45.8, 11.76, -0.0015, 0.03, [1, 0, 3], 1.73
2006-04-27, Steady Climb, 1, -0.13, +0.31, 50.5, 11.84, -0.0017, 0.03, [1, 1, 3], 1.41
2006-04-28, Steady Climb, 1, -0.05, +0.46, 62.1, 11.59, -0.0004, 0.03, [1, 1, 3], 1.41
2006-05-01, Steady Climb, 1, -0.22, +0.58, 56.4, 12.54, 0.0010, 0.03, [2, 1, 3], 1.00
2006-05-02, Steady Climb, 1, +0.88, +0.52, 70.7, 11.99, 0.0009, 0.03, [3, 2, 3], 1.73
2006-05-03, Steady Climb, 1, +0.21, +0.60, 64.7, 11.99, 0.0008, 0.03, [2, 1, 3], 1.00
2006-05-04, Steady Climb, 1, +0.19, +0.72, 66.2, 11.86, -0.0000, 0.03, [2, 2, 3], 1.41
2006-05-05, Steady Climb, 1, +1.16, +0.98, 75.0, 11.62, 0.0005, 0.03, [3, 2, 3], 1.73
2006-05-08, Steady Climb, 1, +1.49, +1.40, 64.5, 12.00, 0.0030, 0.03, [3, 1, 3], 1.41
2006-05-09, Steady Climb, 1, +0.91, +1.55, 63.1, 11.99, 0.0031, 0.04, [3, 1, 3], 1.41
2006-05-10, Steady Climb, 1, +1.13, +1.69, 59.7, 11.78, 0.0035, 0.04, [3, 1, 3], 1.41
2006-05-11, Steady Climb, 1, -0.48, +1.60, 46.4, 12.49, 0.0016, 0.03, [2, 0, 3], 1.41
2006-05-12, Steady Climb, 1, -2.60, +1.23, 40.3, 14.19, -0.0032, 0.03, [0, 0, 3], 2.45
2006-05-15, Steady Climb, 1, -2.28, +0.65, 45.7, 13.57, -0.0066, 0.03, [0, 0, 3], 2.45
2006-05-16, Orderly Decline, 3, -2.49, +0.04, 41.9, 13.35, -0.0072, 0.03, [-2, 0, 3], 2.24
2006-05-17, Orderly Decline, 3, -3.97, -0.26, 30.3, 16.26, -0.0057, 0.04, [-3, -2, 2], 1.73
2006-05-18, Orderly Decline, 3, -3.38, -0.82, 27.3, 16.99, -0.0056, 0.05, [-4, -2, 2], 2.45
2006-05-19, Orderly Decline, 3, -1.87, -1.40, 32.2, 17.18, -0.0066, 0.06, [-3, -2, 2], 1.73
2006-05-22, Orderly Decline, 3, -2.51, -1.85, 25.5, 17.72, -0.0068, 0.06, [-4, -2, 2], 2.45
2006-05-23, Orderly Decline, 3, -2.75, -2.35, 25.4, 18.26, -0.0050, 0.07, [-4, -2, 2], 2.45
2006-05-24, Orderly Decline, 3, -0.92, -2.95, 23.8, 17.36, -0.0022, 0.08, [-3, -2, 2], 1.73
2006-05-25, Orderly Decline, 3, +0.88, -3.41, 24.4, 15.50, -0.0013, 0.08, [-1, -2, 3], 2.45
2006-05-26, Orderly Decline, 3, +1.04, -3.52, 29.7, 14.26, 0.0006, 0.08, [-1, -2, 3], 2.45
2006-05-30, Orderly Decline, 3, -0.17, -3.45, 24.8, 18.66, 0.0042, 0.08, [-2, -2, 2], 1.41
2006-05-31, Orderly Decline, 3, +1.08, -3.72, 30.8, 16.44, 0.0022, 0.08, [-1, -2, 2], 1.73
2006-06-01, Steady Climb, 1, +2.16, -3.64, 42.6, 14.52, 0.0008, 0.08, [0, 0, 3], 2.45
2006-06-02, Orderly Decline, 3, +1.21, -3.36, 48.8, 14.32, 0.0012, 0.07, [-1, 0, 3], 2.45
2006-06-05, Orderly Decline, 3, -1.16, -2.95, 39.8, 16.65, 0.0033, 0.07, [-3, -2, 2], 1.73
2006-06-06, Orderly Decline, 3, +0.32, -2.61, 40.1, 17.34, 0.0023, 0.06, [-2, 0, 2], 1.41
2006-06-07, Orderly Decline, 3, -1.10, -2.21, 44.5, 17.80, -0.0026, 0.06, [-3, 0, 2], 1.73
2006-06-08, Orderly Decline, 3, -2.16, -1.83, 48.4, 18.35, -0.0066, 0.05, [-4, 0, 2], 2.45
2006-06-09, Orderly Decline, 3, -2.79, -1.36, 44.0, 18.12, -0.0056, 0.04, [-4, 0, 2], 2.45
2006-06-12, Orderly Decline, 3, -2.20, -1.14, 40.7, 20.96, -0.0026, 0.05, [-4, 0, 1], 2.24
2006-06-13, Orderly Decline, 3, -3.18, -1.28, 38.3, 23.81, -0.0046, 0.05, [-4, -2, 1], 2.24
2006-06-14, Orderly Decline, 3, -2.08, -1.48, 40.1, 21.46, -0.0069, 0.05, [-4, 0, 1], 2.24
2006-06-15, Orderly Decline, 3, -0.14, -1.52, 44.7, 15.90, -0.0067, 0.05, [-2, 0, 3], 2.24
2006-06-16, Orderly Decline, 3, -0.06, -1.45, 40.7, 17.25, 0.0000, 0.05, [-2, 0, 2], 1.41
2006-06-19, Orderly Decline, 3, +0.22, -1.55, 43.2, 17.83, 0.0049, 0.05, [-2, 0, 2], 1.41
2006-06-20, Orderly Decline, 3, +1.34, -1.71, 38.9, 16.69, 0.0044, 0.06, [-1, -2, 2], 1.73
2006-06-21, Orderly Decline, 3, +1.80, -1.92, 37.2, 15.52, 0.0003, 0.06, [-1, -2, 3], 2.45
2006-06-22, Orderly Decline, 3, -0.84, -2.00, 34.2, 15.88, -0.0016, 0.06, [-3, -2, 3], 2.45
2006-06-23, Orderly Decline, 3, -0.56, -2.15, 40.8, 15.89, 0.0000, 0.06, [-3, 0, 3], 2.45
2006-06-26, Orderly Decline, 3, +0.84, -2.06, 44.4, 15.62, 0.0011, 0.05, [-1, 0, 3], 2.45
2006-06-27, Orderly Decline, 3, -0.07, -1.72, 43.0, 16.40, 0.0011, 0.05, [-2, 0, 2], 1.41
2006-06-28, Orderly Decline, 3, -0.50, -1.83, 45.3, 15.79, -0.0017, 0.05, [-2, 0, 3], 2.24
2006-06-29, Steady Climb, 1, +2.19, -1.65, 56.9, 13.03, -0.0004, 0.05, [0, 1, 3], 2.24
2006-06-30, Steady Climb, 1, +2.07, -0.80, 62.1, 13.08, 0.0041, 0.04, [0, 1, 3], 2.24
2006-07-03, Steady Climb, 1, +2.37, +0.08, 71.4, 13.05, 0.0057, 0.05, [2, 2, 3], 1.41
2006-07-05, Steady Climb, 1, +2.56, +0.75, 65.1, 14.15, 0.0084, 0.05, [4, 2, 3], 2.45
2006-07-06, Steady Climb, 1, +2.25, +1.26, 58.0, 13.65, 0.0045, 0.05, [4, 1, 3], 2.24
2006-07-07, Steady Climb, 1, -0.58, +1.67, 56.0, 13.97, 0.0002, 0.05, [1, 1, 3], 1.41
2006-07-10, Steady Climb, 1, -0.23, +1.96, 62.8, 14.02, -0.0012, 0.05, [2, 1, 3], 1.00
2006-07-11, Steady Climb, 1, -0.61, +2.18, 64.5, 13.14, -0.0024, 0.05, [1, 1, 3], 1.41
2006-07-12, Steady Climb, 1, -0.97, +2.22, 52.8, 14.49, -0.0003, 0.05, [1, 1, 3], 1.41
2006-07-13, Steady Climb, 1, -2.50, +1.78, 48.7, 17.79, -0.0019, 0.04, [0, 0, 2], 2.24
2006-07-14, Steady Climb, 1, -2.31, +1.17, 46.8, 18.05, -0.0045, 0.05, [0, 0, 2], 2.24
2006-07-17, Steady Climb, 1, -2.59, +0.85, 43.5, 18.64, -0.0075, 0.05, [0, 0, 2], 2.24
2006-07-18, Orderly Decline, 3, -2.80, +0.48, 49.0, 17.74, -0.0079, 0.05, [-1, 0, 2], 1.73
2006-07-19, Steady Climb, 1, +0.10, -0.02, 55.3, 15.55, -0.0041, 0.05, [0, 1, 3], 2.24
2006-07-20, Steady Climb, 1, +0.55, -0.19, 39.6, 16.21, 0.0029, 0.05, [1, -2, 2], 3.16
2006-07-21, Orderly Decline, 3, +0.33, -0.35, 37.6, 17.40, 0.0041, 0.05, [-1, -2, 2], 1.73
2006-07-24, Steady Climb, 1, +2.14, -0.73, 42.7, 14.98, 0.0019, 0.05, [0, 0, 3], 2.45
2006-07-25, Steady Climb, 1, +2.59, -0.83, 49.2, 14.85, 0.0023, 0.05, [0, 0, 3], 2.45
2006-07-26, Orderly Decline, 3, +0.68, -0.74, 47.8, 14.62, 0.0024, 0.05, [-1, 0, 3], 2.45
2006-07-27, Orderly Decline, 3, +1.13, -0.87, 49.1, 14.94, 0.0053, 0.05, [-1, 0, 3], 2.45
2006-07-28, Steady Climb, 1, +3.08, -1.01, 54.1, 14.33, 0.0042, 0.05, [0, 1, 3], 2.24
2006-07-31, Trend Pullback, 2, +1.25, -0.53, 51.6, 14.95, 0.0023, 0.05, [-1, 1, 3], 3.00
2006-08-01, Steady Climb, 1, +0.16, -0.13, 54.9, 15.05, 0.0020, 0.05, [0, 1, 3], 2.24
2006-08-02, Steady Climb, 1, +0.71, +0.34, 65.1, 14.34, 0.0014, 0.05, [2, 2, 3], 1.41
2006-08-03, Steady Climb, 1, +1.35, +0.77, 69.5, 14.46, 0.0016, 0.05, [3, 2, 3], 1.73
2006-08-04, Steady Climb, 1, +0.06, +1.28, 70.0, 14.34, 0.0003, 0.05, [2, 2, 3], 1.41
2006-08-07, Steady Climb, 1, -0.07, +1.63, 67.1, 15.23, 0.0012, 0.05, [2, 2, 3], 1.41
2006-08-08, Steady Climb, 1, +0.04, +1.94, 56.1, 15.23, 0.0009, 0.05, [2, 1, 3], 1.00
2006-08-09, Steady Climb, 1, -0.90, +2.25, 59.4, 15.20, -0.0013, 0.05, [1, 1, 3], 1.41
2006-08-10, Steady Climb, 1, -0.66, +2.27, 68.2, 14.46, -0.0029, 0.05, [1, 2, 3], 1.73
2006-08-11, Steady Climb, 1, -0.99, +2.10, 54.1, 14.30, -0.0020, 0.04, [1, 1, 3], 1.41
2006-08-14, Steady Climb, 1, -0.59, +1.72, 49.5, 14.26, -0.0014, 0.04, [1, 0, 3], 1.73
2006-08-15, Steady Climb, 1, +1.11, +1.29, 60.5, 13.42, -0.0004, 0.03, [3, 1, 3], 1.41
2006-08-16, Steady Climb, 1, +2.33, +1.10, 68.7, 12.41, 0.0028, 0.04, [4, 2, 3], 2.45
2006-08-17, Steady Climb, 1, +2.02, +1.33, 63.0, 12.24, 0.0051, 0.04, [4, 1, 3], 2.24
2006-08-18, Steady Climb, 1, +2.81, +1.37, 66.9, 11.64, 0.0068, 0.04, [4, 2, 3], 2.45
2006-08-21, Steady Climb, 1, +2.31, +1.27, 67.7, 12.22, 0.0062, 0.04, [4, 2, 3], 2.45
2006-08-22, Steady Climb, 1, +1.03, +1.33, 65.3, 12.19, 0.0024, 0.04, [3, 2, 3], 1.73
2006-08-23, Steady Climb, 1, -0.19, +1.48, 58.7, 12.40, 0.0005, 0.04, [2, 1, 3], 1.00
2006-08-24, Steady Climb, 1, -0.11, +1.49, 61.2, 12.40, -0.0010, 0.04, [2, 1, 3], 1.00
2006-08-25, Steady Climb, 1, -0.55, +1.43, 63.4, 12.31, -0.0013, 0.04, [1, 1, 3], 1.41
2006-08-28, Steady Climb, 1, +0.33, +1.55, 70.3, 12.18, -0.0006, 0.04, [2, 2, 3], 1.41
2006-08-29, Steady Climb, 1, +0.42, +1.71, 76.8, 12.28, 0.0006, 0.04, [2, 2, 3], 1.41
2006-08-30, Steady Climb, 1, +0.96, +1.78, 75.1, 12.22, 0.0022, 0.04, [3, 2, 3], 1.73
2006-08-31, Steady Climb, 1, +0.60, +1.91, 79.3, 12.31, 0.0021, 0.04, [3, 2, 3], 1.73
2006-09-01, Steady Climb, 1, +1.23, +2.03, 81.0, 11.96, 0.0016, 0.05, [3, 2, 3], 1.73
2006-09-05, Steady Climb, 1, +0.88, +2.20, 75.7, 12.63, 0.0014, 0.05, [3, 2, 3], 1.73
2006-09-06, Steady Climb, 1, -0.31, +2.29, 54.2, 13.74, 0.0018, 0.04, [2, 1, 3], 1.00
2006-09-07, Steady Climb, 1, -0.87, +2.08, 47.2, 13.88, -0.0001, 0.04, [1, 0, 3], 1.73
2006-09-08, Steady Climb, 1, -0.38, +1.65, 47.2, 13.16, -0.0023, 0.04, [2, 0, 3], 1.41
2006-09-11, Steady Climb, 1, -0.87, +1.33, 51.8, 12.99, -0.0033, 0.03, [1, 1, 3], 1.41
2006-09-12, Steady Climb, 1, -0.02, +0.91, 60.2, 11.92, -0.0022, 0.02, [2, 1, 3], 1.00
2006-09-13, Steady Climb, 1, +1.37, +0.65, 68.3, 11.18, 0.0024, 0.02, [3, 2, 3], 1.73
2006-09-14, Steady Climb, 1, +1.72, +0.67, 65.0, 11.55, 0.0047, 0.02, [3, 2, 3], 1.73
2006-09-15, Steady Climb, 1, +1.60, +0.77, 67.6, 11.76, 0.0040, 0.03, [3, 2, 3], 1.73
2006-09-18, Steady Climb, 1, +1.67, +0.92, 65.0, 11.78, 0.0033, 0.03, [3, 2, 3], 1.73
2006-09-19, Steady Climb, 1, +0.35, +1.14, 60.2, 11.98, 0.0014, 0.03, [2, 1, 3], 1.00
2006-09-20, Steady Climb, 1, +0.54, +1.20, 63.8, 11.39, 0.0003, 0.03, [3, 1, 3], 1.41
2006-09-21, Steady Climb, 1, +0.13, +1.36, 59.2, 12.25, 0.0012, 0.03, [2, 1, 3], 1.00
2006-09-22, Steady Climb, 1, -0.37, +1.28, 52.6, 12.59, 0.0001, 0.03, [2, 1, 3], 1.00
2006-09-25, Steady Climb, 1, +0.39, +1.17, 57.9, 12.12, -0.0009, 0.03, [2, 1, 3], 1.00
2006-09-26, Steady Climb, 1, +1.42, +1.18, 72.5, 11.53, 0.0005, 0.03, [3, 2, 3], 1.73
2006-09-27, Steady Climb, 1, +0.86, +1.40, 78.8, 11.58, 0.0023, 0.04, [3, 2, 3], 1.73
2006-09-28, Steady Climb, 1, +1.58, +1.60, 78.0, 11.72, 0.0044, 0.04, [3, 2, 3], 1.73
2006-09-29, Steady Climb, 1, +1.60, +1.81, 74.6, 11.98, 0.0044, 0.04, [3, 2, 3], 1.73
2006-10-02, Steady Climb, 1, +0.37, +1.89, 64.1, 12.57, 0.0016, 0.04, [2, 1, 3], 1.00
2006-10-03, Steady Climb, 1, -0.17, +1.98, 62.8, 12.24, -0.0008, 0.04, [2, 1, 3], 1.00
2006-10-04, Steady Climb, 1, +1.02, +2.11, 72.0, 11.86, -0.0009, 0.04, [3, 2, 3], 1.73
2006-10-05, Steady Climb, 1, +1.07, +2.24, 71.9, 11.98, 0.0015, 0.04, [3, 2, 3], 1.73
2006-10-06, Steady Climb, 1, +1.03, +2.23, 68.1, 11.56, 0.0040, 0.04, [3, 2, 3], 1.73
2006-10-09, Steady Climb, 1, +1.45, +2.17, 71.7, 11.68, 0.0041, 0.04, [3, 2, 3], 1.73
2006-10-10, Steady Climb, 1, +1.45, +2.05, 69.8, 11.52, 0.0024, 0.04, [3, 2, 3], 1.73
2006-10-11, Steady Climb, 1, -0.02, +2.10, 73.6, 11.62, 0.0003, 0.04, [2, 2, 3], 1.41
2006-10-12, Steady Climb, 1, +0.71, +2.13, 81.1, 11.09, -0.0002, 0.04, [3, 2, 3], 1.73
2006-10-13, Steady Climb, 1, +1.19, +2.26, 78.6, 10.75, 0.0019, 0.05, [3, 2, 3], 1.73
2006-10-16, Steady Climb, 1, +1.36, +2.42, 76.4, 11.09, 0.0029, 0.05, [3, 2, 3], 1.73
2006-10-17, Steady Climb, 1, +0.79, +2.58, 70.6, 11.73, 0.0034, 0.05, [3, 2, 3], 1.73
2006-10-18, Steady Climb, 1, +1.17, +2.54, 70.3, 11.34, 0.0025, 0.05, [3, 2, 3], 1.73
2006-10-19, Steady Climb, 1, +0.30, +2.57, 74.2, 10.90, 0.0003, 0.05, [2, 2, 3], 1.41
2006-10-20, Steady Climb, 1, +0.22, +2.45, 80.3, 10.63, -0.0000, 0.04, [2, 2, 3], 1.41
2006-10-23, Steady Climb, 1, +0.58, +2.23, 82.0, 11.08, 0.0001, 0.04, [3, 2, 3], 1.73
2006-10-24, Steady Climb, 1, +0.98, +2.23, 76.4, 10.78, 0.0021, 0.04, [3, 2, 3], 1.73
2006-10-25, Steady Climb, 1, +1.20, +2.31, 77.2, 10.66, 0.0024, 0.04, [3, 2, 3], 1.73
2006-10-26, Steady Climb, 1, +1.62, +2.41, 85.0, 10.56, 0.0028, 0.05, [3, 2, 3], 1.73
2006-10-27, Steady Climb, 1, +0.64, +2.57, 69.9, 10.80, 0.0034, 0.04, [3, 2, 3], 1.73
2006-10-30, Steady Climb, 1, +0.07, +2.44, 68.9, 11.20, 0.0009, 0.04, [2, 2, 3], 1.41
2006-10-31, Steady Climb, 1, +0.04, +2.19, 72.8, 11.10, -0.0003, 0.04, [2, 2, 3], 1.41
2006-11-01, Steady Climb, 1, -1.04, +1.91, 54.2, 11.51, -0.0014, 0.03, [1, 1, 3], 1.41
2006-11-02, Steady Climb, 1, -1.57, +1.67, 51.5, 11.42, -0.0031, 0.03, [1, 1, 3], 1.41
2006-11-03, Steady Climb, 1, -0.95, +1.45, 45.8, 11.16, -0.0022, 0.03, [1, 0, 3], 1.73
2006-11-06, Steady Climb, 1, +0.13, +1.10, 61.8, 11.16, -0.0027, 0.03, [2, 1, 3], 1.00
2006-11-07, Steady Climb, 1, +0.36, +0.97, 62.6, 11.09, 0.0000, 0.03, [2, 1, 3], 1.00
2006-11-08, Steady Climb, 1, +1.31, +0.89, 63.5, 10.75, 0.0031, 0.02, [3, 1, 3], 1.41
2006-11-09, Steady Climb, 1, +0.80, +0.75, 56.5, 11.01, 0.0040, 0.02, [3, 1, 3], 1.41
2006-11-10, Steady Climb, 1, +1.22, +0.65, 52.8, 10.79, 0.0025, 0.02, [3, 1, 3], 1.41
2006-11-13, Steady Climb, 1, +0.34, +0.61, 54.8, 10.86, -0.0002, 0.02, [2, 1, 3], 1.00
2006-11-14, Steady Climb, 1, +0.75, +0.65, 57.2, 10.50, -0.0001, 0.02, [3, 1, 3], 1.41
2006-11-15, Steady Climb, 1, +0.78, +0.71, 55.1, 10.31, 0.0015, 0.03, [3, 1, 3], 1.41
2006-11-16, Steady Climb, 1, +1.55, +0.81, 67.4, 10.16, 0.0035, 0.03, [3, 2, 3], 1.73
2006-11-17, Steady Climb, 1, +1.47, +0.92, 67.8, 10.05, 0.0036, 0.03, [3, 2, 3], 1.73
2006-11-20, Steady Climb, 1, +1.16, +1.03, 67.1, 9.97, 0.0029, 0.03, [3, 2, 3], 1.73
2006-11-21, Steady Climb, 1, +0.69, +1.21, 80.1, 9.90, 0.0014, 0.03, [3, 2, 3], 1.73
2006-11-22, Steady Climb, 1, +0.68, +1.40, 81.8, 10.14, 0.0009, 0.04, [3, 2, 3], 1.73
2006-11-24, Steady Climb, 1, +0.09, +1.67, 79.0, 10.73, 0.0010, 0.04, [2, 2, 3], 1.41
2006-11-27, Steady Climb, 1, -1.37, +1.94, 51.6, 12.30, 0.0004, 0.04, [1, 1, 3], 1.41
2006-11-28, Steady Climb, 1, -0.98, +1.74, 52.8, 11.62, -0.0028, 0.04, [1, 1, 3], 1.41
2006-11-29, Steady Climb, 1, -0.24, +1.61, 58.8, 10.83, -0.0040, 0.04, [2, 1, 3], 1.00
2006-11-30, Steady Climb, 1, -0.39, +1.64, 65.5, 10.91, -0.0020, 0.03, [2, 2, 3], 1.41
2006-12-01, Steady Climb, 1, -0.30, +1.50, 60.8, 11.66, 0.0012, 0.03, [2, 1, 3], 1.00
2006-12-04, Steady Climb, 1, +1.97, +1.25, 65.0, 11.23, 0.0031, 0.03, [3, 2, 3], 1.73
2006-12-05, Steady Climb, 1, +2.02, +1.09, 63.6, 11.27, 0.0030, 0.03, [4, 1, 3], 2.24
2006-12-06, Steady Climb, 1, +0.96, +1.18, 60.5, 11.33, 0.0028, 0.03, [3, 1, 3], 1.41
2006-12-07, Steady Climb, 1, +0.48, +1.24, 54.7, 12.67, 0.0030, 0.03, [2, 1, 3], 1.00
2006-12-08, Steady Climb, 1, +0.94, +1.22, 55.3, 12.07, 0.0018, 0.03, [3, 1, 3], 1.41
2006-12-11, Steady Climb, 1, +0.28, +1.08, 57.5, 10.71, -0.0004, 0.03, [2, 1, 3], 1.00
2006-12-12, Steady Climb, 1, -0.23, +0.99, 55.3, 10.65, -0.0005, 0.02, [2, 1, 3], 1.00
2006-12-13, Steady Climb, 1, +0.02, +0.88, 54.4, 10.18, 0.0002, 0.02, [2, 1, 3], 1.00
2006-12-14, Steady Climb, 1, +1.29, +0.89, 63.9, 9.97, 0.0010, 0.03, [3, 1, 3], 1.41
2006-12-15, Steady Climb, 1, +1.22, +1.11, 81.8, 10.05, 0.0022, 0.03, [3, 2, 3], 1.73
2006-12-18, Steady Climb, 1, +0.67, +1.35, 75.3, 10.60, 0.0030, 0.03, [3, 2, 3], 1.73
2006-12-19, Steady Climb, 1, +0.99, +1.51, 71.4, 10.30, 0.0025, 0.03, [3, 2, 3], 1.73
2006-12-20, Steady Climb, 1, +0.73, +1.66, 68.5, 10.26, 0.0015, 0.04, [3, 2, 3], 1.73
2006-12-21, Steady Climb, 1, -0.50, +1.79, 67.1, 10.53, -0.0004, 0.04, [1, 2, 3], 1.73
2006-12-22, Steady Climb, 1, -1.14, +1.87, 51.4, 11.36, -0.0012, 0.04, [1, 1, 3], 1.41
2006-12-26, Steady Climb, 1, -0.39, +1.73, 51.8, 11.26, -0.0022, 0.03, [2, 1, 3], 1.00
2006-12-27, Steady Climb, 1, +0.09, +1.37, 60.4, 10.64, -0.0021, 0.03, [2, 1, 3], 1.00
2006-12-28, Steady Climb, 1, +0.08, +1.18, 63.7, 10.99, 0.0004, 0.02, [2, 1, 3], 1.00
2006-12-29, Steady Climb, 1, +0.00, +1.10, 56.3, 11.56, 0.0020, 0.02, [2, 1, 3], 1.00
2007-01-03, Steady Climb, 1, +0.41, +0.90, 52.7, 12.04, 0.0016, 0.02, [2, 1, 3], 1.00
2007-01-04, Steady Climb, 1, +0.10, +0.59, 55.1, 11.51, -0.0006, 0.02, [2, 1, 3], 1.00
2007-01-05, Steady Climb, 1, -1.20, +0.47, 47.6, 12.14, -0.0018, 0.02, [0, 0, 3], 2.45
2007-01-08, Steady Climb, 1, -0.83, +0.31, 40.1, 12.00, -0.0021, 0.02, [0, 0, 3], 2.45
2007-01-09, Orderly Decline, 3, -0.44, +0.16, 38.1, 11.91, -0.0013, 0.02, [0, -2, 3], 3.00
2007-01-10, Steady Climb, 1, -0.12, -0.08, 43.8, 11.47, -0.0010, 0.02, [0, 0, 3], 2.45
2007-01-11, Orderly Decline, 3, +0.39, -0.25, 48.7, 10.87, -0.0003, 0.02, [-1, 0, 3], 2.45
2007-01-12, Steady Climb, 1, +1.49, -0.25, 55.0, 10.15, 0.0021, 0.02, [0, 1, 3], 2.24
2007-01-16, Steady Climb, 1, +1.35, -0.19, 60.0, 10.74, 0.0033, 0.02, [1, 1, 3], 1.41
2007-01-17, Steady Climb, 1, +1.31, -0.11, 66.1, 10.59, 0.0039, 0.02, [1, 2, 3], 1.73
2007-01-18, Steady Climb, 1, +0.81, +0.11, 57.9, 10.85, 0.0028, 0.02, [1, 1, 3], 1.41
2007-01-19, Steady Climb, 1, +0.47, +0.29, 53.4, 10.40, 0.0003, 0.02, [1, 1, 3], 1.41
2007-01-22, Steady Climb, 1, -0.54, +0.46, 48.5, 10.77, -0.0004, 0.02, [0, 0, 3], 2.45
2007-01-23, Steady Climb, 1, -0.27, +0.55, 58.4, 10.34, -0.0013, 0.02, [2, 1, 3], 1.00
2007-01-24, Steady Climb, 1, +0.66, +0.69, 67.2, 9.89, -0.0006, 0.02, [3, 2, 3], 1.73
2007-01-25, Steady Climb, 1, -0.17, +0.91, 53.4, 11.22, 0.0018, 0.02, [2, 1, 3], 1.00
2007-01-26, Steady Climb, 1, -0.58, +0.75, 58.2, 11.13, 0.0003, 0.02, [1, 1, 3], 1.41
2007-01-29, Steady Climb, 1, -0.16, +0.64, 55.2, 11.45, -0.0004, 0.02, [2, 1, 3], 1.00
2007-01-30, Steady Climb, 1, +0.06, +0.66, 60.2, 10.96, -0.0023, 0.02, [2, 1, 3], 1.00
2007-01-31, Steady Climb, 1, -0.13, +0.77, 63.2, 10.42, -0.0018, 0.02, [2, 1, 3], 1.00
2007-02-01, Steady Climb, 1, +1.55, +0.91, 62.7, 10.31, 0.0024, 0.03, [3, 1, 3], 1.41
2007-02-02, Steady Climb, 1, +1.84, +1.10, 60.7, 10.08, 0.0045, 0.03, [3, 1, 3], 1.41
2007-02-05, Steady Climb, 1, +1.86, +1.31, 59.1, 10.55, 0.0050, 0.03, [3, 1, 3], 1.41
2007-02-06, Steady Climb, 1, +1.34, +1.32, 60.5, 10.65, 0.0032, 0.03, [3, 1, 3], 1.41
2007-02-07, Steady Climb, 1, +0.82, +1.34, 64.7, 10.32, 0.0014, 0.03, [3, 1, 3], 1.41
2007-02-08, Steady Climb, 1, +0.16, +1.32, 61.4, 10.44, 0.0005, 0.03, [2, 1, 3], 1.00
2007-02-09, Steady Climb, 1, -0.71, +1.26, 59.3, 11.10, 0.0002, 0.03, [1, 1, 3], 1.41
2007-02-12, Steady Climb, 1, -0.94, +1.15, 53.3, 11.61, -0.0012, 0.03, [1, 1, 3], 1.41
2007-02-13, Steady Climb, 1, -0.26, +1.06, 52.6, 10.34, -0.0029, 0.03, [2, 1, 3], 1.00
2007-02-14, Steady Climb, 1, +0.36, +1.14, 71.2, 10.23, -0.0018, 0.03, [2, 2, 3], 1.41
2007-02-15, Steady Climb, 1, +0.59, +1.33, 73.4, 10.22, 0.0014, 0.03, [3, 2, 3], 1.73
2007-02-16, Steady Climb, 1, +1.22, +1.45, 73.7, 10.02, 0.0041, 0.03, [3, 2, 3], 1.73
2007-02-20, Steady Climb, 1, +1.84, +1.57, 72.2, 10.24, 0.0039, 0.03, [3, 2, 3], 1.73
2007-02-21, Steady Climb, 1, +0.93, +1.58, 65.6, 10.20, 0.0021, 0.03, [3, 2, 3], 1.73
2007-02-22, Steady Climb, 1, +0.07, +1.60, 59.4, 10.18, 0.0005, 0.03, [2, 1, 3], 1.00
2007-02-23, Steady Climb, 1, -0.39, +1.74, 52.4, 10.58, 0.0001, 0.03, [2, 1, 3], 1.00
2007-02-26, Steady Climb, 1, -0.42, +1.53, 52.0, 11.15, -0.0008, 0.03, [2, 1, 3], 1.00
2007-02-27, Orderly Decline, 3, -4.15, +1.22, 27.4, 18.31, -0.0019, 0.04, [0, -2, 2], 2.45
2007-02-28, Orderly Decline, 3, -3.49, +0.13, 31.0, 15.42, -0.0088, 0.04, [-2, -2, 3], 2.24
2007-03-01, Orderly Decline, 3, -3.65, -0.69, 30.5, 15.82, -0.0108, 0.05, [-4, -2, 3], 3.00
2007-03-02, Orderly Decline, 3, -4.41, -1.38, 29.1, 18.61, -0.0100, 0.06, [-4, -2, 2], 2.45
2007-03-05, Orderly Decline, 3, -5.19, -2.12, 27.2, 19.63, -0.0088, 0.07, [-4, -2, 2], 2.45
2007-03-06, Orderly Decline, 3, -0.26, -2.92, 32.6, 15.96, -0.0050, 0.08, [-2, -2, 3], 2.24
2007-03-07, Orderly Decline, 3, -1.06, -3.33, 26.2, 15.24, -0.0037, 0.08, [-3, -2, 3], 2.45
2007-03-08, Orderly Decline, 3, -0.09, -3.69, 30.5, 14.29, -0.0010, 0.08, [-2, -2, 3], 2.24
2007-03-09, Orderly Decline, 3, +1.13, -3.80, 31.3, 14.09, 0.0034, 0.08, [-1, -2, 3], 2.45
2007-03-12, Orderly Decline, 3, +2.36, -3.85, 31.1, 13.99, 0.0045, 0.08, [0, -2, 3], 3.00
2007-03-13, Orderly Decline, 3, -1.25, -3.93, 26.2, 18.13, 0.0024, 0.09, [-3, -2, 2], 1.73
2007-03-14, Orderly Decline, 3, -0.34, -4.46, 30.2, 17.27, -0.0017, 0.09, [-2, -2, 2], 1.41
2007-03-15, Orderly Decline, 3, -0.69, -4.59, 33.2, 16.43, -0.0039, 0.09, [-3, -2, 2], 1.73
2007-03-16, Orderly Decline, 3, -1.13, -4.39, 32.5, 16.79, -0.0029, 0.09, [-3, -2, 2], 1.73
2007-03-19, Orderly Decline, 3, -0.32, -4.15, 51.1, 14.59, -0.0018, 0.08, [-2, 1, 3], 2.83
2007-03-20, Steady Climb, 1, +2.39, -3.61, 51.4, 13.27, 0.0034, 0.07, [0, 1, 3], 2.24
2007-03-21, Steady Climb, 1, +3.45, -2.80, 59.7, 12.19, 0.0040, 0.07, [0, 1, 3], 2.24
2007-03-22, Steady Climb, 1, +3.04, -1.60, 65.9, 12.93, 0.0076, 0.06, [0, 2, 3], 2.45
2007-03-23, Steady Climb, 1, +3.54, -0.40, 72.5, 12.95, 0.0089, 0.06, [1, 2, 3], 1.73
2007-03-26, Steady Climb, 1, +2.53, +0.78, 67.8, 13.16, 0.0064, 0.05, [4, 2, 3], 2.45
2007-03-27, Steady Climb, 1, +1.25, +1.98, 64.8, 13.48, 0.0038, 0.06, [3, 1, 3], 1.41
2007-03-28, Steady Climb, 1, -1.24, +2.26, 56.1, 14.98, -0.0007, 0.06, [1, 1, 3], 1.41
2007-03-29, Steady Climb, 1, -0.84, +2.47, 57.6, 15.14, -0.0030, 0.06, [1, 1, 3], 1.41
2007-03-30, Steady Climb, 1, -1.06, +2.68, 55.6, 14.64, -0.0033, 0.06, [1, 1, 3], 1.41
2007-04-02, Steady Climb, 1, -0.90, +2.58, 72.8, 14.53, -0.0028, 0.05, [1, 2, 3], 1.73
2007-04-03, Steady Climb, 1, +0.64, +2.28, 73.8, 13.46, -0.0003, 0.05, [3, 2, 3], 1.73
2007-04-04, Steady Climb, 1, +1.56, +2.42, 72.9, 13.24, 0.0030, 0.06, [3, 2, 3], 1.73
2007-04-05, Steady Climb, 1, +1.49, +2.47, 77.9, 13.23, 0.0035, 0.06, [3, 2, 3], 1.73
2007-04-09, Steady Climb, 1, +1.67, +2.67, 74.3, 13.14, 0.0042, 0.06, [3, 2, 3], 1.73
2007-04-10, Steady Climb, 1, +1.67, +2.84, 72.7, 12.68, 0.0032, 0.06, [3, 2, 3], 1.73
2007-04-11, Steady Climb, 1, +0.08, +3.05, 52.8, 13.49, 0.0018, 0.05, [2, 1, 3], 1.00
2007-04-12, Steady Climb, 1, +0.59, +2.62, 58.7, 12.71, 0.0003, 0.05, [3, 1, 3], 1.41
2007-04-13, Steady Climb, 1, +0.63, +2.36, 60.5, 12.20, 0.0002, 0.05, [3, 1, 3], 1.41
2007-04-16, Steady Climb, 1, +1.64, +2.17, 66.4, 11.98, 0.0011, 0.04, [3, 2, 3], 1.73
2007-04-17, Steady Climb, 1, +1.59, +2.02, 74.4, 12.14, 0.0037, 0.04, [3, 2, 3], 1.73
2007-04-18, Steady Climb, 1, +2.34, +2.03, 85.6, 12.42, 0.0058, 0.04, [4, 2, 3], 2.45
2007-04-19, Steady Climb, 1, +1.58, +2.10, 82.5, 12.54, 0.0046, 0.05, [3, 2, 3], 1.73
2007-04-20, Steady Climb, 1, +2.17, +2.42, 86.9, 12.07, 0.0027, 0.05, [4, 2, 3], 2.45
2007-04-23, Steady Climb, 1, +0.86, +2.88, 82.9, 13.04, 0.0021, 0.06, [3, 2, 3], 1.73
2007-04-24, Steady Climb, 1, +0.61, +3.24, 79.2, 13.12, 0.0021, 0.06, [3, 2, 3], 1.73
2007-04-25, Steady Climb, 1, +1.56, +3.55, 82.4, 13.21, 0.0017, 0.06, [3, 2, 3], 1.73
2007-04-26, Steady Climb, 1, +1.60, +3.87, 80.3, 12.79, 0.0030, 0.06, [3, 2, 3], 1.73
2007-04-27, Steady Climb, 1, +0.65, +3.89, 79.9, 12.45, 0.0023, 0.06, [3, 2, 3], 1.73
2007-04-30, Steady Climb, 1, +0.10, +3.87, 68.8, 14.22, 0.0027, 0.06, [2, 2, 3], 1.41
2007-05-01, Steady Climb, 1, +0.40, +3.56, 77.9, 13.51, 0.0002, 0.06, [2, 2, 3], 1.41
2007-05-02, Steady Climb, 1, +0.03, +3.26, 78.1, 13.08, -0.0020, 0.06, [2, 2, 3], 1.41
2007-05-03, Steady Climb, 1, +0.54, +3.22, 78.5, 13.09, -0.0003, 0.06, [3, 2, 3], 1.73
2007-05-04, Steady Climb, 1, +0.77, +3.21, 74.9, 12.91, 0.0020, 0.06, [3, 2, 3], 1.73
2007-05-07, Steady Climb, 1, +1.83, +3.23, 75.2, 13.15, 0.0041, 0.05, [3, 2, 3], 1.73
2007-05-08, Steady Climb, 1, +1.44, +3.21, 73.1, 13.21, 0.0037, 0.05, [3, 2, 3], 1.73
2007-05-09, Steady Climb, 1, +1.11, +3.13, 76.4, 12.88, 0.0020, 0.05, [3, 2, 3], 1.73
2007-05-10, Steady Climb, 1, -0.73, +2.89, 54.1, 13.60, 0.0015, 0.04, [1, 1, 3], 1.41
2007-05-11, Steady Climb, 1, +0.02, +2.37, 62.7, 12.95, -0.0017, 0.04, [2, 1, 3], 1.00
2007-05-14, Steady Climb, 1, -0.42, +2.07, 61.4, 13.96, -0.0016, 0.04, [2, 1, 3], 1.00
2007-05-15, Steady Climb, 1, -0.43, +1.90, 53.3, 14.01, -0.0011, 0.03, [2, 1, 3], 1.00
2007-05-16, Steady Climb, 1, +0.10, +1.70, 60.1, 13.50, -0.0007, 0.03, [2, 1, 3], 1.00
2007-05-17, Steady Climb, 1, +1.43, +1.65, 59.3, 13.51, 0.0027, 0.03, [3, 1, 3], 1.41
2007-05-18, Steady Climb, 1, +1.12, +1.49, 70.6, 12.76, 0.0016, 0.03, [3, 2, 3], 1.73
2007-05-21, Steady Climb, 1, +1.46, +1.63, 70.1, 13.30, 0.0033, 0.03, [3, 2, 3], 1.73
2007-05-22, Steady Climb, 1, +1.53, +1.69, 66.0, 13.06, 0.0037, 0.03, [3, 2, 3], 1.73
2007-05-23, Steady Climb, 1, +0.54, +1.66, 61.9, 13.24, 0.0021, 0.03, [3, 1, 3], 1.41
2007-05-24, Steady Climb, 1, -0.35, +1.77, 51.0, 14.08, 0.0014, 0.03, [2, 1, 3], 1.00
2007-05-25, Steady Climb, 1, -0.46, +1.62, 53.1, 13.34, -0.0022, 0.03, [2, 1, 3], 1.00
2007-05-29, Steady Climb, 1, -0.46, +1.56, 55.2, 13.53, -0.0023, 0.03, [2, 1, 3], 1.00
2007-05-30, Steady Climb, 1, +0.40, +1.32, 58.2, 12.83, -0.0012, 0.03, [2, 1, 3], 1.00
2007-05-31, Steady Climb, 1, +0.55, +1.26, 72.6, 13.05, 0.0017, 0.03, [3, 2, 3], 1.73
2007-06-01, Steady Climb, 1, +1.91, +1.29, 69.6, 12.78, 0.0040, 0.03, [3, 2, 3], 1.73
2007-06-04, Steady Climb, 1, +1.55, +1.45, 73.1, 13.29, 0.0035, 0.03, [3, 2, 3], 1.73
2007-06-05, Steady Climb, 1, +0.85, +1.65, 67.7, 13.63, 0.0032, 0.03, [3, 2, 3], 1.73
2007-06-06, Steady Climb, 1, -0.84, +1.75, 51.9, 14.87, 0.0007, 0.03, [1, 1, 3], 1.41
2007-06-07, Orderly Decline, 3, -2.61, +1.59, 40.0, 17.06, -0.0021, 0.04, [0, -2, 2], 2.45
2007-06-08, Steady Climb, 1, -1.87, +1.11, 43.6, 14.84, -0.0075, 0.03, [1, 0, 3], 1.73
2007-06-11, Steady Climb, 1, -1.95, +0.57, 43.1, 14.71, -0.0068, 0.03, [1, 0, 3], 1.73
2007-06-12, Orderly Decline, 3, -2.48, +0.26, 38.1, 16.67, -0.0036, 0.04, [-1, -2, 2], 1.73
2007-06-13, Orderly Decline, 3, -0.11, -0.33, 47.8, 14.73, -0.0020, 0.03, [-1, 0, 3], 2.45
2007-06-14, Steady Climb, 1, +2.16, -0.61, 55.3, 13.64, 0.0023, 0.03, [0, 1, 3], 2.24
2007-06-15, Trend Pullback, 2, +1.67, -0.61, 55.9, 13.94, 0.0024, 0.03, [-1, 1, 3], 3.00
2007-06-18, Steady Climb, 1, +1.45, -0.49, 54.4, 13.42, 0.0051, 0.04, [0, 1, 3], 2.24
2007-06-19, Steady Climb, 1, +2.73, -0.28, 51.3, 12.85, 0.0061, 0.04, [1, 1, 3], 1.41
2007-06-20, Steady Climb, 1, -0.19, -0.01, 44.3, 14.67, 0.0029, 0.04, [0, 0, 3], 2.45
2007-06-21, Steady Climb, 1, -0.05, -0.06, 45.6, 14.21, -0.0013, 0.04, [0, 0, 3], 2.45
2007-06-22, Orderly Decline, 3, -1.98, +0.01, 39.7, 15.75, -0.0026, 0.04, [-1, -2, 3], 2.45
2007-06-25, Orderly Decline, 3, -2.18, -0.43, 40.4, 16.65, -0.0046, 0.04, [-3, 0, 2], 1.73
2007-06-26, Orderly Decline, 3, -2.66, -0.81, 42.6, 18.89, -0.0055, 0.04, [-4, 0, 2], 2.45
2007-06-27, Orderly Decline, 3, -0.43, -1.18, 55.1, 15.53, -0.0043, 0.04, [-2, 1, 3], 2.83
2007-06-28, Orderly Decline, 3, -1.08, -1.14, 49.3, 15.54, -0.0027, 0.04, [-3, 0, 3], 2.45
2007-06-29, Orderly Decline, 3, +0.05, -1.07, 47.9, 16.23, 0.0010, 0.04, [-2, 0, 2], 1.41
2007-07-02, Trend Pullback, 2, +1.45, -0.90, 59.7, 15.40, 0.0016, 0.04, [-1, 1, 3], 3.00
2007-07-03, Steady Climb, 1, +2.14, -0.41, 53.9, 14.92, 0.0033, 0.04, [1, 1, 3], 1.41
2007-07-05, Steady Climb, 1, +1.27, +0.07, 51.1, 15.48, 0.0033, 0.04, [1, 1, 3], 1.41
2007-07-06, Steady Climb, 1, +1.64, +0.34, 48.9, 14.72, 0.0040, 0.03, [2, 0, 3], 1.41
2007-07-09, Steady Climb, 1, +1.90, +0.25, 50.4, 15.16, 0.0039, 0.04, [2, 1, 3], 1.00
2007-07-10, Steady Climb, 1, -0.61, +0.39, 40.7, 17.57, 0.0020, 0.04, [0, 0, 2], 2.24
2007-07-11, Steady Climb, 1, -0.40, +0.21, 52.6, 16.64, -0.0015, 0.03, [1, 1, 2], 1.00
2007-07-12, Steady Climb, 1, +1.46, -0.11, 59.6, 15.54, -0.0022, 0.04, [1, 1, 3], 1.41
2007-07-13, Steady Climb, 1, +1.44, +0.31, 71.0, 15.15, 0.0014, 0.04, [2, 2, 3], 1.41
2007-07-16, Steady Climb, 1, +1.15, +0.86, 72.2, 15.59, 0.0051, 0.05, [3, 2, 3], 1.73
2007-07-17, Steady Climb, 1, +2.60, +1.48, 75.2, 15.63, 0.0073, 0.05, [4, 2, 3], 2.45
2007-07-18, Steady Climb, 1, +1.80, +2.05, 69.5, 16.00, 0.0041, 0.05, [3, 2, 2], 1.41
2007-07-19, Steady Climb, 1, +0.35, +2.58, 71.9, 15.23, -0.0004, 0.05, [2, 2, 3], 1.41
2007-07-20, Steady Climb, 1, -1.19, +2.87, 62.3, 16.95, -0.0001, 0.05, [1, 1, 2], 1.00
2007-07-23, Steady Climb, 1, -0.51, +2.97, 59.5, 16.81, -0.0018, 0.05, [1, 1, 2], 1.00
2007-07-24, Steady Climb, 1, -2.47, +2.85, 45.1, 18.55, -0.0018, 0.05, [0, 0, 2], 2.24
2007-07-25, Steady Climb, 1, -1.82, +2.15, 47.5, 18.10, -0.0054, 0.04, [1, 0, 2], 1.41
2007-07-26, Orderly Decline, 3, -4.53, +1.47, 36.6, 20.74, -0.0063, 0.05, [0, -2, 1], 2.24
2007-07-27, Orderly Decline, 3, -4.90, +0.45, 31.8, 24.17, -0.0087, 0.06, [-1, -2, 1], 1.41
2007-07-30, Orderly Decline, 3, -4.39, -0.88, 40.7, 20.87, -0.0131, 0.07, [-4, 0, 1], 2.24
2007-07-31, Orderly Decline, 3, -3.69, -1.97, 34.4, 23.52, -0.0092, 0.08, [-4, -2, 1], 2.24
2007-08-01, Orderly Decline, 3, -3.44, -3.02, 27.9, 23.67, -0.0092, 0.09, [-4, -2, 1], 2.24
2007-08-02, Orderly Decline, 3, -0.71, -3.74, 28.5, 21.22, -0.0025, 0.09, [-3, -2, 1], 1.41
2007-08-03, Orderly Decline, 3, -1.77, -4.27, 23.9, 25.16, 0.0013, 0.10, [-3, -2, 0], 1.73
2007-08-06, Orderly Decline, 3, -0.42, -5.21, 34.1, 22.94, -0.0044, 0.11, [-2, -2, 1], 1.00
2007-08-07, Orderly Decline, 3, +1.47, -5.47, 36.8, 21.56, -0.0005, 0.11, [-1, -2, 1], 1.41
2007-08-08, Orderly Decline, 3, +2.16, -5.86, 40.0, 21.45, 0.0012, 0.11, [0, -2, 1], 2.24
2007-08-09, Orderly Decline, 3, -1.30, -5.76, 36.6, 26.48, 0.0065, 0.11, [-3, -2, 0], 1.73
2007-08-10, Orderly Decline, 3, +1.44, -5.81, 35.1, 28.30, 0.0048, 0.11, [-1, -2, 0], 1.73
2007-08-13, Orderly Decline, 3, -1.00, -5.63, 39.1, 26.57, -0.0036, 0.10, [-3, -2, 0], 1.73
2007-08-14, Sharp Decline, 4, -3.40, -5.36, 34.0, 27.68, -0.0064, 0.10, [-4, -2, 0], 2.24
2007-08-15, Sharp Decline, 4, -6.06, -5.33, 35.9, 30.67, -0.0101, 0.11, [-4, -2, 0], 2.24
2007-08-16, Orderly Decline, 3, -2.88, -5.44, 40.5, 30.83, -0.0085, 0.10, [-4, 0, 0], 2.45
2007-08-17, Orderly Decline, 3, -0.53, -5.17, 44.8, 29.99, -0.0091, 0.09, [-3, 0, 0], 1.73
2007-08-20, Orderly Decline, 3, -0.51, -4.49, 48.1, 26.33, -0.0020, 0.08, [-3, 0, 0], 1.73
2007-08-21, Trend Pullback, 2, +1.44, -3.57, 46.2, 25.25, 0.0053, 0.07, [-1, 0, 0], 1.00
2007-08-22, Trend Pullback, 2, +4.08, -2.96, 48.4, 22.89, 0.0079, 0.06, [0, 0, 1], 1.73
2007-08-23, Trend Pullback, 2, +3.63, -1.90, 56.8, 22.62, 0.0073, 0.06, [0, 1, 1], 1.41
2007-08-24, Trend Pullback, 2, +2.31, -1.34, 53.0, 20.72, 0.0035, 0.06, [0, 1, 1], 1.41
2007-08-27, Trend Pullback, 2, +1.47, -0.88, 47.5, 22.72, 0.0057, 0.06, [-1, 0, 1], 1.41
2007-08-28, Orderly Decline, 3, -1.02, -0.40, 34.9, 26.30, 0.0038, 0.06, [-2, -2, 0], 1.41
2007-08-29, Trend Pullback, 2, -0.02, -0.70, 52.6, 23.81, -0.0040, 0.06, [-2, 1, 1], 1.41
2007-08-30, Trend Pullback, 2, -0.33, -0.34, 51.0, 25.06, -0.0031, 0.06, [-1, 1, 0], 0.00
2007-08-31, Trend Pullback, 2, -0.36, +0.03, 54.7, 23.38, -0.0032, 0.06, [0, 1, 1], 1.41
2007-09-04, Steady Climb, 1, +1.54, +0.04, 64.8, 22.78, 0.0027, 0.06, [1, 1, 1], 1.41
2007-09-05, Steady Climb, 1, +2.79, +0.75, 65.6, 24.58, 0.0084, 0.06, [4, 2, 1], 2.45
2007-09-06, Steady Climb, 1, +1.01, +1.33, 65.9, 23.99, 0.0033, 0.06, [3, 2, 1], 1.73
2007-09-07, Steady Climb, 1, -0.28, +2.33, 51.9, 26.23, 0.0028, 0.06, [2, 1, 0], 2.00
2007-09-10, Trend Pullback, 2, -1.51, +2.31, 51.5, 27.38, -0.0036, 0.06, [1, 1, 0], 2.00
2007-09-11, Trend Pullback, 2, -1.20, +2.26, 55.5, 25.27, -0.0064, 0.06, [1, 1, 0], 2.00
2007-09-12, Steady Climb, 1, -0.05, +2.49, 51.8, 24.96, -0.0019, 0.06, [2, 1, 1], 1.00
2007-09-13, Steady Climb, 1, +0.37, +2.28, 55.0, 24.76, 0.0003, 0.05, [2, 1, 1], 1.00
2007-09-14, Steady Climb, 1, +2.11, +1.86, 51.2, 24.92, 0.0054, 0.04, [4, 1, 1], 2.24
2007-09-17, Steady Climb, 1, +1.72, +1.40, 52.5, 26.48, 0.0053, 0.04, [3, 1, 0], 2.24
2007-09-18, Steady Climb, 1, +3.28, +1.28, 71.6, 20.35, 0.0015, 0.05, [4, 2, 1], 2.45
2007-09-19, Steady Climb, 1, +3.91, +1.71, 68.1, 20.03, 0.0058, 0.06, [4, 2, 1], 2.45
2007-09-20, Steady Climb, 1, +2.35, +2.19, 66.5, 20.45, 0.0083, 0.06, [4, 2, 1], 2.45
2007-09-21, Steady Climb, 1, +2.80, +2.67, 64.7, 19.00, 0.0080, 0.07, [4, 1, 2], 2.00
2007-09-24, Steady Climb, 1, +2.78, +3.14, 58.4, 19.37, 0.0064, 0.07, [4, 1, 2], 2.00
2007-09-25, Steady Climb, 1, -0.17, +3.67, 64.8, 18.60, -0.0005, 0.08, [2, 1, 2], 0.00
2007-09-26, Steady Climb, 1, -0.24, +3.93, 65.3, 17.63, -0.0016, 0.07, [2, 2, 2], 1.00
2007-09-27, Steady Climb, 1, +0.83, +3.70, 79.0, 17.00, 0.0003, 0.07, [3, 2, 2], 1.41
2007-09-28, Steady Climb, 1, +0.07, +3.90, 77.4, 18.00, 0.0012, 0.07, [2, 2, 2], 1.00
2007-10-01, Steady Climb, 1, +1.93, +3.84, 77.4, 17.84, 0.0021, 0.08, [3, 2, 2], 1.41
2007-10-02, Steady Climb, 1, +1.94, +4.22, 77.2, 18.49, 0.0039, 0.08, [3, 2, 2], 1.41
2007-10-03, Steady Climb, 1, +0.93, +4.73, 71.0, 18.80, 0.0038, 0.08, [3, 2, 2], 1.41
2007-10-04, Steady Climb, 1, +0.75, +4.79, 71.6, 18.44, 0.0024, 0.08, [3, 2, 2], 1.41
2007-10-05, Steady Climb, 1, +2.02, +4.88, 78.4, 16.91, 0.0016, 0.08, [4, 2, 2], 2.24
2007-10-08, Steady Climb, 1, +0.36, +4.70, 65.7, 17.46, 0.0011, 0.07, [2, 2, 2], 1.00
2007-10-09, Steady Climb, 1, +1.20, +4.26, 66.7, 16.12, 0.0019, 0.07, [3, 2, 2], 1.41
2007-10-10, Steady Climb, 1, +1.49, +4.16, 71.8, 16.67, 0.0039, 0.07, [3, 2, 2], 1.41
2007-10-11, Steady Climb, 1, +0.75, +3.88, 64.1, 18.88, 0.0030, 0.06, [3, 1, 2], 1.00
2007-10-12, Steady Climb, 1, +0.27, +3.55, 71.9, 17.73, 0.0002, 0.06, [2, 2, 2], 1.00
2007-10-15, Steady Climb, 1, -0.25, +3.22, 63.9, 19.25, 0.0005, 0.04, [2, 1, 2], 0.00
2007-10-16, Steady Climb, 1, -1.70, +2.47, 55.7, 20.02, -0.0022, 0.04, [1, 1, 1], 1.41
2007-10-17, Steady Climb, 1, -1.36, +2.14, 54.4, 18.54, -0.0035, 0.04, [1, 1, 2], 1.00
2007-10-18, Steady Climb, 1, -0.92, +1.97, 56.1, 18.50, -0.0032, 0.04, [1, 1, 2], 1.00
2007-10-19, Orderly Decline, 3, -3.92, +1.60, 31.8, 22.96, -0.0034, 0.04, [0, -2, 1], 2.24
2007-10-22, Orderly Decline, 3, -2.74, +0.75, 34.9, 21.64, -0.0063, 0.05, [0, -2, 1], 2.24
2007-10-23, Trend Pullback, 2, -1.23, -0.11, 42.8, 20.41, -0.0069, 0.05, [-1, 0, 1], 1.41
2007-10-24, Orderly Decline, 3, -1.65, -0.77, 40.4, 20.80, -0.0051, 0.05, [-3, 0, 1], 1.41
2007-10-25, Orderly Decline, 3, -1.67, -1.36, 32.9, 21.17, -0.0019, 0.05, [-3, -2, 1], 1.41
2007-10-26, Steady Climb, 1, +2.31, -1.86, 43.9, 19.56, 0.0024, 0.05, [0, 0, 2], 2.24
2007-10-29, Steady Climb, 1, +2.30, -2.11, 41.1, 19.87, 0.0034, 0.05, [0, 0, 2], 2.24
2007-10-30, Orderly Decline, 3, +0.75, -1.97, 39.0, 21.07, 0.0041, 0.05, [-1, -2, 1], 1.41
2007-10-31, Steady Climb, 1, +2.21, -1.97, 48.4, 18.53, 0.0037, 0.05, [0, 0, 2], 2.24
2007-11-01, Orderly Decline, 3, -0.39, -1.80, 35.7, 23.21, 0.0044, 0.05, [-2, -2, 1], 1.00
2007-11-02, Orderly Decline, 3, -1.67, -2.17, 38.8, 23.01, -0.0030, 0.05, [-3, -2, 1], 1.41
2007-11-05, Orderly Decline, 3, -2.52, -2.24, 39.4, 24.31, -0.0057, 0.06, [-4, -2, 1], 2.24
2007-11-06, Orderly Decline, 3, -0.70, -2.43, 44.4, 21.39, -0.0064, 0.05, [-3, 0, 1], 1.41
2007-11-07, Sharp Decline, 4, -4.76, -2.08, 36.0, 26.49, -0.0044, 0.06, [-4, -2, 0], 2.24
2007-11-08, Orderly Decline, 3, -2.23, -2.35, 43.3, 26.16, -0.0037, 0.06, [-4, 0, 0], 2.45
2007-11-09, Sharp Decline, 4, -3.71, -2.62, 37.3, 28.50, -0.0066, 0.07, [-4, -2, 0], 2.24
2007-11-12, Sharp Decline, 4, -4.19, -2.96, 30.8, 31.09, -0.0099, 0.08, [-4, -2, 0], 2.24
2007-11-13, Orderly Decline, 3, -2.58, -3.55, 43.0, 24.10, -0.0124, 0.08, [-4, 0, 1], 2.24
2007-11-14, Trend Pullback, 2, -0.34, -3.54, 41.4, 25.94, -0.0017, 0.08, [-2, 0, 0], 1.41
2007-11-15, Orderly Decline, 3, -1.60, -3.55, 33.5, 28.06, 0.0013, 0.08, [-3, -2, 0], 1.73
2007-11-16, Orderly Decline, 3, +0.35, -3.75, 34.0, 25.49, 0.0018, 0.09, [-2, -2, 0], 1.41
2007-11-19, Orderly Decline, 3, -0.41, -4.33, 32.0, 26.01, 0.0006, 0.09, [-2, -2, 0], 1.41
2007-11-20, Orderly Decline, 3, -2.79, -5.12, 28.9, 24.88, -0.0075, 0.10, [-4, -2, 1], 2.24
2007-11-21, Sharp Decline, 4, -3.66, -5.50, 31.1, 26.84, -0.0056, 0.11, [-4, -2, 0], 2.24
2007-11-23, Orderly Decline, 3, -0.72, -6.14, 37.0, 25.61, -0.0061, 0.11, [-3, -2, 0], 1.73
2007-11-26, Sharp Decline, 4, -3.53, -6.32, 33.7, 28.91, -0.0037, 0.11, [-4, -2, 0], 2.24
2007-11-27, Orderly Decline, 3, -0.35, -6.54, 34.3, 26.28, -0.0036, 0.11, [-2, -2, 0], 1.41
2007-11-28, Trend Pullback, 2, +2.04, -6.17, 48.9, 24.11, -0.0022, 0.10, [0, 0, 1], 1.73
2007-11-29, Trend Pullback, 2, +3.74, -5.21, 49.1, 23.97, 0.0063, 0.09, [0, 0, 1], 1.73
2007-11-30, Trend Pullback, 2, +2.81, -3.85, 54.9, 22.87, 0.0081, 0.08, [0, 1, 1], 1.41
2007-12-03, Trend Pullback, 2, +4.63, -2.86, 56.1, 23.61, 0.0129, 0.08, [0, 1, 0], 1.00
2007-12-04, Trend Pullback, 2, +2.42, -1.93, 46.2, 23.79, 0.0069, 0.07, [0, 0, 1], 1.73
2007-12-05, Trend Pullback, 2, +1.09, -1.21, 52.8, 22.53, -0.0007, 0.06, [-1, 1, 1], 1.00
2007-12-06, Steady Climb, 1, +2.56, +0.18, 60.9, 20.96, 0.0008, 0.07, [2, 1, 1], 1.00
2007-12-07, Steady Climb, 1, +1.59, +1.24, 59.1, 20.85, 0.0043, 0.07, [3, 1, 1], 1.41
2007-12-10, Steady Climb, 1, +2.96, +2.20, 67.4, 20.74, 0.0072, 0.08, [4, 2, 1], 2.45
2007-12-11, Steady Climb, 1, +1.02, +2.94, 57.0, 23.59, 0.0085, 0.08, [3, 1, 1], 1.41
2007-12-12, Steady Climb, 1, +0.11, +2.81, 63.7, 22.47, -0.0004, 0.08, [2, 1, 1], 1.00
2007-12-13, Steady Climb, 1, -1.26, +3.41, 60.2, 22.56, -0.0046, 0.08, [1, 1, 1], 1.41
2007-12-14, Trend Pullback, 2, -2.44, +3.87, 63.8, 23.27, -0.0042, 0.08, [0, 1, 1], 1.41
2007-12-17, Trend Pullback, 2, -4.62, +3.70, 54.0, 24.52, -0.0059, 0.08, [0, 1, 1], 1.41
2007-12-18, Steady Climb, 1, -1.53, +3.30, 46.3, 22.64, -0.0056, 0.08, [1, 0, 1], 1.73
2007-12-19, Trend Pullback, 2, -2.26, +2.66, 45.6, 21.68, -0.0073, 0.08, [0, 0, 1], 1.73
2007-12-20, Steady Climb, 1, -1.90, +2.06, 44.4, 20.58, -0.0057, 0.07, [1, 0, 1], 1.73
2007-12-21, Steady Climb, 1, +1.12, +1.17, 53.0, 18.47, -0.0006, 0.07, [3, 1, 2], 1.00
2007-12-24, Steady Climb, 1, +3.50, +0.95, 58.2, 18.60, 0.0055, 0.06, [4, 1, 2], 2.00
2007-12-26, Steady Climb, 1, +2.93, +0.30, 53.4, 18.66, 0.0076, 0.05, [3, 1, 2], 1.00
2007-12-27, Steady Climb, 1, +1.60, -0.13, 41.5, 20.26, 0.0085, 0.05, [1, 0, 1], 1.73
2007-12-28, Trend Pullback, 2, +1.26, -0.33, 42.8, 20.74, 0.0031, 0.05, [0, 0, 1], 1.73
2007-12-31, Orderly Decline, 3, -1.08, -0.50, 36.9, 22.50, -0.0022, 0.05, [-2, -2, 1], 1.00
2008-01-02, Orderly Decline, 3, -3.29, -0.64, 40.7, 23.17, -0.0052, 0.06, [-4, 0, 1], 2.24
2008-01-03, Orderly Decline, 3, -3.37, -1.21, 37.3, 22.49, -0.0075, 0.06, [-4, -2, 1], 2.24
2008-01-04, Orderly Decline, 3, -4.38, -1.89, 29.7, 23.94, -0.0063, 0.07, [-4, -2, 1], 2.24
2008-01-07, Orderly Decline, 3, -4.21, -2.70, 35.0, 23.79, -0.0109, 0.07, [-4, -2, 1], 2.24
2008-01-08, Sharp Decline, 4, -5.32, -2.98, 34.2, 25.43, -0.0101, 0.09, [-4, -2, 0], 2.24
2008-01-09, Orderly Decline, 3, -2.63, -3.55, 37.7, 24.12, -0.0103, 0.08, [-4, -2, 1], 2.24
2008-01-10, Orderly Decline, 3, -1.85, -3.49, 41.7, 23.45, -0.0069, 0.09, [-3, 0, 1], 1.41
2008-01-11, Orderly Decline, 3, -0.75, -3.71, 35.8, 23.68, 0.0007, 0.09, [-3, -2, 1], 1.41
2008-01-14, Orderly Decline, 3, +0.00, -3.98, 32.9, 22.90, -0.0000, 0.09, [-2, -2, 1], 1.00
2008-01-15, Orderly Decline, 3, -0.66, -3.88, 24.0, 23.34, 0.0032, 0.10, [-3, -2, 1], 1.41
2008-01-16, Orderly Decline, 3, -2.55, -4.50, 22.8, 24.38, -0.0044, 0.11, [-4, -2, 1], 2.24
2008-01-17, Sharp Decline, 4, -6.13, -5.44, 21.1, 28.46, -0.0086, 0.13, [-4, -2, 0], 2.24
2008-01-18, Sharp Decline, 4, -5.41, -6.71, 19.7, 27.18, -0.0135, 0.14, [-4, -2, 0], 2.24
2008-01-22, Sharp Decline, 4, -7.47, -7.93, 19.4, 31.01, -0.0175, 0.16, [-4, -2, 0], 2.24
2008-01-23, Sharp Decline, 4, -3.07, -9.06, 29.5, 29.02, -0.0141, 0.16, [-4, -2, 0], 2.24
2008-01-24, Orderly Decline, 3, -1.54, -9.18, 32.9, 27.78, -0.0068, 0.16, [-3, -2, 0], 1.73
2008-01-25, Orderly Decline, 3, -0.20, -8.70, 34.7, 29.08, 0.0038, 0.15, [-2, -2, 0], 1.41
2008-01-28, Orderly Decline, 3, +2.17, -8.29, 39.0, 27.78, 0.0039, 0.14, [0, -2, 0], 2.45
2008-01-29, Trend Pullback, 2, +3.95, -7.64, 44.7, 27.32, 0.0058, 0.13, [0, 0, 0], 1.41
2008-01-30, Orderly Decline, 3, +1.29, -6.64, 39.4, 27.62, 0.0036, 0.12, [-1, -2, 0], 1.73
2008-01-31, Trend Pullback, 2, +1.96, -5.73, 42.1, 26.20, 0.0028, 0.11, [-1, 0, 0], 1.00
2008-02-01, Trend Pullback, 2, +4.87, -4.65, 48.9, 24.02, 0.0070, 0.10, [0, 0, 1], 1.73
2008-02-04, Trend Pullback, 2, +1.98, -3.23, 43.2, 25.99, 0.0072, 0.10, [-1, 0, 0], 1.00
2008-02-05, Orderly Decline, 3, -1.88, -2.50, 41.8, 28.24, 0.0057, 0.09, [-3, 0, 0], 1.73
2008-02-06, Orderly Decline, 3, -2.17, -2.28, 41.4, 28.97, -0.0027, 0.10, [-4, 0, 0], 2.45
2008-02-07, Trend Pullback, 2, -3.02, -2.50, 50.8, 27.66, -0.0122, 0.09, [-4, 1, 0], 3.00
2008-02-08, Trend Pullback, 2, -4.60, -2.18, 51.3, 28.01, -0.0129, 0.09, [-4, 1, 0], 3.00
2008-02-11, Trend Pullback, 2, -3.02, -1.65, 56.1, 27.60, -0.0074, 0.08, [-4, 1, 0], 3.00
2008-02-12, Trend Pullback, 2, +0.91, -1.18, 52.4, 26.33, 0.0007, 0.07, [-1, 1, 0], 0.00
2008-02-13, Steady Climb, 1, +3.07, -0.24, 53.4, 24.88, 0.0034, 0.07, [1, 1, 1], 1.41
2008-02-14, Steady Climb, 1, +0.89, +0.51, 54.2, 25.54, 0.0058, 0.06, [3, 1, 0], 2.24
2008-02-15, Steady Climb, 1, +1.40, +0.90, 49.0, 25.02, 0.0047, 0.06, [3, 0, 0], 2.45
2008-02-19, Steady Climb, 1, +0.72, +0.70, 46.4, 25.59, 0.0016, 0.06, [3, 0, 0], 2.45
2008-02-20, Steady Climb, 1, +0.83, +0.34, 51.1, 24.40, -0.0013, 0.05, [2, 1, 1], 1.00
2008-02-21, Trend Pullback, 2, -1.81, -0.13, 40.4, 25.12, -0.0011, 0.05, [-1, 0, 0], 1.00
2008-02-22, Orderly Decline, 3, +0.32, -0.48, 38.3, 24.06, -0.0002, 0.05, [-1, -2, 1], 1.41
2008-02-25, Trend Pullback, 2, +1.62, -0.47, 47.6, 23.03, -0.0000, 0.05, [0, 0, 1], 1.73
2008-02-26, Trend Pullback, 2, +2.41, -0.54, 64.8, 21.90, 0.0028, 0.06, [0, 1, 1], 1.41
2008-02-27, Steady Climb, 1, +1.47, -0.16, 68.9, 22.69, 0.0052, 0.06, [1, 2, 1], 1.73
2008-02-28, Steady Climb, 1, +1.87, +0.29, 60.7, 23.53, 0.0075, 0.06, [2, 1, 1], 1.00
2008-02-29, Trend Pullback, 2, -1.66, +0.43, 49.8, 26.54, 0.0028, 0.06, [0, 0, 0], 1.41
2008-03-03, Trend Pullback, 2, -2.95, +0.39, 47.7, 26.28, -0.0072, 0.05, [-1, 0, 0], 1.00
2008-03-04, Trend Pullback, 2, -3.95, +0.69, 43.2, 25.52, -0.0113, 0.05, [0, 0, 0], 1.41
2008-03-05, Orderly Decline, 3, -3.36, +0.80, 38.9, 24.60, -0.0107, 0.05, [0, -2, 1], 2.24
2008-03-06, Orderly Decline, 3, -4.63, +0.38, 36.3, 27.55, -0.0055, 0.06, [-1, -2, 0], 1.73
2008-03-07, Sharp Decline, 4, -2.80, -0.61, 33.5, 27.49, -0.0039, 0.07, [-4, -2, 0], 2.24
2008-03-10, Sharp Decline, 4, -4.35, -1.55, 30.2, 29.38, -0.0077, 0.08, [-4, -2, 0], 2.24
2008-03-11, Trend Pullback, 2, -0.46, -2.81, 41.3, 26.36, -0.0111, 0.08, [-2, 0, 0], 1.41
2008-03-12, Orderly Decline, 3, -1.87, -3.18, 42.4, 27.22, -0.0044, 0.09, [-3, 0, 0], 1.73
2008-03-13, Trend Pullback, 2, +0.85, -3.54, 41.3, 27.29, 0.0027, 0.09, [-1, 0, 0], 1.00
2008-03-14, Orderly Decline, 3, -0.40, -3.45, 31.5, 31.16, 0.0062, 0.09, [-2, -2, 0], 1.41
2008-03-17, Orderly Decline, 3, +0.25, -3.96, 27.0, 32.24, 0.0019, 0.10, [-2, -2, 0], 1.41
2008-03-18, Trend Pullback, 2, +0.76, -4.53, 41.2, 25.79, -0.0082, 0.10, [-1, 0, 0], 1.00
2008-03-19, Orderly Decline, 3, -0.79, -4.24, 38.5, 29.84, 0.0004, 0.10, [-3, -2, 0], 1.73
2008-03-20, Trend Pullback, 2, +1.07, -4.20, 49.8, 26.62, 0.0006, 0.10, [-1, 0, 0], 1.00
2008-03-24, Trend Pullback, 2, +4.79, -3.90, 52.9, 25.73, 0.0077, 0.10, [0, 1, 0], 1.00
2008-03-25, Trend Pullback, 2, +5.98, -3.13, 54.2, 25.72, 0.0107, 0.09, [0, 1, -1], 1.41
2008-03-26, Trend Pullback, 2, +0.78, -2.01, 51.2, 26.08, 0.0072, 0.09, [-1, 1, 0], 0.00
2008-03-27, Trend Pullback, 2, +2.11, -0.88, 53.5, 25.88, 0.0082, 0.08, [0, 1, 0], 1.00
2008-03-28, Trend Pullback, 2, -1.07, +0.07, 53.6, 25.71, -0.0012, 0.07, [-1, 1, 0], 0.00
2008-03-31, Trend Pullback, 2, -2.01, +0.76, 58.5, 25.61, -0.0073, 0.07, [0, 1, 0], 1.00
2008-04-01, Steady Climb, 1, +1.27, +1.04, 58.5, 22.68, -0.0063, 0.08, [3, 1, 1], 1.41
2008-04-02, Steady Climb, 1, +1.97, +2.03, 60.4, 23.43, 0.0040, 0.08, [3, 1, 1], 1.41
2008-04-03, Steady Climb, 1, +3.28, +2.85, 59.7, 23.21, 0.0101, 0.09, [4, 1, 0], 2.83
2008-04-04, Steady Climb, 1, +4.20, +3.74, 66.4, 22.45, 0.0112, 0.09, [4, 2, 0], 3.00
2008-04-07, Steady Climb, 1, +3.77, +4.13, 69.9, 22.42, 0.0069, 0.09, [4, 2, 1], 2.45
2008-04-08, Steady Climb, 1, -0.34, +4.28, 59.0, 22.36, 0.0006, 0.09, [2, 1, 1], 1.00
2008-04-09, Steady Climb, 1, -0.95, +3.90, 66.2, 22.81, -0.0001, 0.09, [1, 2, 1], 1.73
2008-04-10, Steady Climb, 1, -0.64, +3.96, 60.5, 21.98, -0.0025, 0.09, [1, 1, 1], 1.41
2008-04-11, Trend Pullback, 2, -2.74, +3.88, 44.5, 23.46, -0.0028, 0.09, [0, 0, 1], 1.73
2008-04-14, Trend Pullback, 2, -3.22, +3.42, 42.1, 23.82, -0.0064, 0.08, [0, 0, 1], 1.73
2008-04-15, Trend Pullback, 2, -2.28, +2.44, 47.8, 22.78, -0.0072, 0.06, [0, 0, 1], 1.73
2008-04-16, Steady Climb, 1, +0.75, +1.31, 61.7, 20.53, -0.0053, 0.06, [3, 1, 1], 1.41
2008-04-17, Steady Climb, 1, +0.37, +1.38, 66.1, 20.37, 0.0007, 0.06, [2, 2, 1], 1.41
2008-04-18, Steady Climb, 1, +4.31, +0.90, 69.5, 20.13, 0.0073, 0.06, [4, 2, 1], 2.45
2008-04-21, Steady Climb, 1, +4.51, +1.16, 57.0, 20.50, 0.0112, 0.06, [4, 1, 0], 2.83
2008-04-22, Steady Climb, 1, +3.11, +1.62, 53.1, 20.87, 0.0097, 0.07, [4, 1, 1], 2.24
2008-04-23, Steady Climb, 1, +1.12, +1.90, 53.8, 20.26, 0.0033, 0.07, [3, 1, 1], 1.41
2008-04-24, Steady Climb, 1, +1.70, +2.01, 56.2, 20.06, 0.0010, 0.07, [3, 1, 1], 1.41
2008-04-25, Steady Climb, 1, +0.54, +1.95, 58.2, 19.59, -0.0008, 0.06, [3, 1, 2], 1.00
2008-04-28, Steady Climb, 1, +0.59, +1.76, 60.3, 19.64, 0.0023, 0.06, [3, 1, 2], 1.00
2008-04-29, Steady Climb, 1, +1.09, +1.54, 62.7, 20.24, 0.0042, 0.06, [3, 1, 1], 1.41
2008-04-30, Steady Climb, 1, +0.41, +1.88, 58.8, 20.79, 0.0021, 0.06, [2, 1, 1], 1.00
2008-05-01, Steady Climb, 1, +1.48, +2.07, 77.6, 18.88, -0.0009, 0.07, [3, 2, 2], 1.41
2008-05-02, Steady Climb, 1, +1.15, +2.61, 80.8, 18.18, 0.0009, 0.07, [3, 2, 2], 1.41
2008-05-05, Steady Climb, 1, +0.80, +3.16, 76.3, 18.90, 0.0038, 0.07, [3, 2, 2], 1.41
2008-05-06, Steady Climb, 1, +1.96, +3.59, 72.4, 18.21, 0.0043, 0.08, [3, 2, 2], 1.41
2008-05-07, Steady Climb, 1, +0.50, +4.01, 59.3, 19.73, 0.0046, 0.08, [3, 1, 2], 1.00
2008-05-08, Steady Climb, 1, -0.83, +3.81, 52.9, 19.40, -0.0021, 0.08, [1, 1, 2], 1.00
2008-05-09, Steady Climb, 1, -1.81, +3.73, 50.0, 19.41, -0.0034, 0.07, [1, 1, 2], 1.00
2008-05-12, Steady Climb, 1, -0.28, +3.01, 60.2, 17.79, -0.0042, 0.06, [2, 1, 2], 0.00
2008-05-13, Steady Climb, 1, -1.07, +2.36, 58.8, 17.98, -0.0024, 0.04, [1, 1, 2], 1.00
2008-05-14, Steady Climb, 1, +1.16, +1.68, 57.7, 17.66, 0.0019, 0.04, [3, 1, 2], 1.00
2008-05-15, Steady Climb, 1, +1.85, +1.46, 59.6, 16.30, 0.0026, 0.04, [3, 1, 2], 1.00
2008-05-16, Steady Climb, 1, +2.67, +1.40, 60.8, 16.47, 0.0053, 0.04, [4, 1, 2], 2.00
2008-05-19, Steady Climb, 1, +1.64, +1.67, 63.7, 17.01, 0.0045, 0.04, [3, 1, 2], 1.00
2008-05-20, Steady Climb, 1, +0.74, +1.87, 60.1, 17.58, 0.0045, 0.04, [3, 1, 2], 1.00
2008-05-21, Steady Climb, 1, -1.27, +1.63, 43.2, 18.59, 0.0009, 0.04, [1, 0, 2], 1.41
2008-05-22, Steady Climb, 1, -2.05, +1.08, 42.8, 18.05, -0.0056, 0.04, [0, 0, 2], 2.24
2008-05-23, Orderly Decline, 3, -3.47, +0.70, 39.4, 19.55, -0.0071, 0.04, [0, -2, 2], 2.45
2008-05-27, Orderly Decline, 3, -2.89, +0.19, 38.8, 19.64, -0.0087, 0.04, [-2, -2, 2], 1.41
2008-05-28, Orderly Decline, 3, -1.60, -0.18, 49.3, 19.07, -0.0051, 0.04, [-1, 0, 2], 1.73
2008-05-29, Trend Pullback, 2, +0.54, -0.53, 50.2, 18.14, -0.0006, 0.04, [-1, 1, 2], 2.00
2008-05-30, Trend Pullback, 2, +0.43, -0.87, 55.0, 17.83, 0.0016, 0.04, [-2, 1, 2], 2.24
2008-06-02, Orderly Decline, 3, +0.71, -0.82, 42.6, 19.83, 0.0045, 0.04, [-1, 0, 2], 1.73
2008-06-03, Orderly Decline, 3, -0.56, -0.89, 40.1, 20.24, 0.0007, 0.04, [-3, 0, 1], 1.41
2008-06-04, Orderly Decline, 3, -0.98, -1.14, 37.3, 20.80, -0.0028, 0.04, [-3, -2, 1], 1.41
2008-06-05, Orderly Decline, 3, +0.41, -1.17, 42.8, 18.63, -0.0046, 0.04, [-2, 0, 2], 1.41
2008-06-06, Orderly Decline, 3, -2.83, -1.17, 31.7, 23.56, -0.0001, 0.05, [-4, -2, 1], 2.24
2008-06-09, Orderly Decline, 3, -1.73, -1.73, 31.7, 23.12, -0.0017, 0.06, [-3, -2, 1], 1.41
2008-06-10, Orderly Decline, 3, -1.39, -2.36, 33.5, 23.18, -0.0036, 0.06, [-3, -2, 1], 1.41
2008-06-11, Orderly Decline, 3, -3.03, -2.75, 33.5, 24.12, -0.0060, 0.07, [-4, -2, 1], 2.24
2008-06-12, Orderly Decline, 3, -4.57, -3.42, 33.8, 23.33, -0.0104, 0.08, [-4, -2, 1], 2.24
2008-06-13, Orderly Decline, 3, -0.05, -3.83, 45.3, 21.22, -0.0050, 0.07, [-2, 0, 1], 1.00
2008-06-16, Orderly Decline, 3, -0.12, -3.62, 42.1, 20.95, -0.0016, 0.07, [-2, 0, 1], 1.00
2008-06-17, Orderly Decline, 3, -0.55, -3.28, 37.8, 21.13, 0.0021, 0.06, [-3, -2, 1], 1.41
2008-06-18, Orderly Decline, 3, +0.17, -2.95, 32.2, 22.24, 0.0038, 0.06, [-2, -2, 1], 1.00
2008-06-19, Orderly Decline, 3, +0.22, -2.91, 33.3, 21.58, -0.0010, 0.06, [-2, -2, 1], 1.00
2008-06-20, Orderly Decline, 3, -3.10, -3.04, 31.5, 22.87, -0.0043, 0.07, [-4, -2, 1], 2.24
2008-06-23, Orderly Decline, 3, -3.10, -3.40, 33.0, 22.64, -0.0070, 0.08, [-4, -2, 1], 2.24
2008-06-24, Orderly Decline, 3, -2.71, -3.93, 32.4, 22.42, -0.0065, 0.08, [-4, -2, 1], 2.24
2008-06-25, Orderly Decline, 3, -1.18, -4.28, 24.2, 21.14, -0.0054, 0.08, [-3, -2, 1], 1.41
2008-06-26, Orderly Decline, 3, -4.44, -4.32, 24.9, 23.93, -0.0035, 0.09, [-4, -2, 1], 2.24
2008-06-27, Orderly Decline, 3, -3.00, -4.70, 23.7, 23.44, -0.0051, 0.10, [-4, -2, 1], 2.24
2008-06-30, Orderly Decline, 3, -2.88, -4.94, 24.9, 23.95, -0.0086, 0.10, [-4, -2, 1], 2.24
2008-07-01, Orderly Decline, 3, -2.24, -5.20, 31.7, 23.65, -0.0087, 0.10, [-4, -2, 1], 2.24
2008-07-02, Sharp Decline, 4, -4.57, -5.37, 25.1, 25.92, -0.0061, 0.11, [-4, -2, 0], 2.24
2008-07-03, Orderly Decline, 3, -1.58, -5.73, 15.0, 24.80, -0.0029, 0.11, [-3, -2, 1], 1.41
2008-07-07, Sharp Decline, 4, -2.04, -5.48, 13.9, 25.78, -0.0039, 0.11, [-4, -2, 0], 2.24
2008-07-08, Orderly Decline, 3, -0.49, -5.85, 26.1, 23.15, -0.0061, 0.11, [-2, -2, 1], 1.00
2008-07-09, Sharp Decline, 4, -3.13, -5.74, 23.7, 25.23, -0.0025, 0.12, [-4, -2, 0], 2.24
2008-07-10, Orderly Decline, 3, -0.64, -5.96, 25.3, 25.59, -0.0018, 0.12, [-3, -2, 0], 1.73
2008-07-11, Orderly Decline, 3, -1.85, -6.25, 26.9, 27.49, -0.0021, 0.12, [-3, -2, 0], 1.73
2008-07-14, Orderly Decline, 3, -1.92, -6.54, 25.2, 28.48, -0.0037, 0.12, [-3, -2, 0], 1.73
2008-07-15, Sharp Decline, 4, -4.62, -6.52, 23.9, 28.54, -0.0079, 0.12, [-4, -2, 0], 2.24
2008-07-16, Orderly Decline, 3, +0.05, -6.50, 32.1, 25.10, -0.0068, 0.12, [-2, -2, 0], 1.41
2008-07-17, Trend Pullback, 2, +0.55, -5.96, 44.0, 25.01, -0.0032, 0.11, [-1, 0, 0], 1.00
2008-07-18, Trend Pullback, 2, +1.71, -5.27, 45.2, 24.05, 0.0047, 0.10, [-1, 0, 1], 1.41
2008-07-21, Trend Pullback, 2, +2.58, -4.37, 44.6, 23.05, 0.0087, 0.09, [0, 0, 1], 1.73
2008-07-22, Trend Pullback, 2, +5.11, -3.75, 48.0, 21.18, 0.0083, 0.08, [0, 0, 1], 1.73
2008-07-23, Trend Pullback, 2, +2.96, -2.80, 55.8, 21.31, 0.0049, 0.07, [0, 1, 1], 1.41
2008-07-24, Orderly Decline, 3, -0.62, -1.77, 47.5, 23.44, 0.0048, 0.06, [-3, 0, 1], 1.41
2008-07-25, Trend Pullback, 2, -0.23, -1.00, 51.4, 22.91, 0.0005, 0.06, [-2, 1, 1], 1.41
2008-07-28, Orderly Decline, 3, -2.03, -0.66, 40.3, 24.23, -0.0023, 0.06, [-4, 0, 1], 2.24
2008-07-29, Trend Pullback, 2, -1.08, -0.69, 54.6, 22.03, -0.0087, 0.06, [-3, 1, 1], 2.24
2008-07-30, Trend Pullback, 2, +0.16, -0.21, 57.2, 21.21, -0.0044, 0.06, [-1, 1, 1], 1.00
2008-07-31, Steady Climb, 1, +1.18, +0.66, 56.4, 22.94, 0.0054, 0.06, [3, 1, 1], 1.41
2008-08-01, Steady Climb, 1, +0.20, +0.93, 57.5, 22.57, 0.0055, 0.06, [2, 1, 1], 1.00
2008-08-04, Steady Climb, 1, +1.19, +1.11, 58.0, 23.49, 0.0045, 0.06, [3, 1, 1], 1.41
2008-08-05, Steady Climb, 1, +1.72, +0.96, 59.1, 21.14, -0.0041, 0.06, [3, 1, 1], 1.41
2008-08-06, Steady Climb, 1, +0.38, +1.67, 57.0, 20.23, -0.0013, 0.06, [2, 1, 1], 1.00
2008-08-07, Steady Climb, 1, -0.10, +1.96, 51.2, 21.15, 0.0054, 0.06, [2, 1, 1], 1.00
2008-08-08, Steady Climb, 1, +2.86, +2.00, 57.0, 20.66, 0.0040, 0.07, [4, 1, 1], 2.24
2008-08-11, Steady Climb, 1, +4.51, +2.23, 55.6, 20.12, 0.0058, 0.07, [4, 1, 1], 2.24
2008-08-12, Steady Climb, 1, +0.37, +2.32, 51.4, 21.17, 0.0037, 0.06, [2, 1, 1], 1.00
2008-08-13, Steady Climb, 1, -0.26, +1.87, 57.1, 21.55, 0.0031, 0.06, [2, 1, 1], 1.00
2008-08-14, Steady Climb, 1, +2.12, +1.73, 57.4, 20.34, 0.0025, 0.06, [4, 1, 1], 2.24
2008-08-15, Steady Climb, 1, +0.15, +1.86, 64.5, 19.58, -0.0020, 0.06, [2, 1, 2], 0.00
2008-08-18, Trend Pullback, 2, -2.05, +2.03, 53.7, 20.98, -0.0009, 0.06, [0, 1, 1], 1.41
2008-08-19, Steady Climb, 1, -1.78, +1.85, 45.6, 21.28, -0.0008, 0.06, [1, 0, 1], 1.73
2008-08-20, Steady Climb, 1, -0.88, +1.74, 51.9, 20.42, -0.0041, 0.06, [1, 1, 1], 1.41
2008-08-21, Steady Climb, 1, -1.18, +1.84, 54.6, 19.82, -0.0053, 0.06, [1, 1, 2], 1.00
2008-08-22, Steady Climb, 1, -0.46, +1.53, 61.3, 18.81, -0.0035, 0.06, [2, 1, 2], 0.00
2008-08-25, Steady Climb, 1, -0.92, +1.47, 45.0, 20.97, 0.0030, 0.05, [1, 0, 1], 1.73
2008-08-26, Steady Climb, 1, +0.38, +0.63, 45.1, 20.49, 0.0014, 0.05, [2, 0, 1], 1.41
2008-08-27, Steady Climb, 1, +0.56, +0.26, 54.6, 19.76, -0.0013, 0.05, [2, 1, 2], 0.00
2008-08-28, Steady Climb, 1, +1.80, +0.35, 51.4, 19.43, -0.0010, 0.05, [2, 1, 2], 0.00
2008-08-29, Trend Pullback, 2, -0.73, +0.45, 43.2, 20.65, 0.0025, 0.04, [0, 0, 1], 1.73
2008-09-02, Steady Climb, 1, +0.85, +0.14, 46.1, 21.99, 0.0048, 0.04, [1, 0, 1], 1.73
2008-09-03, Trend Pullback, 2, +0.27, -0.46, 46.5, 21.43, 0.0010, 0.04, [-1, 0, 1], 1.41
2008-09-04, Orderly Decline, 3, -3.50, -0.57, 34.9, 24.03, -0.0029, 0.05, [-4, -2, 1], 2.24
2008-09-05, Orderly Decline, 3, -4.49, -1.15, 34.9, 23.06, -0.0109, 0.06, [-4, -2, 1], 2.24
2008-09-08, Orderly Decline, 3, -1.17, -1.93, 47.2, 22.64, -0.0096, 0.05, [-3, 0, 1], 1.41
2008-09-09, Orderly Decline, 3, -4.15, -1.84, 40.5, 25.47, -0.0043, 0.06, [-4, 0, 0], 2.45
2008-09-10, Orderly Decline, 3, -3.37, -2.18, 40.4, 24.52, -0.0057, 0.07, [-4, 0, 1], 2.24
2008-09-11, Trend Pullback, 2, +0.99, -2.54, 43.9, 24.39, -0.0022, 0.07, [-1, 0, 1], 1.41
2008-09-12, Trend Pullback, 2, +0.76, -2.63, 41.0, 25.66, -0.0018, 0.07, [-1, 0, 0], 1.00
2008-09-15, Sharp Decline, 4, -5.92, -2.51, 35.6, 31.70, -0.0006, 0.08, [-4, -2, 0], 2.24
2008-09-16, Orderly Decline, 3, -0.89, -3.09, 39.4, 30.30, -0.0036, 0.09, [-3, -2, 0], 1.73
2008-09-17, Sharp Decline, 4, -6.14, -3.52, 30.5, 36.22, -0.0081, 0.11, [-4, -2, 0], 2.24
2008-09-18, Sharp Decline, 4, -3.41, -4.86, 36.6, 33.10, -0.0185, 0.12, [-4, -2, 0], 2.24
2008-09-19, Trend Pullback, 2, +0.27, -5.20, 46.4, 32.07, -0.0101, 0.12, [-2, 0, 0], 1.41
2008-09-22, Trend Pullback, 2, +1.21, -4.69, 41.7, 33.85, 0.0097, 0.12, [-1, 0, 0], 1.00
2008-09-23, Orderly Decline, 3, -2.09, -4.60, 40.2, 35.72, 0.0072, 0.12, [-4, 0, 0], 2.45
2008-09-24, Trend Pullback, 2, +2.55, -5.05, 43.7, 35.19, 0.0054, 0.13, [0, 0, 0], 1.41
2008-09-25, Trend Pullback, 2, +0.22, -5.35, 46.1, 32.82, -0.0089, 0.12, [-2, 0, 0], 1.41
2008-09-26, Orderly Decline, 3, -3.33, -5.02, 43.2, 34.74, -0.0093, 0.11, [-4, 0, 0], 2.45
2008-09-29, Sharp Decline, 4, -8.34, -4.23, 37.3, 46.72, 0.0030, 0.14, [-4, -2, 0], 2.24
2008-09-30, Orderly Decline, 3, -1.84, -5.11, 43.7, 39.39, -0.0117, 0.14, [-3, 0, 0], 1.73
2008-10-01, Orderly Decline, 3, -2.09, -4.96, 41.3, 39.81, -0.0122, 0.13, [-4, 0, 0], 2.45
2008-10-02, Sharp Decline, 4, -7.85, -4.75, 37.5, 45.26, -0.0128, 0.15, [-4, -2, 0], 2.24
2008-10-03, Orderly Decline, 3, -9.40, -5.64, 40.8, 45.14, -0.0130, 0.16, [-4, 0, 0], 2.45
2008-10-06, Sharp Decline, 4, -4.48, -6.48, 35.2, 52.05, -0.0063, 0.19, [-4, -2, 0], 2.24
2008-10-07, Sharp Decline, 4, -14.59, -7.30, 35.0, 53.68, -0.0282, 0.23, [-4, -2, 0], 2.24
2008-10-08, Sharp Decline, 4, -15.17, -9.36, 27.5, 57.53, -0.0393, 0.27, [-4, -2, 0], 2.24
2008-10-09, Sharp Decline, 4, -18.34, -11.12, 16.8, 63.92, -0.0397, 0.33, [-4, -2, 0], 2.24
2008-10-10, Sharp Decline, 4, -18.20, -13.30, 18.1, 69.95, -0.0501, 0.37, [-4, -2, 0], 2.24
2008-10-13, Sharp Decline, 4, -5.07, -15.09, 33.7, 54.99, -0.0400, 0.38, [-4, -2, 0], 2.24
2008-10-14, Orderly Decline, 3, +0.18, -15.79, 33.5, 55.13, -0.0072, 0.39, [-2, -2, 0], 1.41
2008-10-15, Sharp Decline, 4, -7.83, -15.96, 26.4, 69.25, 0.0132, 0.42, [-4, -2, -1], 1.41
2008-10-16, Orderly Decline, 3, +4.01, -17.99, 30.2, 67.61, 0.0100, 0.43, [0, -2, 0], 2.45
2008-10-17, Orderly Decline, 3, +4.60, -18.31, 35.5, 70.33, -0.0001, 0.42, [0, -2, 0], 2.45
2008-10-20, Orderly Decline, 3, -1.79, -17.55, 33.7, 52.97, -0.0180, 0.41, [-3, -2, 0], 1.73
2008-10-21, Sharp Decline, 4, -4.30, -16.43, 32.3, 53.11, 0.0008, 0.41, [-4, -2, 0], 2.24
2008-10-22, Sharp Decline, 4, -1.22, -15.71, 31.6, 69.65, 0.0149, 0.41, [-3, -2, -1], 1.00
2008-10-23, Sharp Decline, 4, -4.05, -15.52, 33.8, 67.80, -0.0093, 0.39, [-4, -2, 0], 2.24
2008-10-24, Sharp Decline, 4, -6.78, -14.35, 34.4, 79.13, -0.0175, 0.37, [-4, -2, 0], 2.24
2008-10-27, Sharp Decline, 4, -13.85, -13.12, 36.5, 80.06, -0.0311, 0.38, [-4, -2, 0], 2.24
2008-10-28, Orderly Decline, 3, -1.52, -13.47, 46.4, 66.96, -0.0247, 0.34, [-3, 0, 0], 1.73
2008-10-29, Trend Pullback, 2, +3.71, -11.17, 51.8, 69.96, 0.0030, 0.29, [0, 1, 0], 1.00
2008-10-30, Trend Pullback, 2, +5.06, -8.77, 54.8, 62.90, 0.0113, 0.26, [0, 1, -1], 1.41
2008-10-31, Volatile Chop, 5, +10.49, -6.42, 46.4, 59.89, 0.0243, 0.21, [0, 0, -2], 0.00
2008-11-03, Volatile Chop, 5, +13.83, -3.85, 46.7, 53.68, 0.0262, 0.18, [0, 0, -2], 0.00
2008-11-04, Trend Pullback, 2, +6.94, -1.79, 61.4, 47.73, 0.0090, 0.19, [0, 1, 0], 1.00
2008-11-05, Volatile Chop, 5, +2.44, +0.01, 50.7, 54.56, 0.0172, 0.18, [2, 1, -2], 2.24
2008-11-06, Trend Pullback, 2, -5.16, +0.86, 46.3, 63.68, 0.0038, 0.18, [0, 0, 0], 1.41
2008-11-07, Trend Pullback, 2, -3.90, -0.11, 44.2, 56.10, -0.0152, 0.18, [-2, 0, 0], 1.41
2008-11-10, Orderly Decline, 3, -4.87, -0.86, 46.0, 59.98, -0.0187, 0.17, [-4, 0, 0], 2.45
2008-11-11, Trend Pullback, 2, -10.62, -0.19, 50.3, 61.44, -0.0217, 0.16, [-2, 1, 0], 1.00
2008-11-12, Trend Pullback, 2, -10.55, +0.23, 43.8, 66.46, -0.0109, 0.18, [-1, 0, 0], 1.00
2008-11-13, Trend Pullback, 2, +0.71, -1.29, 53.6, 59.83, -0.0151, 0.18, [-1, 1, 0], 0.00
2008-11-14, Trend Pullback, 2, -6.20, -1.27, 52.5, 66.31, -0.0122, 0.19, [-4, 1, 0], 3.00
2008-11-17, Sharp Decline, 4, -7.45, -1.83, 39.2, 69.15, -0.0093, 0.19, [-4, -2, 0], 2.24
2008-11-18, Orderly Decline, 3, -4.43, -1.91, 41.4, 67.64, -0.0088, 0.19, [-4, 0, 0], 2.45
2008-11-19, Sharp Decline, 4, -5.36, -2.14, 33.3, 74.26, -0.0058, 0.22, [-4, -2, 0], 2.24
2008-11-20, Sharp Decline, 4, -17.43, -3.91, 27.6, 80.86, -0.0297, 0.27, [-4, -2, 0], 2.24
2008-11-21, Sharp Decline, 4, -8.39, -6.13, 34.2, 72.67, -0.0357, 0.29, [-4, -2, 0], 2.24
2008-11-24, Orderly Decline, 3, +0.12, -7.93, 35.7, 64.70, -0.0244, 0.29, [-2, -2, 0], 1.41
2008-11-25, Trend Pullback, 2, -0.20, -9.31, 40.3, 60.90, -0.0025, 0.29, [-2, 0, 0], 1.41
2008-11-26, Volatile Chop, 5, +10.05, -9.17, 48.2, 54.92, 0.0226, 0.29, [0, 0, -2], 0.00
2008-11-28, Volatile Chop, 5, +19.11, -8.65, 46.2, 55.28, 0.0366, 0.28, [0, 0, -2], 0.00
2008-12-01, Volatile Chop, 5, +2.02, -7.55, 40.2, 68.51, 0.0280, 0.28, [0, 0, -2], 0.00
2008-12-02, Trend Pullback, 2, -0.35, -7.28, 45.3, 62.98, -0.0038, 0.26, [-2, 0, 0], 1.41
2008-12-03, Trend Pullback, 2, +1.56, -6.36, 51.8, 60.72, -0.0102, 0.22, [-1, 1, 0], 0.00
2008-12-04, Orderly Decline, 3, -4.78, -4.32, 43.1, 63.64, -0.0096, 0.21, [-4, 0, 0], 2.45
2008-12-05, Trend Pullback, 2, -2.25, -3.28, 50.3, 59.93, -0.0054, 0.20, [-4, 1, 0], 3.00
2008-12-08, Trend Pullback, 2, +11.45, -2.39, 56.1, 58.49, 0.0128, 0.19, [0, 1, -1], 1.41
2008-12-09, Trend Pullback, 2, +4.70, -0.56, 53.0, 58.91, 0.0143, 0.19, [0, 1, -1], 1.41
2008-12-10, Steady Climb, 1, +3.27, +0.80, 60.2, 55.73, 0.0112, 0.19, [4, 1, -1], 3.61
2008-12-11, Steady Climb, 1, +3.36, +2.05, 64.2, 55.78, 0.0138, 0.19, [4, 1, -1], 3.61
2008-12-12, Steady Climb, 1, +0.42, +2.19, 60.4, 54.28, -0.0018, 0.18, [2, 1, 0], 2.00
2008-12-15, Trend Pullback, 2, -4.52, +3.32, 52.4, 56.76, -0.0086, 0.18, [0, 1, 0], 1.00
2008-12-16, Steady Climb, 1, +2.76, +3.74, 57.3, 52.37, -0.0065, 0.19, [4, 1, 0], 2.83
2008-12-17, Steady Climb, 1, +0.58, +4.45, 52.3, 49.84, 0.0025, 0.19, [3, 1, 0], 2.24
2008-12-18, Volatile Chop, 5, +1.34, +5.06, 48.5, 47.34, 0.0107, 0.18, [3, 0, -1], 3.16
2008-12-19, Steady Climb, 1, +0.93, +4.51, 62.2, 44.93, 0.0053, 0.14, [3, 1, 0], 2.24
2008-12-22, Steady Climb, 1, +0.35, +3.02, 54.1, 44.56, 0.0012, 0.11, [2, 1, 0], 2.00
2008-12-23, Trend Pullback, 2, -5.48, +1.85, 48.6, 45.02, -0.0115, 0.11, [0, 0, 0], 1.41
2008-12-24, Trend Pullback, 2, -4.01, +1.27, 54.7, 44.21, -0.0111, 0.11, [0, 1, 0], 1.00
2008-12-26, Trend Pullback, 2, -1.41, +0.83, 49.2, 43.38, -0.0068, 0.11, [1, 0, 0], 2.24
2008-12-29, Orderly Decline, 3, -2.08, +0.91, 39.3, 43.90, -0.0039, 0.10, [0, -2, 0], 2.45
2008-12-30, Steady Climb, 1, +2.18, +1.11, 50.5, 41.63, 0.0006, 0.08, [4, 1, 0], 2.83
2008-12-31, Steady Climb, 1, +4.64, +0.39, 51.1, 40.00, 0.0062, 0.08, [3, 1, 0], 2.24
2009-01-02, Steady Climb, 1, +7.33, +0.25, 65.1, 39.19, 0.0094, 0.09, [3, 2, 0], 2.45
2009-01-05, Volatile Chop, 5, +6.26, +0.78, 62.5, 39.08, 0.0164, 0.09, [4, 1, -2], 4.12
2009-01-06, Volatile Chop, 5, +7.51, +0.75, 67.7, 38.56, 0.0168, 0.10, [4, 2, -2], 4.47
2009-01-07, Volatile Chop, 5, +1.80, +1.19, 48.1, 43.39, 0.0124, 0.10, [3, 0, -1], 3.16
2009-01-08, Steady Climb, 1, +0.72, +1.68, 51.6, 42.56, 0.0011, 0.10, [3, 1, 0], 2.24
2009-01-09, Trend Pullback, 2, -4.45, +1.88, 51.5, 42.82, -0.0073, 0.10, [0, 1, 0], 1.00
2009-01-12, Trend Pullback, 2, -6.17, +1.94, 45.2, 45.84, -0.0114, 0.10, [0, 0, 0], 1.41
2009-01-13, Trend Pullback, 2, -6.73, +1.32, 50.0, 43.27, -0.0167, 0.10, [0, 1, 0], 1.00
2009-01-14, Trend Pullback, 2, -7.06, +0.82, 44.5, 49.14, -0.0130, 0.11, [0, 0, 0], 1.41
2009-01-15, Orderly Decline, 3, -7.25, -0.26, 43.4, 51.00, -0.0181, 0.12, [-3, 0, 0], 1.73
2009-01-16, Orderly Decline, 3, -4.52, -0.57, 43.9, 46.11, -0.0142, 0.12, [-4, 0, 0], 2.45
2009-01-20, Sharp Decline, 4, -7.47, -0.83, 35.9, 56.65, -0.0085, 0.15, [-4, -2, 0], 2.24
2009-01-21, Sharp Decline, 4, -3.62, -1.96, 39.6, 46.42, -0.0150, 0.15, [-4, -2, 0], 2.24
2009-01-22, Orderly Decline, 3, -1.79, -2.42, 34.3, 47.29, -0.0052, 0.16, [-3, -2, 0], 1.73
2009-01-23, Orderly Decline, 3, -1.40, -3.24, 27.0, 47.27, -0.0051, 0.17, [-3, -2, 0], 1.73
2009-01-26, Orderly Decline, 3, -1.59, -4.08, 29.1, 45.69, -0.0017, 0.17, [-3, -2, 0], 1.73
2009-01-27, Orderly Decline, 3, +5.03, -4.71, 29.7, 42.25, 0.0064, 0.18, [0, -2, 0], 2.45
2009-01-28, Trend Pullback, 2, +4.03, -5.10, 42.6, 39.66, 0.0023, 0.18, [0, 0, 0], 1.41
2009-01-29, Volatile Chop, 5, +2.13, -5.10, 36.9, 42.63, 0.0127, 0.18, [0, -2, -1], 2.24
2009-01-30, Orderly Decline, 3, -0.73, -5.18, 36.9, 44.84, 0.0077, 0.18, [-3, -2, 0], 1.73
2009-02-02, Orderly Decline, 3, -1.33, -5.27, 40.1, 45.52, -0.0027, 0.17, [-3, 0, 0], 1.73
2009-02-03, Orderly Decline, 3, -0.85, -4.80, 43.0, 43.06, -0.0106, 0.16, [-3, 0, 0], 1.73
2009-02-04, Orderly Decline, 3, -4.79, -4.05, 47.6, 43.85, -0.0109, 0.13, [-4, 0, 0], 2.45
2009-02-05, Trend Pullback, 2, +0.08, -3.14, 50.5, 43.73, -0.0016, 0.12, [-2, 1, 0], 1.00
2009-02-06, Trend Pullback, 2, +5.17, -2.32, 53.8, 43.37, 0.0054, 0.10, [0, 1, 0], 1.00
2009-02-09, Trend Pullback, 2, +5.39, -1.04, 66.2, 43.64, 0.0108, 0.09, [0, 2, -1], 1.73
2009-02-10, Trend Pullback, 2, -1.35, +0.01, 46.9, 46.67, 0.0120, 0.08, [-1, 0, -1], 1.41
2009-02-11, Trend Pullback, 2, +0.18, +0.17, 51.5, 44.53, 0.0017, 0.08, [0, 1, 0], 1.00
2009-02-12, Trend Pullback, 2, -1.26, +0.51, 50.8, 41.25, -0.0079, 0.08, [1, 1, 0], 2.00
2009-02-13, Trend Pullback, 2, -4.81, +0.47, 47.6, 42.93, -0.0125, 0.08, [-1, 0, 0], 1.00
2009-02-17, Orderly Decline, 3, -9.28, +0.33, 37.8, 48.66, -0.0099, 0.10, [-1, -2, 0], 1.73
2009-02-18, Orderly Decline, 3, -4.68, -0.21, 28.9, 48.46, -0.0105, 0.10, [-3, -2, 0], 1.73
2009-02-19, Sharp Decline, 4, -6.57, -1.39, 32.0, 47.08, -0.0175, 0.12, [-4, -2, 0], 2.24
2009-02-20, Sharp Decline, 4, -7.80, -2.12, 33.9, 49.30, -0.0196, 0.14, [-4, -2, 0], 2.24
2009-02-23, Sharp Decline, 4, -10.10, -3.08, 29.4, 52.62, -0.0167, 0.17, [-4, -2, 0], 2.24
2009-02-24, Sharp Decline, 4, -2.03, -4.27, 34.9, 45.49, -0.0142, 0.18, [-4, -2, 0], 2.24
2009-02-25, Sharp Decline, 4, -2.98, -4.83, 34.6, 44.67, -0.0087, 0.19, [-4, -2, 0], 2.24
2009-02-26, Sharp Decline, 4, -3.35, -5.27, 28.5, 44.66, -0.0033, 0.19, [-4, -2, 0], 2.24
2009-02-27, Sharp Decline, 4, -4.54, -5.31, 18.5, 46.35, -0.0018, 0.20, [-4, -2, 0], 2.24
2009-03-02, Sharp Decline, 4, -5.72, -5.88, 15.5, 52.65, -0.0052, 0.23, [-4, -2, 0], 2.24
2009-03-03, Sharp Decline, 4, -9.93, -7.08, 18.3, 50.93, -0.0251, 0.26, [-4, -2, 0], 2.24
2009-03-04, Sharp Decline, 4, -6.80, -8.15, 22.1, 47.56, -0.0265, 0.27, [-4, -2, 0], 2.24
2009-03-05, Sharp Decline, 4, -9.34, -8.60, 18.9, 50.17, -0.0174, 0.29, [-4, -2, 0], 2.24
2009-03-06, Sharp Decline, 4, -7.03, -9.38, 19.8, 49.33, -0.0136, 0.31, [-4, -2, 0], 2.24
2009-03-09, Sharp Decline, 4, -3.47, -9.72, 22.8, 49.68, -0.0072, 0.30, [-4, -2, 0], 2.24
2009-03-10, Orderly Decline, 3, +3.34, -9.55, 36.2, 44.37, -0.0096, 0.28, [0, -2, 0], 2.45
2009-03-11, Orderly Decline, 3, +1.19, -8.45, 38.1, 43.61, 0.0010, 0.27, [-1, -2, 0], 1.73
2009-03-12, Volatile Chop, 5, +9.99, -7.78, 46.3, 41.18, 0.0152, 0.25, [0, 0, -2], 0.00
2009-03-13, Volatile Chop, 5, +10.71, -6.42, 52.7, 42.36, 0.0237, 0.22, [0, 1, -2], 1.00
2009-03-16, Volatile Chop, 5, +11.43, -4.84, 45.5, 43.74, 0.0254, 0.20, [0, 0, -2], 0.00
2009-03-17, Trend Pullback, 2, +8.13, -3.30, 52.9, 40.80, 0.0133, 0.19, [0, 1, -1], 1.41
2009-03-18, Trend Pullback, 2, +10.12, -1.91, 58.9, 40.06, 0.0147, 0.20, [0, 1, -1], 1.41
2009-03-19, Volatile Chop, 5, +4.44, -0.27, 60.8, 43.68, 0.0139, 0.20, [1, 1, -1], 1.73
2009-03-20, Steady Climb, 1, +1.58, +1.05, 66.3, 45.89, 0.0124, 0.20, [3, 2, -1], 3.32
2009-03-23, Steady Climb, 1, +9.16, +2.01, 74.5, 43.23, 0.0043, 0.22, [4, 2, 0], 3.00
2009-03-24, Steady Climb, 1, +3.60, +3.32, 68.1, 42.93, 0.0079, 0.23, [4, 2, 0], 3.00
2009-03-25, Steady Climb, 1, +2.46, +4.75, 77.9, 42.25, 0.0077, 0.24, [4, 2, 0], 3.00
2009-03-26, Steady Climb, 1, +6.23, +6.10, 79.5, 40.36, 0.0117, 0.26, [4, 2, -1], 3.74
2009-03-27, Steady Climb, 1, +6.17, +7.47, 76.4, 41.04, 0.0147, 0.27, [4, 2, -1], 3.74
2009-03-30, Trend Pullback, 2, -4.30, +8.19, 63.6, 45.54, 0.0016, 0.27, [0, 1, 0], 1.00
2009-03-31, Trend Pullback, 2, -1.02, +7.84, 64.8, 44.14, -0.0044, 0.26, [1, 1, 0], 2.00
2009-04-01, Steady Climb, 1, -0.34, +7.44, 62.5, 42.28, -0.0095, 0.25, [2, 1, 0], 2.00
2009-04-02, Steady Climb, 1, +0.18, +7.33, 65.0, 42.04, -0.0074, 0.24, [2, 2, 0], 2.24
2009-04-03, Steady Climb, 1, +3.26, +6.94, 66.8, 39.70, 0.0072, 0.22, [4, 2, 0], 3.00
2009-04-06, Volatile Chop, 5, +6.09, +6.44, 61.6, 40.93, 0.0175, 0.19, [4, 1, -2], 4.12
2009-04-07, Steady Climb, 1, +2.22, +5.49, 54.2, 40.39, 0.0131, 0.17, [4, 1, -1], 3.61
2009-04-08, Steady Climb, 1, +1.74, +4.71, 58.2, 38.85, 0.0012, 0.14, [3, 1, 0], 2.24
2009-04-09, Steady Climb, 1, +2.66, +3.94, 66.5, 36.53, -0.0053, 0.14, [4, 2, 0], 3.00
2009-04-13, Steady Climb, 1, +1.93, +3.93, 58.4, 37.81, 0.0021, 0.14, [3, 1, 0], 2.24
2009-04-14, Steady Climb, 1, +0.72, +3.88, 58.3, 37.67, 0.0104, 0.13, [3, 1, -1], 3.16
2009-04-15, Steady Climb, 1, +4.48, +3.39, 58.8, 36.17, 0.0100, 0.12, [4, 1, -1], 3.61
2009-04-16, Steady Climb, 1, +4.86, +3.30, 57.7, 35.79, 0.0045, 0.13, [4, 1, 0], 2.83
2009-04-17, Steady Climb, 1, +1.52, +3.55, 63.5, 33.94, 0.0012, 0.13, [3, 1, 0], 2.24
2009-04-20, Trend Pullback, 2, -3.07, +3.59, 60.8, 39.18, 0.0055, 0.11, [0, 1, 0], 1.00
2009-04-21, Steady Climb, 1, +1.02, +2.72, 62.1, 37.14, -0.0001, 0.11, [3, 1, 0], 2.24
2009-04-22, Trend Pullback, 2, -1.00, +2.87, 57.8, 38.10, -0.0044, 0.11, [1, 1, 0], 2.00
2009-04-23, Trend Pullback, 2, -1.55, +2.62, 54.5, 37.15, -0.0074, 0.11, [1, 1, 0], 2.00
2009-04-24, Steady Climb, 1, -0.39, +2.56, 55.9, 36.82, -0.0028, 0.11, [2, 1, 0], 2.00
2009-04-27, Steady Climb, 1, +3.02, +2.94, 55.5, 38.32, 0.0081, 0.11, [4, 1, 0], 2.83
2009-04-28, Steady Climb, 1, +0.60, +2.88, 60.8, 37.95, 0.0044, 0.09, [3, 1, 0], 2.24
2009-04-29, Steady Climb, 1, +3.57, +2.27, 62.6, 36.08, 0.0033, 0.08, [4, 1, 0], 2.83
2009-04-30, Steady Climb, 1, +2.45, +1.99, 55.0, 36.50, 0.0037, 0.08, [4, 1, 0], 2.83
2009-05-01, Steady Climb, 1, +1.30, +1.80, 55.7, 35.30, 0.0033, 0.08, [3, 1, 0], 2.24
2009-05-04, Steady Climb, 1, +5.80, +1.94, 68.6, 34.53, 0.0064, 0.10, [4, 2, 0], 3.00
2009-05-05, Steady Climb, 1, +5.69, +2.58, 65.2, 33.36, 0.0120, 0.11, [4, 2, -1], 3.74
2009-05-06, Steady Climb, 1, +5.25, +2.96, 65.7, 32.45, 0.0103, 0.11, [4, 2, -1], 3.74
2009-05-07, Steady Climb, 1, +3.96, +3.14, 60.5, 33.44, 0.0132, 0.11, [4, 1, -1], 3.61
2009-05-08, Steady Climb, 1, +5.89, +3.15, 79.4, 32.05, 0.0078, 0.13, [4, 2, 0], 3.00
2009-05-11, Steady Climb, 1, +0.22, +3.84, 67.7, 32.87, 0.0052, 0.13, [2, 2, 0], 2.24
2009-05-12, Steady Climb, 1, +0.50, +4.17, 70.1, 31.80, 0.0023, 0.13, [3, 2, 0], 2.45
2009-05-13, Trend Pullback, 2, -3.87, +4.14, 59.0, 33.65, -0.0023, 0.13, [0, 1, 0], 1.00
2009-05-14, Trend Pullback, 2, -1.58, +3.82, 57.8, 31.37, -0.0076, 0.13, [1, 1, 0], 2.00
2009-05-15, Trend Pullback, 2, -4.99, +3.80, 57.3, 33.12, -0.0111, 0.13, [0, 1, 0], 1.00
2009-05-18, Steady Climb, 1, +0.05, +3.66, 63.7, 30.24, -0.0075, 0.12, [2, 1, 0], 2.00
2009-05-19, Steady Climb, 1, -0.02, +3.29, 59.5, 28.80, 0.0002, 0.11, [2, 1, 0], 2.00
2009-05-20, Steady Climb, 1, +2.21, +3.07, 58.3, 29.03, 0.0072, 0.10, [4, 1, 0], 2.83
2009-05-21, Trend Pullback, 2, -0.53, +2.59, 52.8, 31.35, 0.0052, 0.09, [1, 1, 0], 2.00
2009-05-22, Steady Climb, 1, +0.47, +1.93, 44.0, 32.63, 0.0005, 0.09, [2, 0, 0], 2.24
2009-05-26, Steady Climb, 1, +0.07, +1.43, 51.7, 30.62, -0.0072, 0.08, [2, 1, 0], 2.00
2009-05-27, Trend Pullback, 2, -1.66, +1.09, 43.0, 32.36, -0.0014, 0.07, [1, 0, 0], 2.24
2009-05-28, Trend Pullback, 2, +0.37, +0.38, 49.9, 31.67, 0.0001, 0.06, [1, 0, 0], 2.24
2009-05-29, Steady Climb, 1, +3.47, +0.11, 47.2, 28.92, 0.0047, 0.06, [2, 0, 0], 2.24
2009-06-01, Steady Climb, 1, +6.30, -0.05, 59.1, 30.04, 0.0064, 0.07, [2, 1, 0], 2.00
2009-06-02, Steady Climb, 1, +3.78, +0.14, 59.8, 29.63, 0.0096, 0.08, [2, 1, 0], 2.00
2009-06-03, Steady Climb, 1, +4.33, +0.72, 63.7, 31.02, 0.0150, 0.08, [4, 1, -1], 3.61
2009-06-04, Steady Climb, 1, +3.93, +1.01, 64.1, 30.18, 0.0080, 0.09, [4, 1, 0], 2.83
2009-06-05, Steady Climb, 1, +2.28, +1.65, 67.0, 29.62, 0.0038, 0.09, [4, 2, 0], 3.00
2009-06-08, Steady Climb, 1, -0.40, +2.04, 60.4, 29.77, -0.0008, 0.09, [2, 1, 0], 2.00
2009-06-09, Steady Climb, 1, -0.24, +2.71, 61.9, 28.27, -0.0003, 0.10, [2, 1, 0], 2.00
2009-06-10, Steady Climb, 1, +0.79, +3.09, 62.5, 28.46, 0.0019, 0.10, [3, 1, 0], 2.24
2009-06-11, Steady Climb, 1, +0.26, +3.36, 71.3, 28.11, -0.0005, 0.10, [2, 2, 0], 2.24
2009-06-12, Steady Climb, 1, +0.65, +3.29, 72.3, 28.15, 0.0010, 0.10, [3, 2, 0], 2.45
2009-06-15, Trend Pullback, 2, -1.64, +3.28, 55.1, 30.81, 0.0018, 0.09, [1, 1, 0], 2.00
2009-06-16, Trend Pullback, 2, -3.23, +2.72, 57.5, 32.68, -0.0033, 0.09, [0, 1, 0], 1.00
2009-06-17, Trend Pullback, 2, -3.03, +2.34, 51.7, 31.54, -0.0083, 0.09, [0, 1, 0], 1.00
2009-06-18, Trend Pullback, 2, -2.81, +1.92, 49.6, 30.03, -0.0112, 0.09, [0, 0, 0], 1.41
2009-06-19, Orderly Decline, 3, -2.64, +1.54, 37.8, 27.99, -0.0075, 0.08, [0, -2, 0], 2.45
2009-06-22, Orderly Decline, 3, -3.32, +0.93, 27.5, 31.17, 0.0002, 0.08, [0, -2, 0], 2.45
2009-06-23, Orderly Decline, 3, -1.85, -0.15, 32.4, 30.58, -0.0031, 0.08, [-1, -2, 0], 1.73
2009-06-24, Orderly Decline, 3, -1.07, -0.84, 29.0, 29.05, -0.0063, 0.08, [-3, -2, 0], 1.73
2009-06-25, Trend Pullback, 2, +0.21, -1.70, 41.5, 26.36, -0.0066, 0.08, [-2, 0, 0], 1.41
2009-06-26, Trend Pullback, 2, -0.25, -2.08, 41.3, 25.93, 0.0006, 0.08, [-2, 0, 0], 1.41
2009-06-29, Trend Pullback, 2, +3.83, -2.30, 43.7, 25.35, 0.0083, 0.07, [0, 0, 0], 1.41
2009-06-30, Trend Pullback, 2, +2.71, -2.03, 42.1, 26.35, 0.0089, 0.07, [0, 0, 0], 1.41
2009-07-01, Trend Pullback, 2, +2.49, -1.82, 41.3, 26.22, 0.0047, 0.07, [0, 0, 0], 1.41
2009-07-02, Sharp Decline, 4, -2.59, -1.71, 33.4, 27.95, 0.0007, 0.07, [-4, -2, 0], 2.24
2009-07-06, Orderly Decline, 3, -2.20, -1.81, 40.4, 29.00, -0.0054, 0.07, [-4, 0, 0], 2.45
2009-07-07, Sharp Decline, 4, -4.98, -1.85, 38.6, 30.85, -0.0091, 0.08, [-4, -2, 0], 2.24
2009-07-08, Sharp Decline, 4, -4.32, -2.09, 38.5, 31.30, -0.0115, 0.08, [-4, -2, 0], 2.24
2009-07-09, Sharp Decline, 4, -4.40, -2.21, 36.4, 29.78, -0.0117, 0.08, [-4, -2, 0], 2.24
2009-07-10, Orderly Decline, 3, -1.93, -2.25, 34.1, 29.02, -0.0053, 0.08, [-3, -2, 0], 1.73
2009-07-13, Trend Pullback, 2, +0.26, -2.16, 53.2, 26.31, -0.0042, 0.07, [-2, 1, 0], 1.00
2009-07-14, Trend Pullback, 2, +2.82, -1.64, 54.2, 25.02, 0.0044, 0.07, [0, 1, 0], 1.00
2009-07-15, Trend Pullback, 2, +6.04, -1.33, 60.6, 25.89, 0.0076, 0.08, [0, 1, 0], 1.00
2009-07-16, Trend Pullback, 2, +6.58, -0.81, 57.4, 25.42, 0.0135, 0.08, [0, 1, -1], 1.41
2009-07-17, Volatile Chop, 5, +6.97, -0.21, 57.8, 24.34, 0.0165, 0.09, [1, 1, -1], 1.73
2009-07-20, Steady Climb, 1, +5.56, +0.45, 58.6, 24.40, 0.0119, 0.10, [3, 1, 0], 2.24
2009-07-21, Steady Climb, 1, +5.38, +1.28, 63.0, 23.87, 0.0103, 0.10, [4, 1, 0], 2.83
2009-07-22, Steady Climb, 1, +2.29, +1.67, 61.7, 23.47, 0.0057, 0.11, [4, 1, 1], 2.24
2009-07-23, Steady Climb, 1, +3.78, +1.99, 81.4, 23.43, 0.0042, 0.12, [4, 2, 1], 2.45
2009-07-24, Steady Climb, 1, +4.13, +2.63, 81.5, 23.09, 0.0076, 0.14, [4, 2, 1], 2.45
2009-07-27, Steady Climb, 1, +3.26, +3.50, 94.8, 24.28, 0.0079, 0.15, [4, 2, 1], 2.45
2009-07-28, Steady Climb, 1, +2.62, +4.31, 93.9, 25.01, 0.0082, 0.16, [4, 2, 0], 3.00
2009-07-29, Steady Climb, 1, +2.21, +5.12, 90.1, 25.61, 0.0058, 0.16, [4, 2, 0], 3.00
2009-07-30, Steady Climb, 1, +1.07, +5.66, 93.6, 25.40, -0.0002, 0.17, [3, 2, 0], 2.45
2009-07-31, Steady Climb, 1, +0.84, +6.34, 92.3, 25.92, 0.0008, 0.17, [3, 2, 0], 2.45
2009-08-03, Steady Climb, 1, +2.08, +6.52, 93.0, 25.56, 0.0018, 0.18, [4, 2, 0], 3.00
2009-08-04, Steady Climb, 1, +2.66, +6.81, 91.1, 24.89, 0.0058, 0.17, [4, 2, 1], 2.45
2009-08-05, Steady Climb, 1, +2.83, +6.71, 87.1, 24.90, 0.0077, 0.16, [4, 2, 1], 2.45
2009-08-06, Steady Climb, 1, +1.05, +6.35, 81.9, 25.67, 0.0050, 0.15, [3, 2, 0], 2.45
2009-08-07, Steady Climb, 1, +2.33, +5.78, 82.4, 24.76, 0.0019, 0.13, [4, 2, 1], 2.45
2009-08-10, Steady Climb, 1, +0.45, +5.17, 78.7, 24.99, 0.0007, 0.12, [2, 2, 1], 1.41
2009-08-11, Trend Pullback, 2, -1.12, +4.67, 69.4, 25.99, 0.0011, 0.10, [1, 2, 0], 2.24
2009-08-12, Steady Climb, 1, +0.31, +3.89, 65.9, 25.45, -0.0007, 0.09, [2, 2, 0], 2.24
2009-08-13, Steady Climb, 1, +1.57, +3.57, 67.3, 24.71, 0.0001, 0.09, [3, 2, 1], 1.73
2009-08-14, Steady Climb, 1, -0.63, +3.37, 60.7, 24.27, 0.0003, 0.08, [1, 1, 1], 1.41
2009-08-17, Trend Pullback, 2, -2.72, +2.93, 50.0, 27.89, 0.0013, 0.07, [0, 1, 0], 1.00
2009-08-18, Steady Climb, 1, -0.47, +2.22, 55.6, 26.18, -0.0031, 0.06, [2, 1, 0], 2.00
2009-08-19, Trend Pullback, 2, -0.93, +1.66, 53.9, 26.26, -0.0066, 0.05, [1, 1, 0], 2.00
2009-08-20, Trend Pullback, 2, -0.53, +1.13, 57.4, 25.09, -0.0047, 0.05, [1, 1, 0], 2.00
2009-08-21, Steady Climb, 1, +2.20, +1.05, 58.5, 25.01, 0.0023, 0.05, [4, 1, 0], 2.83
2009-08-24, Steady Climb, 1, +4.68, +1.24, 57.3, 25.14, 0.0108, 0.06, [4, 1, -1], 3.61
2009-08-25, Steady Climb, 1, +3.87, +1.39, 59.3, 24.92, 0.0099, 0.06, [4, 1, 1], 2.24
2009-08-26, Steady Climb, 1, +3.18, +1.48, 61.9, 24.95, 0.0079, 0.06, [4, 1, 1], 2.24
2009-08-27, Steady Climb, 1, +2.34, +1.42, 58.6, 24.68, 0.0042, 0.06, [4, 1, 1], 2.24
2009-08-28, Steady Climb, 1, +0.27, +1.50, 59.2, 24.76, 0.0012, 0.06, [2, 1, 1], 1.00
2009-08-31, Steady Climb, 1, -0.48, +1.50, 61.5, 26.01, 0.0010, 0.06, [2, 1, 0], 2.00
2009-09-01, Trend Pullback, 2, -2.91, +1.56, 46.9, 29.15, -0.0014, 0.06, [0, 0, 0], 1.41
2009-09-02, Trend Pullback, 2, -3.25, +1.32, 42.6, 28.90, -0.0071, 0.06, [0, 0, 0], 1.41
2009-09-03, Trend Pullback, 2, -2.69, +1.00, 49.7, 27.10, -0.0103, 0.06, [0, 0, 0], 1.41
2009-09-04, Trend Pullback, 2, -1.22, +0.72, 66.6, 25.26, -0.0076, 0.06, [1, 2, 0], 2.24
2009-09-08, Steady Climb, 1, +0.47, +0.83, 66.3, 25.62, -0.0003, 0.06, [2, 2, 0], 2.24
2009-09-09, Steady Climb, 1, +3.54, +1.01, 66.7, 24.32, 0.0074, 0.06, [4, 2, 1], 2.45
2009-09-10, Steady Climb, 1, +4.97, +1.07, 66.7, 23.55, 0.0095, 0.07, [4, 2, 1], 2.45
2009-09-11, Steady Climb, 1, +3.94, +1.41, 58.9, 24.15, 0.0095, 0.07, [4, 1, 1], 2.24
2009-09-14, Steady Climb, 1, +3.24, +1.78, 62.0, 23.86, 0.0068, 0.08, [4, 1, 1], 2.24
2009-09-15, Steady Climb, 1, +2.66, +2.06, 62.3, 23.42, 0.0054, 0.07, [4, 1, 1], 2.24
2009-09-16, Steady Climb, 1, +3.42, +1.94, 67.5, 23.69, 0.0041, 0.08, [4, 2, 1], 2.45
2009-09-17, Steady Climb, 1, +2.04, +2.09, 64.8, 23.65, 0.0056, 0.08, [4, 1, 1], 2.24
2009-09-18, Steady Climb, 1, +2.45, +2.19, 66.8, 23.92, 0.0061, 0.08, [4, 2, 1], 2.45
2009-09-21, Steady Climb, 1, +1.46, +2.39, 69.6, 24.06, 0.0048, 0.09, [3, 2, 1], 1.73
2009-09-22, Steady Climb, 1, +1.81, +2.75, 88.0, 23.08, 0.0022, 0.09, [3, 2, 1], 1.73
2009-09-23, Steady Climb, 1, -0.74, +3.14, 81.7, 23.49, 0.0005, 0.09, [1, 2, 1], 1.73
2009-09-24, Steady Climb, 1, -1.38, +3.35, 72.4, 24.95, -0.0006, 0.09, [1, 2, 1], 1.73
2009-09-25, Trend Pullback, 2, -2.24, +3.36, 64.1, 25.61, -0.0037, 0.09, [0, 1, 0], 1.00
2009-09-28, Steady Climb, 1, -0.16, +3.29, 67.3, 24.88, -0.0058, 0.09, [2, 2, 1], 1.41
2009-09-29, Trend Pullback, 2, -1.03, +3.44, 63.2, 25.19, -0.0032, 0.09, [1, 1, 0], 2.00
2009-09-30, Steady Climb, 1, -0.36, +3.37, 56.7, 25.61, 0.0011, 0.08, [2, 1, 0], 2.00
2009-10-01, Trend Pullback, 2, -1.99, +2.83, 44.7, 28.27, 0.0028, 0.07, [1, 0, 0], 2.24
2009-10-02, Volatile Chop, 5, -1.84, +1.77, 39.9, 28.68, -0.0034, 0.06, [1, -2, 0], 3.00
2009-10-05, Trend Pullback, 2, -2.12, +0.72, 45.4, 26.84, -0.0102, 0.06, [0, 0, 0], 1.41
2009-10-06, Trend Pullback, 2, -0.56, +0.06, 44.6, 25.70, -0.0068, 0.05, [-1, 0, 0], 1.00
2009-10-07, Trend Pullback, 2, +0.05, -0.29, 46.9, 24.68, 0.0006, 0.05, [-1, 0, 1], 1.41
2009-10-08, Trend Pullback, 2, +3.46, -0.52, 49.0, 24.18, 0.0080, 0.05, [0, 0, 1], 1.73
2009-10-09, Steady Climb, 1, +4.51, -0.50, 52.5, 23.12, 0.0091, 0.05, [1, 1, 1], 1.41
2009-10-12, Steady Climb, 1, +3.43, -0.45, 51.7, 23.01, 0.0068, 0.05, [1, 1, 1], 1.41
2009-10-13, Trend Pullback, 2, +1.75, -0.27, 54.9, 22.99, 0.0053, 0.05, [0, 1, 1], 1.41
2009-10-14, Steady Climb, 1, +3.26, -0.12, 65.2, 22.86, 0.0038, 0.06, [2, 2, 1], 1.41
2009-10-15, Steady Climb, 1, +2.92, +0.52, 69.5, 21.72, 0.0050, 0.07, [4, 2, 1], 2.45
2009-10-16, Steady Climb, 1, +1.51, +1.14, 60.0, 21.43, 0.0061, 0.07, [3, 1, 1], 1.41
2009-10-19, Steady Climb, 1, +2.02, +1.63, 64.1, 21.49, 0.0042, 0.08, [4, 1, 1], 2.24
2009-10-20, Steady Climb, 1, +1.67, +2.18, 62.6, 20.90, 0.0041, 0.08, [3, 1, 1], 1.41
2009-10-21, Steady Climb, 1, -0.97, +2.70, 71.9, 22.22, -0.0001, 0.08, [1, 2, 1], 1.73
2009-10-22, Steady Climb, 1, -0.33, +2.87, 77.2, 20.69, -0.0025, 0.08, [2, 2, 1], 1.41
2009-10-23, Steady Climb, 1, -0.74, +3.02, 66.0, 22.27, -0.0006, 0.08, [1, 2, 1], 1.73
2009-10-26, Trend Pullback, 2, -2.82, +2.81, 55.1, 24.31, -0.0033, 0.08, [0, 1, 1], 1.41
2009-10-27, Trend Pullback, 2, -2.53, +2.67, 52.4, 24.83, -0.0047, 0.08, [0, 1, 1], 1.41
2009-10-28, Trend Pullback, 2, -3.59, +2.43, 41.5, 27.91, -0.0059, 0.08, [0, 0, 0], 1.41
2009-10-29, Trend Pullback, 2, -2.45, +1.83, 48.2, 24.76, -0.0110, 0.07, [0, 0, 1], 1.73
2009-10-30, Orderly Decline, 3, -4.02, +1.16, 38.7, 30.69, -0.0050, 0.07, [0, -2, 0], 2.45
2009-11-02, Trend Pullback, 2, -2.26, -0.06, 41.6, 29.78, -0.0056, 0.07, [-2, 0, 0], 1.41
2009-11-03, Orderly Decline, 3, -1.69, -0.96, 35.8, 28.81, -0.0045, 0.07, [-3, -2, 0], 1.73
2009-11-04, Orderly Decline, 3, +0.37, -1.61, 34.5, 27.72, -0.0017, 0.07, [-2, -2, 0], 1.41
2009-11-05, Trend Pullback, 2, +0.05, -2.18, 43.9, 25.43, -0.0028, 0.07, [-2, 0, 0], 1.41
2009-11-06, Trend Pullback, 2, +3.20, -2.33, 41.3, 24.19, 0.0060, 0.07, [0, 0, 1], 1.73
2009-11-09, Trend Pullback, 2, +4.81, -2.34, 50.6, 23.15, 0.0068, 0.08, [0, 1, 1], 1.41
2009-11-10, Trend Pullback, 2, +4.55, -1.93, 53.4, 22.84, 0.0108, 0.08, [0, 1, 0], 1.00
2009-11-11, Trend Pullback, 2, +4.97, -1.60, 51.7, 23.04, 0.0109, 0.08, [0, 1, 0], 1.00
2009-11-12, Trend Pullback, 2, +1.93, -0.92, 52.3, 24.24, 0.0080, 0.08, [-1, 1, 1], 1.00
2009-11-13, Steady Climb, 1, +2.26, -0.34, 58.4, 23.36, 0.0038, 0.08, [1, 1, 1], 1.41
2009-11-16, Steady Climb, 1, +1.48, +0.20, 63.5, 22.89, -0.0004, 0.08, [1, 1, 1], 1.41
2009-11-17, Steady Climb, 1, +1.58, +1.12, 72.5, 22.41, 0.0025, 0.09, [3, 2, 1], 1.73
2009-11-18, Steady Climb, 1, +1.03, +1.93, 67.2, 21.63, 0.0041, 0.09, [3, 2, 1], 1.73
2009-11-19, Steady Climb, 1, +0.70, +2.55, 76.2, 22.63, 0.0057, 0.09, [3, 2, 1], 1.73
2009-11-20, Steady Climb, 1, -0.19, +3.10, 72.2, 22.19, 0.0003, 0.09, [2, 2, 1], 1.41
2009-11-23, Steady Climb, 1, -0.28, +3.38, 75.1, 21.16, -0.0046, 0.09, [2, 2, 1], 1.41
2009-11-24, Steady Climb, 1, -0.42, +3.66, 74.5, 20.47, -0.0024, 0.10, [2, 2, 1], 1.41
2009-11-25, Steady Climb, 1, +0.07, +3.81, 70.8, 20.48, 0.0003, 0.09, [2, 2, 1], 1.41
2009-11-27, Steady Climb, 1, -0.31, +3.65, 59.1, 24.85, 0.0042, 0.09, [2, 1, 1], 1.00
2009-11-30, Steady Climb, 1, +0.39, +3.48, 51.2, 24.51, 0.0004, 0.08, [2, 1, 1], 1.00
2009-12-01, Steady Climb, 1, +0.24, +2.86, 56.8, 21.92, -0.0032, 0.07, [2, 1, 1], 1.00
2009-12-02, Steady Climb, 1, +0.32, +2.44, 54.9, 21.12, -0.0008, 0.06, [2, 1, 1], 1.00
2009-12-03, Steady Climb, 1, -0.96, +1.97, 55.8, 22.46, 0.0013, 0.05, [1, 1, 1], 1.41
2009-12-04, Steady Climb, 1, +1.33, +1.29, 55.8, 21.25, 0.0028, 0.04, [3, 1, 1], 1.41
2009-12-07, Steady Climb, 1, +0.70, +0.93, 46.8, 22.10, 0.0011, 0.03, [3, 0, 1], 1.73
2009-12-08, Steady Climb, 1, -1.53, +0.52, 41.3, 23.69, -0.0013, 0.03, [1, 0, 1], 1.73
2009-12-09, Trend Pullback, 2, -1.20, +0.26, 43.7, 22.66, -0.0029, 0.03, [0, 0, 1], 1.73
2009-12-10, Trend Pullback, 2, +0.22, +0.07, 53.7, 22.32, -0.0020, 0.03, [0, 1, 1], 1.41
2009-12-11, Trend Pullback, 2, +0.04, +0.05, 57.4, 21.59, -0.0013, 0.03, [0, 1, 1], 1.41
2009-12-14, Steady Climb, 1, +0.98, -0.09, 54.2, 21.15, 0.0015, 0.03, [1, 1, 1], 1.41
2009-12-15, Steady Climb, 1, +1.46, -0.06, 51.1, 21.49, 0.0049, 0.03, [1, 1, 1], 1.41
2009-12-16, Steady Climb, 1, +1.21, +0.11, 49.2, 20.54, 0.0032, 0.03, [1, 0, 1], 1.73
2009-12-17, Trend Pullback, 2, -0.57, +0.31, 52.6, 22.51, 0.0014, 0.03, [0, 1, 1], 1.41
2009-12-18, Steady Climb, 1, -0.36, +0.31, 53.7, 21.68, -0.0023, 0.03, [1, 1, 1], 1.41
2009-12-21, Trend Pullback, 2, -0.01, +0.20, 52.9, 20.49, -0.0032, 0.02, [0, 1, 1], 1.41
2009-12-22, Steady Climb, 1, +0.91, +0.18, 54.7, 19.54, 0.0005, 0.03, [1, 1, 2], 1.00
2009-12-23, Steady Climb, 1, +1.03, +0.42, 61.8, 19.71, 0.0032, 0.03, [2, 1, 2], 0.00
2009-12-24, Steady Climb, 1, +2.77, +0.67, 61.8, 19.47, 0.0057, 0.03, [4, 1, 2], 2.00
2009-12-28, Steady Climb, 1, +2.30, +1.06, 64.3, 19.93, 0.0048, 0.04, [4, 1, 2], 2.00
2009-12-29, Steady Climb, 1, +1.09, +1.14, 72.5, 20.01, 0.0032, 0.04, [3, 2, 1], 1.73
2009-12-30, Steady Climb, 1, +0.75, +1.21, 71.1, 19.96, 0.0021, 0.04, [3, 2, 2], 1.41
2009-12-31, Steady Climb, 1, -0.49, +1.45, 58.3, 21.68, 0.0010, 0.04, [2, 1, 1], 1.00
2010-01-04, Steady Climb, 1, +0.58, +1.50, 64.6, 20.04, -0.0021, 0.04, [3, 1, 1], 1.41
2010-01-05, Steady Climb, 1, +0.77, +1.66, 62.9, 19.35, -0.0001, 0.05, [3, 1, 2], 1.00
2010-01-06, Steady Climb, 1, +0.97, +1.91, 68.0, 19.16, 0.0024, 0.05, [3, 2, 2], 1.41
2010-01-07, Steady Climb, 1, +1.36, +2.08, 69.2, 19.06, 0.0038, 0.05, [3, 2, 2], 1.41
2010-01-08, Steady Climb, 1, +2.68, +2.08, 82.7, 18.13, 0.0050, 0.05, [4, 2, 2], 2.24
2010-01-11, Steady Climb, 1, +1.23, +2.12, 81.7, 17.55, 0.0025, 0.05, [3, 2, 2], 1.41
2010-01-12, Steady Climb, 1, -0.03, +2.22, 66.0, 18.25, 0.0025, 0.05, [2, 2, 2], 1.00
2010-01-13, Steady Climb, 1, +0.75, +2.16, 68.4, 17.85, 0.0003, 0.05, [3, 2, 2], 1.41
2010-01-14, Steady Climb, 1, +0.59, +2.31, 68.5, 17.63, -0.0001, 0.05, [3, 2, 2], 1.41
2010-01-15, Steady Climb, 1, -0.78, +2.36, 55.8, 17.91, 0.0005, 0.05, [1, 1, 2], 1.00
2010-01-19, Steady Climb, 1, +0.28, +2.19, 61.9, 17.58, -0.0008, 0.05, [2, 1, 2], 0.00
2010-01-20, Steady Climb, 1, +0.16, +1.97, 55.6, 18.68, 0.0016, 0.04, [2, 1, 2], 0.00
2010-01-21, Trend Pullback, 2, -2.55, +1.60, 46.1, 22.27, -0.0012, 0.04, [0, 0, 1], 1.73
2010-01-22, Trend Pullback, 2, -4.94, +1.05, 41.7, 27.31, -0.0057, 0.05, [0, 0, 0], 1.41
2010-01-25, Orderly Decline, 3, -3.46, +0.21, 35.8, 25.41, -0.0111, 0.06, [-1, -2, 0], 1.73
2010-01-26, Orderly Decline, 3, -5.05, -0.49, 32.7, 24.55, -0.0140, 0.06, [-3, -2, 1], 1.41
2010-01-27, Orderly Decline, 3, -3.56, -1.11, 35.1, 23.14, -0.0102, 0.07, [-4, -2, 1], 2.24
2010-01-28, Orderly Decline, 3, -2.86, -1.60, 29.8, 23.73, -0.0035, 0.08, [-4, -2, 1], 2.24
2010-01-29, Orderly Decline, 3, -1.64, -2.24, 26.1, 24.62, -0.0013, 0.09, [-3, -2, 1], 1.41
2010-02-01, Orderly Decline, 3, -0.69, -2.97, 32.2, 22.59, -0.0049, 0.09, [-3, -2, 1], 1.41
2010-02-02, Trend Pullback, 2, +1.02, -3.58, 40.1, 21.48, -0.0027, 0.09, [-1, 0, 1], 1.41
2010-02-03, Orderly Decline, 3, -0.02, -3.67, 35.1, 21.60, 0.0015, 0.09, [-2, -2, 1], 1.00
2010-02-04, Orderly Decline, 3, -1.98, -3.75, 27.9, 26.08, 0.0052, 0.10, [-3, -2, 0], 1.73
2010-02-05, Orderly Decline, 3, -0.72, -4.24, 31.0, 26.11, -0.0013, 0.11, [-3, -2, 0], 1.73
2010-02-08, Sharp Decline, 4, -2.98, -4.51, 23.9, 26.51, -0.0082, 0.11, [-4, -2, 0], 2.24
2010-02-09, Sharp Decline, 4, -2.97, -4.75, 31.3, 26.00, -0.0116, 0.11, [-4, -2, 0], 2.24
2010-02-10, Sharp Decline, 4, -2.66, -4.62, 35.0, 25.40, -0.0056, 0.11, [-4, -2, 0], 2.24
2010-02-11, Trend Pullback, 2, +1.44, -4.59, 45.5, 23.96, 0.0013, 0.10, [-1, 0, 1], 1.41
2010-02-12, Trend Pullback, 2, +0.87, -4.15, 42.7, 22.73, 0.0033, 0.10, [-1, 0, 1], 1.41
2010-02-16, Trend Pullback, 2, +3.61, -3.62, 50.8, 22.25, 0.0042, 0.09, [0, 1, 1], 1.41
2010-02-17, Trend Pullback, 2, +2.71, -2.89, 50.6, 21.72, 0.0051, 0.07, [0, 1, 1], 1.41
2010-02-18, Trend Pullback, 2, +3.62, -1.81, 57.2, 20.63, 0.0072, 0.06, [0, 1, 1], 1.41
2010-02-19, Trend Pullback, 2, +2.85, -0.74, 62.1, 20.02, 0.0073, 0.06, [0, 1, 1], 1.41
2010-02-22, Steady Climb, 1, +3.02, +0.07, 57.2, 19.94, 0.0071, 0.06, [2, 1, 2], 0.00
2010-02-23, Steady Climb, 1, -0.02, +0.48, 46.7, 21.37, 0.0033, 0.06, [1, 0, 1], 1.73
2010-02-24, Steady Climb, 1, +0.52, +0.75, 52.9, 20.27, -0.0008, 0.06, [3, 1, 1], 1.41
2010-02-25, Steady Climb, 1, -0.34, +1.11, 69.3, 20.10, -0.0016, 0.06, [2, 2, 1], 1.41
2010-02-26, Steady Climb, 1, -0.42, +1.50, 68.8, 19.50, -0.0014, 0.06, [2, 2, 2], 1.00
2010-03-01, Steady Climb, 1, +0.69, +1.70, 78.5, 19.26, 0.0001, 0.07, [3, 2, 2], 1.41
2010-03-02, Steady Climb, 1, +2.17, +1.86, 75.9, 19.06, 0.0037, 0.07, [4, 2, 2], 2.24
2010-03-03, Steady Climb, 1, +1.23, +2.24, 78.0, 18.83, 0.0035, 0.07, [3, 2, 2], 1.41
2010-03-04, Steady Climb, 1, +1.82, +2.80, 76.4, 18.72, 0.0041, 0.08, [3, 2, 2], 1.41
2010-03-05, Steady Climb, 1, +3.10, +3.31, 82.6, 17.42, 0.0035, 0.08, [4, 2, 2], 2.24
2010-03-08, Steady Climb, 1, +2.04, +3.46, 78.1, 17.79, 0.0044, 0.08, [4, 2, 2], 2.24
2010-03-09, Steady Climb, 1, +1.98, +3.54, 77.3, 17.92, 0.0053, 0.08, [3, 2, 2], 1.41
2010-03-10, Steady Climb, 1, +2.40, +3.39, 76.6, 18.57, 0.0051, 0.08, [4, 2, 2], 2.24
2010-03-11, Steady Climb, 1, +2.43, +3.41, 77.3, 18.06, 0.0041, 0.08, [4, 2, 2], 2.24
2010-03-12, Steady Climb, 1, +0.99, +3.34, 78.3, 17.58, 0.0026, 0.07, [3, 2, 2], 1.41
2010-03-15, Steady Climb, 1, +1.05, +3.31, 95.5, 18.00, 0.0028, 0.07, [3, 2, 2], 1.41
2010-03-16, Steady Climb, 1, +1.67, +3.14, 95.4, 17.69, 0.0021, 0.07, [3, 2, 2], 1.41
2010-03-17, Steady Climb, 1, +1.80, +3.28, 99.3, 16.91, 0.0024, 0.08, [3, 2, 2], 1.41
2010-03-18, Steady Climb, 1, +1.36, +3.50, 98.7, 16.62, 0.0036, 0.08, [3, 2, 2], 1.41
2010-03-19, Steady Climb, 1, +0.86, +3.72, 88.3, 16.97, 0.0041, 0.08, [3, 2, 2], 1.41
2010-03-22, Steady Climb, 1, +1.33, +3.81, 88.9, 16.87, 0.0022, 0.08, [3, 2, 2], 1.41
2010-03-23, Steady Climb, 1, +1.27, +3.89, 90.2, 16.35, 0.0005, 0.08, [3, 2, 2], 1.41
2010-03-24, Steady Climb, 1, +0.13, +3.79, 81.4, 17.55, 0.0014, 0.08, [2, 2, 2], 1.00
2010-03-25, Steady Climb, 1, -0.01, +3.65, 73.5, 18.40, 0.0015, 0.07, [2, 2, 2], 1.00
2010-03-26, Steady Climb, 1, +0.58, +3.35, 74.2, 17.77, 0.0012, 0.06, [3, 2, 2], 1.41
2010-03-29, Steady Climb, 1, +0.64, +2.99, 76.1, 17.59, -0.0006, 0.06, [3, 2, 2], 1.41
2010-03-30, Steady Climb, 1, -0.08, +2.81, 74.0, 17.13, -0.0003, 0.06, [2, 2, 2], 1.00
2010-03-31, Steady Climb, 1, +0.15, +2.58, 66.9, 17.59, 0.0016, 0.05, [2, 2, 2], 1.00
2010-04-01, Steady Climb, 1, +1.06, +2.22, 71.5, 17.47, 0.0012, 0.04, [3, 2, 2], 1.41
2010-04-05, Steady Climb, 1, +1.79, +1.98, 74.9, 17.02, 0.0016, 0.04, [3, 2, 2], 1.41
2010-04-06, Steady Climb, 1, +1.38, +2.04, 72.3, 16.23, 0.0028, 0.04, [3, 2, 2], 1.41
2010-04-07, Steady Climb, 1, +0.78, +2.05, 62.0, 16.62, 0.0043, 0.04, [3, 1, 2], 1.00
2010-04-08, Steady Climb, 1, +1.45, +1.91, 64.5, 16.48, 0.0032, 0.04, [3, 1, 2], 1.00
2010-04-09, Steady Climb, 1, +1.38, +1.85, 73.6, 16.14, 0.0010, 0.04, [3, 2, 2], 1.41
2010-04-12, Steady Climb, 1, +0.76, +1.91, 72.2, 15.58, 0.0009, 0.04, [3, 2, 3], 1.73
2010-04-13, Steady Climb, 1, +0.66, +1.93, 68.8, 16.20, 0.0022, 0.04, [3, 2, 2], 1.41
2010-04-14, Steady Climb, 1, +2.38, +1.91, 81.3, 15.59, 0.0033, 0.05, [4, 2, 3], 2.45
2010-04-15, Steady Climb, 1, +2.13, +2.14, 84.0, 15.89, 0.0042, 0.05, [4, 2, 3], 2.45
2010-04-16, Steady Climb, 1, -0.19, +2.42, 64.8, 18.36, 0.0041, 0.05, [2, 1, 2], 0.00
2010-04-19, Steady Climb, 1, +0.09, +2.35, 64.3, 17.34, 0.0005, 0.05, [2, 1, 2], 0.00
2010-04-20, Steady Climb, 1, +0.82, +2.22, 67.9, 15.73, -0.0015, 0.05, [3, 2, 3], 1.73
2010-04-21, Steady Climb, 1, -0.39, +2.26, 69.8, 16.32, -0.0018, 0.05, [2, 2, 2], 1.00
2010-04-22, Steady Climb, 1, -0.25, +2.36, 67.8, 16.47, 0.0003, 0.05, [2, 2, 2], 1.00
2010-04-23, Steady Climb, 1, +2.11, +2.34, 67.5, 16.62, 0.0034, 0.05, [4, 2, 2], 2.24
2010-04-26, Steady Climb, 1, +1.21, +2.36, 62.8, 17.47, 0.0034, 0.05, [3, 1, 2], 1.00
2010-04-27, Steady Climb, 1, -1.94, +2.23, 50.6, 22.81, 0.0018, 0.05, [1, 1, 1], 1.41
2010-04-28, Steady Climb, 1, -1.21, +1.74, 52.2, 21.08, -0.0034, 0.04, [1, 1, 1], 1.41
2010-04-29, Steady Climb, 1, -0.16, +1.34, 55.1, 18.44, -0.0057, 0.04, [2, 1, 2], 0.00
2010-04-30, Trend Pullback, 2, -2.51, +1.08, 46.5, 22.05, -0.0035, 0.04, [0, 0, 1], 1.73
2010-05-03, Steady Climb, 1, -0.81, +0.61, 51.6, 20.19, -0.0023, 0.04, [1, 1, 1], 1.41
2010-05-04, Orderly Decline, 3, -0.85, +0.49, 39.0, 23.84, 0.0028, 0.04, [0, -2, 1], 2.24
2010-05-05, Orderly Decline, 3, -2.14, -0.02, 37.0, 24.91, -0.0034, 0.05, [-2, -2, 1], 1.00
2010-05-06, Sharp Decline, 4, -6.52, -0.73, 33.5, 32.80, -0.0084, 0.07, [-4, -2, 0], 2.24
2010-05-07, Sharp Decline, 4, -6.39, -1.89, 29.0, 40.95, -0.0138, 0.09, [-4, -2, 0], 2.24
2010-05-10, Orderly Decline, 3, -3.54, -3.09, 40.3, 28.84, -0.0197, 0.10, [-4, 0, 0], 2.45
2010-05-11, Orderly Decline, 3, -1.52, -3.43, 39.9, 28.32, -0.0072, 0.10, [-3, -2, 0], 1.73
2010-05-12, Trend Pullback, 2, +0.50, -3.76, 42.9, 25.52, 0.0010, 0.10, [-2, 0, 0], 1.41
2010-05-13, Volatile Chop, 5, +2.60, -3.58, 38.8, 26.68, 0.0114, 0.10, [0, -2, -1], 2.24
2010-05-14, Orderly Decline, 3, +2.23, -3.54, 36.5, 31.24, 0.0093, 0.10, [0, -2, 0], 2.45
2010-05-17, Orderly Decline, 3, -1.97, -4.03, 40.9, 30.84, -0.0041, 0.11, [-3, 0, 0], 1.73
2010-05-18, Sharp Decline, 4, -3.03, -4.34, 36.7, 33.55, -0.0066, 0.11, [-4, -2, 0], 2.24
2010-05-19, Sharp Decline, 4, -4.83, -4.63, 32.0, 35.32, -0.0110, 0.12, [-4, -2, 0], 2.24
2010-05-20, Sharp Decline, 4, -7.42, -4.90, 29.3, 45.79, -0.0093, 0.13, [-4, -2, 0], 2.24
2010-05-21, Sharp Decline, 4, -4.23, -5.60, 29.4, 40.10, -0.0138, 0.14, [-4, -2, 0], 2.24
2010-05-24, Sharp Decline, 4, -5.57, -5.74, 31.1, 38.32, -0.0138, 0.14, [-4, -2, 0], 2.24
2010-05-25, Sharp Decline, 4, -4.17, -5.96, 32.1, 34.61, -0.0113, 0.15, [-4, -2, 0], 2.24
2010-05-26, Sharp Decline, 4, -4.22, -6.41, 36.6, 35.02, -0.0075, 0.16, [-4, -2, 0], 2.24
2010-05-27, Trend Pullback, 2, +2.94, -6.67, 48.4, 29.68, -0.0019, 0.15, [0, 0, 0], 1.41
2010-05-28, Orderly Decline, 3, +0.16, -6.00, 33.1, 32.07, 0.0023, 0.14, [-2, -2, 0], 1.41
2010-06-01, Orderly Decline, 3, -0.27, -5.68, 30.9, 35.54, 0.0057, 0.13, [-2, -2, 0], 1.41
2010-06-02, Orderly Decline, 3, +2.27, -5.24, 34.4, 30.17, 0.0013, 0.13, [0, -2, 0], 2.45
2010-06-03, Orderly Decline, 3, +3.27, -4.65, 37.8, 29.46, 0.0026, 0.12, [0, -2, 0], 2.45
2010-06-04, Sharp Decline, 4, -3.46, -4.02, 35.3, 35.48, 0.0008, 0.12, [-4, -2, 0], 2.24
2010-06-07, Sharp Decline, 4, -3.57, -4.42, 33.0, 36.57, -0.0016, 0.13, [-4, -2, 0], 2.24
2010-06-08, Orderly Decline, 3, -0.81, -5.21, 38.2, 33.70, -0.0070, 0.13, [-3, -2, 0], 1.73
2010-06-09, Sharp Decline, 4, -3.89, -4.97, 38.1, 33.73, -0.0119, 0.13, [-4, -2, 0], 2.24
2010-06-10, Trend Pullback, 2, -1.45, -4.74, 53.2, 30.57, -0.0089, 0.11, [-3, 1, 0], 2.00
2010-06-11, Trend Pullback, 2, +2.51, -3.66, 50.9, 28.79, 0.0045, 0.09, [0, 1, 0], 1.00
2010-06-14, Trend Pullback, 2, +3.73, -2.61, 53.7, 28.58, 0.0098, 0.08, [0, 1, 0], 1.00
2010-06-15, Trend Pullback, 2, +5.01, -1.83, 58.6, 25.87, 0.0082, 0.08, [0, 1, 0], 1.00
2010-06-16, Trend Pullback, 2, +5.58, -0.60, 60.0, 25.92, 0.0109, 0.07, [0, 1, -1], 1.41
2010-06-17, Steady Climb, 1, +2.69, +0.40, 53.2, 25.05, 0.0071, 0.07, [3, 1, 0], 2.24
2010-06-18, Steady Climb, 1, +2.37, +1.34, 57.5, 23.95, 0.0066, 0.08, [4, 1, 1], 2.24
2010-06-21, Steady Climb, 1, +2.16, +1.61, 62.2, 24.88, 0.0051, 0.08, [4, 1, 1], 2.24
2010-06-22, Trend Pullback, 2, -1.79, +2.01, 49.1, 27.05, -0.0001, 0.08, [1, 0, 0], 2.24
2010-06-23, Trend Pullback, 2, -2.02, +1.89, 46.7, 26.91, -0.0038, 0.08, [0, 0, 0], 1.41
2010-06-24, Trend Pullback, 2, -3.79, +1.70, 53.1, 29.74, -0.0065, 0.08, [0, 1, 0], 1.00
2010-06-25, Trend Pullback, 2, -3.65, +1.12, 60.0, 28.53, -0.0101, 0.08, [0, 1, 0], 1.00
2010-06-28, Trend Pullback, 2, -3.47, +1.13, 55.1, 29.00, -0.0088, 0.08, [0, 1, 0], 1.00
2010-06-29, Trend Pullback, 2, -4.94, +0.94, 45.2, 34.13, -0.0055, 0.09, [0, 0, 0], 1.41
2010-06-30, Orderly Decline, 3, -5.62, -0.00, 28.2, 34.54, -0.0098, 0.10, [-2, -2, 0], 1.41
2010-07-01, Sharp Decline, 4, -4.31, -0.62, 24.8, 32.86, -0.0118, 0.11, [-4, -2, 0], 2.24
2010-07-02, Sharp Decline, 4, -5.03, -1.11, 24.2, 30.12, -0.0139, 0.12, [-4, -2, 0], 2.24
2010-07-06, Sharp Decline, 4, -4.33, -2.15, 10.4, 29.65, -0.0115, 0.12, [-4, -2, 0], 2.24
2010-07-07, Orderly Decline, 3, +1.83, -3.28, 30.8, 26.84, -0.0033, 0.12, [-1, -2, 0], 1.73
2010-07-08, Orderly Decline, 3, +3.84, -3.73, 34.8, 25.71, 0.0056, 0.12, [0, -2, 0], 2.45
2010-07-09, Orderly Decline, 3, +4.92, -4.14, 37.4, 24.98, 0.0115, 0.12, [0, -2, 0], 2.45
2010-07-12, Orderly Decline, 3, +5.49, -3.97, 38.7, 24.43, 0.0142, 0.12, [0, -2, 0], 2.45
2010-07-13, Trend Pullback, 2, +6.54, -3.69, 50.0, 24.56, 0.0109, 0.12, [0, 1, 0], 1.00
2010-07-14, Trend Pullback, 2, +3.29, -3.20, 51.1, 24.89, 0.0072, 0.12, [0, 1, 1], 1.41
2010-07-15, Trend Pullback, 2, +2.45, -2.30, 58.7, 25.14, 0.0061, 0.11, [0, 1, 0], 1.00
2010-07-16, Orderly Decline, 3, -1.21, -1.37, 46.3, 26.25, 0.0050, 0.11, [-3, 0, 0], 1.73
2010-07-19, Orderly Decline, 3, -0.70, -0.85, 49.0, 25.97, -0.0025, 0.10, [-3, 0, 0], 1.73
2010-07-20, Trend Pullback, 2, -1.08, -0.13, 64.8, 23.93, -0.0072, 0.09, [-1, 1, 1], 1.00
2010-07-21, Trend Pullback, 2, -2.34, +0.77, 63.3, 25.64, -0.0045, 0.09, [0, 1, 0], 1.00
2010-07-22, Steady Climb, 1, -0.26, +1.23, 69.8, 24.63, -0.0032, 0.09, [2, 2, 1], 1.41
2010-07-23, Steady Climb, 1, +3.55, +2.02, 73.4, 23.47, 0.0051, 0.10, [4, 2, 1], 2.45
2010-07-26, Steady Climb, 1, +4.08, +2.65, 74.4, 22.73, 0.0065, 0.10, [4, 2, 1], 2.45
2010-07-27, Steady Climb, 1, +2.80, +3.46, 68.2, 23.19, 0.0086, 0.11, [4, 2, 1], 2.45
2010-07-28, Steady Climb, 1, +3.42, +4.16, 62.4, 24.25, 0.0099, 0.11, [4, 1, 1], 2.24
2010-07-29, Steady Climb, 1, +0.72, +4.16, 58.3, 24.13, 0.0033, 0.10, [3, 1, 1], 1.41
2010-07-30, Steady Climb, 1, -0.10, +3.83, 58.1, 23.50, -0.0010, 0.09, [2, 1, 1], 1.00
2010-08-02, Steady Climb, 1, +0.97, +3.35, 60.3, 22.01, -0.0035, 0.08, [3, 1, 1], 1.41
2010-08-03, Steady Climb, 1, +0.59, +3.03, 58.2, 22.63, 0.0017, 0.07, [3, 1, 1], 1.41
2010-08-04, Steady Climb, 1, +1.91, +2.56, 59.6, 22.21, 0.0047, 0.07, [3, 1, 1], 1.41
2010-08-05, Steady Climb, 1, +2.20, +2.55, 73.6, 22.10, 0.0062, 0.07, [4, 2, 1], 2.45
2010-08-06, Steady Climb, 1, +1.82, +2.58, 69.8, 21.74, 0.0044, 0.07, [3, 2, 1], 1.73
2010-08-09, Steady Climb, 1, +0.17, +2.60, 68.3, 22.14, -0.0003, 0.07, [2, 2, 1], 1.41
2010-08-10, Steady Climb, 1, +0.05, +2.64, 72.6, 22.37, 0.0008, 0.07, [2, 2, 1], 1.41
2010-08-11, Trend Pullback, 2, -3.35, +2.78, 48.3, 25.39, -0.0010, 0.07, [0, 0, 0], 1.41
2010-08-12, Trend Pullback, 2, -3.75, +2.42, 41.9, 25.73, -0.0068, 0.07, [0, 0, 0], 1.41
2010-08-13, Orderly Decline, 3, -3.78, +2.01, 33.8, 26.24, -0.0106, 0.07, [0, -2, 0], 2.45
2010-08-16, Orderly Decline, 3, -4.29, +1.06, 34.2, 26.10, -0.0125, 0.07, [0, -2, 0], 2.45
2010-08-17, Orderly Decline, 3, -2.54, +0.19, 44.1, 24.33, -0.0086, 0.07, [-2, 0, 1], 1.00
2010-08-18, Trend Pullback, 2, +0.43, -0.31, 46.7, 24.59, 0.0002, 0.06, [-1, 0, 1], 1.41
2010-08-19, Orderly Decline, 3, -0.74, -1.02, 40.0, 26.44, 0.0032, 0.06, [-3, 0, 0], 1.73
2010-08-20, Orderly Decline, 3, -0.70, -1.65, 25.3, 25.49, 0.0007, 0.07, [-3, -2, 0], 1.73
2010-08-23, Orderly Decline, 3, -1.11, -2.17, 25.6, 25.66, -0.0030, 0.08, [-3, -2, 0], 1.73
2010-08-24, Sharp Decline, 4, -3.72, -2.51, 17.9, 27.46, -0.0069, 0.08, [-4, -2, 0], 2.24
2010-08-25, Sharp Decline, 4, -3.55, -3.02, 20.5, 26.70, -0.0088, 0.09, [-4, -2, 0], 2.24
2010-08-26, Sharp Decline, 4, -2.64, -3.51, 19.9, 27.37, -0.0058, 0.10, [-4, -2, 0], 2.24
2010-08-27, Orderly Decline, 3, -0.66, -4.11, 26.5, 24.45, -0.0057, 0.10, [-3, -2, 1], 1.41
2010-08-30, Orderly Decline, 3, -1.73, -4.37, 24.9, 27.21, -0.0010, 0.10, [-3, -2, 0], 1.73
2010-08-31, Orderly Decline, 3, -0.24, -4.43, 32.2, 26.05, 0.0003, 0.10, [-2, -2, 0], 1.41
2010-09-01, Trend Pullback, 2, +2.37, -4.45, 48.8, 23.89, -0.0010, 0.10, [0, 0, 1], 1.73
2010-09-02, Trend Pullback, 2, +4.09, -3.81, 53.8, 23.19, 0.0047, 0.09, [0, 1, 1], 1.41
2010-09-03, Trend Pullback, 2, +3.75, -2.98, 58.0, 21.31, 0.0075, 0.08, [0, 1, 1], 1.41
2010-09-07, Trend Pullback, 2, +4.09, -1.96, 49.8, 23.80, 0.0139, 0.07, [0, 0, 0], 1.41
2010-09-08, Trend Pullback, 2, +4.72, -1.00, 51.5, 23.25, 0.0099, 0.07, [0, 1, 1], 1.41
2010-09-09, Steady Climb, 1, +2.21, +0.01, 59.6, 22.81, 0.0035, 0.07, [2, 1, 1], 1.00
2010-09-10, Steady Climb, 1, +1.78, +0.64, 62.6, 21.99, 0.0020, 0.08, [3, 1, 1], 1.41
2010-09-13, Steady Climb, 1, +1.57, +1.22, 67.2, 21.21, 0.0020, 0.08, [3, 2, 1], 1.73
2010-09-14, Steady Climb, 1, +2.68, +1.87, 74.1, 21.56, 0.0063, 0.09, [4, 2, 1], 2.45
2010-09-15, Steady Climb, 1, +2.38, +2.45, 74.2, 22.10, 0.0055, 0.10, [4, 2, 1], 2.45
2010-09-16, Steady Climb, 1, +1.85, +3.23, 78.4, 21.72, 0.0047, 0.10, [3, 2, 1], 1.73
2010-09-17, Steady Climb, 1, +1.45, +3.98, 75.4, 22.01, 0.0030, 0.11, [3, 2, 1], 1.73
2010-09-20, Steady Climb, 1, +1.85, +4.41, 88.6, 21.50, 0.0010, 0.11, [3, 2, 1], 1.73
2010-09-21, Steady Climb, 1, +1.67, +4.94, 86.5, 22.35, 0.0038, 0.12, [3, 2, 1], 1.73
2010-09-22, Steady Climb, 1, +0.82, +5.26, 77.4, 22.51, 0.0042, 0.12, [3, 2, 1], 1.73
2010-09-23, Steady Climb, 1, +0.02, +5.14, 67.7, 23.87, 0.0030, 0.11, [2, 2, 1], 1.41
2010-09-24, Steady Climb, 1, +2.05, +4.82, 70.5, 21.71, -0.0009, 0.11, [4, 2, 1], 2.45
2010-09-27, Steady Climb, 1, -0.05, +4.61, 74.8, 22.54, -0.0003, 0.10, [2, 2, 1], 1.41
2010-09-28, Steady Climb, 1, +0.69, +4.42, 74.4, 22.60, 0.0017, 0.09, [3, 2, 1], 1.73
2010-09-29, Steady Climb, 1, +0.92, +3.96, 70.8, 23.25, 0.0039, 0.07, [3, 2, 1], 1.73
2010-09-30, Steady Climb, 1, +1.46, +3.30, 66.5, 23.70, 0.0034, 0.07, [3, 2, 1], 1.73
2010-10-01, Steady Climb, 1, -0.21, +2.94, 63.7, 22.50, -0.0011, 0.06, [2, 1, 1], 1.00
2010-10-04, Steady Climb, 1, -0.45, +2.72, 58.2, 23.53, 0.0001, 0.06, [2, 1, 1], 1.00
2010-10-05, Steady Climb, 1, +1.14, +2.51, 65.3, 21.76, -0.0017, 0.06, [3, 2, 1], 1.73
2010-10-06, Steady Climb, 1, +1.33, +2.39, 65.1, 21.49, 0.0024, 0.05, [3, 2, 1], 1.73
2010-10-07, Steady Climb, 1, +1.48, +2.26, 63.8, 21.56, 0.0045, 0.05, [3, 1, 1], 1.41
2010-10-08, Steady Climb, 1, +1.65, +2.10, 60.4, 20.71, 0.0040, 0.05, [3, 1, 1], 1.41
2010-10-11, Steady Climb, 1, +2.49, +2.05, 62.1, 18.96, 0.0046, 0.05, [4, 1, 2], 2.00
2010-10-12, Steady Climb, 1, +0.78, +2.11, 67.0, 18.93, 0.0012, 0.05, [3, 2, 2], 1.41
2010-10-13, Steady Climb, 1, +1.56, +2.15, 75.8, 19.07, 0.0023, 0.05, [3, 2, 2], 1.41
2010-10-14, Steady Climb, 1, +1.36, +2.30, 65.0, 19.88, 0.0038, 0.05, [3, 2, 2], 1.41
2010-10-15, Steady Climb, 1, +0.95, +2.31, 71.4, 19.03, 0.0026, 0.05, [3, 2, 2], 1.41
2010-10-18, Steady Climb, 1, +1.66, +2.29, 72.5, 19.09, 0.0022, 0.06, [3, 2, 2], 1.41
2010-10-19, Steady Climb, 1, -0.33, +2.58, 60.8, 20.63, 0.0024, 0.06, [2, 1, 1], 1.00
2010-10-20, Steady Climb, 1, +0.01, +2.50, 67.3, 19.79, -0.0011, 0.06, [2, 2, 2], 1.00
2010-10-21, Steady Climb, 1, +0.55, +2.47, 66.4, 19.27, -0.0001, 0.05, [3, 2, 2], 1.41
2010-10-22, Steady Climb, 1, +0.59, +2.25, 73.6, 18.78, 0.0001, 0.05, [3, 2, 2], 1.41
2010-10-25, Steady Climb, 1, +0.08, +2.37, 66.3, 19.85, 0.0009, 0.05, [2, 2, 2], 1.00
2010-10-26, Steady Climb, 1, +1.69, +2.36, 67.0, 20.22, 0.0037, 0.05, [3, 2, 1], 1.73
2010-10-27, Steady Climb, 1, +0.36, +2.38, 65.8, 20.71, 0.0017, 0.05, [2, 2, 1], 1.41
2010-10-28, Steady Climb, 1, +0.30, +2.25, 63.1, 20.88, 0.0006, 0.05, [2, 1, 1], 1.00
2010-10-29, Steady Climb, 1, +0.02, +2.03, 62.5, 21.20, -0.0001, 0.04, [2, 1, 1], 1.00
2010-11-01, Steady Climb, 1, -0.10, +1.81, 60.7, 21.83, -0.0006, 0.03, [2, 1, 1], 1.00
2010-11-02, Steady Climb, 1, +0.67, +1.41, 61.2, 21.57, -0.0001, 0.03, [3, 1, 1], 1.41
2010-11-03, Steady Climb, 1, +1.31, +1.44, 67.5, 19.56, 0.0019, 0.03, [3, 2, 2], 1.41
2010-11-04, Steady Climb, 1, +3.15, +1.48, 75.0, 18.52, 0.0032, 0.04, [4, 2, 2], 2.24
2010-11-05, Steady Climb, 1, +3.60, +1.76, 73.9, 18.26, 0.0073, 0.05, [4, 2, 2], 2.24
2010-11-08, Steady Climb, 1, +3.28, +2.12, 91.0, 18.29, 0.0090, 0.06, [4, 2, 2], 2.24
2010-11-09, Steady Climb, 1, +1.66, +2.36, 76.1, 19.08, 0.0072, 0.06, [3, 2, 2], 1.41
2010-11-10, Steady Climb, 1, +1.73, +2.44, 77.2, 18.47, 0.0027, 0.06, [3, 2, 2], 1.41
2010-11-11, Steady Climb, 1, -0.62, +2.66, 70.8, 18.64, -0.0014, 0.06, [1, 2, 2], 1.41
2010-11-12, Trend Pullback, 2, -2.17, +2.68, 58.0, 20.61, -0.0024, 0.06, [0, 1, 1], 1.41
2010-11-15, Trend Pullback, 2, -2.08, +2.47, 57.0, 20.20, -0.0040, 0.06, [0, 1, 1], 1.41
2010-11-16, Trend Pullback, 2, -2.89, +2.34, 48.0, 22.58, -0.0043, 0.06, [0, 0, 1], 1.73
2010-11-17, Trend Pullback, 2, -3.29, +1.62, 47.4, 21.76, -0.0082, 0.06, [0, 0, 1], 1.73
2010-11-18, Steady Climb, 1, -1.39, +1.07, 55.6, 18.75, -0.0076, 0.05, [1, 1, 2], 1.00
2010-11-19, Steady Climb, 1, +0.04, +0.82, 56.3, 18.04, -0.0020, 0.05, [2, 1, 2], 0.00
2010-11-22, Steady Climb, 1, +0.01, +0.63, 51.9, 18.37, 0.0019, 0.05, [2, 1, 2], 0.00
2010-11-23, Steady Climb, 1, +0.20, +0.43, 43.2, 20.63, 0.0051, 0.05, [1, 0, 1], 1.73
2010-11-24, Steady Climb, 1, +1.68, -0.04, 40.6, 19.56, 0.0005, 0.05, [1, 0, 2], 1.41
2010-11-26, Orderly Decline, 3, -0.61, -0.29, 35.4, 22.22, -0.0013, 0.05, [-2, -2, 1], 1.00
2010-11-29, Orderly Decline, 3, -1.00, -0.68, 35.7, 21.53, -0.0017, 0.05, [-3, -2, 1], 1.41
2010-11-30, Orderly Decline, 3, -1.44, -1.10, 36.5, 23.54, -0.0010, 0.05, [-3, -2, 1], 1.41
2010-12-01, Trend Pullback, 2, +2.15, -1.62, 45.5, 21.36, -0.0009, 0.05, [0, 0, 1], 1.73
2010-12-02, Trend Pullback, 2, +1.93, -1.63, 52.6, 19.39, 0.0005, 0.05, [-1, 1, 2], 2.00
2010-12-03, Steady Climb, 1, +2.97, -1.36, 59.1, 18.01, 0.0067, 0.05, [0, 1, 2], 2.00
2010-12-06, Steady Climb, 1, +2.98, -0.72, 59.0, 18.02, 0.0094, 0.05, [0, 1, 2], 2.00
2010-12-07, Steady Climb, 1, +3.66, -0.03, 68.6, 17.99, 0.0085, 0.05, [2, 2, 2], 1.00
2010-12-08, Steady Climb, 1, +1.84, +0.64, 69.6, 17.74, 0.0030, 0.06, [3, 2, 2], 1.41
2010-12-09, Steady Climb, 1, +0.94, +1.21, 66.1, 17.25, 0.0010, 0.06, [3, 2, 2], 1.41
2010-12-10, Steady Climb, 1, +1.28, +1.91, 67.3, 17.61, 0.0018, 0.07, [3, 2, 2], 1.41
2010-12-13, Steady Climb, 1, +1.42, +2.61, 68.4, 17.55, 0.0035, 0.07, [3, 2, 2], 1.41
2010-12-14, Steady Climb, 1, +1.46, +3.05, 80.5, 17.61, 0.0037, 0.07, [3, 2, 2], 1.41
2010-12-15, Steady Climb, 1, +0.57, +3.41, 70.9, 17.94, 0.0028, 0.07, [3, 2, 2], 1.41
2010-12-16, Steady Climb, 1, +0.80, +3.32, 80.7, 17.39, 0.0005, 0.07, [3, 2, 2], 1.41
2010-12-17, Steady Climb, 1, +0.28, +3.25, 82.5, 16.11, -0.0000, 0.07, [2, 2, 2], 1.00
2010-12-20, Steady Climb, 1, +0.53, +3.39, 90.4, 16.41, 0.0007, 0.07, [3, 2, 2], 1.41
2010-12-21, Steady Climb, 1, +1.05, +3.54, 87.7, 16.49, 0.0016, 0.08, [3, 2, 2], 1.41
2010-12-22, Steady Climb, 1, +1.91, +3.71, 85.1, 15.45, 0.0034, 0.07, [3, 2, 3], 1.73
2010-12-23, Steady Climb, 1, +1.12, +3.58, 80.8, 16.47, 0.0034, 0.07, [3, 2, 2], 1.41
2010-12-27, Steady Climb, 1, +1.10, +3.58, 83.6, 17.67, 0.0030, 0.07, [3, 2, 2], 1.41
2010-12-28, Steady Climb, 1, +0.92, +3.36, 83.7, 17.52, 0.0018, 0.06, [3, 2, 2], 1.41
2010-12-29, Steady Climb, 1, +0.41, +3.03, 82.6, 17.28, 0.0005, 0.05, [2, 2, 2], 1.00
2010-12-30, Steady Climb, 1, -0.08, +2.50, 77.3, 17.52, 0.0003, 0.04, [2, 2, 2], 1.00
2010-12-31, Steady Climb, 1, +0.07, +2.22, 72.5, 17.75, 0.0004, 0.04, [2, 2, 2], 1.00
2011-01-03, Steady Climb, 1, +1.14, +2.10, 79.9, 17.61, -0.0000, 0.04, [3, 2, 2], 1.41
2011-01-04, Steady Climb, 1, +0.93, +2.19, 76.9, 17.38, 0.0019, 0.04, [3, 2, 2], 1.41
2011-01-05, Steady Climb, 1, +1.33, +2.15, 88.9, 17.02, 0.0027, 0.04, [3, 2, 2], 1.41
2011-01-06, Steady Climb, 1, +1.27, +2.15, 82.2, 17.40, 0.0039, 0.04, [3, 2, 2], 1.41
2011-01-07, Steady Climb, 1, +1.10, +2.10, 77.9, 17.14, 0.0029, 0.04, [3, 2, 2], 1.41
2011-01-10, Steady Climb, 1, -0.17, +2.02, 73.6, 17.54, 0.0002, 0.04, [2, 2, 2], 1.00
2011-01-11, Steady Climb, 1, +0.34, +1.97, 72.0, 16.89, -0.0005, 0.04, [2, 2, 2], 1.00
2011-01-12, Steady Climb, 1, +0.74, +1.95, 75.8, 16.24, -0.0006, 0.04, [3, 2, 2], 1.41
2011-01-13, Steady Climb, 1, +0.78, +2.06, 75.6, 16.39, 0.0021, 0.04, [3, 2, 2], 1.41
2011-01-14, Steady Climb, 1, +1.71, +1.97, 79.1, 15.46, 0.0031, 0.04, [3, 2, 3], 1.73
2011-01-18, Steady Climb, 1, +1.99, +2.06, 79.4, 15.87, 0.0043, 0.04, [3, 2, 3], 1.73
2011-01-19, Steady Climb, 1, +0.58, +2.12, 65.0, 17.31, 0.0038, 0.04, [3, 1, 2], 1.00
2011-01-20, Steady Climb, 1, -0.44, +1.97, 65.2, 17.99, 0.0002, 0.04, [2, 2, 2], 1.00
2011-01-21, Steady Climb, 1, -0.03, +1.86, 66.8, 18.47, -0.0014, 0.04, [2, 2, 2], 1.00
2011-01-24, Steady Climb, 1, -0.19, +1.82, 63.6, 17.65, -0.0027, 0.04, [2, 1, 2], 0.00
2011-01-25, Steady Climb, 1, -0.30, +1.82, 65.3, 17.59, -0.0005, 0.04, [2, 2, 2], 1.00
2011-01-26, Steady Climb, 1, +1.15, +1.78, 64.8, 16.64, 0.0022, 0.04, [3, 1, 2], 1.00
2011-01-27, Steady Climb, 1, +1.51, +1.79, 68.9, 16.15, 0.0031, 0.04, [3, 2, 2], 1.41
2011-01-28, Steady Climb, 1, -0.55, +1.80, 52.7, 20.04, 0.0030, 0.03, [1, 1, 1], 1.41
2011-01-31, Steady Climb, 1, -0.37, +1.39, 58.5, 19.53, -0.0016, 0.03, [2, 1, 2], 0.00
2011-02-01, Steady Climb, 1, +1.27, +1.09, 64.6, 17.63, -0.0023, 0.03, [3, 1, 2], 1.00
2011-02-02, Steady Climb, 1, +0.57, +1.28, 58.6, 17.30, 0.0007, 0.03, [3, 1, 2], 1.00
2011-02-03, Steady Climb, 1, +0.58, +1.33, 61.0, 16.69, 0.0031, 0.04, [3, 1, 2], 1.00
2011-02-04, Steady Climb, 1, +2.71, +1.48, 58.8, 15.93, 0.0061, 0.04, [4, 1, 3], 2.24
2011-02-07, Steady Climb, 1, +2.56, +1.60, 61.2, 16.28, 0.0037, 0.04, [4, 1, 2], 2.00
2011-02-08, Steady Climb, 1, +1.30, +1.74, 71.4, 15.81, 0.0022, 0.04, [3, 2, 3], 1.73
2011-02-09, Steady Climb, 1, +1.29, +1.86, 70.0, 15.87, 0.0040, 0.04, [3, 2, 3], 1.73
2011-02-10, Steady Climb, 1, +1.13, +1.91, 69.4, 16.09, 0.0031, 0.05, [3, 2, 2], 1.41
2011-02-11, Steady Climb, 1, +1.39, +2.10, 69.3, 15.69, 0.0018, 0.05, [3, 2, 3], 1.73
2011-02-14, Steady Climb, 1, +1.01, +2.30, 70.2, 15.95, 0.0013, 0.05, [3, 2, 3], 1.73
2011-02-15, Steady Climb, 1, +0.26, +2.62, 65.6, 16.37, 0.0018, 0.06, [2, 2, 2], 1.00
2011-02-16, Steady Climb, 1, +1.17, +2.86, 67.3, 16.72, 0.0018, 0.06, [3, 2, 2], 1.41
2011-02-17, Steady Climb, 1, +1.40, +2.95, 86.7, 16.59, 0.0021, 0.06, [3, 2, 2], 1.41
2011-02-18, Steady Climb, 1, +1.04, +3.00, 85.6, 16.43, 0.0020, 0.06, [3, 2, 2], 1.41
2011-02-22, Steady Climb, 1, -1.27, +3.04, 54.6, 20.80, 0.0026, 0.06, [1, 1, 1], 1.41
2011-02-23, Steady Climb, 1, -1.55, +2.72, 51.9, 22.13, -0.0014, 0.05, [1, 1, 1], 1.41
2011-02-24, Trend Pullback, 2, -2.26, +2.24, 49.4, 21.32, -0.0063, 0.05, [0, 0, 1], 1.73
2011-02-25, Steady Climb, 1, -1.53, +1.82, 54.6, 19.22, -0.0079, 0.05, [1, 1, 2], 1.00
2011-02-28, Steady Climb, 1, -1.18, +1.62, 54.2, 18.35, -0.0042, 0.04, [1, 1, 2], 1.00
2011-03-01, Steady Climb, 1, -0.69, +1.13, 42.0, 21.01, 0.0028, 0.04, [1, 0, 1], 1.73
2011-03-02, Steady Climb, 1, +0.08, +0.42, 44.4, 20.70, 0.0015, 0.04, [1, 0, 1], 1.73
2011-03-03, Steady Climb, 1, +1.90, +0.04, 53.4, 18.60, -0.0007, 0.04, [1, 1, 2], 1.00
2011-03-04, Steady Climb, 1, +0.10, -0.06, 47.1, 19.06, 0.0003, 0.03, [0, 0, 2], 2.24
2011-03-07, Orderly Decline, 3, -1.29, -0.30, 42.3, 20.66, 0.0010, 0.03, [-2, 0, 1], 1.00
2011-03-08, Orderly Decline, 3, +1.19, -0.66, 48.0, 19.82, 0.0015, 0.03, [-1, 0, 2], 1.73
2011-03-09, Trend Pullback, 2, +0.89, -0.73, 44.4, 20.22, 0.0004, 0.03, [-1, 0, 1], 1.41
2011-03-10, Orderly Decline, 3, -2.69, -0.73, 36.3, 21.88, -0.0016, 0.04, [-4, -2, 1], 2.24
2011-03-11, Orderly Decline, 3, -1.28, -1.14, 38.7, 20.08, -0.0032, 0.04, [-3, -2, 1], 1.41
2011-03-14, Orderly Decline, 3, -1.05, -1.37, 43.7, 21.13, -0.0030, 0.04, [-3, 0, 1], 1.41
2011-03-15, Orderly Decline, 3, -3.02, -1.57, 42.0, 24.32, -0.0052, 0.05, [-4, 0, 1], 2.24
2011-03-16, Sharp Decline, 4, -4.78, -1.87, 36.5, 29.40, -0.0060, 0.06, [-4, -2, 0], 2.24
2011-03-17, Orderly Decline, 3, -1.65, -2.53, 37.6, 26.37, -0.0078, 0.07, [-3, -2, 0], 1.73
2011-03-18, Orderly Decline, 3, -1.92, -2.71, 36.9, 24.44, -0.0079, 0.06, [-3, -2, 1], 1.41
2011-03-21, Orderly Decline, 3, +0.15, -2.65, 47.8, 20.61, -0.0033, 0.06, [-2, 0, 1], 1.00
2011-03-22, Trend Pullback, 2, +0.93, -2.18, 46.0, 20.21, 0.0043, 0.06, [-1, 0, 1], 1.41
2011-03-23, Orderly Decline, 3, +3.23, -2.14, 39.9, 19.17, 0.0076, 0.06, [0, -2, 2], 2.45
2011-03-24, Steady Climb, 1, +2.82, -2.15, 46.6, 18.00, 0.0047, 0.06, [0, 0, 2], 2.24
2011-03-25, Steady Climb, 1, +2.70, -1.99, 51.1, 17.91, 0.0046, 0.06, [0, 1, 2], 2.00
2011-03-28, Orderly Decline, 3, +0.91, -1.56, 46.2, 19.44, 0.0036, 0.06, [-1, 0, 2], 1.73
2011-03-29, Orderly Decline, 3, +1.98, -1.05, 49.8, 18.16, 0.0037, 0.06, [-1, 0, 2], 1.73
2011-03-30, Steady Climb, 1, +2.37, -0.72, 61.5, 17.71, 0.0033, 0.06, [0, 1, 2], 2.00
2011-03-31, Steady Climb, 1, +1.23, -0.25, 57.8, 17.74, 0.0032, 0.06, [0, 1, 2], 2.00
2011-04-01, Steady Climb, 1, +1.42, +0.52, 63.2, 17.40, 0.0032, 0.06, [3, 1, 2], 1.00
2011-04-04, Steady Climb, 1, +1.73, +1.23, 70.9, 17.50, 0.0038, 0.06, [3, 2, 2], 1.41
2011-04-05, Steady Climb, 1, +1.00, +1.75, 88.8, 17.25, 0.0023, 0.07, [3, 2, 2], 1.41
2011-04-06, Steady Climb, 1, +0.55, +2.43, 87.0, 16.90, 0.0012, 0.07, [3, 2, 2], 1.41
2011-04-07, Steady Climb, 1, +0.58, +3.10, 83.9, 17.11, 0.0015, 0.07, [3, 2, 2], 1.41
2011-04-08, Steady Climb, 1, -0.32, +3.32, 72.5, 17.87, 0.0004, 0.07, [2, 2, 2], 1.00
2011-04-11, Steady Climb, 1, -0.63, +3.55, 73.5, 16.59, -0.0006, 0.07, [1, 2, 2], 1.41
2011-04-12, Steady Climb, 1, -1.39, +3.58, 61.6, 17.09, -0.0018, 0.07, [1, 1, 2], 1.00
2011-04-13, Steady Climb, 1, -1.58, +3.18, 54.0, 16.92, -0.0039, 0.06, [1, 1, 2], 1.00
2011-04-14, Steady Climb, 1, -1.42, +2.34, 50.6, 16.27, -0.0040, 0.05, [1, 1, 2], 1.00
2011-04-15, Steady Climb, 1, -0.64, +1.69, 58.2, 15.32, -0.0028, 0.04, [1, 1, 3], 1.41
2011-04-18, Steady Climb, 1, -1.46, +1.13, 38.6, 16.96, -0.0007, 0.04, [1, -2, 2], 3.16
2011-04-19, Steady Climb, 1, -0.12, +0.61, 37.3, 15.83, -0.0010, 0.03, [2, -2, 3], 3.16
2011-04-20, Steady Climb, 1, +1.21, +0.11, 52.9, 15.07, -0.0010, 0.03, [1, 1, 3], 1.41
2011-04-21, Steady Climb, 1, +1.74, -0.10, 53.2, 14.69, 0.0018, 0.03, [1, 1, 3], 1.41
2011-04-25, Steady Climb, 1, +1.18, -0.08, 51.5, 15.77, 0.0045, 0.03, [1, 1, 3], 1.41
2011-04-26, Steady Climb, 1, +3.23, -0.05, 58.1, 15.62, 0.0063, 0.03, [2, 1, 3], 1.00
2011-04-27, Steady Climb, 1, +3.28, +0.05, 60.5, 15.35, 0.0055, 0.04, [2, 1, 3], 1.00
2011-04-28, Steady Climb, 1, +2.26, +0.36, 63.6, 14.62, 0.0044, 0.04, [3, 1, 3], 1.41
2011-04-29, Steady Climb, 1, +1.96, +0.83, 68.3, 14.75, 0.0049, 0.05, [3, 2, 3], 1.73
2011-05-02, Steady Climb, 1, +1.94, +1.26, 69.3, 15.99, 0.0051, 0.05, [3, 2, 3], 1.73
2011-05-03, Steady Climb, 1, +0.70, +1.70, 73.6, 16.70, 0.0026, 0.05, [3, 2, 2], 1.41
2011-05-04, Steady Climb, 1, -0.62, +2.03, 66.6, 17.08, 0.0002, 0.06, [1, 2, 2], 1.41
2011-05-05, Steady Climb, 1, -1.87, +2.20, 59.3, 18.20, -0.0025, 0.06, [1, 1, 2], 1.00
2011-05-06, Steady Climb, 1, -1.72, +2.21, 59.3, 18.40, -0.0053, 0.06, [1, 1, 2], 1.00
2011-05-09, Steady Climb, 1, -1.10, +2.27, 70.1, 17.16, -0.0047, 0.06, [1, 2, 2], 1.41
2011-05-10, Steady Climb, 1, +0.04, +2.32, 71.0, 15.91, -0.0020, 0.06, [2, 2, 3], 1.41
2011-05-11, Steady Climb, 1, -0.39, +2.43, 55.7, 16.95, 0.0023, 0.05, [2, 1, 2], 0.00
2011-05-12, Steady Climb, 1, +1.01, +2.12, 55.5, 16.03, 0.0023, 0.05, [3, 1, 2], 1.00
2011-05-13, Steady Climb, 1, -0.18, +1.87, 51.1, 17.07, 0.0009, 0.05, [2, 1, 2], 0.00
2011-05-16, Steady Climb, 1, -1.25, +1.41, 41.8, 18.24, -0.0019, 0.05, [1, 0, 2], 1.41
2011-05-17, Orderly Decline, 3, -2.08, +0.88, 36.6, 17.55, -0.0045, 0.04, [0, -2, 2], 2.45
2011-05-18, Steady Climb, 1, -0.10, +0.10, 40.7, 16.23, -0.0034, 0.03, [0, 0, 2], 2.24
2011-05-19, Orderly Decline, 3, -0.37, -0.44, 40.6, 15.52, -0.0018, 0.03, [-1, 0, 3], 2.45
2011-05-20, Orderly Decline, 3, -0.34, -0.69, 37.8, 17.43, 0.0017, 0.03, [-2, -2, 2], 1.41
2011-05-23, Orderly Decline, 3, -0.91, -1.00, 34.4, 18.27, 0.0017, 0.04, [-3, -2, 2], 1.73
2011-05-24, Orderly Decline, 3, -0.96, -1.56, 36.8, 17.82, -0.0023, 0.04, [-3, -2, 2], 1.73
2011-05-25, Orderly Decline, 3, -1.51, -1.93, 43.3, 17.07, -0.0057, 0.04, [-3, 0, 2], 1.73
2011-05-26, Orderly Decline, 3, -1.33, -2.05, 43.4, 16.09, -0.0048, 0.04, [-3, 0, 2], 1.73
2011-05-27, Orderly Decline, 3, -0.16, -1.97, 43.0, 15.98, -0.0009, 0.04, [-2, 0, 3], 2.24
2011-05-31, Steady Climb, 1, +2.11, -1.72, 44.7, 15.45, 0.0027, 0.04, [0, 0, 3], 2.45
2011-06-01, Orderly Decline, 3, -0.13, -1.25, 39.2, 18.30, 0.0052, 0.04, [-2, -2, 2], 1.41
2011-06-02, Orderly Decline, 3, -0.57, -1.26, 35.5, 18.09, 0.0006, 0.04, [-3, -2, 2], 1.73
2011-06-03, Orderly Decline, 3, -1.93, -1.38, 34.9, 17.95, -0.0032, 0.04, [-3, -2, 2], 1.73
2011-06-06, Orderly Decline, 3, -3.38, -1.83, 33.4, 18.49, -0.0073, 0.05, [-4, -2, 2], 2.45
2011-06-07, Orderly Decline, 3, -4.48, -2.34, 33.2, 18.07, -0.0103, 0.06, [-4, -2, 2], 2.45
2011-06-08, Orderly Decline, 3, -2.66, -2.70, 25.5, 18.79, -0.0067, 0.06, [-4, -2, 2], 2.45
2011-06-09, Orderly Decline, 3, -1.82, -2.86, 29.2, 17.77, -0.0064, 0.06, [-3, -2, 2], 1.73
2011-06-10, Orderly Decline, 3, -2.24, -3.02, 27.6, 18.86, -0.0023, 0.07, [-4, -2, 2], 2.45
2011-06-13, Orderly Decline, 3, -1.11, -3.24, 31.6, 19.61, -0.0021, 0.07, [-3, -2, 2], 1.73
2011-06-14, Orderly Decline, 3, +0.23, -3.51, 39.8, 18.26, -0.0027, 0.07, [-2, -2, 2], 1.41
2011-06-15, Orderly Decline, 3, -1.11, -3.58, 32.5, 21.32, -0.0000, 0.08, [-3, -2, 1], 1.41
2011-06-16, Orderly Decline, 3, -1.66, -3.92, 31.2, 22.73, -0.0024, 0.08, [-3, -2, 1], 1.41
2011-06-17, Orderly Decline, 3, +0.04, -3.95, 30.5, 21.85, -0.0010, 0.08, [-2, -2, 1], 1.00
2011-06-20, Orderly Decline, 3, +0.51, -3.76, 27.0, 19.99, -0.0016, 0.07, [-1, -2, 2], 1.73
2011-06-21, Orderly Decline, 3, +0.59, -3.54, 42.8, 18.86, -0.0010, 0.07, [-1, 0, 2], 1.73
2011-06-22, Orderly Decline, 3, +1.72, -3.23, 40.7, 18.52, 0.0055, 0.07, [-1, 0, 2], 1.73
2011-06-23, Orderly Decline, 3, +1.25, -3.03, 43.6, 19.29, 0.0049, 0.07, [-1, 0, 2], 1.73
2011-06-24, Orderly Decline, 3, -0.24, -2.77, 43.2, 21.10, 0.0026, 0.07, [-2, 0, 1], 1.00
2011-06-27, Orderly Decline, 3, +0.14, -2.59, 48.3, 20.56, -0.0025, 0.06, [-2, 0, 1], 1.00
2011-06-28, Trend Pullback, 2, +0.09, -2.07, 55.6, 19.17, -0.0038, 0.04, [-2, 1, 2], 2.24
2011-06-29, Trend Pullback, 2, +1.57, -1.01, 56.0, 17.27, 0.0012, 0.04, [-1, 1, 2], 2.00
2011-06-30, Steady Climb, 1, +2.89, -0.21, 66.7, 16.52, 0.0058, 0.04, [1, 2, 2], 1.41
2011-07-01, Steady Climb, 1, +5.61, +0.76, 70.3, 15.87, 0.0098, 0.06, [4, 2, 3], 2.45
2011-07-05, Steady Climb, 1, +4.51, +1.79, 66.4, 16.06, 0.0107, 0.07, [4, 2, 1], 2.45
2011-07-06, Steady Climb, 1, +3.28, +2.51, 78.1, 16.34, 0.0086, 0.08, [4, 2, 2], 2.24
2011-07-07, Steady Climb, 1, +3.50, +3.16, 79.9, 15.95, 0.0060, 0.09, [4, 2, 3], 2.45
2011-07-08, Steady Climb, 1, +1.75, +3.84, 74.3, 15.95, 0.0048, 0.09, [3, 2, 3], 1.73
2011-07-11, Steady Climb, 1, -1.51, +4.43, 62.4, 18.39, 0.0018, 0.09, [1, 1, 2], 1.00
2011-07-12, Steady Climb, 1, -1.81, +4.30, 55.8, 19.87, -0.0025, 0.09, [1, 1, 2], 1.00
2011-07-13, Steady Climb, 1, -1.61, +4.02, 60.1, 19.91, -0.0064, 0.09, [1, 1, 2], 1.00
2011-07-14, Trend Pullback, 2, -3.28, +4.00, 58.1, 20.80, -0.0077, 0.08, [0, 1, 1], 1.41
2011-07-15, Steady Climb, 1, -2.06, +3.45, 66.1, 19.53, -0.0054, 0.08, [0, 2, 2], 2.24
2011-07-18, Steady Climb, 1, -1.06, +2.97, 58.6, 20.95, -0.0009, 0.07, [1, 1, 1], 1.41
2011-07-19, Steady Climb, 1, +1.00, +2.33, 59.9, 19.21, -0.0014, 0.07, [3, 1, 2], 1.00
2011-07-20, Steady Climb, 1, +0.62, +2.05, 56.5, 19.09, 0.0011, 0.07, [3, 1, 2], 1.00
2011-07-21, Steady Climb, 1, +2.67, +1.96, 57.9, 17.56, 0.0033, 0.07, [4, 1, 2], 2.00
2011-07-22, Steady Climb, 1, +2.19, +1.94, 52.1, 17.52, 0.0056, 0.07, [4, 1, 2], 2.00
2011-07-25, Steady Climb, 1, +2.45, +1.80, 49.8, 19.35, 0.0072, 0.06, [4, 0, 2], 2.24
2011-07-26, Steady Climb, 1, +0.39, +1.22, 47.4, 20.23, 0.0030, 0.05, [2, 0, 1], 1.41
2011-07-27, Orderly Decline, 3, -1.58, +0.64, 34.1, 22.98, 0.0004, 0.05, [1, -2, 1], 3.16
2011-07-28, Orderly Decline, 3, -3.21, -0.14, 35.3, 23.74, -0.0070, 0.05, [-2, -2, 1], 1.00
2011-07-29, Sharp Decline, 4, -3.92, -0.82, 39.6, 25.25, -0.0094, 0.05, [-4, -2, 0], 2.24
2011-08-01, Orderly Decline, 3, -3.78, -1.41, 39.8, 23.66, -0.0094, 0.06, [-4, -2, 1], 2.24
2011-08-02, Orderly Decline, 3, -5.85, -1.72, 30.0, 24.79, -0.0082, 0.07, [-4, -2, 1], 2.24
2011-08-03, Orderly Decline, 3, -3.41, -2.46, 34.5, 23.38, -0.0092, 0.08, [-4, -2, 1], 2.24
2011-08-04, Sharp Decline, 4, -7.73, -2.96, 22.3, 31.66, -0.0099, 0.11, [-4, -2, 0], 2.24
2011-08-05, Sharp Decline, 4, -7.19, -3.98, 23.4, 32.00, -0.0176, 0.13, [-4, -2, 0], 2.24
2011-08-08, Sharp Decline, 4, -13.01, -4.93, 9.9, 48.00, -0.0205, 0.18, [-4, -2, 0], 2.24
2011-08-09, Sharp Decline, 4, -6.50, -7.19, 25.3, 35.06, -0.0282, 0.20, [-4, -2, 0], 2.24
2011-08-10, Sharp Decline, 4, -11.07, -8.48, 17.6, 42.99, -0.0229, 0.23, [-4, -2, 0], 2.24
2011-08-11, Sharp Decline, 4, -2.29, -10.23, 28.2, 39.00, -0.0158, 0.24, [-4, -2, 0], 2.24
2011-08-12, Orderly Decline, 3, -1.72, -11.09, 29.8, 36.36, -0.0044, 0.24, [-3, -2, 0], 1.73
2011-08-15, Orderly Decline, 3, +7.60, -11.54, 34.6, 31.87, 0.0099, 0.24, [0, -2, 0], 2.45
2011-08-16, Sharp Decline, 4, +1.73, -11.58, 35.9, 32.85, 0.0102, 0.24, [-1, -2, -1], 2.24
2011-08-17, Volatile Chop, 5, +6.53, -11.30, 36.5, 31.58, 0.0147, 0.24, [0, -2, -1], 2.24
2011-08-18, Sharp Decline, 4, -2.73, -10.82, 32.8, 42.67, 0.0049, 0.24, [-4, -2, 0], 2.24
2011-08-19, Sharp Decline, 4, -4.69, -10.62, 31.9, 43.05, -0.0077, 0.23, [-4, -2, 0], 2.24
2011-08-22, Sharp Decline, 4, -6.70, -10.34, 34.5, 42.44, -0.0190, 0.23, [-4, -2, 0], 2.24
2011-08-23, Sharp Decline, 4, -2.55, -9.84, 39.1, 36.27, -0.0179, 0.21, [-4, -2, 0], 2.24
2011-08-24, Orderly Decline, 3, -1.36, -8.56, 47.2, 35.90, -0.0068, 0.19, [-3, 0, 0], 1.73
2011-08-25, Trend Pullback, 2, +1.63, -7.23, 45.3, 39.76, 0.0097, 0.18, [-1, 0, 0], 1.00
2011-08-26, Trend Pullback, 2, +4.74, -6.04, 57.9, 35.59, 0.0106, 0.16, [0, 1, -1], 1.41
2011-08-29, Trend Pullback, 2, +7.68, -4.51, 55.5, 32.28, 0.0085, 0.14, [0, 1, 0], 1.00
2011-08-30, Trend Pullback, 2, +4.35, -2.42, 65.7, 32.89, 0.0078, 0.13, [0, 2, 0], 1.41
2011-08-31, Trend Pullback, 2, +3.51, -0.70, 59.4, 31.62, 0.0100, 0.11, [0, 1, 0], 1.00
2011-09-01, Steady Climb, 1, +3.89, +1.27, 55.0, 31.82, 0.0129, 0.11, [4, 1, -1], 3.61
2011-09-02, Steady Climb, 1, -0.24, +2.15, 44.1, 33.92, 0.0055, 0.11, [2, 0, 0], 2.24
2011-09-06, Trend Pullback, 2, -3.71, +2.57, 44.6, 37.00, -0.0069, 0.10, [0, 0, 0], 1.41
2011-09-07, Trend Pullback, 2, -1.18, +1.64, 50.8, 33.38, -0.0117, 0.10, [1, 1, 0], 2.00
2011-09-08, Trend Pullback, 2, -2.71, +1.96, 59.1, 34.32, -0.0067, 0.09, [0, 1, 0], 1.00
2011-09-09, Trend Pullback, 2, -4.17, +1.25, 55.8, 38.52, -0.0011, 0.10, [0, 1, 0], 1.00
2011-09-12, Trend Pullback, 2, -1.00, +0.80, 57.1, 38.59, -0.0016, 0.10, [1, 1, 0], 2.00
2011-09-13, Steady Climb, 1, +0.65, +0.59, 52.2, 36.91, -0.0043, 0.09, [3, 1, 0], 2.24
2011-09-14, Trend Pullback, 2, -0.83, +0.96, 52.3, 34.60, -0.0063, 0.09, [1, 1, 0], 2.00
2011-09-15, Steady Climb, 1, +1.96, +1.42, 60.1, 31.97, 0.0020, 0.10, [3, 1, 0], 2.24
2011-09-16, Steady Climb, 1, +5.35, +2.20, 58.3, 30.98, 0.0112, 0.10, [4, 1, -1], 3.61
2011-09-19, Steady Climb, 1, +3.60, +2.21, 48.6, 32.73, 0.0119, 0.09, [4, 0, -1], 3.74
2011-09-20, Steady Climb, 1, +2.49, +1.67, 47.5, 32.86, 0.0075, 0.07, [4, 0, 0], 3.00
2011-09-21, Volatile Chop, 5, -1.84, +0.98, 39.2, 37.32, 0.0019, 0.07, [1, -2, 0], 3.00
2011-09-22, Orderly Decline, 3, -6.58, +0.28, 35.9, 41.35, -0.0087, 0.08, [-1, -2, 0], 1.73
2011-09-23, Orderly Decline, 3, -6.54, -0.72, 42.2, 41.25, -0.0185, 0.09, [-4, 0, 0], 2.45
2011-09-26, Orderly Decline, 3, -3.42, -1.84, 49.6, 39.02, -0.0179, 0.09, [-4, 0, 0], 2.45
2011-09-27, Orderly Decline, 3, -2.22, -2.27, 45.1, 37.71, -0.0092, 0.09, [-4, 0, 0], 2.45
2011-09-28, Orderly Decline, 3, -1.35, -1.97, 43.0, 41.08, 0.0044, 0.09, [-3, 0, 0], 1.73
2011-09-29, Trend Pullback, 2, +2.73, -1.92, 51.4, 38.84, 0.0071, 0.08, [0, 1, 0], 1.00
2011-09-30, Trend Pullback, 2, -0.44, -1.56, 43.8, 42.96, 0.0032, 0.09, [-2, 0, 0], 1.41
2011-10-03, Sharp Decline, 4, -5.48, -1.75, 36.4, 45.45, -0.0071, 0.10, [-4, -2, 0], 2.24
2011-10-04, Sharp Decline, 4, -4.38, -2.77, 38.4, 40.82, -0.0153, 0.11, [-4, -2, 0], 2.24
2011-10-05, Orderly Decline, 3, -0.61, -3.46, 38.3, 37.81, -0.0101, 0.11, [-3, -2, 0], 1.73
2011-10-06, Trend Pullback, 2, +0.39, -3.27, 41.3, 36.27, -0.0035, 0.11, [-2, 0, 0], 1.41
2011-10-07, Trend Pullback, 2, +2.12, -2.91, 41.6, 36.20, 0.0097, 0.11, [0, 0, 0], 1.41
2011-10-10, Volatile Chop, 5, +8.70, -3.15, 48.9, 33.02, 0.0128, 0.11, [0, 0, -1], 1.00
2011-10-11, Trend Pullback, 2, +6.37, -2.70, 54.9, 32.86, 0.0128, 0.11, [0, 1, -1], 1.41
2011-10-12, Trend Pullback, 2, +5.53, -2.12, 64.5, 31.26, 0.0110, 0.11, [0, 1, -1], 1.41
2011-10-13, Trend Pullback, 2, +3.32, -1.16, 62.7, 30.70, 0.0104, 0.11, [0, 1, -1], 1.41
2011-10-14, Steady Climb, 1, +5.98, +0.04, 61.9, 28.24, 0.0089, 0.12, [2, 1, 0], 2.00
2011-10-17, Steady Climb, 1, +0.50, +1.66, 54.7, 33.39, 0.0056, 0.11, [2, 1, 0], 2.00
2011-10-18, Steady Climb, 1, +2.50, +2.74, 63.7, 31.56, 0.0023, 0.12, [4, 1, 0], 2.83
2011-10-19, Steady Climb, 1, +0.22, +4.14, 58.9, 34.44, 0.0028, 0.12, [2, 1, 0], 2.00
2011-10-20, Steady Climb, 1, +0.97, +4.73, 66.6, 34.78, 0.0011, 0.12, [3, 2, 0], 2.45
2011-10-21, Steady Climb, 1, +1.12, +4.74, 78.5, 31.32, -0.0008, 0.13, [3, 2, 0], 2.45
2011-10-24, Steady Climb, 1, +4.44, +5.06, 77.7, 29.26, 0.0052, 0.14, [4, 2, 0], 3.00
2011-10-25, Steady Climb, 1, +0.30, +5.88, 67.7, 32.22, 0.0070, 0.14, [2, 2, 0], 2.24
2011-10-26, Steady Climb, 1, +2.65, +6.39, 66.6, 29.86, 0.0062, 0.15, [4, 2, 0], 3.00
2011-10-27, Steady Climb, 1, +5.69, +6.63, 74.4, 25.46, 0.0034, 0.16, [4, 2, 0], 3.00
2011-10-28, Steady Climb, 1, +3.78, +7.48, 69.9, 24.53, 0.0063, 0.16, [4, 2, 1], 2.45
2011-10-31, Steady Climb, 1, -0.07, +7.70, 61.2, 29.96, 0.0094, 0.14, [2, 1, 0], 2.00
2011-11-01, Trend Pullback, 2, -0.88, +6.72, 52.0, 34.77, 0.0075, 0.12, [1, 1, 0], 2.00
2011-11-02, Steady Climb, 1, -0.33, +5.40, 55.8, 32.74, -0.0064, 0.11, [2, 1, 0], 2.00
2011-11-03, Trend Pullback, 2, -1.82, +4.54, 56.1, 30.50, -0.0127, 0.10, [1, 1, 0], 2.00
2011-11-04, Trend Pullback, 2, -2.48, +4.19, 59.2, 30.16, -0.0050, 0.09, [0, 1, 0], 1.00
2011-11-07, Steady Climb, 1, +0.62, +3.44, 56.7, 29.85, 0.0034, 0.09, [3, 1, 0], 2.24
2011-11-08, Steady Climb, 1, +4.73, +3.28, 62.4, 27.48, 0.0079, 0.09, [4, 1, 0], 2.83
2011-11-09, Trend Pullback, 2, -0.71, +3.24, 52.2, 36.16, 0.0062, 0.08, [1, 1, 0], 2.00
2011-11-10, Trend Pullback, 2, -1.70, +2.60, 50.2, 32.81, -0.0033, 0.08, [1, 1, 0], 2.00
2011-11-11, Steady Climb, 1, +0.85, +2.02, 51.6, 30.04, -0.0047, 0.08, [3, 1, 0], 2.24
2011-11-14, Trend Pullback, 2, -0.74, +2.05, 53.9, 31.13, -0.0025, 0.07, [1, 1, 0], 2.00
2011-11-15, Trend Pullback, 2, -1.42, +1.49, 52.8, 31.22, -0.0011, 0.07, [1, 1, 0], 2.00
2011-11-16, Steady Climb, 1, +0.64, +1.32, 40.9, 33.51, 0.0056, 0.06, [3, 0, 0], 2.45
2011-11-17, Volatile Chop, 5, -1.90, +0.55, 37.8, 34.51, -0.0010, 0.06, [1, -2, 0], 3.00
2011-11-18, Orderly Decline, 3, -3.81, -0.46, 42.5, 32.00, -0.0091, 0.07, [-3, 0, 0], 1.73
2011-11-21, Orderly Decline, 3, -4.70, -1.12, 44.7, 32.91, -0.0096, 0.08, [-4, 0, 0], 2.45
2011-11-22, Sharp Decline, 4, -5.55, -1.82, 38.8, 31.97, -0.0127, 0.09, [-4, -2, 0], 2.24
2011-11-23, Sharp Decline, 4, -6.07, -2.89, 28.0, 33.98, -0.0104, 0.11, [-4, -2, 0], 2.24
2011-11-25, Sharp Decline, 4, -4.72, -4.08, 28.7, 34.47, -0.0118, 0.12, [-4, -2, 0], 2.24
2011-11-28, Orderly Decline, 3, -1.90, -4.51, 36.1, 32.13, -0.0122, 0.11, [-3, -2, 0], 1.73
2011-11-29, Orderly Decline, 3, +0.19, -4.26, 32.8, 30.64, -0.0025, 0.11, [-2, -2, 0], 1.41
2011-11-30, Trend Pullback, 2, +4.96, -4.34, 53.7, 27.80, 0.0036, 0.11, [0, 1, 0], 1.00
2011-12-01, Volatile Chop, 5, +7.13, -4.14, 51.1, 27.41, 0.0166, 0.11, [0, 1, -2], 1.00
2011-12-02, Volatile Chop, 5, +7.39, -3.72, 45.3, 27.52, 0.0182, 0.11, [0, 0, -2], 0.00
2011-12-05, Trend Pullback, 2, +5.41, -2.93, 51.3, 27.84, 0.0122, 0.11, [0, 1, -1], 1.41
2011-12-06, Trend Pullback, 2, +5.29, -2.07, 50.2, 28.13, 0.0096, 0.11, [0, 1, 0], 1.00
2011-12-07, Trend Pullback, 2, +1.13, -1.07, 56.5, 28.67, 0.0028, 0.11, [-1, 1, 0], 0.00
2011-12-08, Trend Pullback, 2, -0.82, +0.21, 54.7, 30.59, 0.0038, 0.11, [0, 1, 0], 1.00
2011-12-09, Steady Climb, 1, +0.88, +0.39, 59.3, 26.38, -0.0013, 0.11, [2, 1, 0], 2.00
2011-12-12, Trend Pullback, 2, -1.64, +1.03, 60.4, 25.67, -0.0023, 0.11, [1, 1, 0], 2.00
2011-12-13, Trend Pullback, 2, -2.60, +1.75, 58.8, 25.41, -0.0041, 0.11, [0, 1, 0], 1.00
2011-12-14, Trend Pullback, 2, -3.90, +2.18, 62.4, 26.04, -0.0056, 0.10, [0, 1, 0], 1.00
2011-12-15, Trend Pullback, 2, -1.51, +2.54, 64.1, 25.11, -0.0061, 0.10, [1, 1, 0], 2.00
2011-12-16, Trend Pullback, 2, -2.83, +2.69, 57.9, 24.29, -0.0085, 0.10, [0, 1, 1], 1.41
2011-12-19, Trend Pullback, 2, -2.52, +2.61, 52.8, 24.92, -0.0036, 0.10, [0, 1, 1], 1.41
2011-12-20, Steady Climb, 1, +1.27, +2.31, 48.3, 23.22, -0.0027, 0.10, [3, 0, 1], 1.73
2011-12-21, Steady Climb, 1, +2.63, +2.18, 49.7, 21.43, 0.0039, 0.10, [4, 0, 1], 2.45
2011-12-22, Steady Climb, 1, +3.15, +1.93, 52.7, 21.16, 0.0062, 0.09, [4, 1, 1], 2.24
2011-12-23, Steady Climb, 1, +3.74, +1.33, 52.3, 20.73, 0.0085, 0.07, [4, 1, 1], 2.24
2011-12-27, Steady Climb, 1, +4.98, +0.70, 52.0, 21.91, 0.0105, 0.07, [4, 1, 0], 2.83
2011-12-28, Steady Climb, 1, +0.67, +0.46, 47.0, 23.52, 0.0056, 0.06, [2, 0, 1], 1.41
2011-12-29, Steady Climb, 1, +1.55, -0.09, 58.2, 22.65, 0.0018, 0.06, [1, 1, 1], 1.41
2011-12-30, Steady Climb, 1, +0.29, +0.30, 50.8, 23.40, 0.0002, 0.06, [1, 1, 1], 1.41
2012-01-03, Steady Climb, 1, +0.93, +0.54, 62.6, 22.97, -0.0014, 0.07, [3, 1, 1], 1.41
2012-01-04, Steady Climb, 1, +0.94, +1.04, 67.1, 22.22, 0.0024, 0.07, [3, 2, 1], 1.73
2012-01-05, Steady Climb, 1, +2.51, +1.70, 74.7, 21.48, 0.0054, 0.07, [4, 2, 1], 2.45
2012-01-06, Steady Climb, 1, +1.17, +2.40, 72.2, 20.63, 0.0044, 0.08, [3, 2, 1], 1.73
2012-01-09, Steady Climb, 1, +1.84, +3.06, 72.0, 21.07, 0.0035, 0.08, [3, 2, 1], 1.73
2012-01-10, Steady Climb, 1, +1.18, +3.31, 82.0, 20.69, 0.0006, 0.08, [3, 2, 1], 1.73
2012-01-11, Steady Climb, 1, +1.19, +3.99, 75.6, 21.05, 0.0023, 0.09, [3, 2, 1], 1.73
2012-01-12, Steady Climb, 1, +1.13, +4.32, 75.7, 20.47, 0.0029, 0.09, [3, 2, 1], 1.73
2012-01-13, Steady Climb, 1, +0.88, +4.44, 68.1, 20.91, 0.0037, 0.08, [3, 2, 1], 1.73
2012-01-17, Steady Climb, 1, +1.01, +4.15, 65.7, 22.20, 0.0016, 0.08, [3, 2, 1], 1.73
2012-01-18, Steady Climb, 1, +1.24, +3.86, 70.4, 20.89, -0.0000, 0.08, [3, 2, 1], 1.73
2012-01-19, Steady Climb, 1, +1.70, +3.73, 84.1, 19.87, 0.0022, 0.06, [3, 2, 2], 1.41
2012-01-20, Steady Climb, 1, +1.53, +3.33, 81.7, 18.28, 0.0043, 0.06, [3, 2, 2], 1.41
2012-01-23, Steady Climb, 1, +2.09, +3.35, 87.6, 18.67, 0.0056, 0.06, [4, 2, 2], 2.24
2012-01-24, Steady Climb, 1, +1.62, +3.30, 81.5, 18.91, 0.0040, 0.06, [3, 2, 2], 1.41
2012-01-25, Steady Climb, 1, +1.38, +3.28, 84.4, 18.31, 0.0011, 0.07, [3, 2, 2], 1.41
2012-01-26, Steady Climb, 1, +0.30, +3.52, 75.0, 18.57, 0.0017, 0.07, [2, 2, 2], 1.00
2012-01-27, Steady Climb, 1, +0.07, +3.56, 76.2, 18.53, 0.0012, 0.06, [2, 2, 2], 1.00
2012-01-30, Steady Climb, 1, -0.23, +3.24, 71.9, 19.40, 0.0003, 0.06, [2, 2, 2], 1.00
2012-01-31, Steady Climb, 1, -0.17, +2.98, 66.1, 19.44, -0.0010, 0.05, [2, 2, 2], 1.00
2012-02-01, Steady Climb, 1, -0.15, +2.55, 71.2, 18.55, -0.0025, 0.05, [2, 2, 2], 1.00
2012-02-02, Steady Climb, 1, +0.54, +2.52, 70.6, 17.98, 0.0006, 0.05, [3, 2, 2], 1.41
2012-02-03, Steady Climb, 1, +2.17, +2.43, 82.5, 17.10, 0.0022, 0.05, [4, 2, 2], 2.24
2012-02-06, Steady Climb, 1, +2.39, +2.62, 81.0, 17.76, 0.0057, 0.05, [4, 2, 2], 2.24
2012-02-07, Steady Climb, 1, +2.64, +2.64, 77.8, 17.65, 0.0063, 0.05, [4, 2, 2], 2.24
2012-02-08, Steady Climb, 1, +1.95, +2.65, 76.6, 18.16, 0.0048, 0.05, [3, 2, 2], 1.41
2012-02-09, Steady Climb, 1, +1.99, +2.78, 77.0, 18.63, 0.0038, 0.06, [3, 2, 2], 1.41
2012-02-10, Steady Climb, 1, -0.17, +2.86, 67.4, 20.79, 0.0015, 0.05, [2, 2, 1], 1.41
2012-02-13, Steady Climb, 1, +0.55, +2.77, 72.0, 19.04, 0.0001, 0.05, [3, 2, 2], 1.41
2012-02-14, Steady Climb, 1, +0.26, +2.63, 66.5, 19.54, 0.0002, 0.05, [2, 2, 2], 1.00
2012-02-15, Steady Climb, 1, -0.50, +2.46, 66.8, 21.14, 0.0001, 0.05, [2, 2, 1], 1.41
2012-02-16, Steady Climb, 1, +0.45, +2.32, 74.1, 19.22, -0.0007, 0.05, [2, 2, 2], 1.00
2012-02-17, Steady Climb, 1, +1.38, +2.44, 78.0, 17.78, 0.0016, 0.05, [3, 2, 2], 1.41
2012-02-21, Steady Climb, 1, +0.77, +2.55, 78.7, 18.19, 0.0019, 0.05, [3, 2, 2], 1.41
2012-02-22, Steady Climb, 1, +0.53, +2.63, 71.1, 18.19, 0.0031, 0.05, [3, 2, 2], 1.41
2012-02-23, Steady Climb, 1, +1.51, +2.54, 72.6, 16.80, 0.0024, 0.05, [3, 2, 2], 1.41
2012-02-24, Steady Climb, 1, +0.57, +2.65, 65.6, 17.31, 0.0005, 0.05, [3, 2, 2], 1.41
2012-02-27, Steady Climb, 1, +0.47, +2.62, 67.1, 18.19, 0.0008, 0.05, [2, 2, 2], 1.00
2012-02-28, Steady Climb, 1, +0.73, +2.51, 68.0, 17.96, 0.0014, 0.05, [3, 2, 2], 1.41
2012-02-29, Steady Climb, 1, +0.59, +2.34, 60.7, 18.43, 0.0024, 0.04, [3, 1, 2], 1.00
2012-03-01, Steady Climb, 1, +0.78, +1.98, 63.8, 17.26, 0.0008, 0.04, [3, 1, 2], 1.00
2012-03-02, Steady Climb, 1, +0.28, +1.84, 68.0, 17.29, 0.0011, 0.03, [2, 2, 2], 1.00
2012-03-05, Steady Climb, 1, -0.24, +1.58, 58.8, 18.05, 0.0004, 0.03, [2, 1, 2], 0.00
2012-03-06, Trend Pullback, 2, -2.10, +1.49, 46.1, 20.87, -0.0009, 0.03, [0, 0, 1], 1.73
2012-03-07, Steady Climb, 1, -0.96, +1.06, 55.1, 19.07, -0.0040, 0.03, [1, 1, 2], 1.00
2012-03-08, Steady Climb, 1, -0.60, +0.81, 54.3, 17.95, -0.0051, 0.03, [1, 1, 2], 1.00
2012-03-09, Steady Climb, 1, +0.09, +0.78, 55.2, 17.11, -0.0014, 0.03, [2, 1, 2], 0.00
2012-03-12, Steady Climb, 1, +0.50, +0.83, 54.8, 15.64, 0.0026, 0.03, [2, 1, 3], 1.00
2012-03-13, Steady Climb, 1, +3.91, +0.71, 67.0, 14.80, 0.0053, 0.03, [4, 2, 3], 2.45
2012-03-14, Steady Climb, 1, +3.08, +1.05, 64.2, 15.31, 0.0066, 0.04, [4, 1, 3], 2.24
2012-03-15, Steady Climb, 1, +2.69, +1.28, 66.1, 15.42, 0.0058, 0.04, [4, 2, 3], 2.45
2012-03-16, Steady Climb, 1, +2.43, +1.44, 66.0, 14.47, 0.0062, 0.05, [4, 2, 3], 2.45
2012-03-19, Steady Climb, 1, +2.82, +1.77, 66.3, 15.04, 0.0052, 0.05, [4, 2, 3], 2.45
2012-03-20, Steady Climb, 1, +0.69, +2.16, 67.6, 15.58, 0.0027, 0.06, [3, 2, 3], 1.73
2012-03-21, Steady Climb, 1, +0.62, +2.44, 63.4, 15.13, 0.0021, 0.06, [3, 1, 3], 1.41
2012-03-22, Steady Climb, 1, -0.70, +2.54, 60.2, 15.57, 0.0001, 0.06, [1, 1, 3], 1.41
2012-03-23, Steady Climb, 1, -0.50, +2.52, 64.6, 14.82, -0.0021, 0.06, [1, 1, 3], 1.41
2012-03-26, Steady Climb, 1, +0.48, +2.55, 83.1, 14.26, -0.0027, 0.06, [2, 2, 3], 1.41
2012-03-27, Steady Climb, 1, +0.50, +2.84, 78.5, 15.59, 0.0011, 0.06, [2, 2, 3], 1.41
2012-03-28, Steady Climb, 1, +0.19, +3.08, 70.0, 15.47, 0.0031, 0.06, [2, 2, 3], 1.41
2012-03-29, Steady Climb, 1, +0.75, +3.05, 66.9, 15.48, 0.0029, 0.06, [3, 2, 3], 1.73
2012-03-30, Steady Climb, 1, +0.81, +3.06, 68.5, 15.50, 0.0001, 0.06, [3, 2, 3], 1.73
2012-04-02, Steady Climb, 1, +0.18, +3.03, 63.3, 15.64, -0.0018, 0.06, [2, 1, 3], 1.00
2012-04-03, Steady Climb, 1, +0.06, +3.01, 60.5, 15.66, 0.0011, 0.05, [2, 1, 3], 1.00
2012-04-04, Steady Climb, 1, -0.47, +2.49, 48.1, 16.44, 0.0022, 0.04, [2, 0, 2], 1.00
2012-04-05, Steady Climb, 1, -0.37, +1.82, 46.8, 16.70, -0.0003, 0.04, [2, 0, 2], 1.00
2012-04-09, Steady Climb, 1, -1.87, +1.26, 37.1, 18.81, -0.0030, 0.03, [1, -2, 2], 3.16
2012-04-10, Orderly Decline, 3, -4.26, +0.52, 31.4, 20.39, -0.0065, 0.04, [0, -2, 1], 2.24
2012-04-11, Orderly Decline, 3, -3.16, -0.58, 37.2, 20.02, -0.0092, 0.04, [-4, -2, 1], 2.24
2012-04-12, Orderly Decline, 3, -0.81, -1.13, 48.2, 17.20, -0.0072, 0.04, [-3, 0, 2], 1.73
2012-04-13, Orderly Decline, 3, -1.99, -1.39, 41.3, 19.55, -0.0025, 0.05, [-3, 0, 2], 1.73
2012-04-16, Orderly Decline, 3, -0.91, -1.75, 32.8, 19.55, 0.0004, 0.05, [-3, -2, 2], 1.73
2012-04-17, Steady Climb, 1, +2.37, -2.05, 42.9, 18.46, 0.0017, 0.05, [0, 0, 2], 2.24
2012-04-18, Orderly Decline, 3, +1.20, -1.91, 43.3, 18.64, 0.0019, 0.05, [-1, 0, 2], 1.73
2012-04-19, Orderly Decline, 3, -0.77, -1.89, 41.7, 18.36, 0.0011, 0.05, [-3, 0, 2], 1.73
2012-04-20, Orderly Decline, 3, +0.60, -2.00, 40.3, 17.44, 0.0021, 0.05, [-1, 0, 2], 1.73
2012-04-23, Orderly Decline, 3, -0.19, -2.20, 33.3, 18.97, 0.0003, 0.05, [-2, -2, 2], 1.41
2012-04-24, Orderly Decline, 3, -1.35, -2.48, 36.6, 18.10, -0.0040, 0.05, [-3, -2, 2], 1.73
2012-04-25, Orderly Decline, 3, +0.40, -2.33, 47.4, 16.82, -0.0026, 0.05, [-2, 0, 2], 1.41
2012-04-26, Trend Pullback, 2, +1.67, -1.92, 50.6, 16.24, 0.0015, 0.05, [-1, 1, 2], 2.00
2012-04-27, Trend Pullback, 2, +1.80, -1.45, 56.8, 16.32, 0.0047, 0.05, [-1, 1, 2], 2.00
2012-04-30, Steady Climb, 1, +2.27, -0.95, 64.3, 17.15, 0.0072, 0.05, [0, 1, 2], 2.00
2012-05-01, Steady Climb, 1, +2.47, -0.46, 63.8, 16.60, 0.0046, 0.04, [1, 1, 2], 1.00
2012-05-02, Steady Climb, 1, +0.84, +0.33, 56.2, 16.88, 0.0020, 0.04, [2, 1, 2], 0.00
2012-05-03, Steady Climb, 1, -0.60, +1.01, 59.4, 17.56, 0.0005, 0.04, [1, 1, 2], 1.00
2012-05-04, Steady Climb, 1, -2.44, +1.31, 49.8, 19.16, -0.0014, 0.04, [0, 0, 2], 2.24
2012-05-07, Steady Climb, 1, -2.03, +1.30, 40.7, 18.94, -0.0052, 0.04, [0, 0, 2], 2.24
2012-05-08, Steady Climb, 1, -2.99, +1.08, 40.6, 19.05, -0.0078, 0.04, [0, 0, 2], 2.24
2012-05-09, Trend Pullback, 2, -3.40, +0.43, 40.3, 20.08, -0.0073, 0.04, [-1, 0, 1], 1.41
2012-05-10, Orderly Decline, 3, -2.41, -0.20, 41.2, 18.83, -0.0058, 0.05, [-3, 0, 2], 1.73
2012-05-11, Orderly Decline, 3, -1.15, -0.47, 43.8, 19.89, -0.0028, 0.05, [-2, 0, 2], 1.41
2012-05-14, Orderly Decline, 3, -2.28, -1.03, 36.0, 21.87, -0.0028, 0.06, [-4, -2, 1], 2.24
2012-05-15, Orderly Decline, 3, -2.42, -1.79, 22.5, 21.97, -0.0039, 0.06, [-4, -2, 1], 2.24
2012-05-16, Orderly Decline, 3, -2.20, -2.27, 14.4, 22.27, -0.0051, 0.07, [-4, -2, 1], 2.24
2012-05-17, Orderly Decline, 3, -3.91, -2.84, 9.7, 24.49, -0.0068, 0.08, [-4, -2, 1], 2.24
2012-05-18, Sharp Decline, 4, -4.30, -3.74, 9.3, 25.10, -0.0085, 0.10, [-4, -2, 0], 2.24
2012-05-21, Orderly Decline, 3, -1.67, -4.64, 17.7, 22.01, -0.0085, 0.10, [-3, -2, 1], 1.41
2012-05-22, Orderly Decline, 3, -1.05, -5.29, 18.6, 22.48, -0.0045, 0.11, [-3, -2, 1], 1.41
2012-05-23, Orderly Decline, 3, -0.45, -5.79, 21.5, 22.33, -0.0004, 0.11, [-2, -2, 1], 1.00
2012-05-24, Orderly Decline, 3, +1.21, -5.87, 27.4, 21.54, 0.0037, 0.11, [-1, -2, 1], 1.41
2012-05-25, Orderly Decline, 3, +1.74, -5.67, 26.4, 21.76, 0.0041, 0.10, [-1, -2, 1], 1.41
2012-05-29, Orderly Decline, 3, +1.25, -5.34, 36.8, 21.03, 0.0006, 0.10, [-1, -2, 1], 1.41
2012-05-30, Orderly Decline, 3, -0.25, -4.76, 33.9, 24.14, 0.0023, 0.09, [-2, -2, 1], 1.00
2012-05-31, Orderly Decline, 3, -0.65, -4.23, 31.4, 24.06, 0.0001, 0.08, [-3, -2, 1], 1.41
2012-06-01, Sharp Decline, 4, -3.23, -3.66, 25.8, 26.66, -0.0020, 0.08, [-4, -2, 0], 2.24
2012-06-04, Sharp Decline, 4, -3.01, -3.58, 28.6, 26.12, -0.0080, 0.08, [-4, -2, 0], 2.24
2012-06-05, Orderly Decline, 3, -3.52, -3.68, 33.9, 24.68, -0.0112, 0.08, [-4, -2, 1], 2.24
2012-06-06, Orderly Decline, 3, +0.14, -3.54, 47.1, 22.16, -0.0067, 0.07, [-2, 0, 1], 1.00
2012-06-07, Trend Pullback, 2, +0.36, -2.93, 53.5, 21.72, 0.0013, 0.06, [-2, 1, 1], 1.41
2012-06-08, Trend Pullback, 2, +3.73, -2.40, 60.5, 21.23, 0.0084, 0.06, [0, 1, 1], 1.41
2012-06-11, Trend Pullback, 2, +2.41, -1.60, 47.5, 23.56, 0.0095, 0.05, [0, 0, 1], 1.73
2012-06-12, Trend Pullback, 2, +3.01, -1.07, 52.4, 22.09, 0.0043, 0.05, [0, 1, 1], 1.41
2012-06-13, Trend Pullback, 2, -0.02, -0.49, 48.8, 24.27, 0.0009, 0.05, [-1, 0, 1], 1.41
2012-06-14, Steady Climb, 1, +1.07, -0.14, 52.4, 21.68, -0.0001, 0.05, [1, 1, 1], 1.41
2012-06-15, Steady Climb, 1, +1.30, +0.34, 56.7, 21.11, 0.0010, 0.05, [2, 1, 1], 1.00
2012-06-18, Steady Climb, 1, +2.74, +0.70, 53.6, 18.32, 0.0054, 0.05, [4, 1, 2], 2.00
2012-06-19, Steady Climb, 1, +2.55, +0.87, 63.3, 18.38, 0.0051, 0.06, [4, 1, 2], 2.00
2012-06-20, Steady Climb, 1, +3.10, +1.49, 63.6, 17.24, 0.0075, 0.07, [4, 1, 2], 2.00
2012-06-21, Steady Climb, 1, -0.27, +2.02, 64.4, 20.08, 0.0052, 0.07, [2, 1, 1], 1.00
2012-06-22, Steady Climb, 1, -0.58, +2.10, 66.3, 18.11, -0.0018, 0.07, [1, 2, 2], 1.41
2012-06-25, Trend Pullback, 2, -2.31, +2.33, 57.5, 20.38, -0.0040, 0.07, [0, 1, 1], 1.41
2012-06-26, Steady Climb, 1, -2.80, +2.19, 51.5, 19.72, -0.0083, 0.07, [0, 1, 2], 2.00
2012-06-27, Steady Climb, 1, -1.76, +2.37, 54.8, 19.45, -0.0062, 0.07, [1, 1, 2], 1.00
2012-06-28, Steady Climb, 1, +0.27, +2.45, 51.0, 19.71, -0.0002, 0.07, [2, 1, 2], 0.00
2012-06-29, Steady Climb, 1, +2.03, +2.41, 64.4, 17.08, 0.0005, 0.06, [4, 1, 2], 2.00
2012-07-02, Steady Climb, 1, +3.94, +2.30, 61.9, 16.80, 0.0078, 0.06, [4, 1, 2], 2.00
2012-07-03, Steady Climb, 1, +4.09, +2.12, 67.2, 16.66, 0.0088, 0.06, [4, 2, 2], 2.24
2012-07-05, Steady Climb, 1, +2.68, +2.04, 61.7, 17.50, 0.0088, 0.06, [4, 1, 2], 2.00
2012-07-06, Steady Climb, 1, +1.93, +2.20, 53.6, 17.10, 0.0066, 0.06, [3, 1, 2], 1.00
2012-07-09, Steady Climb, 1, -0.71, +2.10, 52.3, 17.98, -0.0010, 0.06, [1, 1, 2], 1.00
2012-07-10, Steady Climb, 1, -1.76, +2.08, 44.9, 18.72, -0.0034, 0.05, [1, 0, 2], 1.41
2012-07-11, Steady Climb, 1, -2.37, +1.60, 45.5, 17.95, -0.0060, 0.05, [0, 0, 2], 2.24
2012-07-12, Steady Climb, 1, -2.40, +1.30, 53.4, 18.33, -0.0049, 0.05, [0, 1, 2], 2.00
2012-07-13, Steady Climb, 1, +0.16, +0.74, 57.3, 16.74, -0.0037, 0.05, [2, 1, 2], 0.00
2012-07-16, Steady Climb, 1, +0.09, +0.69, 65.3, 17.11, 0.0001, 0.05, [2, 2, 2], 1.00
2012-07-17, Steady Climb, 1, +1.65, +0.77, 66.3, 16.48, 0.0029, 0.05, [3, 2, 2], 1.41
2012-07-18, Steady Climb, 1, +2.34, +1.00, 65.6, 16.16, 0.0046, 0.05, [4, 2, 2], 2.24
2012-07-19, Steady Climb, 1, +3.13, +1.55, 67.9, 15.45, 0.0060, 0.06, [4, 2, 3], 2.45
2012-07-20, Steady Climb, 1, +0.43, +2.09, 50.2, 16.27, 0.0043, 0.05, [2, 1, 2], 0.00
2012-07-23, Steady Climb, 1, -0.23, +1.93, 43.8, 18.62, 0.0023, 0.05, [2, 0, 2], 1.00
2012-07-24, Orderly Decline, 3, -1.86, +1.68, 35.8, 20.47, -0.0027, 0.05, [1, -2, 1], 3.16
2012-07-25, Orderly Decline, 3, -2.54, +0.90, 37.6, 19.34, -0.0071, 0.04, [0, -2, 2], 2.45
2012-07-26, Trend Pullback, 2, -1.20, +0.18, 52.1, 17.53, -0.0075, 0.04, [-1, 1, 2], 2.00
2012-07-27, Steady Climb, 1, +1.71, -0.06, 61.0, 16.70, -0.0013, 0.04, [1, 1, 2], 1.00
2012-07-30, Steady Climb, 1, +2.58, -0.02, 65.4, 18.03, 0.0067, 0.05, [2, 2, 2], 1.00
2012-07-31, Steady Climb, 1, +3.06, +0.44, 62.8, 18.93, 0.0103, 0.05, [3, 1, 1], 1.41
2012-08-01, Steady Climb, 1, +2.80, +0.84, 63.9, 18.96, 0.0079, 0.05, [4, 1, 2], 2.00
2012-08-02, Steady Climb, 1, +0.37, +1.30, 53.1, 17.57, 0.0018, 0.05, [2, 1, 2], 0.00
2012-08-03, Steady Climb, 1, +0.36, +1.50, 61.9, 15.64, -0.0037, 0.05, [2, 1, 3], 1.00
2012-08-06, Steady Climb, 1, +0.64, +1.88, 60.2, 15.95, -0.0002, 0.06, [3, 1, 3], 1.41
2012-08-07, Steady Climb, 1, +1.60, +2.21, 59.7, 15.99, 0.0032, 0.06, [3, 1, 3], 1.41
2012-08-08, Steady Climb, 1, +1.96, +2.41, 58.9, 15.32, 0.0058, 0.06, [3, 1, 3], 1.41
2012-08-09, Steady Climb, 1, +2.77, +2.53, 65.2, 15.28, 0.0060, 0.06, [4, 2, 3], 2.45
2012-08-10, Steady Climb, 1, +1.07, +2.46, 72.6, 14.74, 0.0022, 0.06, [3, 2, 3], 1.73
2012-08-13, Steady Climb, 1, +0.71, +2.68, 79.3, 13.70, 0.0018, 0.06, [3, 2, 3], 1.73
2012-08-14, Steady Climb, 1, +0.18, +2.75, 79.5, 14.85, 0.0007, 0.06, [2, 2, 3], 1.41
2012-08-15, Steady Climb, 1, +0.24, +2.90, 74.9, 14.63, 0.0003, 0.07, [2, 2, 3], 1.41
2012-08-16, Steady Climb, 1, +0.91, +3.16, 69.6, 14.29, 0.0002, 0.07, [3, 2, 3], 1.73
2012-08-17, Steady Climb, 1, +0.87, +3.57, 71.2, 13.45, 0.0015, 0.07, [3, 2, 3], 1.73
2012-08-20, Steady Climb, 1, +1.00, +3.74, 77.2, 14.02, 0.0028, 0.07, [3, 2, 3], 1.73
2012-08-21, Steady Climb, 1, +0.66, +3.64, 76.2, 15.02, 0.0029, 0.06, [3, 2, 3], 1.73
2012-08-22, Steady Climb, 1, +0.57, +3.17, 88.9, 15.11, 0.0013, 0.05, [3, 2, 3], 1.73
2012-08-23, Steady Climb, 1, -0.95, +2.58, 61.6, 15.96, -0.0006, 0.04, [1, 1, 3], 1.41
2012-08-24, Steady Climb, 1, -0.50, +2.07, 65.8, 15.18, -0.0026, 0.04, [2, 2, 3], 1.41
2012-08-27, Steady Climb, 1, -0.54, +2.04, 59.6, 16.35, -0.0018, 0.04, [1, 1, 2], 1.00
2012-08-28, Steady Climb, 1, -0.27, +1.94, 57.5, 16.49, -0.0006, 0.04, [2, 1, 2], 0.00
2012-08-29, Steady Climb, 1, -0.21, +1.70, 58.0, 17.06, -0.0000, 0.03, [2, 1, 2], 0.00
2012-08-30, Steady Climb, 1, -0.19, +1.36, 44.3, 17.83, 0.0011, 0.02, [2, 0, 2], 1.00
2012-08-31, Steady Climb, 1, -0.32, +0.66, 52.0, 17.47, -0.0017, 0.02, [2, 1, 2], 0.00
2012-09-04, Steady Climb, 1, -0.39, +0.41, 50.8, 17.98, -0.0012, 0.02, [1, 1, 2], 1.00
2012-09-05, Steady Climb, 1, -0.42, +0.17, 48.3, 17.74, -0.0009, 0.02, [0, 0, 2], 2.24
2012-09-06, Steady Climb, 1, +1.53, -0.00, 60.2, 15.60, -0.0006, 0.02, [1, 1, 3], 1.41
2012-09-07, Steady Climb, 1, +2.75, +0.25, 61.7, 14.38, 0.0043, 0.03, [3, 1, 3], 1.41
2012-09-10, Steady Climb, 1, +1.60, +0.55, 55.9, 16.28, 0.0063, 0.03, [3, 1, 2], 1.00
2012-09-11, Steady Climb, 1, +2.04, +0.72, 61.0, 16.41, 0.0058, 0.03, [4, 1, 2], 2.00
2012-09-12, Steady Climb, 1, +2.36, +0.89, 62.1, 15.80, 0.0040, 0.03, [4, 1, 3], 2.24
2012-09-13, Steady Climb, 1, +1.95, +1.05, 76.9, 14.05, 0.0003, 0.04, [3, 2, 3], 1.73
2012-09-14, Steady Climb, 1, +1.94, +1.53, 76.2, 14.51, 0.0035, 0.05, [3, 2, 3], 1.73
2012-09-17, Steady Climb, 1, +2.25, +2.16, 73.5, 14.59, 0.0068, 0.06, [4, 2, 3], 2.45
2012-09-18, Steady Climb, 1, +1.80, +2.70, 73.0, 14.18, 0.0058, 0.06, [3, 2, 3], 1.73
2012-09-19, Steady Climb, 1, +1.70, +3.14, 73.1, 13.88, 0.0032, 0.07, [3, 2, 3], 1.73
2012-09-20, Steady Climb, 1, +0.02, +3.47, 80.6, 14.07, -0.0003, 0.07, [2, 2, 3], 1.41
2012-09-21, Steady Climb, 1, -0.38, +3.72, 79.0, 13.98, -0.0008, 0.07, [2, 2, 3], 1.41
2012-09-24, Steady Climb, 1, -0.29, +3.72, 77.7, 14.15, -0.0001, 0.07, [2, 2, 3], 1.41
2012-09-25, Steady Climb, 1, -1.21, +3.73, 67.7, 15.43, -0.0004, 0.07, [1, 2, 3], 1.73
2012-09-26, Steady Climb, 1, -1.90, +3.44, 50.7, 16.81, -0.0030, 0.06, [1, 1, 2], 1.00
2012-09-27, Steady Climb, 1, -0.90, +2.96, 54.8, 14.84, -0.0050, 0.06, [1, 1, 3], 1.41
2012-09-28, Steady Climb, 1, -1.33, +2.67, 56.2, 15.73, -0.0034, 0.05, [1, 1, 3], 1.41
2012-10-01, Steady Climb, 1, -0.85, +2.05, 55.9, 16.32, -0.0019, 0.05, [1, 1, 2], 1.00
2012-10-02, Steady Climb, 1, +0.29, +1.54, 55.1, 15.71, 0.0009, 0.04, [2, 1, 3], 1.00
2012-10-03, Steady Climb, 1, +1.23, +0.96, 43.8, 15.43, 0.0015, 0.03, [3, 0, 3], 1.73
2012-10-04, Steady Climb, 1, +0.98, +0.38, 47.2, 14.55, 0.0009, 0.03, [2, 0, 3], 1.41
2012-10-05, Steady Climb, 1, +1.41, +0.32, 49.8, 14.33, 0.0033, 0.03, [2, 0, 3], 1.41
2012-10-08, Steady Climb, 1, +0.79, +0.31, 47.7, 15.11, 0.0033, 0.03, [2, 0, 3], 1.41
2012-10-09, Orderly Decline, 3, -0.30, +0.05, 39.0, 16.37, 0.0021, 0.03, [0, -2, 2], 2.45
2012-10-10, Orderly Decline, 3, -1.27, -0.39, 35.7, 16.29, -0.0017, 0.03, [-2, -2, 2], 1.41
2012-10-11, Orderly Decline, 3, -1.95, -0.92, 35.9, 15.59, -0.0054, 0.03, [-3, -2, 3], 2.45
2012-10-12, Orderly Decline, 3, -2.21, -1.07, 35.6, 16.14, -0.0056, 0.03, [-4, -2, 2], 2.45
2012-10-15, Orderly Decline, 3, -1.08, -1.15, 49.2, 15.27, -0.0044, 0.03, [-3, 0, 3], 2.45
2012-10-16, Trend Pullback, 2, +0.93, -1.08, 60.7, 15.22, -0.0005, 0.03, [-1, 1, 3], 3.00
2012-10-17, Trend Pullback, 2, +1.98, -0.79, 57.4, 15.07, 0.0036, 0.03, [-1, 1, 3], 3.00
2012-10-18, Steady Climb, 1, +1.71, -0.39, 59.3, 15.03, 0.0057, 0.03, [0, 1, 3], 2.24
2012-10-19, Steady Climb, 1, +0.32, -0.05, 44.9, 17.06, 0.0055, 0.03, [0, 0, 2], 2.24
2012-10-22, Steady Climb, 1, -0.44, -0.05, 44.6, 16.62, -0.0008, 0.03, [0, 0, 2], 2.24
2012-10-23, Orderly Decline, 3, -2.87, -0.05, 34.9, 18.83, -0.0049, 0.04, [-2, -2, 2], 1.41
2012-10-24, Orderly Decline, 3, -3.57, -0.56, 27.9, 18.33, -0.0085, 0.04, [-4, -2, 2], 2.45
2012-10-25, Orderly Decline, 3, -3.04, -1.21, 30.5, 18.12, -0.0083, 0.05, [-4, -2, 2], 2.45
2012-10-26, Orderly Decline, 3, -1.48, -1.56, 31.5, 17.81, -0.0046, 0.05, [-3, -2, 2], 1.73
2012-10-31, Orderly Decline, 3, -1.51, -1.96, 36.0, 18.60, -0.0031, 0.05, [-3, -2, 2], 1.73
2012-11-01, Orderly Decline, 3, +1.02, -2.26, 47.8, 16.69, 0.0001, 0.05, [-1, 0, 2], 1.73
2012-11-02, Orderly Decline, 3, +0.39, -2.27, 42.5, 17.59, 0.0026, 0.05, [-2, 0, 2], 1.41
2012-11-05, Orderly Decline, 3, +0.30, -2.36, 45.4, 18.42, 0.0013, 0.05, [-2, 0, 2], 1.41
2012-11-06, Orderly Decline, 3, +1.17, -2.19, 45.2, 17.58, 0.0009, 0.05, [-1, 0, 2], 1.73
2012-11-07, Orderly Decline, 3, -1.25, -1.80, 28.7, 19.08, 0.0016, 0.05, [-3, -2, 2], 1.73
2012-11-08, Orderly Decline, 3, -3.51, -1.93, 22.7, 18.49, -0.0038, 0.06, [-4, -2, 2], 2.45
2012-11-09, Orderly Decline, 3, -2.43, -2.43, 24.4, 18.61, -0.0070, 0.06, [-4, -2, 2], 2.45
2012-11-12, Orderly Decline, 3, -2.63, -2.95, 29.2, 16.68, -0.0091, 0.07, [-4, -2, 2], 2.45
2012-11-13, Orderly Decline, 3, -3.77, -3.38, 27.6, 16.65, -0.0081, 0.07, [-4, -2, 2], 2.45
2012-11-14, Orderly Decline, 3, -2.80, -3.87, 28.0, 17.92, -0.0028, 0.08, [-4, -2, 2], 2.45
2012-11-15, Orderly Decline, 3, -1.76, -4.37, 28.4, 17.99, -0.0036, 0.09, [-3, -2, 2], 1.73
2012-11-16, Orderly Decline, 3, -1.45, -4.55, 29.7, 16.41, -0.0057, 0.08, [-3, -2, 2], 1.73
2012-11-19, Orderly Decline, 3, +0.50, -4.38, 42.0, 15.24, -0.0044, 0.07, [-2, 0, 3], 2.24
2012-11-20, Orderly Decline, 3, +0.97, -3.73, 42.3, 15.08, 0.0021, 0.07, [-1, 0, 3], 2.45
2012-11-21, Orderly Decline, 3, +2.62, -3.34, 37.4, 15.31, 0.0071, 0.07, [0, -2, 3], 3.00
2012-11-23, Steady Climb, 1, +4.12, -2.83, 48.3, 15.14, 0.0073, 0.07, [0, 0, 3], 2.45
2012-11-26, Steady Climb, 1, +3.41, -2.32, 46.3, 15.50, 0.0073, 0.07, [0, 0, 3], 2.45
2012-11-27, Orderly Decline, 3, +0.87, -1.92, 39.9, 15.92, 0.0043, 0.07, [-1, -2, 3], 2.45
2012-11-28, Trend Pullback, 2, +1.59, -1.55, 56.2, 15.51, 0.0027, 0.06, [-1, 1, 3], 3.00
2012-11-29, Trend Pullback, 2, +1.79, -1.02, 67.1, 15.06, 0.0019, 0.07, [-1, 2, 3], 3.16
2012-11-30, Trend Pullback, 2, +0.50, -0.40, 66.5, 15.87, 0.0012, 0.06, [-1, 2, 3], 3.16
2012-12-03, Steady Climb, 1, +0.23, +0.47, 62.6, 16.64, 0.0026, 0.06, [1, 1, 2], 1.00
2012-12-04, Steady Climb, 1, +0.58, +1.04, 64.3, 17.12, 0.0019, 0.06, [3, 1, 2], 1.00
2012-12-05, Steady Climb, 1, -0.05, +1.64, 77.8, 16.46, -0.0009, 0.06, [2, 2, 2], 1.00
2012-12-06, Steady Climb, 1, -0.14, +2.45, 80.5, 16.58, -0.0016, 0.06, [2, 2, 2], 1.00
2012-12-07, Steady Climb, 1, +0.13, +2.83, 80.0, 15.90, -0.0003, 0.06, [2, 2, 3], 1.41
2012-12-10, Steady Climb, 1, +0.64, +2.97, 72.5, 16.05, 0.0017, 0.06, [3, 2, 2], 1.41
2012-12-11, Steady Climb, 1, +1.48, +3.09, 75.4, 15.57, 0.0022, 0.06, [3, 2, 3], 1.73
2012-12-12, Steady Climb, 1, +1.36, +3.30, 74.6, 15.95, 0.0029, 0.06, [3, 2, 3], 1.73
2012-12-13, Steady Climb, 1, +0.39, +3.35, 57.7, 16.56, 0.0027, 0.06, [2, 1, 2], 0.00
2012-12-14, Steady Climb, 1, -0.32, +2.89, 55.2, 17.00, 0.0009, 0.05, [2, 1, 2], 0.00
2012-12-17, Steady Climb, 1, +0.83, +2.21, 69.8, 16.34, -0.0013, 0.04, [3, 2, 2], 1.41
2012-12-18, Steady Climb, 1, +1.33, +1.79, 71.7, 15.57, -0.0007, 0.04, [3, 2, 3], 1.73
2012-12-19, Steady Climb, 1, +0.51, +1.92, 61.0, 17.36, 0.0033, 0.04, [3, 1, 2], 1.00
2012-12-20, Steady Climb, 1, +1.71, +1.82, 64.1, 17.67, 0.0046, 0.04, [3, 1, 2], 1.00
2012-12-21, Steady Climb, 1, +1.17, +1.81, 59.9, 17.84, 0.0046, 0.04, [3, 1, 2], 1.00
2012-12-24, Steady Climb, 1, -0.26, +1.82, 59.3, 17.84, -0.0002, 0.04, [2, 1, 2], 0.00
2012-12-26, Steady Climb, 1, -1.86, +1.70, 54.8, 19.48, -0.0032, 0.03, [1, 1, 2], 1.00
2012-12-27, Steady Climb, 1, -1.23, +1.33, 51.9, 19.47, -0.0035, 0.03, [1, 1, 2], 1.00
2012-12-28, Trend Pullback, 2, -2.86, +1.09, 43.4, 22.72, -0.0044, 0.03, [0, 0, 1], 1.73
2012-12-31, Steady Climb, 1, -0.28, +0.70, 52.7, 18.02, -0.0045, 0.03, [2, 1, 2], 0.00
2013-01-02, Steady Climb, 1, +2.51, +0.67, 60.2, 14.68, -0.0013, 0.04, [4, 1, 3], 2.24
2013-01-03, Steady Climb, 1, +2.78, +1.04, 59.0, 14.56, 0.0064, 0.04, [4, 1, 3], 2.24
2013-01-04, Steady Climb, 1, +3.41, +1.25, 63.9, 13.83, 0.0097, 0.05, [4, 1, 3], 2.24
2013-01-07, Steady Climb, 1, +4.24, +1.52, 64.4, 13.79, 0.0110, 0.05, [4, 1, 2], 2.00
2013-01-08, Steady Climb, 1, +2.17, +1.71, 58.6, 13.62, 0.0052, 0.05, [4, 1, 3], 2.24
2013-01-09, Steady Climb, 1, -0.10, +1.82, 55.0, 13.81, -0.0005, 0.05, [2, 1, 3], 1.00
2013-01-10, Steady Climb, 1, +0.87, +1.94, 62.6, 13.49, -0.0004, 0.06, [3, 1, 3], 1.41
2013-01-11, Steady Climb, 1, +0.38, +2.30, 60.4, 13.36, 0.0007, 0.06, [2, 1, 3], 1.00
2013-01-14, Steady Climb, 1, +0.60, +2.61, 66.4, 13.52, 0.0024, 0.06, [3, 2, 3], 1.73
2013-01-15, Steady Climb, 1, +1.04, +2.68, 68.8, 13.55, 0.0026, 0.06, [3, 2, 3], 1.73
2013-01-16, Steady Climb, 1, +0.79, +2.61, 72.9, 13.42, 0.0014, 0.06, [3, 2, 3], 1.73
2013-01-17, Steady Climb, 1, +0.60, +2.72, 75.8, 13.57, 0.0001, 0.06, [3, 2, 3], 1.73
2013-01-18, Steady Climb, 1, +0.95, +3.15, 87.6, 12.46, 0.0013, 0.07, [3, 2, 3], 1.73
2013-01-22, Steady Climb, 1, +1.49, +3.42, 85.3, 12.43, 0.0026, 0.07, [3, 2, 3], 1.73
2013-01-23, Steady Climb, 1, +1.53, +3.83, 77.0, 12.46, 0.0036, 0.07, [3, 2, 3], 1.73
2013-01-24, Steady Climb, 1, +1.51, +3.99, 81.1, 12.69, 0.0037, 0.07, [3, 2, 3], 1.73
2013-01-25, Steady Climb, 1, +1.49, +4.00, 81.5, 12.89, 0.0024, 0.07, [3, 2, 3], 1.73
2013-01-28, Steady Climb, 1, +0.96, +3.92, 84.1, 13.57, 0.0024, 0.07, [3, 2, 3], 1.73
2013-01-29, Steady Climb, 1, +1.02, +3.64, 92.9, 13.31, 0.0016, 0.05, [3, 2, 3], 1.73
2013-01-30, Steady Climb, 1, +0.48, +3.10, 83.5, 14.32, 0.0021, 0.05, [2, 2, 3], 1.41
2013-01-31, Steady Climb, 1, +0.22, +2.69, 74.1, 14.28, 0.0013, 0.04, [2, 2, 3], 1.41
2013-02-01, Steady Climb, 1, +0.68, +2.69, 79.8, 12.90, -0.0005, 0.05, [3, 2, 3], 1.73
2013-02-04, Steady Climb, 1, -0.30, +2.79, 64.7, 14.67, 0.0011, 0.05, [2, 1, 3], 1.00
2013-02-05, Steady Climb, 1, +0.23, +2.69, 69.7, 13.72, -0.0009, 0.05, [2, 2, 3], 1.41
2013-02-06, Steady Climb, 1, +0.68, +2.68, 69.9, 13.41, 0.0011, 0.04, [3, 2, 3], 1.73
2013-02-07, Steady Climb, 1, +0.75, +2.54, 65.2, 13.50, 0.0017, 0.04, [3, 2, 3], 1.73
2013-02-08, Steady Climb, 1, +0.31, +2.34, 66.4, 13.02, 0.0006, 0.04, [2, 2, 3], 1.41
2013-02-11, Steady Climb, 1, +1.42, +2.37, 63.3, 12.94, 0.0028, 0.04, [3, 1, 3], 1.41
2013-02-12, Steady Climb, 1, +0.54, +2.31, 63.4, 12.64, 0.0011, 0.04, [3, 1, 3], 1.41
2013-02-13, Steady Climb, 1, +0.54, +2.19, 63.8, 12.98, 0.0015, 0.04, [3, 1, 3], 1.41
2013-02-14, Steady Climb, 1, +0.79, +2.05, 60.8, 12.66, 0.0015, 0.03, [3, 1, 3], 1.41
2013-02-15, Steady Climb, 1, +0.12, +1.84, 61.6, 12.46, 0.0007, 0.03, [2, 1, 3], 1.00
2013-02-19, Steady Climb, 1, +0.92, +1.68, 63.1, 12.31, 0.0005, 0.03, [3, 1, 3], 1.41
2013-02-20, Steady Climb, 1, -0.49, +1.69, 54.9, 14.68, 0.0015, 0.03, [2, 1, 3], 1.00
2013-02-21, Steady Climb, 1, -1.18, +1.47, 52.0, 15.22, -0.0005, 0.03, [1, 1, 3], 1.41
2013-02-22, Steady Climb, 1, -0.38, +1.12, 51.2, 14.17, -0.0030, 0.02, [2, 1, 3], 1.00
2013-02-25, Steady Climb, 1, -2.10, +0.95, 46.6, 18.99, -0.0025, 0.03, [0, 0, 2], 2.24
2013-02-26, Orderly Decline, 3, -2.22, +0.48, 43.4, 16.87, -0.0055, 0.03, [-1, 0, 2], 1.73
2013-02-27, Steady Climb, 1, +0.27, +0.12, 51.5, 14.73, -0.0029, 0.03, [0, 1, 3], 2.24
2013-02-28, Steady Climb, 1, +0.82, +0.15, 52.1, 15.51, 0.0006, 0.03, [1, 1, 3], 1.41
2013-03-01, Steady Climb, 1, +0.17, +0.06, 50.1, 15.36, 0.0017, 0.03, [0, 1, 3], 2.24
2013-03-04, Steady Climb, 1, +2.51, -0.06, 53.2, 14.01, 0.0051, 0.03, [2, 1, 3], 1.00
2013-03-05, Steady Climb, 1, +2.86, +0.13, 57.3, 13.48, 0.0038, 0.03, [2, 1, 3], 1.00
2013-03-06, Steady Climb, 1, +1.68, +0.24, 57.6, 13.53, 0.0038, 0.03, [2, 1, 3], 1.00
2013-03-07, Steady Climb, 1, +1.95, +0.54, 58.1, 13.06, 0.0049, 0.04, [3, 1, 3], 1.41
2013-03-08, Steady Climb, 1, +2.17, +0.86, 60.7, 12.59, 0.0044, 0.04, [4, 1, 3], 2.24
2013-03-11, Steady Climb, 1, +2.03, +1.18, 59.0, 11.56, 0.0036, 0.05, [4, 1, 3], 2.24
2013-03-12, Steady Climb, 1, +0.82, +1.65, 66.2, 12.27, 0.0027, 0.05, [3, 2, 3], 1.73
2013-03-13, Steady Climb, 1, +0.85, +1.99, 72.1, 11.83, 0.0022, 0.05, [3, 2, 3], 1.73
2013-03-14, Steady Climb, 1, +1.23, +2.34, 71.0, 11.30, 0.0014, 0.06, [3, 2, 3], 1.73
2013-03-15, Steady Climb, 1, +0.61, +2.78, 91.4, 11.30, 0.0014, 0.06, [3, 2, 3], 1.73
2013-03-18, Steady Climb, 1, -0.26, +3.14, 81.5, 13.36, 0.0013, 0.06, [2, 2, 3], 1.41
2013-03-19, Steady Climb, 1, -0.27, +3.29, 72.4, 14.39, 0.0004, 0.06, [2, 2, 3], 1.41
2013-03-20, Steady Climb, 1, +0.27, +3.51, 77.1, 12.67, -0.0015, 0.06, [2, 2, 3], 1.41
2013-03-21, Steady Climb, 1, -1.11, +3.56, 65.2, 13.99, -0.0014, 0.06, [1, 2, 3], 1.73
2013-03-22, Steady Climb, 1, -0.24, +3.20, 66.7, 13.57, -0.0015, 0.06, [2, 2, 3], 1.41
2013-03-25, Steady Climb, 1, -0.03, +3.14, 57.0, 13.74, 0.0005, 0.05, [2, 1, 3], 1.00
2013-03-26, Steady Climb, 1, +1.00, +2.50, 61.6, 12.77, 0.0003, 0.04, [3, 1, 3], 1.41
2013-03-27, Steady Climb, 1, +0.27, +2.09, 59.9, 13.15, 0.0010, 0.04, [2, 1, 3], 1.00
2013-03-28, Steady Climb, 1, +1.51, +1.86, 59.6, 12.70, 0.0026, 0.03, [3, 1, 3], 1.41
2013-04-01, Steady Climb, 1, +0.34, +1.64, 53.1, 13.58, 0.0023, 0.03, [2, 1, 3], 1.00
2013-04-02, Steady Climb, 1, +1.20, +1.29, 58.9, 12.78, 0.0017, 0.02, [3, 1, 3], 1.41
2013-04-03, Steady Climb, 1, -0.64, +1.09, 49.6, 14.21, 0.0008, 0.02, [1, 0, 3], 1.73
2013-04-04, Steady Climb, 1, -0.18, +0.82, 48.5, 13.89, -0.0011, 0.02, [2, 0, 3], 1.41
2013-04-05, Steady Climb, 1, -1.01, +0.65, 46.8, 13.92, -0.0017, 0.02, [1, 0, 3], 1.73
2013-04-08, Steady Climb, 1, +0.06, +0.40, 54.7, 13.19, -0.0018, 0.02, [1, 1, 3], 1.41
2013-04-09, Steady Climb, 1, -0.10, +0.39, 58.5, 12.84, -0.0009, 0.02, [1, 1, 3], 1.41
2013-04-10, Steady Climb, 1, +2.19, +0.51, 61.4, 12.36, 0.0021, 0.02, [4, 1, 3], 2.24
2013-04-11, Steady Climb, 1, +2.14, +0.83, 69.8, 12.24, 0.0044, 0.03, [4, 2, 3], 2.45
2013-04-12, Steady Climb, 1, +2.29, +1.21, 64.0, 12.06, 0.0066, 0.03, [4, 1, 3], 2.24
2013-04-15, Steady Climb, 1, -0.69, +1.61, 50.2, 17.27, 0.0049, 0.03, [1, 1, 2], 1.00
2013-04-16, Steady Climb, 1, +0.38, +1.40, 53.5, 13.96, -0.0020, 0.03, [2, 1, 3], 1.00
2013-04-17, Steady Climb, 1, -2.25, +1.39, 46.9, 16.51, -0.0043, 0.03, [0, 0, 2], 2.24
2013-04-18, Steady Climb, 1, -3.25, +0.96, 42.4, 17.56, -0.0063, 0.04, [0, 0, 2], 2.24
2013-04-19, Steady Climb, 1, -2.11, +0.55, 48.2, 14.97, -0.0061, 0.03, [0, 0, 3], 2.45
2013-04-22, Steady Climb, 1, +0.65, +0.15, 47.9, 14.39, -0.0017, 0.03, [1, 0, 3], 1.73
2013-04-23, Steady Climb, 1, +0.27, +0.01, 56.7, 13.48, -0.0013, 0.03, [0, 1, 3], 2.24
2013-04-24, Steady Climb, 1, +1.73, +0.02, 55.2, 13.61, 0.0047, 0.04, [1, 1, 3], 1.41
2013-04-25, Steady Climb, 1, +2.82, +0.18, 58.9, 13.62, 0.0062, 0.04, [2, 1, 3], 1.00
2013-04-26, Steady Climb, 1, +1.74, +0.39, 55.5, 13.61, 0.0048, 0.04, [2, 1, 3], 1.00
2013-04-29, Steady Climb, 1, +1.99, +0.62, 57.0, 13.71, 0.0029, 0.04, [3, 1, 3], 1.41
2013-04-30, Steady Climb, 1, +1.19, +0.89, 53.0, 13.52, 0.0021, 0.04, [3, 1, 3], 1.41
2013-05-01, Steady Climb, 1, +0.25, +1.29, 46.9, 14.49, 0.0029, 0.04, [2, 0, 3], 1.41
2013-05-02, Steady Climb, 1, +0.78, +1.18, 52.4, 13.59, 0.0007, 0.04, [3, 1, 3], 1.41
2013-05-03, Steady Climb, 1, +2.03, +1.34, 69.0, 12.85, 0.0012, 0.05, [4, 2, 3], 2.45
2013-05-06, Steady Climb, 1, +1.50, +1.58, 64.9, 12.66, 0.0026, 0.05, [3, 1, 3], 1.41
2013-05-07, Steady Climb, 1, +1.78, +1.92, 78.4, 12.83, 0.0044, 0.06, [3, 2, 3], 1.73
2013-05-08, Steady Climb, 1, +3.16, +2.39, 86.0, 12.66, 0.0065, 0.06, [4, 2, 3], 2.45
2013-05-09, Steady Climb, 1, +1.82, +3.17, 80.0, 13.13, 0.0050, 0.07, [3, 2, 3], 1.73
2013-05-10, Steady Climb, 1, +1.19, +3.88, 80.0, 12.59, 0.0024, 0.07, [3, 2, 3], 1.73
2013-05-13, Steady Climb, 1, +1.01, +4.58, 76.8, 12.55, 0.0020, 0.07, [3, 2, 3], 1.73
2013-05-14, Steady Climb, 1, +1.50, +4.63, 80.0, 12.77, 0.0010, 0.08, [3, 2, 3], 1.73
2013-05-15, Steady Climb, 1, +1.60, +5.15, 80.4, 12.81, 0.0026, 0.08, [3, 2, 3], 1.73
2013-05-16, Steady Climb, 1, +1.46, +5.32, 76.9, 13.07, 0.0049, 0.08, [3, 2, 3], 1.73
2013-05-17, Steady Climb, 1, +2.07, +5.04, 77.9, 12.45, 0.0035, 0.08, [4, 2, 3], 2.45
2013-05-20, Steady Climb, 1, +1.99, +5.06, 76.5, 13.02, 0.0041, 0.07, [3, 2, 3], 1.73
2013-05-21, Steady Climb, 1, +1.14, +5.01, 86.8, 13.37, 0.0024, 0.08, [3, 2, 3], 1.73
2013-05-22, Steady Climb, 1, -0.21, +5.10, 74.8, 13.82, 0.0022, 0.07, [2, 2, 3], 1.41
2013-05-23, Steady Climb, 1, +0.00, +4.85, 67.3, 14.07, 0.0007, 0.07, [2, 2, 3], 1.41
2013-05-24, Steady Climb, 1, -1.07, +4.53, 65.7, 13.99, -0.0027, 0.06, [1, 2, 3], 1.73
2013-05-28, Steady Climb, 1, -0.37, +4.04, 66.4, 14.48, -0.0031, 0.06, [2, 2, 3], 1.41
2013-05-29, Steady Climb, 1, -1.25, +3.79, 57.2, 14.83, -0.0015, 0.06, [1, 1, 3], 1.41
2013-05-30, Steady Climb, 1, -0.06, +3.33, 62.7, 14.53, -0.0003, 0.05, [2, 1, 3], 1.00
2013-05-31, Steady Climb, 1, -1.20, +2.64, 48.8, 16.30, 0.0004, 0.04, [1, 0, 2], 1.41
2013-06-03, Steady Climb, 1, -0.56, +1.74, 52.5, 16.28, -0.0026, 0.04, [1, 1, 2], 1.00
2013-06-04, Steady Climb, 1, -1.73, +1.20, 42.6, 16.27, -0.0035, 0.03, [1, 0, 2], 1.41
2013-06-05, Orderly Decline, 3, -2.39, +0.54, 32.4, 17.50, -0.0030, 0.04, [0, -2, 2], 2.45
2013-06-06, Orderly Decline, 3, -1.93, -0.33, 40.5, 16.63, -0.0056, 0.04, [-2, 0, 2], 1.41
2013-06-07, Orderly Decline, 3, +0.78, -0.88, 42.0, 15.14, -0.0029, 0.04, [-1, 0, 3], 2.45
2013-06-10, Orderly Decline, 3, +0.15, -1.20, 42.2, 15.44, -0.0002, 0.04, [-2, 0, 3], 2.24
2013-06-11, Orderly Decline, 3, -0.32, -1.45, 36.9, 17.07, 0.0035, 0.04, [-2, -2, 2], 1.41
2013-06-12, Orderly Decline, 3, +0.22, -1.95, 37.0, 18.59, 0.0034, 0.04, [-2, -2, 2], 1.41
2013-06-13, Orderly Decline, 3, +0.85, -2.37, 46.1, 16.41, -0.0023, 0.04, [-1, 0, 2], 1.73
2013-06-14, Orderly Decline, 3, -1.01, -2.26, 44.0, 17.15, -0.0027, 0.04, [-3, 0, 2], 1.73
2013-06-17, Orderly Decline, 3, -0.23, -2.39, 44.6, 16.80, -0.0013, 0.04, [-2, 0, 2], 1.41
2013-06-18, Trend Pullback, 2, +1.58, -2.03, 50.9, 16.61, 0.0024, 0.04, [-1, 1, 2], 2.00
2013-06-19, Orderly Decline, 3, +1.02, -1.47, 44.0, 16.64, 0.0050, 0.03, [-1, 0, 2], 1.73
2013-06-20, Orderly Decline, 3, -2.94, -1.17, 40.7, 20.49, 0.0006, 0.04, [-4, 0, 1], 2.24
2013-06-21, Orderly Decline, 3, -2.11, -1.60, 39.3, 18.90, -0.0055, 0.05, [-4, -2, 2], 2.45
2013-06-24, Orderly Decline, 3, -4.02, -1.96, 37.5, 20.11, -0.0100, 0.06, [-4, -2, 1], 2.24
2013-06-25, Orderly Decline, 3, -3.86, -2.51, 45.4, 18.47, -0.0122, 0.06, [-4, 0, 2], 2.45
2013-06-26, Orderly Decline, 3, -1.58, -2.57, 45.8, 17.21, -0.0060, 0.06, [-3, 0, 2], 1.73
2013-06-27, Orderly Decline, 3, +1.57, -2.50, 43.0, 16.86, 0.0016, 0.05, [-1, 0, 2], 1.73
2013-06-28, Orderly Decline, 3, +0.87, -2.11, 41.8, 16.86, 0.0045, 0.05, [-1, 0, 2], 1.73
2013-07-01, Steady Climb, 1, +2.66, -2.14, 47.4, 16.37, 0.0057, 0.05, [0, 0, 2], 2.24
2013-07-02, Trend Pullback, 2, +1.64, -1.85, 50.4, 16.44, 0.0035, 0.05, [-1, 1, 2], 2.00
2013-07-03, Orderly Decline, 3, +0.76, -1.68, 44.2, 16.20, 0.0014, 0.05, [-1, 0, 2], 1.73
2013-07-05, Trend Pullback, 2, +1.16, -1.82, 51.4, 14.89, 0.0007, 0.05, [-1, 1, 3], 3.00
2013-07-08, Steady Climb, 1, +2.13, -1.52, 50.4, 14.78, 0.0031, 0.05, [0, 1, 3], 2.24
2013-07-09, Steady Climb, 1, +2.31, -0.78, 50.1, 14.35, 0.0042, 0.05, [0, 1, 3], 2.24
2013-07-10, Steady Climb, 1, +2.39, +0.12, 57.4, 14.21, 0.0061, 0.06, [2, 1, 3], 1.00
2013-07-11, Steady Climb, 1, +3.69, +0.76, 80.8, 14.01, 0.0057, 0.06, [4, 2, 3], 2.45
2013-07-12, Steady Climb, 1, +2.96, +1.45, 80.9, 13.84, 0.0059, 0.07, [4, 2, 3], 2.45
2013-07-15, Steady Climb, 1, +2.56, +2.50, 93.8, 13.79, 0.0061, 0.08, [4, 2, 3], 2.45
2013-07-16, Steady Climb, 1, +1.45, +3.37, 87.9, 14.42, 0.0052, 0.08, [3, 2, 3], 1.73
2013-07-17, Steady Climb, 1, +1.71, +4.26, 86.7, 13.78, 0.0033, 0.09, [3, 2, 3], 1.73
2013-07-18, Steady Climb, 1, +0.86, +5.36, 86.5, 13.77, 0.0005, 0.09, [3, 2, 3], 1.73
2013-07-19, Steady Climb, 1, +0.71, +6.17, 92.9, 12.54, 0.0010, 0.09, [3, 2, 3], 1.73
2013-07-22, Steady Climb, 1, +0.77, +6.30, 92.5, 12.29, 0.0019, 0.09, [3, 2, 3], 1.73
2013-07-23, Steady Climb, 1, +0.96, +6.38, 90.3, 12.66, 0.0029, 0.09, [3, 2, 3], 1.73
2013-07-24, Steady Climb, 1, +0.30, +5.95, 84.5, 13.18, 0.0017, 0.08, [2, 2, 3], 1.41
2013-07-25, Steady Climb, 1, +0.05, +5.49, 82.4, 12.97, -0.0004, 0.08, [2, 2, 3], 1.41
2013-07-26, Steady Climb, 1, -0.03, +5.19, 80.9, 12.72, -0.0008, 0.08, [2, 2, 3], 1.41
2013-07-29, Steady Climb, 1, -0.60, +4.93, 71.3, 13.39, -0.0006, 0.07, [1, 2, 3], 1.73
2013-07-30, Steady Climb, 1, -0.38, +4.35, 71.5, 13.39, -0.0005, 0.06, [2, 2, 3], 1.41
2013-07-31, Steady Climb, 1, -0.01, +3.80, 59.7, 13.45, -0.0003, 0.05, [2, 1, 3], 1.00
2013-08-01, Steady Climb, 1, +0.98, +3.13, 68.7, 12.94, -0.0009, 0.05, [3, 2, 3], 1.73
2013-08-02, Steady Climb, 1, +1.07, +2.67, 68.9, 11.98, 0.0018, 0.04, [3, 2, 3], 1.73
2013-08-05, Steady Climb, 1, +1.29, +2.37, 72.6, 11.84, 0.0041, 0.04, [3, 2, 3], 1.73
2013-08-06, Steady Climb, 1, +0.68, +2.06, 61.2, 12.72, 0.0039, 0.03, [3, 1, 3], 1.41
2013-08-07, Steady Climb, 1, +0.31, +1.69, 51.1, 12.98, 0.0014, 0.02, [2, 1, 3], 1.00
2013-08-08, Steady Climb, 1, -0.55, +1.17, 53.6, 12.73, -0.0026, 0.02, [1, 1, 3], 1.41
2013-08-09, Steady Climb, 1, -1.07, +1.04, 47.4, 13.41, -0.0024, 0.02, [1, 0, 3], 1.73
2013-08-12, Steady Climb, 1, -1.04, +0.87, 48.1, 12.81, -0.0019, 0.02, [1, 0, 3], 1.73
2013-08-13, Steady Climb, 1, -0.19, +0.69, 55.5, 12.31, -0.0009, 0.02, [2, 1, 3], 1.00
2013-08-14, Steady Climb, 1, -0.33, +0.47, 46.9, 13.04, -0.0001, 0.02, [1, 0, 3], 1.73
2013-08-15, Orderly Decline, 3, -2.13, +0.17, 35.1, 14.73, -0.0013, 0.02, [-2, -2, 3], 2.24
2013-08-16, Orderly Decline, 3, -2.10, -0.34, 35.4, 14.37, -0.0039, 0.03, [-3, -2, 3], 2.45
2013-08-19, Orderly Decline, 3, -2.57, -0.85, 31.9, 15.10, -0.0061, 0.04, [-4, -2, 3], 3.00
2013-08-20, Orderly Decline, 3, -2.47, -1.39, 35.7, 14.91, -0.0076, 0.04, [-4, -2, 3], 3.00
2013-08-21, Orderly Decline, 3, -2.53, -1.82, 19.4, 15.94, -0.0050, 0.05, [-4, -2, 3], 3.00
2013-08-22, Orderly Decline, 3, -0.26, -2.42, 27.3, 14.76, -0.0024, 0.05, [-2, -2, 3], 2.24
2013-08-23, Orderly Decline, 3, +0.46, -2.69, 31.8, 13.98, -0.0001, 0.05, [-2, -2, 3], 2.24
2013-08-26, Orderly Decline, 3, +0.65, -2.79, 32.7, 14.99, 0.0024, 0.05, [-1, -2, 3], 2.45
2013-08-27, Orderly Decline, 3, -1.32, -3.05, 27.9, 16.77, 0.0018, 0.06, [-3, -2, 2], 1.73
2013-08-28, Orderly Decline, 3, -0.48, -3.63, 26.8, 16.49, -0.0015, 0.06, [-2, -2, 2], 1.41
2013-08-29, Orderly Decline, 3, -1.13, -4.06, 29.8, 16.81, -0.0047, 0.06, [-3, -2, 2], 1.73
2013-08-30, Orderly Decline, 3, -1.84, -4.04, 29.1, 17.01, -0.0044, 0.06, [-3, -2, 2], 1.73
2013-09-03, Orderly Decline, 3, -1.03, -3.95, 30.2, 16.61, -0.0024, 0.06, [-3, -2, 2], 1.73
2013-09-04, Orderly Decline, 3, +1.39, -3.68, 38.6, 15.88, 0.0010, 0.05, [-1, -2, 3], 2.45
2013-09-05, Orderly Decline, 3, +1.23, -3.28, 47.4, 15.77, 0.0023, 0.05, [-1, 0, 3], 2.45
2013-09-06, Orderly Decline, 3, +1.04, -2.88, 49.7, 15.85, 0.0033, 0.05, [-1, 0, 3], 2.45
2013-09-09, Steady Climb, 1, +2.37, -2.32, 60.6, 15.63, 0.0036, 0.04, [0, 1, 3], 2.24
2013-09-10, Steady Climb, 1, +2.70, -1.56, 62.4, 14.53, 0.0039, 0.04, [0, 1, 3], 2.24
2013-09-11, Steady Climb, 1, +2.18, -0.63, 68.9, 13.82, 0.0046, 0.04, [0, 2, 3], 2.45
2013-09-12, Steady Climb, 1, +1.71, +0.46, 61.6, 14.29, 0.0058, 0.04, [2, 1, 3], 1.00
2013-09-13, Steady Climb, 1, +1.98, +1.34, 60.9, 14.16, 0.0044, 0.04, [3, 1, 3], 1.41
2013-09-16, Steady Climb, 1, +1.55, +1.90, 67.7, 14.38, 0.0019, 0.05, [3, 2, 3], 1.73
2013-09-17, Steady Climb, 1, +1.23, +2.48, 88.6, 14.53, 0.0015, 0.05, [3, 2, 3], 1.73
2013-09-18, Steady Climb, 1, +2.15, +2.94, 90.3, 13.59, 0.0026, 0.06, [4, 2, 3], 2.45
2013-09-19, Steady Climb, 1, +2.31, +3.71, 87.5, 13.16, 0.0059, 0.07, [4, 2, 3], 2.45
2013-09-20, Steady Climb, 1, +1.30, +4.17, 82.2, 13.12, 0.0057, 0.07, [3, 2, 3], 1.73
2013-09-23, Steady Climb, 1, +0.25, +4.56, 75.7, 14.31, 0.0025, 0.07, [2, 2, 3], 1.41
2013-09-24, Steady Climb, 1, -0.43, +4.86, 69.8, 14.08, -0.0013, 0.07, [2, 2, 3], 1.41
2013-09-25, Steady Climb, 1, -1.90, +4.93, 66.4, 14.01, -0.0045, 0.07, [1, 2, 3], 1.73
2013-09-26, Steady Climb, 1, -1.37, +4.46, 68.1, 14.06, -0.0042, 0.07, [1, 2, 3], 1.73
2013-09-27, Steady Climb, 1, -1.06, +4.05, 59.0, 15.46, -0.0019, 0.06, [1, 1, 3], 1.41
2013-09-30, Steady Climb, 1, -1.19, +3.49, 48.9, 16.60, -0.0011, 0.05, [1, 0, 2], 1.41
2013-10-01, Steady Climb, 1, -0.14, +2.63, 52.5, 15.54, -0.0019, 0.05, [2, 1, 3], 1.00
2013-10-02, Steady Climb, 1, +0.06, +1.99, 54.6, 16.60, -0.0007, 0.04, [2, 1, 2], 0.00
2013-10-03, Steady Climb, 1, -1.18, +1.47, 46.2, 17.67, -0.0004, 0.04, [1, 0, 2], 1.41
2013-10-04, Steady Climb, 1, -0.07, +0.69, 47.2, 16.74, -0.0008, 0.03, [2, 0, 2], 1.00
2013-10-07, Orderly Decline, 3, -0.32, +0.06, 39.2, 19.41, 0.0001, 0.03, [0, -2, 2], 2.45
2013-10-08, Orderly Decline, 3, -2.33, -0.58, 23.5, 20.34, -0.0025, 0.04, [-4, -2, 1], 2.24
2013-10-09, Orderly Decline, 3, -2.21, -1.32, 24.7, 19.60, -0.0048, 0.04, [-4, -2, 2], 2.45
2013-10-10, Orderly Decline, 3, +0.83, -1.93, 44.4, 16.48, -0.0047, 0.04, [-1, 0, 2], 1.73
2013-10-11, Trend Pullback, 2, +0.75, -2.06, 50.4, 15.72, -0.0009, 0.04, [-1, 1, 3], 3.00
2013-10-14, Steady Climb, 1, +2.03, -1.98, 54.0, 16.07, 0.0053, 0.04, [0, 1, 2], 2.00
2013-10-15, Steady Climb, 1, +2.57, -1.67, 51.6, 18.66, 0.0092, 0.04, [0, 1, 2], 2.00
2013-10-16, Steady Climb, 1, +3.93, -1.44, 56.2, 14.71, 0.0059, 0.04, [0, 1, 3], 2.24
2013-10-17, Steady Climb, 1, +2.40, -0.53, 61.0, 13.48, 0.0030, 0.04, [0, 1, 3], 2.24
2013-10-18, Steady Climb, 1, +2.42, +0.49, 66.6, 13.04, 0.0041, 0.05, [3, 2, 3], 1.73
2013-10-21, Steady Climb, 1, +2.02, +1.47, 64.1, 13.16, 0.0060, 0.06, [4, 1, 3], 2.24
2013-10-22, Steady Climb, 1, +3.33, +2.26, 66.4, 13.33, 0.0066, 0.06, [4, 2, 3], 2.45
2013-10-23, Steady Climb, 1, +1.44, +3.07, 69.0, 13.42, 0.0045, 0.07, [3, 2, 3], 1.73
2013-10-24, Steady Climb, 1, +1.09, +3.60, 67.9, 13.20, 0.0021, 0.07, [3, 2, 3], 1.73
2013-10-25, Steady Climb, 1, +0.88, +4.22, 75.2, 13.09, 0.0010, 0.08, [3, 2, 3], 1.73
2013-10-28, Steady Climb, 1, +1.00, +4.76, 86.2, 13.31, 0.0016, 0.08, [3, 2, 3], 1.73
2013-10-29, Steady Climb, 1, +0.98, +5.08, 87.0, 13.41, 0.0016, 0.08, [3, 2, 3], 1.73
2013-10-30, Steady Climb, 1, +0.97, +5.62, 77.5, 13.65, 0.0035, 0.09, [3, 2, 3], 1.73
2013-10-31, Steady Climb, 1, +0.26, +5.91, 71.4, 13.75, 0.0020, 0.09, [2, 2, 3], 1.41
2013-11-01, Steady Climb, 1, +0.11, +5.76, 70.9, 13.28, -0.0003, 0.09, [2, 2, 3], 1.41
2013-11-04, Steady Climb, 1, +0.33, +5.74, 79.8, 12.93, -0.0009, 0.08, [2, 2, 3], 1.41
2013-11-05, Steady Climb, 1, -0.51, +5.49, 71.0, 13.27, -0.0006, 0.07, [1, 2, 3], 1.73
2013-11-06, Steady Climb, 1, +0.41, +4.70, 69.7, 12.67, 0.0006, 0.06, [2, 2, 3], 1.41
2013-11-07, Steady Climb, 1, -0.53, +3.87, 51.2, 13.91, 0.0017, 0.05, [1, 1, 3], 1.41
2013-11-08, Steady Climb, 1, +0.51, +3.11, 60.0, 12.90, -0.0015, 0.05, [3, 1, 3], 1.41
2013-11-11, Steady Climb, 1, +0.22, +2.76, 57.1, 12.53, -0.0006, 0.04, [2, 1, 3], 1.00
2013-11-12, Steady Climb, 1, +0.27, +2.45, 59.1, 12.82, 0.0010, 0.03, [2, 1, 3], 1.00
2013-11-13, Steady Climb, 1, +0.65, +1.79, 61.9, 12.52, 0.0011, 0.03, [3, 1, 3], 1.41
2013-11-14, Steady Climb, 1, +2.49, +1.60, 62.2, 12.37, 0.0037, 0.03, [4, 1, 3], 2.24
2013-11-15, Steady Climb, 1, +1.56, +1.62, 63.7, 12.19, 0.0028, 0.03, [3, 1, 3], 1.41
2013-11-18, Steady Climb, 1, +1.11, +1.85, 57.6, 13.10, 0.0042, 0.03, [3, 1, 3], 1.41
2013-11-19, Steady Climb, 1, +1.14, +1.91, 59.9, 13.39, 0.0036, 0.03, [3, 1, 3], 1.41
2013-11-20, Steady Climb, 1, -0.04, +2.00, 60.1, 13.40, 0.0007, 0.03, [2, 1, 3], 1.00
2013-11-21, Steady Climb, 1, +0.29, +1.81, 62.9, 12.66, -0.0016, 0.03, [2, 1, 3], 1.00
2013-11-22, Steady Climb, 1, +0.37, +1.87, 63.6, 12.26, -0.0008, 0.03, [2, 1, 3], 1.00
2013-11-25, Steady Climb, 1, +0.61, +2.11, 64.9, 12.79, 0.0019, 0.04, [3, 1, 3], 1.41
2013-11-26, Steady Climb, 1, +0.83, +2.29, 62.9, 12.81, 0.0029, 0.04, [3, 1, 3], 1.41
2013-11-27, Steady Climb, 1, +1.45, +2.57, 78.2, 12.98, 0.0027, 0.04, [3, 2, 3], 1.73
2013-11-29, Steady Climb, 1, +0.55, +2.73, 70.8, 13.70, 0.0011, 0.04, [3, 2, 3], 1.73
2013-12-02, Steady Climb, 1, -0.21, +2.69, 66.4, 14.23, 0.0004, 0.04, [2, 2, 3], 1.41
2013-12-03, Steady Climb, 1, -0.41, +2.60, 65.3, 14.55, -0.0000, 0.04, [2, 2, 3], 1.41
2013-12-04, Steady Climb, 1, -0.55, +2.46, 56.9, 14.70, -0.0012, 0.04, [1, 1, 3], 1.41
2013-12-05, Steady Climb, 1, -1.23, +2.17, 46.4, 15.08, -0.0022, 0.03, [1, 0, 3], 1.73
2013-12-06, Steady Climb, 1, -0.04, +1.84, 53.9, 13.79, -0.0028, 0.03, [2, 1, 3], 1.00
2013-12-09, Steady Climb, 1, +0.41, +1.40, 59.8, 13.49, -0.0001, 0.03, [2, 1, 3], 1.00
2013-12-10, Steady Climb, 1, +0.42, +1.30, 58.4, 13.91, 0.0021, 0.02, [2, 1, 3], 1.00
2013-12-11, Steady Climb, 1, -0.59, +1.08, 50.4, 15.42, 0.0024, 0.02, [1, 1, 3], 1.41
2013-12-12, Orderly Decline, 3, -0.53, +0.45, 39.2, 15.54, -0.0005, 0.02, [0, -2, 3], 3.00
2013-12-13, Orderly Decline, 3, -1.65, -0.07, 32.8, 15.76, -0.0048, 0.02, [-1, -2, 3], 2.45
2013-12-16, Orderly Decline, 3, -1.21, -0.44, 41.6, 16.03, -0.0052, 0.02, [-2, 0, 2], 1.41
2013-12-17, Orderly Decline, 3, -1.20, -0.51, 39.1, 16.21, -0.0022, 0.02, [-3, -2, 2], 1.73
2013-12-18, Trend Pullback, 2, +1.60, -0.75, 51.4, 13.80, 0.0005, 0.03, [-1, 1, 3], 3.00
2013-12-19, Trend Pullback, 2, +1.92, -0.61, 51.5, 14.15, 0.0042, 0.03, [-1, 1, 3], 3.00
2013-12-20, Steady Climb, 1, +2.42, -0.62, 56.8, 13.79, 0.0051, 0.03, [0, 1, 3], 2.24
2013-12-23, Steady Climb, 1, +2.32, -0.32, 62.4, 13.04, 0.0050, 0.03, [1, 1, 3], 1.41
2013-12-24, Steady Climb, 1, +2.94, +0.23, 65.0, 12.48, 0.0055, 0.04, [3, 1, 3], 1.41
2013-12-26, Steady Climb, 1, +1.73, +0.78, 70.9, 12.33, 0.0035, 0.04, [3, 2, 3], 1.73
2013-12-27, Steady Climb, 1, +1.76, +1.42, 65.5, 12.46, 0.0043, 0.05, [3, 2, 3], 1.73
2013-12-30, Steady Climb, 1, +1.25, +2.05, 64.4, 13.56, 0.0033, 0.05, [3, 1, 3], 1.41
2013-12-31, Steady Climb, 1, +1.11, +2.61, 69.8, 13.72, 0.0019, 0.05, [3, 2, 3], 1.73
2014-01-02, Steady Climb, 1, -0.07, +3.15, 72.3, 14.23, 0.0016, 0.05, [2, 2, 3], 1.41
2014-01-03, Steady Climb, 1, -0.58, +3.28, 76.5, 13.76, -0.0007, 0.05, [1, 2, 3], 1.73
2014-01-06, Steady Climb, 1, -0.79, +3.32, 73.4, 13.55, -0.0016, 0.05, [1, 2, 3], 1.73
2014-01-07, Steady Climb, 1, -0.17, +3.11, 73.4, 12.92, -0.0025, 0.05, [2, 2, 3], 1.41
2014-01-08, Steady Climb, 1, -0.59, +3.31, 77.0, 12.87, -0.0014, 0.05, [1, 2, 3], 1.73
2014-01-09, Steady Climb, 1, +0.34, +3.50, 68.2, 12.89, 0.0010, 0.06, [2, 2, 3], 1.41
2014-01-10, Steady Climb, 1, +0.60, +3.58, 70.8, 12.14, 0.0013, 0.05, [3, 2, 3], 1.73
2014-01-13, Steady Climb, 1, -0.41, +3.33, 50.5, 13.28, 0.0017, 0.05, [2, 1, 3], 1.00
2014-01-14, Steady Climb, 1, +0.05, +2.57, 55.3, 12.28, -0.0018, 0.04, [2, 1, 3], 1.00
2014-01-15, Steady Climb, 1, +0.59, +2.01, 57.0, 12.28, -0.0009, 0.04, [3, 1, 3], 1.41
2014-01-16, Steady Climb, 1, +0.42, +1.67, 51.9, 12.53, 0.0009, 0.03, [2, 1, 3], 1.00
2014-01-17, Steady Climb, 1, -0.20, +1.11, 48.7, 12.44, 0.0020, 0.02, [2, 0, 3], 1.41
2014-01-21, Steady Climb, 1, +1.35, +0.82, 51.2, 12.87, 0.0025, 0.02, [3, 1, 3], 1.41
2014-01-22, Steady Climb, 1, +0.33, +0.55, 48.4, 12.84, 0.0000, 0.02, [2, 0, 3], 1.41
2014-01-23, Steady Climb, 1, -1.08, +0.38, 48.3, 13.77, -0.0005, 0.02, [0, 0, 3], 2.45
2014-01-24, Orderly Decline, 3, -3.01, +0.08, 35.7, 18.14, -0.0016, 0.03, [-2, -2, 2], 1.41
2014-01-27, Orderly Decline, 3, -3.11, -0.67, 34.7, 17.42, -0.0063, 0.04, [-4, -2, 2], 2.45
2014-01-28, Orderly Decline, 3, -2.78, -1.35, 34.6, 15.80, -0.0100, 0.04, [-4, -2, 3], 3.00
2014-01-29, Orderly Decline, 3, -3.83, -1.79, 30.9, 17.35, -0.0085, 0.05, [-4, -2, 2], 2.45
2014-01-30, Orderly Decline, 3, -1.87, -2.43, 38.1, 17.29, -0.0059, 0.05, [-3, -2, 2], 1.73
2014-01-31, Orderly Decline, 3, -0.43, -2.56, 34.5, 18.41, 0.0000, 0.06, [-2, -2, 2], 1.41
2014-02-03, Orderly Decline, 3, -2.23, -3.04, 31.6, 21.44, 0.0002, 0.07, [-4, -2, 1], 2.24
2014-02-04, Orderly Decline, 3, -2.08, -4.03, 29.4, 19.11, -0.0053, 0.07, [-4, -2, 2], 2.45
2014-02-05, Orderly Decline, 3, -1.27, -4.77, 25.5, 19.95, -0.0052, 0.08, [-3, -2, 2], 1.73
2014-02-06, Orderly Decline, 3, -1.16, -5.28, 33.3, 17.23, -0.0063, 0.08, [-3, -2, 2], 1.73
2014-02-07, Orderly Decline, 3, +0.81, -5.35, 41.1, 15.29, -0.0005, 0.08, [-1, 0, 3], 2.45
2014-02-10, Steady Climb, 1, +3.33, -4.98, 40.5, 15.26, 0.0071, 0.08, [0, 0, 3], 2.45
2014-02-11, Steady Climb, 1, +3.68, -4.44, 45.0, 14.51, 0.0074, 0.08, [0, 0, 3], 2.45
2014-02-12, Steady Climb, 1, +3.86, -3.92, 48.0, 14.30, 0.0089, 0.07, [0, 0, 3], 2.45
2014-02-13, Steady Climb, 1, +3.18, -3.10, 59.6, 14.14, 0.0063, 0.07, [0, 1, 3], 2.24
2014-02-14, Steady Climb, 1, +2.32, -1.94, 63.8, 13.57, 0.0046, 0.07, [0, 1, 3], 2.24
2014-02-18, Steady Climb, 1, +2.27, -0.67, 62.2, 13.87, 0.0048, 0.07, [0, 1, 3], 2.24
2014-02-19, Steady Climb, 1, +0.49, +0.52, 64.3, 15.50, 0.0034, 0.07, [2, 1, 3], 1.00
2014-02-20, Steady Climb, 1, +1.13, +1.63, 62.5, 14.79, 0.0016, 0.07, [3, 1, 3], 1.41
2014-02-21, Steady Climb, 1, +0.35, +2.93, 65.4, 14.68, 0.0005, 0.07, [2, 2, 3], 1.41
2014-02-24, Steady Climb, 1, +0.49, +3.92, 86.5, 14.23, -0.0003, 0.07, [2, 2, 3], 1.41
2014-02-25, Steady Climb, 1, +0.24, +4.47, 83.5, 13.67, 0.0011, 0.07, [2, 2, 3], 1.41
2014-02-26, Steady Climb, 1, +0.90, +4.76, 85.8, 14.35, 0.0022, 0.08, [3, 2, 3], 1.73
2014-02-27, Steady Climb, 1, +0.79, +5.12, 84.3, 14.04, 0.0011, 0.08, [3, 2, 3], 1.73
2014-02-28, Steady Climb, 1, +1.26, +5.25, 81.4, 14.00, 0.0018, 0.08, [3, 2, 3], 1.73
2014-03-03, Steady Climb, 1, -0.10, +5.64, 70.8, 16.00, 0.0018, 0.08, [2, 2, 2], 1.00
2014-03-04, Steady Climb, 1, +1.56, +5.56, 72.8, 14.10, 0.0008, 0.07, [3, 2, 3], 1.73
2014-03-05, Steady Climb, 1, +1.55, +5.14, 73.1, 13.89, 0.0026, 0.07, [3, 2, 3], 1.73
2014-03-06, Steady Climb, 1, +1.23, +4.73, 71.3, 14.21, 0.0029, 0.06, [3, 2, 3], 1.73
2014-03-07, Steady Climb, 1, +1.00, +4.14, 69.1, 14.11, 0.0034, 0.05, [3, 2, 3], 1.73
2014-03-10, Steady Climb, 1, +1.70, +3.71, 67.9, 14.20, 0.0036, 0.05, [3, 2, 3], 1.73
2014-03-11, Steady Climb, 1, -0.34, +3.49, 69.6, 14.80, 0.0006, 0.04, [2, 2, 3], 1.41
2014-03-12, Steady Climb, 1, -0.30, +3.06, 66.0, 14.47, -0.0007, 0.04, [2, 2, 3], 1.41
2014-03-13, Steady Climb, 1, -1.64, +2.84, 54.7, 16.22, -0.0015, 0.04, [1, 1, 2], 1.00
2014-03-14, Steady Climb, 1, -1.97, +2.23, 46.8, 17.82, -0.0039, 0.03, [1, 0, 2], 1.41
2014-03-17, Steady Climb, 1, -0.98, +1.68, 55.9, 15.64, -0.0050, 0.03, [1, 1, 3], 1.41
2014-03-18, Steady Climb, 1, +0.25, +1.50, 60.4, 14.52, -0.0024, 0.03, [2, 1, 3], 1.00
2014-03-19, Steady Climb, 1, -0.40, +1.51, 52.5, 15.12, 0.0011, 0.03, [2, 1, 3], 1.00
2014-03-20, Steady Climb, 1, +1.39, +1.12, 54.5, 14.52, 0.0032, 0.03, [3, 1, 3], 1.41
2014-03-21, Steady Climb, 1, +1.38, +1.02, 58.0, 15.00, 0.0034, 0.03, [3, 1, 3], 1.41
2014-03-24, Steady Climb, 1, -0.07, +0.74, 42.6, 15.09, 0.0008, 0.03, [2, 0, 3], 1.41
2014-03-25, Steady Climb, 1, -0.35, +0.46, 46.6, 14.02, -0.0013, 0.03, [1, 0, 3], 1.73
2014-03-26, Steady Climb, 1, -0.44, +0.25, 40.5, 14.93, -0.0003, 0.02, [1, 0, 3], 1.73
2014-03-27, Orderly Decline, 3, -1.23, -0.19, 38.9, 14.62, -0.0022, 0.02, [-1, -2, 3], 2.45
2014-03-28, Orderly Decline, 3, -0.48, -0.54, 43.0, 14.41, -0.0021, 0.02, [-2, 0, 3], 2.24
2014-03-31, Trend Pullback, 2, +0.80, -0.67, 51.6, 13.88, -0.0009, 0.02, [-1, 1, 3], 3.00
2014-04-01, Trend Pullback, 2, +1.07, -0.82, 55.5, 13.10, 0.0010, 0.03, [-1, 1, 3], 3.00
2014-04-02, Steady Climb, 1, +2.07, -0.37, 65.9, 13.09, 0.0047, 0.03, [1, 2, 3], 1.73
2014-04-03, Steady Climb, 1, +2.15, +0.14, 67.4, 13.37, 0.0059, 0.03, [2, 2, 3], 1.41
2014-04-04, Steady Climb, 1, +0.40, +0.65, 52.2, 13.96, 0.0043, 0.03, [2, 1, 3], 1.00
2014-04-07, Steady Climb, 1, -1.46, +0.81, 40.9, 15.57, -0.0006, 0.03, [1, 0, 3], 1.73
2014-04-08, Steady Climb, 1, -1.78, +0.70, 47.0, 14.89, -0.0058, 0.03, [1, 0, 3], 1.73
2014-04-09, Steady Climb, 1, -0.99, +0.58, 50.1, 13.82, -0.0065, 0.03, [1, 1, 3], 1.41
2014-04-10, Steady Climb, 1, -2.95, +0.78, 41.1, 15.89, -0.0025, 0.03, [0, 0, 3], 2.45
2014-04-11, Orderly Decline, 3, -2.65, +0.07, 39.4, 17.03, -0.0020, 0.04, [-2, -2, 2], 1.41
2014-04-14, Orderly Decline, 3, -0.78, -0.95, 41.4, 16.11, -0.0042, 0.04, [-3, 0, 2], 1.73
2014-04-15, Orderly Decline, 3, -0.48, -1.44, 47.6, 15.61, -0.0054, 0.04, [-2, 0, 3], 2.24
2014-04-16, Orderly Decline, 3, -0.53, -1.50, 53.0, 14.18, -0.0033, 0.04, [-3, 1, 3], 3.00
2014-04-17, Trend Pullback, 2, +1.73, -1.41, 51.7, 13.36, 0.0046, 0.04, [-1, 1, 3], 3.00
2014-04-21, Steady Climb, 1, +3.10, -1.12, 49.9, 13.25, 0.0069, 0.04, [0, 0, 3], 2.45
2014-04-22, Steady Climb, 1, +2.67, -0.80, 48.5, 13.19, 0.0056, 0.04, [0, 0, 3], 2.45
2014-04-23, Orderly Decline, 3, +1.76, -0.53, 46.1, 13.27, 0.0044, 0.04, [-1, 0, 3], 2.45
2014-04-24, Steady Climb, 1, +0.88, -0.22, 47.4, 13.32, 0.0022, 0.04, [0, 0, 3], 2.45
2014-04-25, Steady Climb, 1, -0.08, -0.08, 49.6, 14.06, 0.0017, 0.04, [0, 0, 3], 2.45
2014-04-28, Trend Pullback, 2, -0.13, -0.25, 56.9, 13.97, -0.0010, 0.04, [-1, 1, 3], 3.00
2014-04-29, Trend Pullback, 2, -0.06, -0.23, 57.4, 13.71, -0.0017, 0.04, [-1, 1, 3], 3.00
2014-04-30, Steady Climb, 1, +0.46, +0.14, 53.6, 13.41, -0.0002, 0.04, [0, 1, 3], 2.24
2014-05-01, Steady Climb, 1, +0.27, +0.79, 70.3, 13.25, 0.0014, 0.04, [2, 2, 3], 1.41
2014-05-02, Steady Climb, 1, +0.95, +1.52, 79.8, 12.91, 0.0029, 0.04, [3, 2, 3], 1.73
2014-05-05, Steady Climb, 1, +0.81, +2.19, 77.5, 13.29, 0.0015, 0.04, [3, 2, 3], 1.73
2014-05-06, Steady Climb, 1, -0.56, +2.54, 62.0, 13.80, 0.0005, 0.04, [1, 1, 3], 1.41
2014-05-07, Steady Climb, 1, -0.30, +2.32, 58.4, 13.40, -0.0017, 0.04, [2, 1, 3], 1.00
2014-05-08, Steady Climb, 1, -0.43, +2.31, 55.7, 13.43, -0.0013, 0.04, [2, 1, 3], 1.00
2014-05-09, Steady Climb, 1, -0.14, +2.55, 53.7, 12.92, -0.0009, 0.04, [2, 1, 3], 1.00
2014-05-12, Steady Climb, 1, +0.64, +2.21, 58.5, 12.23, -0.0002, 0.03, [3, 1, 3], 1.41
2014-05-13, Steady Climb, 1, +1.59, +1.78, 61.4, 12.13, 0.0031, 0.03, [3, 1, 3], 1.41
2014-05-14, Steady Climb, 1, +0.55, +1.48, 54.8, 12.17, 0.0032, 0.02, [3, 1, 3], 1.41
2014-05-15, Steady Climb, 1, -0.25, +1.15, 53.5, 13.17, 0.0024, 0.02, [2, 1, 3], 1.00
2014-05-16, Steady Climb, 1, -0.03, +0.80, 54.0, 12.44, -0.0012, 0.02, [2, 1, 3], 1.00
2014-05-19, Steady Climb, 1, -0.61, +0.57, 53.2, 12.42, -0.0034, 0.02, [1, 1, 3], 1.41
2014-05-20, Steady Climb, 1, -1.30, +0.55, 45.0, 12.96, -0.0019, 0.02, [1, 0, 3], 1.73
2014-05-21, Steady Climb, 1, -0.03, +0.44, 51.7, 11.91, -0.0009, 0.02, [1, 1, 3], 1.41
2014-05-22, Steady Climb, 1, +1.16, +0.50, 54.4, 12.03, 0.0015, 0.02, [3, 1, 3], 1.41
2014-05-23, Steady Climb, 1, +1.21, +0.66, 56.0, 11.36, 0.0017, 0.02, [3, 1, 3], 1.41
2014-05-27, Steady Climb, 1, +1.42, +0.67, 67.4, 11.51, 0.0026, 0.02, [3, 2, 3], 1.73
2014-05-28, Steady Climb, 1, +1.97, +0.88, 63.3, 11.68, 0.0047, 0.03, [3, 1, 3], 1.41
2014-05-29, Steady Climb, 1, +1.69, +1.14, 67.6, 11.57, 0.0033, 0.03, [3, 2, 3], 1.73
2014-05-30, Steady Climb, 1, +1.64, +1.58, 67.7, 11.40, 0.0033, 0.03, [3, 2, 3], 1.73
2014-06-02, Steady Climb, 1, +1.29, +2.02, 62.8, 11.58, 0.0028, 0.04, [3, 1, 3], 1.41
2014-06-03, Steady Climb, 1, +0.64, +2.38, 62.2, 11.87, 0.0021, 0.04, [3, 1, 3], 1.41
2014-06-04, Steady Climb, 1, +0.95, +2.72, 68.8, 12.08, 0.0018, 0.04, [3, 2, 3], 1.73
2014-06-05, Steady Climb, 1, +1.06, +2.78, 84.9, 11.68, 0.0008, 0.04, [3, 2, 3], 1.73
2014-06-06, Steady Climb, 1, +1.34, +3.10, 85.2, 10.73, 0.0019, 0.05, [3, 2, 3], 1.73
2014-06-09, Steady Climb, 1, +1.37, +3.41, 84.3, 11.15, 0.0033, 0.05, [3, 2, 3], 1.73
2014-06-10, Steady Climb, 1, +1.38, +3.68, 96.1, 10.99, 0.0039, 0.05, [3, 2, 3], 1.73
2014-06-11, Steady Climb, 1, +0.83, +4.12, 86.6, 11.60, 0.0029, 0.06, [3, 2, 3], 1.73
2014-06-12, Steady Climb, 1, -0.53, +4.39, 72.0, 12.56, 0.0004, 0.06, [1, 2, 3], 1.73
2014-06-13, Steady Climb, 1, -0.68, +4.26, 71.3, 12.18, -0.0024, 0.05, [1, 2, 3], 1.73
2014-06-16, Steady Climb, 1, -0.69, +3.87, 67.5, 12.65, -0.0026, 0.05, [1, 2, 3], 1.73
2014-06-17, Steady Climb, 1, -0.45, +3.52, 71.2, 12.06, -0.0017, 0.05, [2, 2, 3], 1.41
2014-06-18, Steady Climb, 1, +0.67, +3.25, 72.9, 10.61, 0.0002, 0.04, [3, 2, 3], 1.73
2014-06-19, Steady Climb, 1, +1.52, +2.91, 72.5, 10.62, 0.0030, 0.04, [3, 2, 3], 1.73
2014-06-20, Steady Climb, 1, +1.38, +2.73, 73.2, 10.85, 0.0034, 0.04, [3, 2, 3], 1.73
2014-06-23, Steady Climb, 1, +1.28, +2.55, 73.6, 10.98, 0.0034, 0.03, [3, 2, 3], 1.73
2014-06-24, Steady Climb, 1, +0.41, +2.40, 62.3, 12.13, 0.0024, 0.03, [2, 1, 3], 1.00
2014-06-25, Steady Climb, 1, +0.13, +2.15, 60.9, 11.59, -0.0006, 0.03, [2, 1, 3], 1.00
2014-06-26, Steady Climb, 1, -0.12, +1.94, 54.8, 11.63, -0.0007, 0.03, [2, 1, 3], 1.00
2014-06-27, Steady Climb, 1, -0.10, +1.79, 55.9, 11.26, -0.0007, 0.03, [2, 1, 3], 1.00
2014-06-30, Steady Climb, 1, -0.12, +1.70, 55.7, 11.57, 0.0002, 0.03, [2, 1, 3], 1.00
2014-07-01, Steady Climb, 1, +1.20, +1.55, 66.6, 11.15, 0.0011, 0.02, [3, 2, 3], 1.73
2014-07-02, Steady Climb, 1, +0.77, +1.54, 79.1, 10.82, 0.0015, 0.02, [3, 2, 3], 1.73
2014-07-03, Steady Climb, 1, +1.44, +1.52, 80.4, 10.32, 0.0024, 0.03, [3, 2, 3], 1.73
2014-07-07, Steady Climb, 1, +0.85, +1.78, 72.8, 11.33, 0.0032, 0.03, [3, 2, 3], 1.73
2014-07-08, Steady Climb, 1, +0.18, +2.01, 61.2, 11.98, 0.0024, 0.03, [2, 1, 3], 1.00
2014-07-09, Steady Climb, 1, -0.02, +2.03, 58.7, 11.65, -0.0008, 0.03, [2, 1, 3], 1.00
2014-07-10, Steady Climb, 1, -0.50, +2.15, 52.7, 12.59, -0.0013, 0.03, [1, 1, 3], 1.41
2014-07-11, Steady Climb, 1, -0.90, +2.01, 52.4, 12.08, -0.0024, 0.03, [1, 1, 3], 1.41
2014-07-14, Steady Climb, 1, -0.03, +1.66, 56.9, 11.82, -0.0010, 0.02, [2, 1, 3], 1.00
2014-07-15, Steady Climb, 1, +0.49, +1.49, 62.0, 11.96, 0.0011, 0.02, [2, 1, 3], 1.00
2014-07-16, Steady Climb, 1, +0.44, +1.23, 61.5, 11.00, 0.0007, 0.02, [2, 1, 3], 1.00
2014-07-17, Steady Climb, 1, -0.33, +1.10, 50.4, 14.54, 0.0020, 0.02, [2, 1, 3], 1.00
2014-07-18, Steady Climb, 1, +0.54, +0.82, 56.5, 12.06, -0.0007, 0.02, [3, 1, 3], 1.41
2014-07-21, Steady Climb, 1, -0.18, +0.85, 54.9, 12.81, -0.0007, 0.02, [2, 1, 3], 1.00
2014-07-22, Steady Climb, 1, +0.52, +0.85, 53.8, 12.24, -0.0001, 0.02, [3, 1, 3], 1.41
2014-07-23, Steady Climb, 1, +0.27, +0.97, 54.6, 11.52, 0.0010, 0.02, [2, 1, 3], 1.00
2014-07-24, Steady Climb, 1, +1.52, +0.91, 51.0, 11.84, 0.0032, 0.02, [3, 1, 3], 1.41
2014-07-25, Steady Climb, 1, +0.01, +0.95, 50.3, 12.69, 0.0017, 0.02, [2, 1, 3], 1.00
2014-07-28, Steady Climb, 1, +0.27, +0.78, 56.6, 12.56, 0.0007, 0.02, [2, 1, 3], 1.00
2014-07-29, Steady Climb, 1, -0.68, +0.65, 48.7, 13.28, -0.0009, 0.02, [1, 0, 3], 1.73
2014-07-30, Steady Climb, 1, -0.85, +0.34, 52.5, 13.33, -0.0022, 0.02, [0, 1, 3], 2.24
2014-07-31, Orderly Decline, 3, -2.88, +0.24, 37.1, 16.95, -0.0023, 0.03, [-1, -2, 2], 1.73
2014-08-01, Orderly Decline, 3, -2.69, -0.41, 31.3, 17.03, -0.0054, 0.03, [-3, -2, 2], 1.73
2014-08-04, Orderly Decline, 3, -2.02, -0.90, 38.5, 15.12, -0.0076, 0.04, [-4, -2, 3], 3.00
2014-08-05, Orderly Decline, 3, -2.52, -1.22, 30.7, 16.87, -0.0056, 0.04, [-4, -2, 2], 2.45
2014-08-06, Orderly Decline, 3, -2.53, -1.97, 36.1, 16.37, -0.0048, 0.05, [-4, -2, 2], 2.45
2014-08-07, Orderly Decline, 3, -1.09, -2.52, 22.9, 16.66, -0.0014, 0.05, [-3, -2, 2], 1.73
2014-08-08, Orderly Decline, 3, +0.33, -3.26, 35.4, 15.77, -0.0026, 0.05, [-2, -2, 3], 2.24
2014-08-11, Orderly Decline, 3, -0.11, -3.56, 33.3, 14.23, -0.0013, 0.05, [-2, -2, 3], 2.24
2014-08-12, Orderly Decline, 3, +0.71, -3.58, 30.8, 14.13, 0.0023, 0.05, [-1, -2, 3], 2.45
2014-08-13, Orderly Decline, 3, +1.38, -3.65, 36.3, 12.90, 0.0028, 0.05, [-1, -2, 3], 2.45
2014-08-14, Steady Climb, 1, +2.39, -3.34, 42.3, 12.42, 0.0039, 0.05, [0, 0, 3], 2.45
2014-08-15, Orderly Decline, 3, +1.22, -3.23, 42.0, 13.15, 0.0029, 0.05, [-1, 0, 3], 2.45
2014-08-18, Trend Pullback, 2, +1.80, -2.79, 50.6, 12.32, 0.0029, 0.05, [-1, 1, 3], 3.00
2014-08-19, Steady Climb, 1, +2.47, -2.16, 53.5, 12.21, 0.0043, 0.05, [0, 1, 3], 2.24
2014-08-20, Steady Climb, 1, +2.04, -1.23, 71.1, 11.78, 0.0043, 0.05, [0, 2, 3], 2.45
2014-08-21, Steady Climb, 1, +1.90, -0.17, 75.3, 11.76, 0.0045, 0.05, [1, 2, 3], 1.73
2014-08-22, Steady Climb, 1, +1.71, +1.00, 70.1, 11.47, 0.0045, 0.05, [3, 2, 3], 1.73
2014-08-25, Steady Climb, 1, +1.33, +1.94, 84.2, 11.70, 0.0022, 0.06, [3, 2, 3], 1.73
2014-08-26, Steady Climb, 1, +0.93, +3.02, 84.5, 11.63, 0.0017, 0.06, [3, 2, 3], 1.73
2014-08-27, Steady Climb, 1, +0.69, +3.95, 93.1, 11.78, 0.0016, 0.06, [3, 2, 3], 1.73
2014-08-28, Steady Climb, 1, +0.22, +4.85, 87.7, 12.05, 0.0014, 0.06, [2, 2, 3], 1.41
2014-08-29, Steady Climb, 1, +0.75, +5.02, 87.9, 11.98, 0.0009, 0.06, [3, 2, 3], 1.73
2014-09-02, Steady Climb, 1, +0.22, +5.11, 90.0, 12.25, 0.0004, 0.07, [2, 2, 3], 1.41
2014-09-03, Steady Climb, 1, +0.03, +5.28, 86.4, 12.36, 0.0004, 0.06, [2, 2, 3], 1.41
2014-09-04, Steady Climb, 1, -0.12, +5.04, 80.8, 12.64, 0.0003, 0.06, [2, 2, 3], 1.41
2014-09-05, Steady Climb, 1, +0.55, +4.63, 83.4, 12.09, -0.0000, 0.05, [3, 2, 3], 1.73
2014-09-08, Steady Climb, 1, -0.09, +4.08, 71.8, 12.66, 0.0002, 0.05, [2, 2, 3], 1.41
2014-09-09, Steady Climb, 1, -0.69, +3.65, 54.8, 13.50, 0.0003, 0.04, [1, 1, 3], 1.41
2014-09-10, Steady Climb, 1, -0.25, +3.00, 56.2, 12.88, -0.0010, 0.04, [2, 1, 3], 1.00
2014-09-11, Steady Climb, 1, -0.01, +2.34, 53.6, 12.80, -0.0012, 0.03, [2, 1, 3], 1.00
2014-09-12, Steady Climb, 1, -1.10, +1.80, 48.2, 13.31, -0.0013, 0.02, [1, 0, 3], 1.73
2014-09-15, Steady Climb, 1, -0.87, +1.16, 40.1, 14.12, -0.0012, 0.02, [1, 0, 3], 1.73
2014-09-16, Steady Climb, 1, +0.53, +0.45, 49.4, 12.73, -0.0009, 0.01, [2, 0, 3], 1.41
2014-09-17, Steady Climb, 1, +0.29, +0.17, 50.9, 12.65, -0.0003, 0.01, [0, 1, 3], 2.24
2014-09-18, Steady Climb, 1, +0.70, +0.04, 58.0, 12.03, 0.0011, 0.01, [1, 1, 3], 1.41
2014-09-19, Steady Climb, 1, +1.25, +0.10, 54.1, 12.11, 0.0034, 0.01, [1, 1, 3], 1.41
2014-09-22, Steady Climb, 1, +0.51, +0.20, 46.0, 13.69, 0.0033, 0.01, [1, 0, 3], 1.73
2014-09-23, Orderly Decline, 3, -0.81, -0.02, 41.9, 14.93, -0.0000, 0.02, [-1, 0, 3], 2.45
2014-09-24, Trend Pullback, 2, -0.16, -0.26, 50.3, 13.27, -0.0027, 0.02, [-1, 1, 3], 3.00
2014-09-25, Orderly Decline, 3, -2.26, -0.23, 35.6, 15.64, -0.0027, 0.02, [-3, -2, 3], 2.45
2014-09-26, Orderly Decline, 3, -1.37, -0.65, 44.0, 14.85, -0.0043, 0.02, [-3, 0, 3], 2.45
2014-09-29, Orderly Decline, 3, -0.83, -0.84, 46.4, 15.98, -0.0020, 0.02, [-3, 0, 3], 2.45
2014-09-30, Orderly Decline, 3, -0.53, -0.97, 42.0, 16.31, -0.0013, 0.02, [-3, 0, 2], 1.73
2014-10-01, Orderly Decline, 3, -2.61, -1.15, 35.0, 16.71, -0.0021, 0.03, [-4, -2, 2], 2.45
2014-10-02, Orderly Decline, 3, -1.01, -1.69, 37.6, 16.16, -0.0026, 0.04, [-3, -2, 2], 1.73
2014-10-03, Orderly Decline, 3, -0.75, -2.20, 45.5, 14.55, -0.0053, 0.04, [-3, 0, 3], 2.45
2014-10-06, Orderly Decline, 3, -0.66, -2.16, 39.8, 15.46, -0.0023, 0.04, [-3, -2, 3], 2.45
2014-10-07, Orderly Decline, 3, -1.89, -2.20, 32.9, 17.20, 0.0004, 0.04, [-3, -2, 2], 1.73
2014-10-08, Orderly Decline, 3, +1.17, -2.82, 40.3, 15.11, -0.0002, 0.04, [-1, 0, 3], 2.45
2014-10-09, Orderly Decline, 3, -0.92, -2.76, 34.1, 18.76, 0.0007, 0.05, [-3, -2, 2], 1.73
2014-10-10, Orderly Decline, 3, -3.14, -3.21, 33.3, 21.24, -0.0040, 0.06, [-4, -2, 1], 2.24
2014-10-13, Orderly Decline, 3, -4.58, -4.07, 31.0, 24.64, -0.0066, 0.07, [-4, -2, 1], 2.24
2014-10-14, Orderly Decline, 3, -2.97, -5.27, 27.8, 22.79, -0.0098, 0.08, [-4, -2, 1], 2.24
2014-10-15, Sharp Decline, 4, -5.40, -6.03, 29.6, 26.25, -0.0127, 0.09, [-4, -2, 0], 2.24
2014-10-16, Sharp Decline, 4, -3.39, -6.79, 24.7, 25.20, -0.0086, 0.10, [-4, -2, 0], 2.24
2014-10-17, Orderly Decline, 3, -1.02, -7.18, 32.3, 21.99, -0.0052, 0.09, [-3, -2, 1], 1.41
2014-10-20, Orderly Decline, 3, +1.56, -7.02, 37.3, 18.57, 0.0005, 0.09, [-1, -2, 2], 1.73
2014-10-21, Steady Climb, 1, +3.39, -6.68, 49.1, 16.08, 0.0040, 0.09, [0, 0, 2], 2.24
2014-10-22, Trend Pullback, 2, +3.47, -5.85, 46.8, 17.87, 0.0103, 0.08, [0, 0, 1], 1.73
2014-10-23, Steady Climb, 1, +4.73, -4.92, 47.1, 16.53, 0.0094, 0.08, [0, 0, 2], 2.24
2014-10-24, Steady Climb, 1, +4.12, -4.05, 50.0, 16.11, 0.0077, 0.08, [0, 0, 2], 2.24
2014-10-27, Steady Climb, 1, +3.03, -2.70, 54.7, 16.04, 0.0067, 0.08, [0, 1, 2], 2.00
2014-10-28, Steady Climb, 1, +2.25, -1.44, 53.0, 14.39, 0.0039, 0.08, [0, 1, 3], 2.24
2014-10-29, Steady Climb, 1, +2.86, +0.09, 61.7, 15.15, 0.0064, 0.08, [2, 1, 3], 1.00
2014-10-30, Steady Climb, 1, +2.25, +1.15, 70.0, 14.52, 0.0042, 0.09, [4, 2, 3], 2.45
2014-10-31, Steady Climb, 1, +2.72, +2.33, 83.6, 14.03, 0.0040, 0.10, [4, 2, 3], 2.45
2014-11-03, Steady Climb, 1, +2.86, +4.11, 83.2, 14.73, 0.0061, 0.10, [4, 2, 3], 2.45
2014-11-04, Steady Climb, 1, +1.36, +5.77, 87.2, 14.89, 0.0050, 0.11, [3, 2, 3], 1.73
2014-11-05, Steady Climb, 1, +2.08, +6.80, 87.8, 14.17, 0.0041, 0.11, [4, 2, 3], 2.45
2014-11-06, Steady Climb, 1, +1.83, +8.41, 86.8, 13.67, 0.0026, 0.12, [3, 2, 3], 1.73
2014-11-07, Steady Climb, 1, +0.69, +9.40, 85.6, 13.12, 0.0016, 0.12, [3, 2, 3], 1.73
2014-11-10, Steady Climb, 1, +1.01, +9.90, 82.6, 12.67, 0.0023, 0.12, [3, 2, 3], 1.73
2014-11-11, Steady Climb, 1, +1.37, +9.81, 91.4, 12.92, 0.0030, 0.12, [3, 2, 3], 1.73
2014-11-12, Steady Climb, 1, +0.73, +9.54, 88.5, 13.02, 0.0019, 0.11, [3, 2, 3], 1.73
2014-11-13, Steady Climb, 1, +0.40, +8.76, 87.0, 13.79, 0.0011, 0.10, [2, 2, 3], 1.41
2014-11-14, Steady Climb, 1, +0.39, +7.74, 89.7, 13.31, 0.0007, 0.09, [2, 2, 3], 1.41
2014-11-17, Steady Climb, 1, +0.15, +6.84, 86.8, 13.99, 0.0001, 0.08, [2, 2, 3], 1.41
2014-11-18, Steady Climb, 1, +0.59, +6.00, 91.2, 13.86, 0.0002, 0.07, [3, 2, 3], 1.73
2014-11-19, Steady Climb, 1, +0.51, +5.69, 86.1, 13.96, 0.0014, 0.06, [3, 2, 3], 1.73
2014-11-20, Steady Climb, 1, +0.66, +4.96, 81.2, 13.58, 0.0015, 0.06, [3, 2, 3], 1.73
2014-11-21, Steady Climb, 1, +1.16, +4.46, 84.5, 12.90, 0.0016, 0.05, [3, 2, 3], 1.73
2014-11-24, Steady Climb, 1, +1.38, +4.19, 93.2, 12.62, 0.0022, 0.05, [3, 2, 3], 1.73
2014-11-25, Steady Climb, 1, +0.74, +3.81, 88.0, 12.25, 0.0024, 0.04, [3, 2, 3], 1.73
2014-11-26, Steady Climb, 1, +1.18, +3.60, 87.6, 12.07, 0.0026, 0.04, [3, 2, 3], 1.73
2014-11-28, Steady Climb, 1, +0.72, +3.30, 79.7, 13.33, 0.0021, 0.04, [3, 2, 3], 1.73
2014-12-01, Steady Climb, 1, -0.49, +2.99, 61.2, 14.29, 0.0006, 0.03, [2, 1, 3], 1.00
2014-12-02, Steady Climb, 1, -0.14, +2.74, 66.9, 12.85, -0.0015, 0.03, [2, 2, 3], 1.41
2014-12-03, Steady Climb, 1, +0.35, +2.62, 71.0, 12.47, -0.0010, 0.03, [2, 2, 3], 1.41
2014-12-04, Steady Climb, 1, -0.04, +2.45, 68.7, 12.38, 0.0001, 0.03, [2, 2, 3], 1.41
2014-12-05, Steady Climb, 1, +0.38, +2.32, 69.7, 11.82, 0.0014, 0.03, [2, 2, 3], 1.41
2014-12-08, Steady Climb, 1, +0.33, +2.30, 59.2, 14.21, 0.0024, 0.03, [2, 1, 3], 1.00
2014-12-09, Steady Climb, 1, -0.33, +2.01, 54.3, 14.89, -0.0006, 0.03, [2, 1, 3], 1.00
2014-12-10, Steady Climb, 1, -2.32, +1.76, 40.9, 18.53, -0.0020, 0.03, [0, 0, 2], 2.24
2014-12-11, Steady Climb, 1, -1.77, +1.03, 43.3, 20.08, -0.0053, 0.03, [1, 0, 1], 1.73
2014-12-12, Orderly Decline, 3, -3.52, +0.42, 29.8, 21.08, -0.0057, 0.04, [-1, -2, 1], 1.41
2014-12-15, Orderly Decline, 3, -3.43, -0.63, 24.8, 20.42, -0.0071, 0.05, [-4, -2, 1], 2.24
2014-12-16, Orderly Decline, 3, -4.23, -1.81, 22.7, 23.57, -0.0083, 0.06, [-4, -2, 1], 2.24
2014-12-17, Orderly Decline, 3, -0.65, -3.12, 35.5, 19.44, -0.0076, 0.06, [-3, -2, 2], 1.73
2014-12-18, Orderly Decline, 3, +1.27, -3.60, 48.7, 16.81, -0.0036, 0.06, [-1, 0, 2], 1.73
2014-12-19, Steady Climb, 1, +3.41, -3.37, 53.5, 16.49, 0.0068, 0.06, [0, 1, 2], 2.00
2014-12-22, Steady Climb, 1, +4.47, -2.97, 52.5, 15.25, 0.0121, 0.06, [0, 1, 2], 2.00
2014-12-23, Steady Climb, 1, +5.55, -2.30, 51.7, 14.80, 0.0129, 0.06, [0, 1, 2], 2.00
2014-12-24, Steady Climb, 1, +3.43, -1.52, 52.1, 14.37, 0.0075, 0.06, [0, 1, 3], 2.24
2014-12-26, Trend Pullback, 2, +1.34, -0.80, 52.8, 14.50, 0.0025, 0.07, [-1, 1, 3], 3.00
2014-12-29, Steady Climb, 1, +0.96, +0.09, 56.7, 15.06, 0.0019, 0.07, [1, 1, 3], 1.41
2014-12-30, Steady Climb, 1, +0.09, +0.90, 54.4, 15.92, 0.0015, 0.07, [2, 1, 3], 1.00
2014-12-31, Steady Climb, 1, -1.12, +1.31, 57.4, 19.20, 0.0002, 0.07, [1, 1, 2], 1.00
2015-01-02, Steady Climb, 1, -1.14, +1.57, 55.4, 17.79, -0.0026, 0.07, [1, 1, 2], 1.00
2015-01-05, Steady Climb, 1, -3.26, +1.96, 54.2, 19.92, -0.0046, 0.07, [0, 1, 2], 2.00
2015-01-06, Trend Pullback, 2, -4.21, +1.80, 52.9, 21.12, -0.0081, 0.07, [0, 1, 1], 1.41
2015-01-07, Steady Climb, 1, -2.62, +1.52, 61.6, 19.31, -0.0096, 0.07, [0, 1, 2], 2.00
2015-01-08, Steady Climb, 1, +0.16, +1.44, 60.9, 17.01, -0.0059, 0.07, [2, 1, 2], 0.00
2015-01-09, Steady Climb, 1, -0.65, +1.92, 45.8, 17.55, 0.0006, 0.07, [1, 0, 2], 1.41
2015-01-12, Steady Climb, 1, +0.38, +1.61, 39.5, 19.60, 0.0053, 0.07, [2, -2, 2], 3.00
2015-01-13, Steady Climb, 1, +1.02, +1.19, 36.1, 20.56, 0.0035, 0.07, [3, -2, 1], 3.32
2015-01-14, Orderly Decline, 3, -0.72, +0.18, 32.9, 21.48, -0.0020, 0.07, [-1, -2, 1], 1.41
2015-01-15, Orderly Decline, 3, -3.37, -1.22, 30.2, 22.39, -0.0062, 0.06, [-4, -2, 1], 2.24
2015-01-16, Orderly Decline, 3, -1.24, -3.20, 35.9, 20.95, -0.0060, 0.06, [-3, -2, 1], 1.41
2015-01-20, Orderly Decline, 3, -0.28, -4.18, 36.2, 19.89, -0.0024, 0.06, [-2, -2, 2], 1.41
2015-01-21, Orderly Decline, 3, +0.45, -4.37, 40.2, 18.85, 0.0004, 0.06, [-2, 0, 2], 1.41
2015-01-22, Steady Climb, 1, +2.58, -4.21, 50.8, 16.40, 0.0035, 0.06, [0, 1, 2], 2.00
2015-01-23, Steady Climb, 1, +2.97, -3.43, 48.8, 16.66, 0.0075, 0.06, [0, 0, 2], 2.24
2015-01-26, Trend Pullback, 2, +1.87, -2.73, 57.8, 15.52, 0.0051, 0.05, [-1, 1, 3], 3.00
2015-01-27, Trend Pullback, 2, +0.35, -1.91, 55.5, 17.22, 0.0044, 0.05, [-2, 1, 2], 2.24
2015-01-28, Orderly Decline, 3, -1.47, -1.34, 45.2, 20.44, -0.0006, 0.05, [-3, 0, 1], 1.41
2015-01-29, Orderly Decline, 3, -2.03, -1.05, 41.1, 18.76, -0.0071, 0.04, [-4, 0, 2], 2.45
2015-01-30, Orderly Decline, 3, -2.77, -0.51, 39.6, 20.97, -0.0058, 0.04, [-4, -2, 1], 2.24
2015-02-02, Orderly Decline, 3, -1.76, -0.59, 48.5, 19.43, -0.0066, 0.04, [-3, 0, 2], 1.73
2015-02-03, Steady Climb, 1, +1.01, -0.23, 54.9, 17.33, -0.0012, 0.04, [0, 1, 2], 2.00
2015-02-04, Steady Climb, 1, +1.97, +0.02, 55.6, 18.33, 0.0047, 0.04, [1, 1, 2], 1.00
2015-02-05, Steady Climb, 1, +2.04, -0.18, 62.8, 16.85, 0.0046, 0.04, [2, 1, 2], 0.00
2015-02-06, Steady Climb, 1, +3.03, +0.23, 57.1, 17.29, 0.0076, 0.04, [3, 1, 2], 1.00
2015-02-09, Steady Climb, 1, +1.28, +1.05, 54.7, 18.55, 0.0040, 0.04, [3, 1, 2], 1.00
2015-02-10, Steady Climb, 1, +0.91, +1.49, 56.8, 17.23, 0.0004, 0.05, [3, 1, 2], 1.00
2015-02-11, Steady Climb, 1, +1.32, +1.97, 51.1, 16.96, 0.0019, 0.05, [3, 1, 2], 1.00
2015-02-12, Steady Climb, 1, +1.26, +2.31, 57.4, 15.34, 0.0012, 0.05, [3, 1, 3], 1.41
2015-02-13, Steady Climb, 1, +2.02, +2.68, 57.9, 14.69, 0.0042, 0.05, [4, 1, 3], 2.24
2015-02-17, Steady Climb, 1, +2.62, +2.77, 65.6, 15.80, 0.0057, 0.06, [4, 2, 3], 2.45
2015-02-18, Steady Climb, 1, +1.50, +3.16, 74.4, 15.45, 0.0044, 0.06, [3, 2, 3], 1.73
2015-02-19, Steady Climb, 1, +1.40, +3.48, 70.8, 15.29, 0.0035, 0.06, [3, 2, 3], 1.73
2015-02-20, Steady Climb, 1, +1.04, +3.80, 84.0, 14.30, 0.0010, 0.07, [3, 2, 3], 1.73
2015-02-23, Steady Climb, 1, +0.60, +4.69, 80.7, 14.56, 0.0011, 0.07, [3, 2, 3], 1.73
2015-02-24, Steady Climb, 1, +0.72, +5.32, 77.0, 13.69, 0.0014, 0.07, [3, 2, 3], 1.73
2015-02-25, Steady Climb, 1, +0.68, +6.04, 81.6, 13.84, 0.0021, 0.07, [3, 2, 3], 1.73
2015-02-26, Steady Climb, 1, +0.63, +6.20, 75.0, 13.91, 0.0018, 0.07, [3, 2, 3], 1.73
2015-02-27, Steady Climb, 1, -0.27, +5.77, 75.6, 13.34, 0.0002, 0.07, [2, 2, 3], 1.41
2015-03-02, Steady Climb, 1, +0.37, +5.38, 85.4, 13.04, -0.0007, 0.06, [2, 2, 3], 1.41
2015-03-03, Steady Climb, 1, -0.36, +4.64, 72.4, 13.86, -0.0003, 0.05, [2, 2, 3], 1.41
2015-03-04, Steady Climb, 1, -0.73, +3.98, 65.5, 14.23, -0.0003, 0.05, [1, 2, 3], 1.73
2015-03-05, Steady Climb, 1, -0.46, +3.52, 57.9, 14.04, -0.0010, 0.04, [2, 1, 3], 1.00
2015-03-06, Steady Climb, 1, -1.58, +2.89, 37.2, 15.20, -0.0012, 0.04, [1, -2, 3], 3.32
2015-03-09, Steady Climb, 1, -1.79, +2.08, 40.1, 15.06, -0.0048, 0.04, [1, 0, 3], 1.73
2015-03-10, Orderly Decline, 3, -3.02, +1.26, 30.2, 16.69, -0.0041, 0.04, [0, -2, 2], 2.45
2015-03-11, Orderly Decline, 3, -2.78, -0.24, 29.8, 16.87, -0.0064, 0.04, [-3, -2, 2], 1.73
2015-03-12, Orderly Decline, 3, -1.67, -1.45, 35.7, 15.42, -0.0072, 0.04, [-3, -2, 3], 2.45
2015-03-13, Orderly Decline, 3, -0.86, -2.24, 33.1, 16.00, -0.0024, 0.05, [-3, -2, 2], 1.73
2015-03-16, Orderly Decline, 3, +0.08, -2.90, 40.9, 15.61, -0.0015, 0.05, [-2, 0, 3], 2.24
2015-03-17, Orderly Decline, 3, +1.47, -2.97, 39.8, 15.66, 0.0042, 0.05, [-1, -2, 3], 2.45
2015-03-18, Steady Climb, 1, +2.90, -3.07, 47.4, 13.97, 0.0040, 0.05, [0, 0, 3], 2.45
2015-03-19, Orderly Decline, 3, +1.13, -2.77, 46.5, 14.07, 0.0042, 0.05, [-1, 0, 3], 2.45
2015-03-20, Steady Climb, 1, +2.66, -2.66, 47.9, 13.02, 0.0043, 0.05, [0, 0, 3], 2.45
2015-03-23, Orderly Decline, 3, +1.12, -2.06, 49.2, 13.41, 0.0033, 0.05, [-1, 0, 3], 2.45
2015-03-24, Orderly Decline, 3, +0.83, -1.53, 48.4, 13.62, 0.0033, 0.04, [-1, 0, 3], 2.45
2015-03-25, Orderly Decline, 3, -1.83, -1.07, 42.0, 15.44, -0.0000, 0.04, [-3, 0, 3], 2.45
2015-03-26, Orderly Decline, 3, -1.59, -1.04, 46.7, 15.80, -0.0036, 0.04, [-3, 0, 3], 2.45
2015-03-27, Orderly Decline, 3, -2.23, -1.05, 45.9, 15.07, -0.0071, 0.04, [-4, 0, 3], 3.00
2015-03-30, Orderly Decline, 3, -0.86, -1.01, 59.9, 14.51, -0.0059, 0.04, [-3, 1, 3], 3.00
2015-03-31, Orderly Decline, 3, -1.13, -0.34, 56.1, 15.29, -0.0005, 0.04, [-2, 1, 3], 2.83
2015-04-01, Steady Climb, 1, -0.07, -0.04, 48.5, 15.11, 0.0021, 0.04, [0, 0, 3], 2.45
2015-04-02, Steady Climb, 1, +0.53, +0.06, 53.3, 14.67, 0.0007, 0.04, [1, 1, 3], 1.41
2015-04-06, Steady Climb, 1, +0.95, +0.37, 49.9, 14.74, -0.0007, 0.04, [2, 0, 3], 1.41
2015-04-07, Steady Climb, 1, -0.48, +0.44, 50.5, 14.78, -0.0006, 0.04, [1, 1, 3], 1.41
2015-04-08, Steady Climb, 1, +0.68, +0.58, 44.8, 13.98, 0.0018, 0.03, [3, 0, 3], 1.73
2015-04-09, Steady Climb, 1, +1.53, +0.24, 50.6, 13.09, 0.0026, 0.03, [2, 1, 3], 1.00
2015-04-10, Steady Climb, 1, +1.70, -0.09, 48.1, 12.58, 0.0024, 0.03, [1, 0, 3], 1.73
2015-04-13, Steady Climb, 1, +0.57, +0.07, 46.4, 13.94, 0.0028, 0.03, [1, 0, 3], 1.73
2015-04-14, Steady Climb, 1, +0.94, -0.16, 51.4, 13.67, 0.0025, 0.03, [1, 1, 3], 1.41
2015-04-15, Steady Climb, 1, +1.19, +0.03, 66.7, 12.84, 0.0014, 0.03, [1, 2, 3], 1.73
2015-04-16, Steady Climb, 1, +0.66, +0.25, 68.4, 12.60, 0.0012, 0.03, [2, 2, 3], 1.41
2015-04-17, Steady Climb, 1, -0.99, +0.80, 56.6, 13.89, 0.0010, 0.03, [1, 1, 3], 1.41
2015-04-20, Steady Climb, 1, +0.38, +0.84, 54.8, 13.30, -0.0006, 0.03, [2, 1, 3], 1.00
2015-04-21, Steady Climb, 1, +0.07, +1.46, 61.2, 13.25, -0.0008, 0.03, [2, 1, 3], 1.00
2015-04-22, Steady Climb, 1, +0.06, +1.99, 68.1, 12.71, -0.0011, 0.03, [2, 2, 3], 1.41
2015-04-23, Steady Climb, 1, +0.38, +2.48, 67.6, 12.48, 0.0010, 0.03, [2, 2, 3], 1.41
2015-04-24, Steady Climb, 1, +1.75, +2.53, 65.2, 12.29, 0.0034, 0.03, [3, 2, 3], 1.73
2015-04-27, Steady Climb, 1, +0.41, +2.50, 62.9, 13.12, 0.0024, 0.03, [2, 1, 3], 1.00
2015-04-28, Steady Climb, 1, +0.83, +2.32, 63.0, 12.41, 0.0016, 0.03, [3, 1, 3], 1.41
2015-04-29, Steady Climb, 1, -0.05, +2.56, 56.2, 13.39, 0.0005, 0.03, [2, 1, 3], 1.00
2015-04-30, Steady Climb, 1, -1.30, +2.35, 43.9, 14.55, -0.0007, 0.03, [1, 0, 3], 1.73
2015-05-01, Steady Climb, 1, -0.44, +1.65, 55.3, 12.70, -0.0032, 0.02, [2, 1, 3], 1.00
2015-05-04, Steady Climb, 1, +0.26, +1.34, 56.1, 12.85, -0.0014, 0.02, [2, 1, 3], 1.00
2015-05-05, Steady Climb, 1, -1.20, +1.28, 44.8, 14.31, 0.0000, 0.02, [1, 0, 3], 1.73
2015-05-06, Steady Climb, 1, -1.27, +0.75, 42.9, 15.15, -0.0003, 0.02, [1, 0, 3], 1.73
2015-05-07, Steady Climb, 1, +0.12, +0.15, 52.2, 15.13, -0.0014, 0.02, [0, 1, 3], 2.24
2015-05-08, Steady Climb, 1, +0.37, -0.19, 54.7, 12.86, -0.0035, 0.02, [0, 1, 3], 2.24
2015-05-11, Steady Climb, 1, -0.43, +0.05, 52.3, 13.85, 0.0001, 0.02, [0, 1, 3], 2.24
2015-05-12, Steady Climb, 1, +0.46, -0.04, 47.4, 13.86, 0.0032, 0.02, [0, 0, 3], 2.45
2015-05-13, Steady Climb, 1, +0.88, -0.18, 45.6, 13.76, 0.0026, 0.02, [1, 0, 3], 1.73
2015-05-14, Steady Climb, 1, +1.59, -0.17, 50.9, 12.74, 0.0002, 0.02, [1, 1, 3], 1.41
2015-05-15, Steady Climb, 1, +0.31, +0.15, 53.9, 12.38, 0.0001, 0.02, [0, 1, 3], 2.24
2015-05-18, Steady Climb, 1, +1.13, +0.10, 54.1, 12.73, 0.0027, 0.03, [1, 1, 3], 1.41
2015-05-19, Steady Climb, 1, +1.37, +0.38, 56.2, 12.85, 0.0040, 0.03, [2, 1, 3], 1.00
2015-05-20, Steady Climb, 1, +1.30, +0.55, 63.4, 12.88, 0.0031, 0.03, [3, 1, 3], 1.41
2015-05-21, Steady Climb, 1, +0.46, +0.81, 58.5, 12.11, 0.0007, 0.03, [2, 1, 3], 1.00
2015-05-22, Steady Climb, 1, +0.16, +1.19, 54.4, 12.13, 0.0006, 0.03, [2, 1, 3], 1.00
2015-05-26, Steady Climb, 1, -1.17, +1.56, 55.7, 14.06, -0.0002, 0.03, [1, 1, 3], 1.41
2015-05-27, Steady Climb, 1, -0.20, +1.46, 65.6, 13.27, -0.0022, 0.03, [2, 2, 3], 1.41
2015-05-28, Steady Climb, 1, -0.24, +1.74, 62.3, 13.31, -0.0015, 0.03, [2, 1, 3], 1.00
2015-05-29, Steady Climb, 1, -1.10, +1.84, 46.3, 13.84, -0.0011, 0.03, [1, 0, 3], 1.73
2015-06-01, Steady Climb, 1, -0.67, +1.39, 52.9, 13.97, -0.0010, 0.03, [1, 1, 3], 1.41
2015-06-02, Steady Climb, 1, +0.26, +1.33, 54.8, 14.24, -0.0000, 0.03, [2, 1, 3], 1.00
2015-06-03, Steady Climb, 1, -0.44, +1.33, 57.0, 13.66, -0.0017, 0.03, [2, 1, 3], 1.00
2015-06-04, Steady Climb, 1, -1.18, +1.01, 38.3, 14.71, -0.0005, 0.02, [1, -2, 3], 3.32
2015-06-05, Orderly Decline, 3, -0.69, +0.24, 36.3, 14.21, -0.0010, 0.02, [0, -2, 3], 3.00
2015-06-08, Orderly Decline, 3, -1.54, -0.47, 28.5, 15.29, -0.0025, 0.03, [-2, -2, 3], 2.24
2015-06-09, Orderly Decline, 3, -1.40, -0.94, 29.4, 14.47, -0.0039, 0.03, [-3, -2, 3], 2.45
2015-06-10, Orderly Decline, 3, -0.42, -1.51, 42.6, 13.22, -0.0040, 0.03, [-2, 0, 3], 2.24
2015-06-11, Orderly Decline, 3, +0.62, -1.78, 42.0, 12.85, 0.0003, 0.03, [-1, 0, 3], 2.45
2015-06-12, Orderly Decline, 3, +0.06, -2.02, 39.2, 13.78, 0.0028, 0.03, [-2, -2, 3], 2.24
2015-06-15, Orderly Decline, 3, +0.25, -2.12, 42.7, 15.39, 0.0028, 0.03, [-2, 0, 3], 2.24
2015-06-16, Orderly Decline, 3, +0.78, -2.30, 39.4, 14.81, -0.0001, 0.03, [-1, -2, 3], 2.45
2015-06-17, Orderly Decline, 3, -0.23, -2.15, 42.1, 14.50, -0.0020, 0.03, [-2, 0, 3], 2.24
2015-06-18, Trend Pullback, 2, +0.59, -1.92, 55.1, 13.19, -0.0007, 0.03, [-1, 1, 3], 3.00
2015-06-19, Orderly Decline, 3, +0.76, -1.37, 49.4, 13.96, 0.0033, 0.03, [-1, 0, 3], 2.45
2015-06-22, Trend Pullback, 2, +1.84, -0.90, 54.3, 12.74, 0.0036, 0.03, [-1, 1, 3], 3.00
2015-06-23, Steady Climb, 1, +1.33, -0.29, 53.4, 12.11, 0.0030, 0.03, [0, 1, 3], 2.24
2015-06-24, Steady Climb, 1, +0.39, -0.01, 54.3, 13.26, 0.0023, 0.03, [0, 1, 3], 2.24
2015-06-25, Steady Climb, 1, -0.89, +0.33, 53.1, 14.01, -0.0005, 0.02, [0, 1, 3], 2.24
2015-06-26, Steady Climb, 1, -0.40, +0.56, 58.0, 14.02, -0.0014, 0.02, [2, 1, 3], 1.00
2015-06-29, Steady Climb, 1, -3.07, +0.59, 43.8, 18.85, -0.0031, 0.03, [0, 0, 2], 2.24
2015-06-30, Orderly Decline, 3, -2.88, +0.08, 37.0, 18.23, -0.0068, 0.03, [-2, -2, 2], 1.41
2015-07-01, Orderly Decline, 3, -1.48, -0.31, 40.9, 16.09, -0.0065, 0.04, [-2, 0, 2], 1.41
2015-07-02, Orderly Decline, 3, -1.21, -0.35, 44.5, 16.79, -0.0042, 0.04, [-2, 0, 2], 1.41
2015-07-06, Orderly Decline, 3, -1.56, -0.64, 45.0, 17.01, -0.0014, 0.04, [-3, 0, 2], 1.73
2015-07-07, Orderly Decline, 3, +1.15, -1.06, 45.3, 16.09, 0.0017, 0.04, [-1, 0, 2], 1.73
2015-07-08, Orderly Decline, 3, -0.80, -1.48, 35.7, 19.66, 0.0014, 0.04, [-3, -2, 2], 1.73
2015-07-09, Orderly Decline, 3, -1.26, -2.38, 29.7, 19.97, -0.0028, 0.05, [-3, -2, 2], 1.73
2015-07-10, Orderly Decline, 3, -0.01, -2.77, 41.0, 16.83, -0.0035, 0.05, [-2, 0, 2], 1.41
2015-07-13, Orderly Decline, 3, +1.49, -2.66, 44.1, 13.90, -0.0007, 0.05, [-1, 0, 3], 2.45
2015-07-14, Orderly Decline, 3, +1.33, -2.41, 46.3, 13.37, 0.0032, 0.05, [-1, 0, 3], 2.45
2015-07-15, Steady Climb, 1, +2.97, -2.18, 49.7, 13.23, 0.0082, 0.05, [0, 0, 3], 2.45
2015-07-16, Steady Climb, 1, +3.56, -1.83, 55.5, 12.11, 0.0068, 0.05, [0, 1, 3], 2.24
2015-07-17, Steady Climb, 1, +2.41, -1.18, 56.2, 11.95, 0.0048, 0.05, [0, 1, 3], 2.24
2015-07-20, Steady Climb, 1, +1.37, -0.21, 72.0, 12.25, 0.0033, 0.05, [0, 2, 3], 2.45
2015-07-21, Steady Climb, 1, +0.49, +0.60, 67.1, 12.22, 0.0027, 0.05, [2, 2, 3], 1.41
2015-07-22, Steady Climb, 1, +0.32, +1.45, 61.9, 12.12, 0.0013, 0.05, [2, 1, 3], 1.00
2015-07-23, Steady Climb, 1, -1.04, +2.26, 57.6, 12.64, -0.0013, 0.05, [1, 1, 3], 1.41
2015-07-24, Steady Climb, 1, -2.21, +2.67, 53.0, 13.74, -0.0030, 0.05, [0, 1, 3], 2.24
2015-07-27, Steady Climb, 1, -2.85, +2.66, 46.2, 15.60, -0.0055, 0.05, [0, 0, 3], 2.45
2015-07-28, Steady Climb, 1, -1.22, +2.51, 63.6, 13.44, -0.0066, 0.05, [1, 1, 3], 1.41
2015-07-29, Steady Climb, 1, -0.26, +2.07, 65.8, 12.50, -0.0036, 0.05, [2, 2, 3], 1.41
2015-07-30, Steady Climb, 1, +0.31, +1.89, 60.2, 12.13, 0.0013, 0.05, [2, 1, 3], 1.00
2015-07-31, Steady Climb, 1, +1.16, +1.87, 51.5, 12.12, 0.0047, 0.05, [3, 1, 3], 1.41
2015-08-03, Steady Climb, 1, +1.47, +1.73, 45.9, 12.56, 0.0042, 0.04, [3, 0, 3], 1.73
2015-08-04, Steady Climb, 1, +0.00, +1.33, 44.9, 13.00, 0.0002, 0.04, [2, 0, 3], 1.41
2015-08-05, Steady Climb, 1, -0.41, +1.02, 40.4, 12.51, -0.0020, 0.04, [2, 0, 3], 1.41
2015-08-06, Orderly Decline, 3, -1.19, +0.24, 34.8, 13.77, -0.0013, 0.03, [0, -2, 3], 3.00
2015-08-07, Orderly Decline, 3, -1.25, -0.78, 32.6, 13.39, -0.0019, 0.03, [-3, -2, 3], 2.45
2015-08-10, Orderly Decline, 3, +0.29, -1.53, 45.4, 12.23, -0.0024, 0.03, [-2, 0, 3], 2.24
2015-08-11, Orderly Decline, 3, -0.44, -1.55, 41.6, 13.71, -0.0000, 0.03, [-2, 0, 3], 2.24
2015-08-12, Orderly Decline, 3, -0.66, -1.71, 45.2, 13.61, -0.0005, 0.03, [-3, 0, 3], 2.45
2015-08-13, Orderly Decline, 3, -0.01, -1.83, 51.3, 13.49, 0.0006, 0.03, [-2, 1, 3], 2.83
2015-08-14, Trend Pullback, 2, +0.67, -1.69, 58.3, 12.83, -0.0003, 0.03, [-1, 1, 3], 3.00
2015-08-17, Orderly Decline, 3, -0.08, -1.33, 53.5, 13.02, -0.0012, 0.03, [-2, 1, 3], 2.83
2015-08-18, Orderly Decline, 3, +0.62, -0.74, 45.1, 13.79, 0.0020, 0.02, [-1, 0, 3], 2.45
2015-08-19, Orderly Decline, 3, -0.31, -0.33, 39.4, 15.25, 0.0020, 0.02, [-1, -2, 3], 2.45
2015-08-20, Orderly Decline, 3, -2.29, -0.22, 30.7, 19.14, -0.0001, 0.03, [-3, -2, 2], 1.73
2015-08-21, Sharp Decline, 4, -5.77, -0.87, 23.0, 28.03, -0.0068, 0.06, [-4, -2, 0], 2.24
2015-08-24, Sharp Decline, 4, -9.95, -2.70, 17.6, 40.74, -0.0171, 0.10, [-4, -2, 0], 2.24
2015-08-25, Sharp Decline, 4, -10.94, -5.66, 14.5, 36.02, -0.0276, 0.14, [-4, -2, 0], 2.24
2015-08-26, Sharp Decline, 4, -6.69, -8.33, 31.4, 30.32, -0.0292, 0.14, [-4, -2, 0], 2.24
2015-08-27, Sharp Decline, 4, -2.36, -9.37, 39.4, 26.10, -0.0148, 0.15, [-4, -2, 0], 2.24
2015-08-28, Orderly Decline, 3, +0.91, -9.49, 35.6, 26.05, 0.0041, 0.15, [-1, -2, 0], 1.73
2015-08-31, Volatile Chop, 5, +4.17, -9.48, 35.9, 28.43, 0.0158, 0.15, [0, -2, -2], 2.00
2015-09-01, Volatile Chop, 5, +2.48, -9.63, 31.0, 31.40, 0.0135, 0.15, [0, -2, -1], 2.24
2015-09-02, Orderly Decline, 3, +0.43, -10.50, 36.1, 26.09, -0.0035, 0.16, [-2, -2, 0], 1.41
2015-09-03, Orderly Decline, 3, -1.84, -10.50, 35.4, 25.61, -0.0078, 0.16, [-3, -2, 0], 1.73
2015-09-04, Sharp Decline, 4, -3.40, -10.49, 31.8, 27.80, -0.0051, 0.16, [-4, -2, 0], 2.24
2015-09-08, Orderly Decline, 3, -0.14, -10.81, 38.2, 24.90, -0.0033, 0.15, [-2, -2, 1], 1.00
2015-09-09, Orderly Decline, 3, +1.47, -9.78, 37.5, 26.23, 0.0043, 0.15, [-1, -2, 0], 1.73
2015-09-10, Orderly Decline, 3, +0.18, -9.26, 41.9, 24.37, 0.0002, 0.14, [-2, 0, 1], 1.00
2015-09-11, Trend Pullback, 2, +0.51, -8.35, 48.9, 23.20, 0.0012, 0.14, [-1, 0, 1], 1.41
2015-09-14, Trend Pullback, 2, +1.66, -7.15, 57.6, 24.25, 0.0032, 0.13, [-1, 1, 1], 1.00
2015-09-15, Trend Pullback, 2, +0.44, -5.75, 64.1, 22.54, -0.0007, 0.11, [-2, 1, 1], 1.41
2015-09-16, Trend Pullback, 2, +2.74, -3.62, 58.2, 21.35, 0.0037, 0.09, [0, 1, 1], 1.41
2015-09-17, Trend Pullback, 2, +1.94, -1.14, 50.4, 21.14, 0.0052, 0.08, [-1, 1, 1], 1.00
2015-09-18, Steady Climb, 1, -0.15, +1.15, 45.2, 22.28, 0.0051, 0.07, [2, 0, 1], 1.41
2015-09-21, Steady Climb, 1, +0.71, +2.41, 49.2, 20.14, 0.0011, 0.07, [3, 0, 1], 1.73
2015-09-22, Steady Climb, 1, -1.79, +2.90, 55.1, 22.44, -0.0031, 0.06, [1, 1, 1], 1.41
2015-09-23, Trend Pullback, 2, -2.83, +1.83, 48.0, 22.13, -0.0066, 0.05, [0, 0, 1], 1.73
2015-09-24, Trend Pullback, 2, -2.91, +0.21, 46.3, 23.47, -0.0061, 0.05, [-1, 0, 1], 1.41
2015-09-25, Trend Pullback, 2, -1.36, -0.45, 52.2, 23.62, -0.0041, 0.05, [-2, 1, 1], 1.41
2015-09-28, Orderly Decline, 3, -4.33, -0.37, 30.8, 27.63, -0.0043, 0.05, [-3, -2, 0], 1.73
2015-09-29, Sharp Decline, 4, -3.02, -0.89, 35.7, 26.83, -0.0069, 0.06, [-4, -2, 0], 2.24
2015-09-30, Orderly Decline, 3, -0.97, -1.48, 42.9, 24.50, -0.0083, 0.06, [-3, 0, 1], 1.41
2015-10-01, Orderly Decline, 3, -0.44, -2.35, 41.7, 22.55, -0.0037, 0.06, [-2, 0, 1], 1.00
2015-10-02, Trend Pullback, 2, +1.04, -2.62, 49.7, 20.94, 0.0012, 0.06, [-1, 0, 1], 1.41
2015-10-05, Steady Climb, 1, +5.59, -2.42, 51.8, 19.54, 0.0090, 0.06, [0, 1, 2], 2.00
2015-10-06, Trend Pullback, 2, +5.09, -2.19, 46.8, 19.40, 0.0120, 0.06, [0, 0, 1], 1.73
2015-10-07, Steady Climb, 1, +3.95, -1.39, 51.1, 18.40, 0.0092, 0.07, [0, 1, 2], 2.00
2015-10-08, Steady Climb, 1, +4.66, -0.82, 61.5, 17.42, 0.0086, 0.07, [0, 1, 2], 2.00
2015-10-09, Steady Climb, 1, +3.26, +0.09, 60.3, 17.08, 0.0066, 0.08, [2, 1, 2], 0.00
2015-10-12, Steady Climb, 1, +1.53, +1.06, 67.7, 16.17, 0.0044, 0.08, [3, 2, 2], 1.41
2015-10-13, Steady Climb, 1, +1.20, +1.86, 64.7, 17.67, 0.0047, 0.08, [3, 1, 2], 1.00
2015-10-14, Steady Climb, 1, -0.08, +2.77, 63.9, 18.03, 0.0010, 0.08, [2, 1, 2], 0.00
2015-10-15, Steady Climb, 1, +0.52, +3.77, 68.3, 16.05, -0.0024, 0.09, [3, 2, 2], 1.41
2015-10-16, Steady Climb, 1, +0.90, +5.12, 85.7, 15.05, -0.0003, 0.09, [3, 2, 3], 1.73
2015-10-19, Steady Climb, 1, +0.80, +6.04, 85.6, 14.98, 0.0025, 0.10, [3, 2, 3], 1.73
2015-10-20, Steady Climb, 1, +1.35, +6.99, 81.2, 15.75, 0.0049, 0.10, [3, 2, 3], 1.73
2015-10-21, Steady Climb, 1, +1.24, +7.43, 75.7, 16.70, 0.0041, 0.10, [3, 2, 2], 1.41
2015-10-22, Steady Climb, 1, +1.42, +7.50, 76.4, 14.45, -0.0006, 0.10, [3, 2, 3], 1.73
2015-10-23, Steady Climb, 1, +2.07, +7.82, 74.7, 14.46, 0.0012, 0.11, [4, 2, 3], 2.45
2015-10-26, Steady Climb, 1, +1.84, +8.27, 76.1, 15.29, 0.0051, 0.10, [3, 2, 3], 1.73
2015-10-27, Steady Climb, 1, +1.73, +7.67, 71.3, 15.43, 0.0066, 0.09, [3, 2, 3], 1.73
2015-10-28, Steady Climb, 1, +3.54, +6.74, 72.4, 14.33, 0.0054, 0.08, [4, 2, 3], 2.45
2015-10-29, Steady Climb, 1, +1.80, +6.46, 71.8, 14.61, 0.0032, 0.07, [3, 2, 3], 1.73
2015-10-30, Steady Climb, 1, +0.20, +5.97, 67.4, 15.07, 0.0023, 0.07, [2, 2, 3], 1.41
2015-11-02, Steady Climb, 1, +1.59, +5.52, 76.5, 14.15, 0.0019, 0.07, [3, 2, 3], 1.73
2015-11-03, Steady Climb, 1, +2.12, +5.79, 81.1, 14.54, 0.0031, 0.07, [4, 2, 3], 2.45
2015-11-04, Steady Climb, 1, +0.57, +5.86, 74.0, 15.51, 0.0025, 0.07, [3, 2, 3], 1.73
2015-11-05, Steady Climb, 1, +0.50, +5.87, 71.4, 15.05, 0.0027, 0.07, [3, 2, 3], 1.73
2015-11-06, Steady Climb, 1, +0.95, +5.97, 70.9, 14.33, 0.0019, 0.07, [3, 2, 3], 1.73
2015-11-09, Steady Climb, 1, -1.21, +5.96, 63.7, 16.52, -0.0009, 0.07, [1, 1, 2], 1.00
2015-11-10, Steady Climb, 1, -1.33, +5.56, 68.9, 15.29, -0.0031, 0.07, [1, 2, 3], 1.73
2015-11-11, Steady Climb, 1, -1.30, +4.90, 58.1, 16.06, -0.0030, 0.06, [1, 1, 2], 1.00
2015-11-12, Orderly Decline, 3, -2.57, +3.87, 40.0, 18.37, -0.0033, 0.05, [0, -2, 2], 2.45
2015-11-13, Orderly Decline, 3, -3.63, +2.78, 35.3, 20.08, -0.0054, 0.05, [0, -2, 1], 2.24
2015-11-16, Steady Climb, 1, -1.22, +1.47, 46.6, 18.16, -0.0072, 0.05, [1, 0, 2], 1.41
2015-11-17, Steady Climb, 1, -1.50, +0.61, 38.1, 18.84, -0.0053, 0.05, [1, -2, 2], 3.16
2015-11-18, Orderly Decline, 3, +0.41, -0.36, 48.5, 16.85, -0.0020, 0.04, [-1, 0, 2], 1.73
2015-11-19, Trend Pullback, 2, +1.72, -1.07, 50.5, 16.99, 0.0049, 0.04, [-1, 1, 2], 2.00
2015-11-20, Steady Climb, 1, +3.27, -1.38, 45.8, 15.47, 0.0070, 0.04, [0, 0, 3], 2.45
2015-11-23, Orderly Decline, 3, +1.63, -1.26, 43.3, 15.62, 0.0049, 0.04, [-1, 0, 3], 2.45
2015-11-24, Orderly Decline, 3, +1.89, -1.27, 46.1, 15.93, 0.0037, 0.04, [-1, 0, 3], 2.45
2015-11-25, Orderly Decline, 3, +0.25, -1.34, 46.6, 15.19, 0.0008, 0.04, [-2, 0, 3], 2.24
2015-11-27, Orderly Decline, 3, +0.43, -1.07, 47.3, 15.12, 0.0007, 0.04, [-2, 0, 3], 2.24
2015-11-30, Trend Pullback, 2, -0.42, -0.80, 50.6, 16.13, 0.0002, 0.04, [-2, 1, 2], 2.24
2015-12-01, Trend Pullback, 2, +0.77, -0.82, 56.0, 14.67, -0.0005, 0.04, [-1, 1, 3], 3.00
2015-12-02, Steady Climb, 1, -0.46, -0.13, 51.2, 15.91, 0.0009, 0.04, [0, 1, 3], 2.24
2015-12-03, Steady Climb, 1, -1.88, +0.31, 51.0, 18.11, -0.0003, 0.04, [0, 1, 2], 2.00
2015-12-04, Steady Climb, 1, +0.08, +0.26, 66.3, 14.81, -0.0039, 0.04, [1, 2, 3], 1.73
2015-12-07, Steady Climb, 1, -0.16, +0.85, 56.1, 15.84, -0.0015, 0.04, [2, 1, 3], 1.00
2015-12-08, Steady Climb, 1, -1.86, +1.23, 53.2, 17.60, -0.0019, 0.04, [1, 1, 2], 1.00
2015-12-09, Steady Climb, 1, -1.53, +1.13, 40.4, 19.61, -0.0002, 0.04, [1, 0, 2], 1.41
2015-12-10, Steady Climb, 1, +0.13, +0.87, 42.4, 19.34, -0.0016, 0.04, [2, 0, 2], 1.00
2015-12-11, Orderly Decline, 3, -3.79, +0.62, 32.7, 24.39, -0.0054, 0.05, [0, -2, 1], 2.24
2015-12-14, Orderly Decline, 3, -2.65, -0.62, 35.9, 22.73, -0.0070, 0.05, [-4, -2, 1], 2.24
2015-12-15, Orderly Decline, 3, -0.98, -2.03, 40.8, 20.95, -0.0058, 0.05, [-3, 0, 1], 1.41
2015-12-16, Orderly Decline, 3, +1.24, -2.66, 47.2, 17.86, -0.0019, 0.05, [-1, 0, 2], 1.73
2015-12-17, Orderly Decline, 3, -0.50, -2.90, 42.2, 18.94, 0.0036, 0.05, [-3, 0, 2], 1.73
2015-12-18, Orderly Decline, 3, -0.34, -3.09, 38.8, 20.70, 0.0055, 0.06, [-2, -2, 1], 1.00
2015-12-21, Orderly Decline, 3, -0.04, -3.78, 37.6, 18.70, -0.0017, 0.06, [-2, -2, 2], 1.41
2015-12-22, Orderly Decline, 3, -0.22, -4.00, 43.7, 16.60, -0.0055, 0.06, [-2, 0, 2], 1.41
2015-12-23, Orderly Decline, 3, -0.42, -3.91, 52.3, 15.57, -0.0043, 0.06, [-2, 1, 3], 2.83
2015-12-24, Orderly Decline, 3, +0.94, -3.35, 44.5, 15.74, 0.0038, 0.05, [-1, 0, 3], 2.45
2015-12-28, Steady Climb, 1, +2.54, -2.80, 46.2, 16.91, 0.0075, 0.05, [0, 0, 2], 2.24
2015-12-29, Steady Climb, 1, +2.83, -2.25, 52.7, 16.08, 0.0045, 0.05, [0, 1, 2], 2.00
2015-12-30, Trend Pullback, 2, +1.20, -1.49, 52.9, 17.29, 0.0034, 0.05, [-1, 1, 2], 2.00
2015-12-31, Orderly Decline, 3, -0.99, -0.59, 48.6, 18.21, 0.0008, 0.04, [-3, 0, 2], 1.73
2016-01-04, Trend Pullback, 2, -2.34, -0.28, 50.1, 20.70, -0.0014, 0.05, [-3, 1, 1], 2.24
2016-01-05, Orderly Decline, 3, -1.93, -0.83, 49.1, 19.34, -0.0061, 0.04, [-3, 0, 2], 1.73
2016-01-06, Orderly Decline, 3, -4.24, -0.60, 40.6, 20.59, -0.0087, 0.05, [-4, 0, 1], 2.24
2016-01-07, Orderly Decline, 3, -5.83, -0.87, 28.3, 24.99, -0.0089, 0.06, [-4, -2, 1], 2.24
2016-01-08, Sharp Decline, 4, -5.96, -1.90, 29.3, 27.01, -0.0117, 0.08, [-4, -2, 0], 2.24
2016-01-11, Orderly Decline, 3, -4.42, -3.29, 33.9, 24.30, -0.0132, 0.09, [-4, -2, 1], 2.24
2016-01-12, Orderly Decline, 3, -3.87, -4.41, 33.8, 22.47, -0.0131, 0.10, [-4, -2, 1], 2.24
2016-01-13, Sharp Decline, 4, -5.02, -5.74, 23.9, 25.22, -0.0065, 0.11, [-4, -2, 0], 2.24
2016-01-14, Orderly Decline, 3, -1.09, -7.50, 25.5, 23.95, -0.0046, 0.12, [-3, -2, 1], 1.41
2016-01-15, Sharp Decline, 4, -2.17, -8.28, 22.5, 27.02, -0.0018, 0.13, [-4, -2, 0], 2.24
2016-01-19, Sharp Decline, 4, -2.20, -8.99, 23.1, 26.05, -0.0055, 0.14, [-4, -2, 0], 2.24
2016-01-20, Sharp Decline, 4, -4.09, -9.90, 16.4, 27.59, -0.0067, 0.15, [-4, -2, 0], 2.24
2016-01-21, Orderly Decline, 3, -1.13, -11.45, 19.6, 26.69, -0.0055, 0.16, [-3, -2, 0], 1.73
2016-01-22, Orderly Decline, 3, -0.78, -12.40, 29.8, 22.34, -0.0066, 0.16, [-3, -2, 1], 1.41
2016-01-25, Orderly Decline, 3, -0.17, -12.30, 29.9, 24.15, 0.0022, 0.15, [-2, -2, 1], 1.00
2016-01-26, Orderly Decline, 3, +1.19, -12.02, 34.3, 22.50, 0.0021, 0.15, [-1, -2, 1], 1.41
2016-01-27, Orderly Decline, 3, +1.27, -11.13, 34.8, 23.11, 0.0051, 0.14, [-1, -2, 1], 1.41
2016-01-28, Trend Pullback, 2, +1.30, -10.38, 42.2, 22.42, 0.0013, 0.13, [-1, 0, 1], 1.41
2016-01-29, Trend Pullback, 2, +1.75, -8.87, 52.7, 20.20, -0.0011, 0.11, [-1, 1, 1], 1.00
2016-02-01, Steady Climb, 1, +3.32, -6.65, 52.3, 19.98, 0.0060, 0.09, [0, 1, 2], 2.00
2016-02-02, Orderly Decline, 3, -0.03, -4.56, 45.1, 21.98, 0.0068, 0.08, [-2, 0, 1], 1.00
2016-02-03, Trend Pullback, 2, +1.57, -3.33, 53.4, 21.65, 0.0045, 0.07, [-1, 1, 1], 1.00
2016-02-04, Trend Pullback, 2, +1.17, -1.73, 48.9, 21.84, 0.0001, 0.05, [-1, 0, 1], 1.41
2016-02-05, Orderly Decline, 3, -3.10, -0.36, 50.0, 23.38, -0.0041, 0.05, [-3, 0, 1], 1.41
2016-02-08, Trend Pullback, 2, -4.43, -0.12, 45.6, 26.00, -0.0057, 0.06, [-2, 0, 0], 1.41
2016-02-09, Orderly Decline, 3, -2.67, -0.50, 48.8, 26.54, -0.0071, 0.06, [-3, 0, 0], 1.73
2016-02-10, Orderly Decline, 3, -3.17, -0.76, 47.0, 26.29, -0.0099, 0.06, [-4, 0, 0], 2.45
2016-02-11, Sharp Decline, 4, -4.51, -0.69, 35.6, 28.14, -0.0085, 0.06, [-4, -2, 0], 2.24
2016-02-12, Orderly Decline, 3, -0.81, -1.58, 47.8, 25.40, -0.0056, 0.06, [-3, 0, 0], 1.73
2016-02-16, Trend Pullback, 2, +2.27, -1.37, 48.6, 24.11, -0.0000, 0.06, [0, 0, 1], 1.73
2016-02-17, Trend Pullback, 2, +4.03, -1.28, 57.5, 22.31, 0.0052, 0.07, [0, 1, 1], 1.41
2016-02-18, Trend Pullback, 2, +3.56, -0.76, 54.2, 21.64, 0.0113, 0.07, [0, 1, 0], 1.00
2016-02-19, Trend Pullback, 2, +4.85, -0.78, 45.4, 20.53, 0.0125, 0.07, [0, 0, 0], 1.41
2016-02-22, Steady Climb, 1, +4.33, -0.74, 51.1, 19.38, 0.0066, 0.07, [0, 1, 2], 2.00
2016-02-23, Steady Climb, 1, +1.36, +0.22, 53.5, 20.98, 0.0047, 0.07, [2, 1, 1], 1.00
2016-02-24, Steady Climb, 1, +0.15, +0.31, 53.4, 20.72, 0.0009, 0.07, [1, 1, 1], 1.41
2016-02-25, Steady Climb, 1, +1.77, +0.88, 56.6, 19.11, 0.0014, 0.08, [3, 1, 2], 1.00
2016-02-26, Steady Climb, 1, +1.58, +1.39, 63.9, 19.81, 0.0027, 0.08, [3, 1, 2], 1.00
2016-02-29, Steady Climb, 1, -0.68, +1.91, 66.9, 20.55, 0.0018, 0.08, [1, 2, 1], 1.73
2016-03-01, Steady Climb, 1, +2.97, +2.86, 72.7, 17.70, 0.0020, 0.08, [4, 2, 2], 2.24
2016-03-02, Steady Climb, 1, +2.94, +4.46, 73.6, 17.09, 0.0039, 0.09, [4, 2, 2], 2.24
2016-03-03, Steady Climb, 1, +2.14, +5.56, 80.5, 16.70, 0.0050, 0.10, [4, 2, 2], 2.24
2016-03-04, Steady Climb, 1, +2.67, +6.77, 78.1, 16.86, 0.0072, 0.11, [4, 2, 2], 2.24
2016-03-07, Steady Climb, 1, +3.60, +8.00, 75.1, 17.35, 0.0075, 0.11, [4, 2, 2], 2.24
2016-03-08, Steady Climb, 1, +0.05, +8.58, 62.9, 18.67, 0.0030, 0.11, [2, 1, 2], 0.00
2016-03-09, Steady Climb, 1, +0.14, +8.23, 67.5, 18.34, -0.0003, 0.10, [2, 2, 2], 1.00
2016-03-10, Steady Climb, 1, -0.19, +7.81, 67.6, 18.05, -0.0015, 0.10, [2, 2, 2], 1.00
2016-03-11, Steady Climb, 1, +1.11, +7.18, 68.3, 16.50, -0.0016, 0.08, [3, 2, 2], 1.41
2016-03-14, Steady Climb, 1, +0.89, +6.46, 76.2, 16.92, 0.0025, 0.08, [3, 2, 2], 1.41
2016-03-15, Steady Climb, 1, +1.85, +5.97, 73.6, 16.84, 0.0056, 0.07, [3, 2, 2], 1.41
2016-03-16, Steady Climb, 1, +1.91, +5.68, 72.0, 14.99, 0.0041, 0.08, [3, 2, 3], 1.73
2016-03-17, Steady Climb, 1, +2.56, +5.87, 75.5, 14.44, 0.0034, 0.08, [4, 2, 3], 2.45
2016-03-18, Steady Climb, 1, +1.35, +5.95, 83.6, 14.02, 0.0022, 0.08, [3, 2, 3], 1.73
2016-03-21, Steady Climb, 1, +1.58, +5.98, 78.0, 13.79, 0.0041, 0.08, [3, 2, 3], 1.73
2016-03-22, Steady Climb, 1, +1.68, +6.27, 75.4, 14.17, 0.0046, 0.08, [3, 2, 3], 1.73
2016-03-23, Steady Climb, 1, +0.47, +6.00, 66.6, 14.94, 0.0028, 0.07, [2, 2, 3], 1.41
2016-03-24, Steady Climb, 1, -0.23, +5.48, 64.4, 14.74, -0.0004, 0.07, [2, 1, 3], 1.00
2016-03-28, Steady Climb, 1, -0.61, +5.14, 64.2, 15.24, -0.0021, 0.06, [1, 1, 3], 1.41
2016-03-29, Steady Climb, 1, +0.17, +4.63, 81.7, 13.82, -0.0021, 0.05, [2, 2, 3], 1.41
2016-03-30, Steady Climb, 1, +0.69, +3.99, 81.5, 13.56, 0.0005, 0.05, [3, 2, 3], 1.73
2016-03-31, Steady Climb, 1, +1.13, +4.02, 78.7, 13.95, 0.0036, 0.05, [3, 2, 3], 1.73
2016-04-01, Steady Climb, 1, +1.81, +3.99, 74.6, 13.10, 0.0036, 0.05, [3, 2, 3], 1.73
2016-04-04, Steady Climb, 1, +1.43, +4.14, 71.7, 14.12, 0.0037, 0.05, [3, 2, 3], 1.73
2016-04-05, Steady Climb, 1, -0.48, +4.19, 61.8, 15.42, 0.0015, 0.05, [2, 1, 3], 1.00
2016-04-06, Steady Climb, 1, +0.13, +3.86, 64.7, 14.09, -0.0015, 0.05, [2, 1, 3], 1.00
2016-04-07, Steady Climb, 1, -0.87, +3.43, 50.5, 16.16, -0.0007, 0.04, [1, 1, 2], 1.00
2016-04-08, Steady Climb, 1, -1.21, +2.66, 49.3, 15.36, -0.0030, 0.03, [1, 0, 3], 1.73
2016-04-11, Steady Climb, 1, -1.17, +1.90, 46.7, 16.26, -0.0020, 0.03, [1, 0, 2], 1.41
2016-04-12, Steady Climb, 1, +0.81, +1.49, 53.6, 14.85, -0.0012, 0.03, [3, 1, 3], 1.41
2016-04-13, Steady Climb, 1, +0.76, +1.29, 63.3, 13.84, -0.0005, 0.03, [3, 1, 3], 1.41
2016-04-14, Steady Climb, 1, +2.00, +1.27, 63.7, 13.72, 0.0046, 0.03, [4, 1, 3], 2.24
2016-04-15, Steady Climb, 1, +1.62, +1.32, 62.7, 13.62, 0.0053, 0.03, [3, 1, 3], 1.41
2016-04-18, Steady Climb, 1, +2.56, +1.48, 61.7, 13.35, 0.0047, 0.03, [4, 1, 3], 2.24
2016-04-19, Steady Climb, 1, +1.90, +1.91, 61.1, 13.24, 0.0030, 0.04, [3, 1, 3], 1.41
2016-04-20, Steady Climb, 1, +0.96, +2.40, 63.1, 13.28, 0.0023, 0.04, [3, 1, 3], 1.41
2016-04-21, Steady Climb, 1, +0.42, +2.81, 55.8, 13.95, 0.0028, 0.04, [2, 1, 3], 1.00
2016-04-22, Steady Climb, 1, +0.52, +2.78, 58.3, 13.22, 0.0014, 0.04, [3, 1, 3], 1.41
2016-04-25, Steady Climb, 1, -0.31, +2.65, 65.6, 14.08, -0.0007, 0.04, [2, 2, 3], 1.41
2016-04-26, Steady Climb, 1, -0.43, +2.41, 60.5, 13.96, -0.0018, 0.04, [2, 1, 3], 1.00
2016-04-27, Steady Climb, 1, -0.34, +2.43, 77.2, 13.77, -0.0012, 0.04, [2, 2, 3], 1.41
2016-04-28, Steady Climb, 1, -0.75, +2.58, 62.6, 15.22, 0.0004, 0.04, [1, 1, 3], 1.41
2016-04-29, Steady Climb, 1, -1.26, +2.34, 60.0, 15.70, -0.0012, 0.04, [1, 1, 3], 1.41
2016-05-02, Steady Climb, 1, -0.30, +2.14, 58.7, 14.68, -0.0029, 0.04, [2, 1, 3], 1.00
2016-05-03, Steady Climb, 1, -1.35, +2.07, 41.4, 15.60, -0.0024, 0.04, [1, 0, 3], 1.73
2016-05-04, Orderly Decline, 3, -2.10, +1.39, 37.0, 16.05, -0.0028, 0.04, [0, -2, 2], 2.45
2016-05-05, Steady Climb, 1, -1.21, +0.85, 37.5, 15.91, -0.0025, 0.04, [1, -2, 3], 3.32
2016-05-06, Orderly Decline, 3, -0.40, -0.07, 33.6, 14.72, -0.0029, 0.03, [0, -2, 3], 3.00
2016-05-09, Orderly Decline, 3, -1.09, -0.82, 30.6, 14.57, -0.0030, 0.03, [-3, -2, 3], 2.45
2016-05-10, Orderly Decline, 3, +1.02, -1.65, 43.2, 13.63, -0.0002, 0.03, [-1, 0, 3], 2.45
2016-05-11, Orderly Decline, 3, +0.65, -1.82, 40.5, 14.69, 0.0036, 0.03, [-1, 0, 3], 2.45
2016-05-12, Orderly Decline, 3, +0.66, -1.99, 40.3, 14.41, 0.0027, 0.03, [-1, 0, 3], 2.45
2016-05-13, Orderly Decline, 3, -0.51, -2.13, 36.8, 15.04, 0.0010, 0.04, [-3, -2, 3], 2.45
2016-05-16, Orderly Decline, 3, +0.39, -2.53, 42.7, 14.68, -0.0022, 0.03, [-2, 0, 3], 2.24
2016-05-17, Orderly Decline, 3, -1.78, -2.37, 37.2, 15.57, -0.0026, 0.03, [-3, -2, 3], 2.45
2016-05-18, Orderly Decline, 3, -0.82, -2.34, 41.7, 15.95, -0.0016, 0.03, [-3, 0, 3], 2.45
2016-05-19, Orderly Decline, 3, -1.17, -2.21, 42.4, 16.33, -0.0016, 0.03, [-3, 0, 2], 1.73
2016-05-20, Orderly Decline, 3, +0.28, -2.27, 41.0, 15.20, -0.0016, 0.03, [-2, 0, 3], 2.24
2016-05-23, Orderly Decline, 3, -0.90, -2.08, 44.8, 15.82, -0.0018, 0.03, [-3, 0, 3], 2.45
2016-05-24, Trend Pullback, 2, +1.41, -1.95, 57.6, 14.42, 0.0003, 0.03, [-1, 1, 3], 3.00
2016-05-25, Steady Climb, 1, +2.10, -1.29, 61.2, 13.90, 0.0031, 0.03, [0, 1, 3], 2.24
2016-05-26, Steady Climb, 1, +2.45, -0.36, 59.6, 13.43, 0.0060, 0.03, [1, 1, 3], 1.41
2016-05-27, Steady Climb, 1, +2.28, +0.28, 61.2, 13.12, 0.0056, 0.03, [3, 1, 3], 1.41
2016-05-31, Steady Climb, 1, +2.39, +0.85, 54.0, 14.19, 0.0055, 0.04, [4, 1, 3], 2.24
2016-06-01, Steady Climb, 1, +1.12, +1.60, 62.6, 14.20, 0.0024, 0.04, [3, 1, 3], 1.41
2016-06-02, Steady Climb, 1, +0.70, +2.07, 64.3, 13.63, 0.0012, 0.04, [3, 1, 3], 1.41
2016-06-03, Steady Climb, 1, +0.43, +2.38, 69.8, 13.47, 0.0015, 0.04, [2, 2, 3], 1.41
2016-06-06, Steady Climb, 1, +0.49, +2.51, 67.4, 13.65, 0.0004, 0.04, [2, 2, 3], 1.41
2016-06-07, Steady Climb, 1, +0.72, +2.82, 80.6, 14.05, 0.0012, 0.05, [3, 2, 3], 1.73
2016-06-08, Steady Climb, 1, +0.94, +3.11, 81.7, 14.08, 0.0014, 0.05, [3, 2, 3], 1.73
2016-06-09, Steady Climb, 1, +0.49, +3.83, 84.7, 14.64, 0.0019, 0.05, [2, 2, 3], 1.41
2016-06-10, Steady Climb, 1, -0.15, +4.13, 68.9, 17.03, 0.0020, 0.05, [2, 2, 2], 1.00
2016-06-13, Steady Climb, 1, -1.44, +4.07, 62.1, 20.97, -0.0011, 0.05, [1, 1, 1], 1.41
2016-06-14, Steady Climb, 1, -1.74, +3.45, 49.6, 20.50, -0.0043, 0.05, [1, 0, 1], 1.73
2016-06-15, Orderly Decline, 3, -2.25, +3.03, 39.8, 20.14, -0.0060, 0.05, [0, -2, 1], 2.24
2016-06-16, Steady Climb, 1, -1.77, +2.25, 43.9, 19.37, -0.0052, 0.04, [1, 0, 2], 1.41
2016-06-17, Steady Climb, 1, -1.19, +1.52, 35.7, 19.41, -0.0021, 0.04, [1, -2, 2], 3.16
2016-06-20, Steady Climb, 1, +0.20, +0.54, 43.6, 18.37, -0.0006, 0.03, [2, 0, 2], 1.00
2016-06-21, Steady Climb, 1, +0.65, -0.13, 45.3, 18.48, 0.0007, 0.03, [1, 0, 2], 1.41
2016-06-22, Trend Pullback, 2, +0.67, -0.83, 40.8, 21.17, 0.0019, 0.03, [-1, 0, 1], 1.41
2016-06-23, Trend Pullback, 2, +1.70, -1.20, 55.5, 17.25, 0.0015, 0.03, [-1, 1, 2], 2.00
2016-06-24, Orderly Decline, 3, -1.63, -0.96, 31.6, 25.76, 0.0042, 0.04, [-3, -2, 0], 1.73
2016-06-27, Orderly Decline, 3, -3.97, -1.84, 25.7, 23.85, -0.0034, 0.05, [-4, -2, 1], 2.24
2016-06-28, Orderly Decline, 3, -2.53, -3.03, 33.9, 18.75, -0.0110, 0.06, [-4, -2, 2], 2.45
2016-06-29, Orderly Decline, 3, -0.70, -3.59, 42.3, 16.64, -0.0102, 0.06, [-3, 0, 2], 1.73
2016-06-30, Orderly Decline, 3, -0.68, -3.53, 50.5, 15.63, -0.0041, 0.06, [-3, 1, 3], 3.00
2016-07-01, Steady Climb, 1, +3.22, -2.94, 54.2, 14.77, 0.0092, 0.06, [0, 1, 3], 2.24
2016-07-05, Steady Climb, 1, +4.40, -2.37, 52.2, 15.58, 0.0128, 0.06, [0, 1, 2], 2.00
2016-07-06, Steady Climb, 1, +3.13, -1.85, 54.7, 14.96, 0.0065, 0.06, [0, 1, 3], 2.24
2016-07-07, Trend Pullback, 2, +1.31, -1.10, 53.3, 14.76, 0.0023, 0.05, [-1, 1, 3], 3.00
2016-07-08, Steady Climb, 1, +1.48, -0.24, 59.1, 13.20, -0.0002, 0.06, [0, 1, 3], 2.24
2016-07-11, Steady Climb, 1, +1.63, +1.05, 58.5, 13.54, 0.0030, 0.06, [3, 1, 3], 1.41
2016-07-12, Steady Climb, 1, +3.04, +2.11, 59.6, 13.55, 0.0059, 0.07, [4, 1, 3], 2.24
2016-07-13, Steady Climb, 1, +2.51, +3.06, 60.3, 13.04, 0.0067, 0.07, [4, 1, 3], 2.24
2016-07-14, Steady Climb, 1, +3.14, +3.84, 58.2, 12.82, 0.0061, 0.08, [4, 1, 3], 2.24
2016-07-15, Steady Climb, 1, +1.49, +4.61, 76.5, 12.67, 0.0038, 0.08, [3, 2, 3], 1.73
2016-07-18, Steady Climb, 1, +1.39, +5.31, 91.0, 12.44, 0.0028, 0.09, [3, 2, 3], 1.73
2016-07-19, Steady Climb, 1, +0.54, +5.85, 87.5, 11.97, 0.0018, 0.09, [3, 2, 3], 1.73
2016-07-20, Steady Climb, 1, +0.96, +6.40, 85.3, 11.77, 0.0012, 0.09, [3, 2, 3], 1.73
2016-07-21, Steady Climb, 1, +0.07, +7.04, 76.6, 12.74, 0.0010, 0.09, [2, 2, 3], 1.41
2016-07-22, Steady Climb, 1, +0.61, +7.39, 77.6, 12.02, 0.0006, 0.10, [3, 2, 3], 1.73
2016-07-25, Steady Climb, 1, +0.07, +8.21, 82.6, 12.87, 0.0008, 0.09, [2, 2, 3], 1.41
2016-07-26, Steady Climb, 1, +0.25, +7.63, 81.0, 13.05, 0.0005, 0.08, [2, 2, 3], 1.41
2016-07-27, Steady Climb, 1, -0.30, +6.29, 80.4, 12.83, -0.0002, 0.06, [2, 2, 3], 1.41
2016-07-28, Steady Climb, 1, +0.23, +5.22, 73.8, 12.72, -0.0001, 0.06, [2, 2, 3], 1.41
2016-07-29, Steady Climb, 1, -0.07, +4.55, 72.6, 11.87, -0.0005, 0.05, [2, 2, 3], 1.41
2016-08-01, Steady Climb, 1, +0.11, +4.23, 63.7, 12.44, 0.0005, 0.05, [2, 1, 3], 1.00
2016-08-02, Steady Climb, 1, -0.56, +3.81, 52.8, 13.37, 0.0005, 0.04, [1, 1, 3], 1.41
2016-08-03, Steady Climb, 1, -0.13, +2.88, 50.0, 12.86, -0.0008, 0.03, [2, 1, 3], 1.00
2016-08-04, Steady Climb, 1, -0.27, +2.11, 51.7, 12.42, -0.0013, 0.02, [2, 1, 3], 1.00
2016-08-05, Steady Climb, 1, +0.43, +1.22, 58.9, 11.39, -0.0012, 0.02, [2, 1, 3], 1.00
2016-08-08, Steady Climb, 1, +0.46, +1.00, 59.7, 11.50, 0.0014, 0.01, [2, 1, 3], 1.00
2016-08-09, Steady Climb, 1, +1.15, +0.79, 55.5, 11.66, 0.0031, 0.01, [3, 1, 3], 1.41
2016-08-10, Steady Climb, 1, +0.54, +0.77, 56.6, 12.05, 0.0024, 0.01, [3, 1, 3], 1.41
2016-08-11, Steady Climb, 1, +1.00, +0.61, 56.8, 11.68, 0.0010, 0.01, [3, 1, 3], 1.41
2016-08-12, Steady Climb, 1, +0.05, +0.75, 60.5, 11.55, 0.0000, 0.01, [2, 1, 3], 1.00
2016-08-15, Steady Climb, 1, +0.42, +0.79, 63.2, 11.81, 0.0005, 0.02, [2, 1, 3], 1.00
2016-08-16, Steady Climb, 1, -0.16, +0.98, 56.5, 12.64, 0.0012, 0.02, [2, 1, 3], 1.00
2016-08-17, Steady Climb, 1, +0.31, +0.90, 56.8, 12.19, 0.0004, 0.02, [2, 1, 3], 1.00
2016-08-18, Steady Climb, 1, +0.06, +1.01, 57.4, 11.43, -0.0006, 0.02, [2, 1, 3], 1.00
2016-08-19, Steady Climb, 1, -0.01, +1.05, 57.2, 11.34, -0.0001, 0.02, [2, 1, 3], 1.00
2016-08-22, Steady Climb, 1, -0.34, +1.16, 66.4, 12.27, -0.0002, 0.02, [2, 2, 3], 1.41
2016-08-23, Steady Climb, 1, +0.40, +1.14, 65.2, 12.38, 0.0005, 0.02, [2, 2, 3], 1.41
2016-08-24, Steady Climb, 1, -0.31, +1.18, 56.4, 13.45, 0.0002, 0.02, [2, 1, 3], 1.00
2016-08-25, Steady Climb, 1, -0.67, +0.98, 42.7, 13.63, -0.0009, 0.02, [1, 0, 3], 1.73
2016-08-26, Steady Climb, 1, -0.68, +0.78, 41.8, 13.65, -0.0014, 0.02, [1, 0, 3], 1.73
2016-08-29, Steady Climb, 1, -0.10, +0.58, 49.2, 12.94, -0.0019, 0.02, [2, 0, 3], 1.41
2016-08-30, Steady Climb, 1, -0.49, +0.51, 50.4, 13.12, -0.0009, 0.01, [2, 1, 3], 1.00
2016-08-31, Steady Climb, 1, -0.21, +0.15, 40.2, 13.42, 0.0004, 0.01, [0, 0, 3], 2.45
2016-09-01, Orderly Decline, 3, -0.07, -0.21, 41.1, 13.48, 0.0002, 0.01, [-1, 0, 3], 2.45
2016-09-02, Orderly Decline, 3, +0.50, -0.58, 43.4, 11.98, -0.0003, 0.01, [-1, 0, 3], 2.45
2016-09-06, Orderly Decline, 3, +0.28, -0.53, 55.8, 12.02, -0.0003, 0.01, [-2, 1, 3], 2.83
2016-09-07, Trend Pullback, 2, +0.46, -0.41, 52.9, 11.94, 0.0014, 0.01, [-1, 1, 3], 3.00
2016-09-08, Orderly Decline, 3, +0.48, -0.30, 45.8, 12.51, 0.0021, 0.01, [-1, 0, 3], 2.45
2016-09-09, Orderly Decline, 3, -1.98, -0.36, 26.3, 17.50, 0.0013, 0.02, [-2, -2, 2], 1.41
2016-09-12, Orderly Decline, 3, -0.96, -1.02, 42.1, 15.16, -0.0051, 0.03, [-3, 0, 3], 2.45
2016-09-13, Orderly Decline, 3, -2.72, -1.19, 33.0, 17.85, -0.0053, 0.03, [-4, -2, 2], 2.45
2016-09-14, Orderly Decline, 3, -2.76, -1.67, 35.0, 18.14, -0.0066, 0.04, [-4, -2, 2], 2.45
2016-09-15, Orderly Decline, 3, -1.56, -2.27, 43.2, 16.30, -0.0052, 0.04, [-3, 0, 2], 1.73
2016-09-16, Orderly Decline, 3, +0.53, -2.42, 42.1, 15.37, 0.0003, 0.04, [-1, 0, 3], 2.45
2016-09-19, Orderly Decline, 3, -0.92, -2.56, 38.4, 15.53, -0.0009, 0.04, [-3, -2, 3], 2.45
2016-09-20, Orderly Decline, 3, +0.60, -2.67, 39.6, 15.92, 0.0018, 0.04, [-1, -2, 3], 2.45
2016-09-21, Orderly Decline, 3, +1.76, -2.73, 48.0, 13.30, 0.0009, 0.04, [-1, 0, 3], 2.45
2016-09-22, Trend Pullback, 2, +1.39, -2.32, 51.5, 12.02, 0.0015, 0.04, [-1, 1, 3], 3.00
2016-09-23, Orderly Decline, 3, +1.19, -1.86, 46.4, 12.29, 0.0046, 0.04, [-1, 0, 3], 2.45
2016-09-26, Orderly Decline, 3, +0.33, -1.63, 40.9, 14.50, 0.0041, 0.04, [-2, 0, 3], 2.24
2016-09-27, Orderly Decline, 3, +0.94, -1.70, 44.4, 13.10, 0.0007, 0.04, [-1, 0, 3], 2.45
2016-09-28, Orderly Decline, 3, +0.38, -1.36, 47.9, 12.39, -0.0017, 0.04, [-2, 0, 3], 2.24
2016-09-29, Orderly Decline, 3, -1.20, -0.89, 55.6, 14.02, -0.0008, 0.04, [-3, 1, 3], 3.00
2016-09-30, Orderly Decline, 3, +0.17, -0.79, 52.4, 13.29, -0.0001, 0.04, [-2, 1, 3], 2.83
2016-10-03, Steady Climb, 1, +0.70, -0.42, 60.1, 13.57, 0.0016, 0.04, [0, 1, 3], 2.24
2016-10-04, Steady Climb, 1, -0.44, +0.00, 56.9, 13.63, -0.0000, 0.03, [0, 1, 3], 2.24
2016-10-05, Steady Climb, 1, -0.54, +0.40, 53.7, 12.99, -0.0015, 0.03, [0, 1, 3], 2.24
2016-10-06, Steady Climb, 1, +0.45, +0.98, 56.8, 12.84, -0.0000, 0.03, [2, 1, 3], 1.00
2016-10-07, Steady Climb, 1, -0.67, +1.54, 54.4, 13.48, -0.0008, 0.03, [1, 1, 3], 1.41
2016-10-10, Steady Climb, 1, +0.11, +1.19, 56.8, 13.38, -0.0002, 0.03, [2, 1, 3], 1.00
2016-10-11, Steady Climb, 1, -0.64, +1.43, 42.7, 15.36, 0.0010, 0.02, [1, 0, 3], 1.73
2016-10-12, Steady Climb, 1, -0.95, +0.77, 38.7, 15.91, -0.0020, 0.02, [1, -2, 3], 3.32
2016-10-13, Orderly Decline, 3, -1.31, +0.12, 40.1, 16.69, -0.0028, 0.02, [-1, 0, 2], 1.73
2016-10-14, Orderly Decline, 3, -0.96, -0.32, 45.4, 16.12, -0.0031, 0.02, [-2, 0, 2], 1.41
2016-10-17, Orderly Decline, 3, -1.72, -0.85, 37.8, 16.21, -0.0031, 0.03, [-3, -2, 2], 1.73
2016-10-18, Orderly Decline, 3, +0.13, -1.46, 38.5, 15.28, -0.0012, 0.03, [-2, -2, 3], 2.24
2016-10-19, Orderly Decline, 3, +0.24, -1.86, 47.2, 14.41, -0.0002, 0.03, [-2, 0, 3], 2.24
2016-10-20, Orderly Decline, 3, +0.41, -1.83, 37.6, 13.75, 0.0014, 0.02, [-2, -2, 3], 2.24
2016-10-21, Orderly Decline, 3, +0.38, -1.58, 40.2, 13.34, 0.0016, 0.02, [-2, 0, 3], 2.24
2016-10-24, Trend Pullback, 2, +1.17, -1.48, 50.4, 13.02, 0.0014, 0.02, [-1, 1, 3], 3.00
2016-10-25, Orderly Decline, 3, +0.17, -1.49, 41.7, 13.46, 0.0009, 0.02, [-2, 0, 3], 2.24
2016-10-26, Orderly Decline, 3, -0.23, -1.41, 39.6, 14.24, 0.0004, 0.02, [-2, -2, 3], 2.24
2016-10-27, Orderly Decline, 3, -0.39, -1.18, 39.9, 15.36, -0.0001, 0.02, [-2, -2, 3], 2.24
2016-10-28, Orderly Decline, 3, -0.69, -1.31, 31.2, 16.19, -0.0013, 0.02, [-3, -2, 2], 1.73
2016-10-31, Orderly Decline, 3, -1.17, -1.24, 42.7, 17.06, -0.0028, 0.02, [-3, 0, 2], 1.73
2016-11-01, Orderly Decline, 3, -1.47, -1.22, 33.7, 18.56, -0.0022, 0.02, [-3, -2, 2], 1.73
2016-11-02, Orderly Decline, 3, -1.94, -1.52, 31.1, 19.32, -0.0030, 0.03, [-3, -2, 2], 1.73
2016-11-03, Orderly Decline, 3, -2.08, -1.81, 27.9, 22.08, -0.0041, 0.03, [-4, -2, 1], 2.24
2016-11-04, Orderly Decline, 3, -1.94, -2.13, 28.8, 22.51, -0.0050, 0.04, [-3, -2, 1], 1.41
2016-11-07, Orderly Decline, 3, +0.25, -2.50, 46.9, 18.71, -0.0049, 0.03, [-2, 0, 2], 1.41
2016-11-08, Orderly Decline, 3, +1.32, -1.95, 48.2, 18.74, 0.0013, 0.03, [-1, 0, 2], 1.73
2016-11-09, Steady Climb, 1, +3.11, -1.66, 57.1, 14.38, 0.0058, 0.04, [0, 1, 3], 2.24
2016-11-10, Steady Climb, 1, +3.77, -1.00, 58.3, 14.74, 0.0094, 0.04, [0, 1, 3], 2.24
2016-11-11, Steady Climb, 1, +3.80, -0.42, 54.3, 14.17, 0.0091, 0.04, [1, 1, 3], 1.41
2016-11-14, Steady Climb, 1, +1.53, +0.08, 57.3, 14.48, 0.0043, 0.04, [1, 1, 3], 1.41
2016-11-15, Steady Climb, 1, +1.91, +0.42, 63.1, 13.37, 0.0023, 0.05, [2, 1, 3], 1.00
2016-11-16, Steady Climb, 1, +0.63, +1.14, 64.3, 13.72, 0.0014, 0.05, [3, 1, 3], 1.41
2016-11-17, Steady Climb, 1, +0.91, +1.82, 69.4, 13.35, 0.0016, 0.06, [3, 2, 3], 1.73
2016-11-18, Steady Climb, 1, +0.81, +2.56, 67.3, 12.85, 0.0027, 0.06, [3, 2, 3], 1.73
2016-11-21, Steady Climb, 1, +1.57, +3.14, 76.5, 12.42, 0.0019, 0.06, [3, 2, 3], 1.73
2016-11-22, Steady Climb, 1, +1.03, +4.06, 84.0, 12.41, 0.0018, 0.07, [3, 2, 3], 1.73
2016-11-23, Steady Climb, 1, +1.28, +4.85, 89.5, 12.43, 0.0029, 0.07, [3, 2, 3], 1.73
2016-11-25, Steady Climb, 1, +1.20, +5.52, 92.1, 12.34, 0.0025, 0.07, [3, 2, 3], 1.73
2016-11-28, Steady Climb, 1, +0.91, +6.11, 79.9, 13.15, 0.0032, 0.08, [3, 2, 3], 1.73
2016-11-29, Steady Climb, 1, +0.29, +6.31, 79.0, 12.90, 0.0008, 0.08, [2, 2, 3], 1.41
2016-11-30, Steady Climb, 1, -0.19, +6.43, 68.8, 13.33, 0.0000, 0.07, [2, 2, 3], 1.41
2016-12-01, Steady Climb, 1, -0.62, +6.12, 62.1, 14.07, -0.0009, 0.07, [1, 1, 3], 1.41
2016-12-02, Steady Climb, 1, -0.97, +5.36, 64.4, 14.12, -0.0022, 0.06, [1, 1, 3], 1.41
2016-12-05, Steady Climb, 1, +0.14, +4.32, 68.7, 12.14, -0.0015, 0.04, [2, 2, 3], 1.41
2016-12-06, Steady Climb, 1, +0.34, +3.25, 66.0, 11.79, -0.0003, 0.04, [2, 2, 3], 1.41
2016-12-07, Steady Climb, 1, +1.93, +2.84, 75.7, 12.22, 0.0018, 0.04, [3, 2, 3], 1.73
2016-12-08, Steady Climb, 1, +2.52, +2.85, 74.6, 12.64, 0.0054, 0.04, [4, 2, 3], 2.45
2016-12-09, Steady Climb, 1, +3.08, +3.15, 80.3, 11.75, 0.0064, 0.05, [4, 2, 3], 2.45
2016-12-12, Steady Climb, 1, +2.37, +3.59, 75.7, 12.64, 0.0064, 0.05, [4, 2, 3], 2.45
2016-12-13, Steady Climb, 1, +2.69, +3.80, 77.7, 12.72, 0.0047, 0.05, [4, 2, 3], 2.45
2016-12-14, Steady Climb, 1, +0.53, +4.08, 67.2, 13.19, 0.0032, 0.05, [3, 2, 3], 1.73
2016-12-15, Steady Climb, 1, +0.71, +4.19, 67.2, 12.79, 0.0012, 0.05, [3, 2, 3], 1.73
2016-12-16, Steady Climb, 1, -0.06, +4.27, 71.1, 12.20, 0.0001, 0.05, [2, 2, 3], 1.41
2016-12-19, Steady Climb, 1, +0.25, +4.31, 71.4, 11.71, -0.0003, 0.05, [2, 2, 3], 1.41
2016-12-20, Steady Climb, 1, -0.04, +4.24, 76.2, 11.45, -0.0006, 0.05, [2, 2, 3], 1.41
2016-12-21, Steady Climb, 1, +0.53, +4.41, 77.4, 11.27, 0.0016, 0.05, [3, 2, 3], 1.73
2016-12-22, Steady Climb, 1, -0.05, +4.48, 74.9, 11.43, 0.0008, 0.05, [2, 2, 3], 1.41
2016-12-23, Steady Climb, 1, +0.25, +4.41, 73.0, 11.44, 0.0004, 0.05, [2, 2, 3], 1.41
2016-12-27, Steady Climb, 1, +0.28, +4.44, 72.4, 11.99, -0.0003, 0.05, [2, 2, 3], 1.41
2016-12-28, Steady Climb, 1, -0.92, +4.28, 53.7, 12.95, -0.0002, 0.05, [1, 1, 3], 1.41
2016-12-29, Steady Climb, 1, -0.70, +3.80, 51.4, 13.37, -0.0010, 0.05, [1, 1, 3], 1.41
2016-12-30, Steady Climb, 1, -0.98, +3.15, 40.5, 14.04, -0.0017, 0.04, [1, 0, 3], 1.73
2017-01-03, Steady Climb, 1, -0.26, +2.15, 50.3, 12.85, -0.0031, 0.03, [2, 1, 3], 1.00
2017-01-04, Steady Climb, 1, +0.08, +1.36, 49.6, 11.85, -0.0015, 0.02, [2, 0, 3], 1.41
2017-01-05, Steady Climb, 1, +0.85, +0.86, 57.4, 11.67, 0.0022, 0.02, [3, 1, 3], 1.41
2017-01-06, Steady Climb, 1, +1.23, +0.35, 57.0, 11.32, 0.0031, 0.02, [2, 1, 3], 1.00
2017-01-09, Steady Climb, 1, +1.34, +0.34, 54.9, 11.56, 0.0039, 0.02, [2, 1, 3], 1.00
2017-01-10, Steady Climb, 1, +0.49, +0.23, 53.0, 11.49, 0.0013, 0.02, [1, 1, 3], 1.41
2017-01-11, Steady Climb, 1, +0.20, +0.29, 52.2, 11.26, -0.0002, 0.02, [1, 1, 3], 1.41
2017-01-12, Steady Climb, 1, +0.06, +0.40, 52.5, 11.54, 0.0002, 0.02, [1, 1, 3], 1.41
2017-01-13, Steady Climb, 1, -0.10, +0.64, 56.6, 11.23, -0.0003, 0.02, [2, 1, 3], 1.00
2017-01-17, Steady Climb, 1, -0.04, +0.65, 51.9, 11.87, 0.0006, 0.02, [2, 1, 3], 1.00
2017-01-18, Steady Climb, 1, +0.13, +0.67, 51.4, 12.48, -0.0001, 0.02, [2, 1, 3], 1.00
2017-01-19, Steady Climb, 1, -0.51, +0.67, 57.2, 12.78, -0.0004, 0.02, [1, 1, 3], 1.41
2017-01-20, Steady Climb, 1, +0.04, +0.61, 60.8, 11.54, -0.0007, 0.02, [2, 1, 3], 1.00
2017-01-23, Steady Climb, 1, -0.42, +0.79, 63.5, 11.77, -0.0005, 0.02, [2, 1, 3], 1.00
2017-01-24, Steady Climb, 1, +0.54, +0.79, 61.9, 11.07, -0.0003, 0.02, [3, 1, 3], 1.41
2017-01-25, Steady Climb, 1, +1.17, +0.93, 63.9, 10.81, 0.0008, 0.02, [3, 1, 3], 1.41
2017-01-26, Steady Climb, 1, +1.46, +1.35, 64.0, 10.63, 0.0034, 0.02, [3, 1, 3], 1.41
2017-01-27, Steady Climb, 1, +1.03, +1.78, 59.5, 10.58, 0.0037, 0.03, [3, 1, 3], 1.41
2017-01-30, Steady Climb, 1, +0.69, +1.84, 56.1, 11.88, 0.0033, 0.02, [3, 1, 3], 1.41
2017-01-31, Steady Climb, 1, -0.05, +1.62, 54.9, 11.99, -0.0001, 0.02, [2, 1, 3], 1.00
2017-02-01, Steady Climb, 1, -0.82, +1.16, 52.2, 11.81, -0.0024, 0.02, [1, 1, 3], 1.41
2017-02-02, Steady Climb, 1, -0.69, +0.95, 55.7, 11.93, -0.0022, 0.02, [1, 1, 3], 1.41
2017-02-03, Steady Climb, 1, +0.12, +0.93, 61.0, 10.97, -0.0013, 0.02, [2, 1, 3], 1.00
2017-02-06, Steady Climb, 1, +0.51, +1.11, 62.1, 11.37, 0.0015, 0.02, [3, 1, 3], 1.41
2017-02-07, Steady Climb, 1, +0.62, +1.29, 60.8, 11.29, 0.0020, 0.02, [3, 1, 3], 1.41
2017-02-08, Steady Climb, 1, +0.66, +1.34, 66.9, 11.45, 0.0017, 0.02, [3, 2, 3], 1.73
2017-02-09, Steady Climb, 1, +1.18, +1.37, 68.7, 10.88, 0.0010, 0.02, [3, 2, 3], 1.73
2017-02-10, Steady Climb, 1, +0.81, +1.65, 75.5, 10.85, 0.0010, 0.03, [3, 2, 3], 1.73
2017-02-13, Steady Climb, 1, +1.56, +1.92, 74.9, 11.07, 0.0027, 0.03, [3, 2, 3], 1.73
2017-02-14, Steady Climb, 1, +1.94, +2.37, 72.3, 10.74, 0.0039, 0.03, [3, 2, 3], 1.73
2017-02-15, Steady Climb, 1, +2.38, +2.76, 76.8, 11.97, 0.0045, 0.04, [4, 2, 3], 2.45
2017-02-16, Steady Climb, 1, +1.71, +3.28, 76.8, 11.76, 0.0044, 0.04, [3, 2, 3], 1.73
2017-02-17, Steady Climb, 1, +1.51, +3.52, 89.9, 11.49, 0.0035, 0.05, [3, 2, 3], 1.73
2017-02-21, Steady Climb, 1, +1.59, +3.81, 93.1, 11.57, 0.0023, 0.05, [3, 2, 3], 1.73
2017-02-22, Steady Climb, 1, +1.08, +4.09, 90.8, 11.74, 0.0024, 0.05, [3, 2, 3], 1.73
2017-02-23, Steady Climb, 1, +0.62, +4.41, 90.7, 11.71, 0.0019, 0.05, [3, 2, 3], 1.73
2017-02-24, Steady Climb, 1, +0.86, +4.92, 89.4, 11.47, 0.0019, 0.06, [3, 2, 3], 1.73
2017-02-27, Steady Climb, 1, +0.79, +5.35, 94.7, 12.09, 0.0013, 0.06, [3, 2, 3], 1.73
2017-02-28, Steady Climb, 1, -0.07, +5.68, 88.4, 12.92, 0.0006, 0.06, [2, 2, 3], 1.41
2017-03-01, Steady Climb, 1, +1.40, +5.59, 91.3, 12.54, 0.0003, 0.06, [3, 2, 3], 1.73
2017-03-02, Steady Climb, 1, +0.77, +5.80, 80.0, 11.81, 0.0025, 0.06, [3, 2, 3], 1.73
2017-03-03, Steady Climb, 1, +0.67, +5.65, 78.8, 10.96, 0.0023, 0.06, [3, 2, 3], 1.73
2017-03-06, Steady Climb, 1, +0.23, +5.38, 71.0, 11.24, 0.0019, 0.05, [2, 2, 3], 1.41
2017-03-07, Steady Climb, 1, +0.20, +5.11, 64.0, 11.45, 0.0004, 0.05, [2, 1, 3], 1.00
2017-03-08, Steady Climb, 1, -1.38, +4.55, 56.6, 11.86, -0.0026, 0.04, [1, 1, 3], 1.41
2017-03-09, Steady Climb, 1, -0.72, +3.80, 58.5, 12.30, -0.0022, 0.04, [1, 1, 3], 1.41
2017-03-10, Steady Climb, 1, -0.44, +3.00, 60.0, 11.66, -0.0021, 0.03, [2, 1, 3], 1.00
2017-03-13, Steady Climb, 1, -0.08, +2.41, 54.3, 11.35, -0.0004, 0.03, [2, 1, 3], 1.00
2017-03-14, Steady Climb, 1, -0.12, +1.87, 51.3, 12.30, 0.0008, 0.02, [2, 1, 3], 1.00
2017-03-15, Steady Climb, 1, +0.94, +1.32, 59.1, 11.63, 0.0006, 0.02, [3, 1, 3], 1.41
2017-03-16, Steady Climb, 1, +0.70, +1.14, 55.9, 11.21, 0.0014, 0.02, [3, 1, 3], 1.41
2017-03-17, Steady Climb, 1, +0.24, +1.02, 53.6, 11.28, 0.0012, 0.02, [2, 1, 3], 1.00
2017-03-20, Steady Climb, 1, +0.00, +0.78, 54.2, 11.34, 0.0011, 0.02, [2, 1, 3], 1.00
2017-03-21, Orderly Decline, 3, -0.91, +0.48, 27.4, 12.47, 0.0004, 0.02, [0, -2, 3], 3.00
2017-03-22, Orderly Decline, 3, -1.54, -0.05, 34.1, 12.81, -0.0038, 0.02, [-1, -2, 3], 2.45
2017-03-23, Orderly Decline, 3, -1.49, -0.52, 32.6, 13.12, -0.0043, 0.02, [-3, -2, 3], 2.45
2017-03-24, Orderly Decline, 3, -1.44, -0.99, 34.5, 12.96, -0.0038, 0.02, [-3, -2, 3], 2.45
2017-03-27, Orderly Decline, 3, -1.34, -1.41, 36.1, 12.50, -0.0024, 0.03, [-3, -2, 3], 2.45
2017-03-28, Orderly Decline, 3, +0.62, -1.78, 48.0, 11.53, -0.0004, 0.03, [-1, 0, 3], 2.45
2017-03-29, Orderly Decline, 3, +0.54, -1.97, 48.3, 11.42, 0.0007, 0.02, [-1, 0, 3], 2.45
2017-03-30, Orderly Decline, 3, +0.94, -1.61, 47.9, 11.54, 0.0019, 0.02, [-1, 0, 3], 2.45
2017-03-31, Orderly Decline, 3, +0.80, -1.31, 45.2, 12.37, 0.0029, 0.02, [-1, 0, 3], 2.45
2017-04-03, Orderly Decline, 3, +0.74, -1.05, 46.9, 12.38, 0.0022, 0.02, [-1, 0, 3], 2.45
2017-04-04, Orderly Decline, 3, +0.07, -0.94, 36.0, 11.79, 0.0001, 0.02, [-2, -2, 3], 2.24
2017-04-05, Orderly Decline, 3, -0.35, -0.89, 34.7, 12.89, -0.0005, 0.02, [-2, -2, 3], 2.24
2017-04-06, Orderly Decline, 3, -0.45, -1.03, 39.0, 12.39, -0.0014, 0.02, [-2, -2, 3], 2.24
2017-04-07, Orderly Decline, 3, -0.30, -1.05, 40.2, 12.87, -0.0007, 0.02, [-2, 0, 3], 2.24
2017-04-10, Orderly Decline, 3, -0.07, -0.96, 60.3, 14.05, -0.0004, 0.02, [-2, 1, 3], 2.83
2017-04-11, Orderly Decline, 3, -0.27, -0.82, 54.3, 15.07, -0.0001, 0.02, [-2, 1, 3], 2.83
2017-04-12, Orderly Decline, 3, -0.34, -0.82, 49.3, 15.77, 0.0001, 0.02, [-2, 0, 3], 2.24
2017-04-13, Orderly Decline, 3, -1.21, -0.62, 40.9, 15.96, -0.0012, 0.02, [-3, 0, 3], 2.45
2017-04-17, Orderly Decline, 3, -0.28, -0.65, 53.7, 14.66, -0.0028, 0.02, [-2, 1, 3], 2.83
2017-04-18, Orderly Decline, 3, -0.64, -0.36, 40.9, 14.42, -0.0018, 0.02, [-2, 0, 3], 2.24
2017-04-19, Orderly Decline, 3, -0.66, -0.20, 37.5, 14.93, -0.0008, 0.02, [-2, -2, 3], 2.24
2017-04-20, Orderly Decline, 3, +0.47, -0.52, 44.0, 14.15, -0.0000, 0.02, [-2, 0, 3], 2.24
2017-04-21, Orderly Decline, 3, +0.85, -0.50, 43.3, 14.63, 0.0018, 0.02, [-1, 0, 3], 2.45
2017-04-24, Trend Pullback, 2, +1.07, -0.64, 56.1, 10.84, 0.0005, 0.02, [-1, 1, 3], 3.00
2017-04-25, Steady Climb, 1, +1.98, -0.45, 60.2, 10.76, 0.0031, 0.02, [0, 1, 3], 2.24
2017-04-26, Steady Climb, 1, +2.11, -0.14, 63.0, 10.85, 0.0050, 0.02, [2, 1, 3], 1.00
2017-04-27, Steady Climb, 1, +1.40, +0.36, 62.0, 10.36, 0.0043, 0.03, [2, 1, 3], 1.00
2017-04-28, Steady Climb, 1, +1.51, +0.87, 60.8, 10.82, 0.0039, 0.03, [3, 1, 3], 1.41
2017-05-01, Steady Climb, 1, +0.60, +1.38, 61.5, 10.11, 0.0008, 0.03, [3, 1, 3], 1.41
2017-05-02, Steady Climb, 1, +0.11, +1.84, 63.9, 10.59, -0.0002, 0.03, [2, 1, 3], 1.00
2017-05-03, Steady Climb, 1, +0.03, +2.25, 66.8, 10.68, 0.0003, 0.03, [2, 2, 3], 1.41
2017-05-04, Steady Climb, 1, +0.03, +2.58, 76.5, 10.46, 0.0002, 0.04, [2, 2, 3], 1.41
2017-05-05, Steady Climb, 1, +0.63, +2.78, 74.2, 10.57, 0.0004, 0.04, [3, 2, 3], 1.73
2017-05-08, Steady Climb, 1, +0.46, +3.13, 79.5, 9.77, 0.0008, 0.04, [2, 2, 3], 1.41
2017-05-09, Steady Climb, 1, +0.24, +3.39, 80.8, 9.96, 0.0012, 0.04, [2, 2, 3], 1.41
2017-05-10, Steady Climb, 1, +0.48, +3.58, 77.2, 10.21, 0.0011, 0.04, [2, 2, 3], 1.41
2017-05-11, Steady Climb, 1, +0.21, +3.69, 79.1, 10.60, 0.0007, 0.04, [2, 2, 3], 1.41
2017-05-12, Steady Climb, 1, -0.35, +3.52, 64.8, 10.40, -0.0004, 0.03, [2, 1, 3], 1.00
2017-05-15, Steady Climb, 1, +0.12, +2.97, 62.8, 10.42, -0.0008, 0.03, [2, 1, 3], 1.00
2017-05-16, Steady Climb, 1, +0.16, +2.80, 62.2, 10.65, 0.0001, 0.03, [2, 1, 3], 1.00
2017-05-17, Steady Climb, 1, -1.78, +2.43, 33.5, 15.59, 0.0004, 0.03, [1, -2, 3], 3.32
2017-05-18, Steady Climb, 1, -1.20, +1.28, 40.8, 14.66, -0.0027, 0.02, [1, 0, 3], 1.73
2017-05-19, Steady Climb, 1, -0.38, +0.51, 47.1, 12.04, -0.0040, 0.02, [2, 0, 3], 1.41
2017-05-22, Steady Climb, 1, -0.35, -0.17, 51.2, 10.93, -0.0032, 0.02, [0, 1, 3], 2.24
2017-05-23, Trend Pullback, 2, -0.09, -0.31, 54.2, 10.72, 0.0005, 0.02, [-1, 1, 3], 3.00
2017-05-24, Steady Climb, 1, +2.01, -0.20, 55.8, 10.02, 0.0046, 0.02, [2, 1, 3], 1.00
2017-05-25, Steady Climb, 1, +2.09, -0.03, 56.1, 9.99, 0.0039, 0.02, [2, 1, 3], 1.00
2017-05-26, Steady Climb, 1, +1.43, +0.29, 56.4, 9.81, 0.0032, 0.02, [2, 1, 3], 1.00
2017-05-30, Steady Climb, 1, +0.79, +0.50, 56.2, 10.38, 0.0025, 0.02, [3, 1, 3], 1.41
2017-05-31, Steady Climb, 1, +0.56, +0.70, 54.7, 10.41, 0.0017, 0.02, [3, 1, 3], 1.41
2017-06-01, Steady Climb, 1, +1.07, +0.88, 62.6, 9.89, 0.0005, 0.03, [3, 1, 3], 1.41
2017-06-02, Steady Climb, 1, +0.99, +1.24, 66.4, 9.75, 0.0011, 0.03, [3, 2, 3], 1.73
2017-06-05, Steady Climb, 1, +0.84, +1.70, 62.2, 10.07, 0.0026, 0.03, [3, 1, 3], 1.41
2017-06-06, Steady Climb, 1, +0.68, +2.19, 60.0, 10.45, 0.0030, 0.04, [3, 1, 3], 1.41
2017-06-07, Steady Climb, 1, +0.88, +2.53, 86.7, 10.39, 0.0017, 0.04, [3, 2, 3], 1.73
2017-06-08, Steady Climb, 1, +0.15, +2.84, 85.6, 10.16, -0.0001, 0.04, [2, 2, 3], 1.41
2017-06-09, Steady Climb, 1, -0.30, +3.14, 80.7, 10.70, -0.0006, 0.04, [2, 2, 3], 1.41
2017-06-12, Steady Climb, 1, -0.28, +3.29, 74.7, 11.46, -0.0002, 0.04, [2, 2, 3], 1.41
2017-06-13, Steady Climb, 1, +0.45, +3.29, 76.8, 10.42, -0.0001, 0.04, [2, 2, 3], 1.41
2017-06-14, Steady Climb, 1, +0.20, +3.57, 72.4, 10.64, 0.0004, 0.04, [2, 2, 3], 1.41
2017-06-15, Steady Climb, 1, -0.05, +3.73, 62.5, 10.90, 0.0007, 0.03, [2, 1, 3], 1.00
2017-06-16, Steady Climb, 1, +0.06, +3.06, 62.5, 10.38, 0.0004, 0.03, [2, 1, 3], 1.00
2017-06-19, Steady Climb, 1, +0.99, +2.44, 73.4, 10.37, -0.0000, 0.03, [3, 2, 3], 1.73
2017-06-20, Steady Climb, 1, -0.14, +2.25, 62.3, 10.86, 0.0009, 0.02, [2, 1, 3], 1.00
2017-06-21, Steady Climb, 1, -0.09, +1.91, 53.3, 10.75, 0.0008, 0.02, [2, 1, 3], 1.00
2017-06-22, Steady Climb, 1, +0.08, +1.56, 47.0, 10.48, 0.0004, 0.02, [2, 0, 3], 1.41
2017-06-23, Steady Climb, 1, +0.21, +1.23, 51.4, 10.02, -0.0006, 0.02, [2, 1, 3], 1.00
2017-06-26, Steady Climb, 1, -0.59, +1.08, 56.7, 9.90, -0.0013, 0.01, [1, 1, 3], 1.41
2017-06-27, Steady Climb, 1, -0.72, +0.92, 42.2, 11.06, 0.0003, 0.01, [1, 0, 3], 1.73
2017-06-28, Steady Climb, 1, +0.21, +0.39, 53.2, 10.03, -0.0011, 0.01, [1, 1, 3], 1.41
2017-06-29, Orderly Decline, 3, -0.61, +0.14, 45.3, 11.44, -0.0003, 0.01, [-1, 0, 3], 2.45
2017-06-30, Orderly Decline, 3, -0.61, -0.16, 47.7, 11.18, -0.0015, 0.01, [-1, 0, 3], 2.45
2017-07-03, Orderly Decline, 3, -0.41, -0.25, 45.4, 11.22, -0.0013, 0.01, [-1, 0, 3], 2.45
2017-07-05, Steady Climb, 1, +0.54, -0.29, 47.8, 11.07, 0.0001, 0.01, [0, 0, 3], 2.45
2017-07-06, Orderly Decline, 3, -1.27, -0.37, 42.0, 12.54, -0.0003, 0.02, [-2, 0, 3], 2.24
2017-07-07, Orderly Decline, 3, +0.23, -0.72, 47.5, 11.19, -0.0004, 0.02, [-2, 0, 3], 2.24
2017-07-10, Orderly Decline, 3, +0.17, -0.81, 40.6, 11.11, -0.0006, 0.02, [-2, 0, 3], 2.24
2017-07-11, Orderly Decline, 3, -0.14, -0.88, 45.4, 10.89, -0.0004, 0.02, [-2, 0, 3], 2.24
2017-07-12, Orderly Decline, 3, +0.44, -1.01, 52.7, 10.30, 0.0001, 0.02, [-2, 1, 3], 2.83
2017-07-13, Trend Pullback, 2, +1.58, -0.71, 54.6, 9.90, 0.0028, 0.02, [-1, 1, 3], 3.00
2017-07-14, Steady Climb, 1, +1.41, -0.39, 56.9, 9.51, 0.0025, 0.02, [0, 1, 3], 2.24
2017-07-17, Steady Climb, 1, +1.31, -0.00, 56.6, 9.82, 0.0035, 0.02, [1, 1, 3], 1.41
2017-07-18, Steady Climb, 1, +1.45, +0.35, 65.5, 9.89, 0.0034, 0.02, [2, 2, 3], 1.41
2017-07-19, Steady Climb, 1, +1.25, +1.01, 63.3, 9.79, 0.0019, 0.03, [3, 1, 3], 1.41
2017-07-20, Steady Climb, 1, +1.05, +1.58, 75.8, 9.58, 0.0022, 0.03, [3, 2, 3], 1.73
2017-07-21, Steady Climb, 1, +0.54, +2.08, 74.2, 9.36, 0.0017, 0.03, [3, 2, 3], 1.73
2017-07-24, Steady Climb, 1, +0.44, +2.48, 70.8, 9.43, 0.0016, 0.03, [2, 2, 3], 1.41
2017-07-25, Steady Climb, 1, +0.67, +2.85, 71.8, 9.43, 0.0007, 0.04, [3, 2, 3], 1.73
2017-07-26, Steady Climb, 1, +0.16, +3.29, 92.6, 9.60, 0.0001, 0.04, [2, 2, 3], 1.41
2017-07-27, Steady Climb, 1, +0.08, +3.37, 87.5, 10.11, 0.0005, 0.04, [2, 2, 3], 1.41
2017-07-28, Steady Climb, 1, -0.02, +3.67, 82.8, 10.29, 0.0006, 0.04, [2, 2, 3], 1.41
2017-07-31, Steady Climb, 1, +0.02, +3.53, 83.0, 10.26, 0.0001, 0.04, [2, 2, 3], 1.41
2017-08-01, Steady Climb, 1, -0.03, +3.35, 79.4, 10.09, -0.0008, 0.04, [2, 2, 3], 1.41
2017-08-02, Steady Climb, 1, -0.01, +3.27, 78.1, 10.28, -0.0003, 0.03, [2, 2, 3], 1.41
2017-08-03, Steady Climb, 1, -0.13, +3.19, 63.8, 10.44, 0.0003, 0.03, [2, 1, 3], 1.00
2017-08-04, Steady Climb, 1, +0.19, +2.61, 67.2, 10.03, 0.0003, 0.03, [2, 2, 3], 1.41
2017-08-07, Steady Climb, 1, +0.43, +2.25, 68.8, 9.93, 0.0004, 0.02, [2, 2, 3], 1.41
2017-08-08, Steady Climb, 1, -0.06, +1.90, 51.2, 10.96, 0.0003, 0.02, [2, 1, 3], 1.00
2017-08-09, Steady Climb, 1, -0.14, +1.35, 50.6, 11.11, 0.0001, 0.01, [2, 1, 3], 1.00
2017-08-10, Steady Climb, 1, -1.37, +1.00, 29.1, 16.04, 0.0001, 0.02, [1, -2, 2], 3.16
2017-08-11, Orderly Decline, 3, -1.43, +0.16, 32.7, 15.51, -0.0034, 0.02, [-1, -2, 3], 2.45
2017-08-14, Orderly Decline, 3, -0.61, -0.43, 44.4, 12.33, -0.0047, 0.02, [-2, 0, 3], 2.24
2017-08-15, Orderly Decline, 3, -0.42, -0.66, 43.4, 12.04, -0.0021, 0.02, [-2, 0, 3], 2.24
2017-08-16, Orderly Decline, 3, -0.24, -0.88, 46.4, 11.74, 0.0004, 0.02, [-2, 0, 3], 2.24
2017-08-17, Orderly Decline, 3, -0.34, -0.86, 34.6, 15.55, 0.0034, 0.02, [-2, -2, 3], 2.24
2017-08-18, Orderly Decline, 3, -0.65, -1.38, 33.9, 14.26, -0.0008, 0.03, [-3, -2, 3], 2.45
2017-08-21, Orderly Decline, 3, -1.52, -1.90, 32.3, 13.19, -0.0047, 0.03, [-3, -2, 3], 2.45
2017-08-22, Orderly Decline, 3, -0.49, -2.36, 42.1, 11.35, -0.0047, 0.03, [-2, 0, 3], 2.24
2017-08-23, Orderly Decline, 3, -0.98, -2.30, 41.3, 12.25, -0.0013, 0.03, [-3, 0, 3], 2.45
2017-08-24, Orderly Decline, 3, +0.37, -2.31, 38.3, 12.23, 0.0023, 0.03, [-2, -2, 3], 2.24
2017-08-25, Orderly Decline, 3, +0.72, -2.38, 38.3, 11.28, 0.0017, 0.03, [-1, -2, 3], 2.45
2017-08-28, Orderly Decline, 3, +0.65, -2.39, 40.3, 11.32, 0.0006, 0.03, [-1, 0, 3], 2.45
2017-08-29, Orderly Decline, 3, -0.25, -2.37, 41.3, 11.70, -0.0007, 0.03, [-2, 0, 3], 2.24
2017-08-30, Trend Pullback, 2, +0.55, -2.18, 57.2, 11.22, 0.0004, 0.03, [-1, 1, 3], 3.00
2017-08-31, Trend Pullback, 2, +1.34, -1.77, 60.5, 10.59, 0.0016, 0.03, [-1, 1, 3], 3.00
2017-09-01, Trend Pullback, 2, +1.37, -1.22, 54.3, 10.13, 0.0028, 0.03, [-1, 1, 3], 3.00
2017-09-05, Orderly Decline, 3, +0.56, -0.51, 47.6, 12.23, 0.0037, 0.03, [-1, 0, 3], 2.45
2017-09-06, Steady Climb, 1, +0.79, -0.01, 49.1, 11.63, 0.0017, 0.03, [1, 0, 3], 1.73
2017-09-07, Steady Climb, 1, +0.31, +0.54, 66.0, 11.55, 0.0001, 0.03, [2, 2, 3], 1.41
2017-09-08, Steady Climb, 1, -0.41, +1.08, 66.5, 12.12, -0.0010, 0.02, [2, 2, 3], 1.41
2017-09-11, Steady Climb, 1, +0.47, +1.02, 72.6, 10.73, -0.0009, 0.03, [2, 2, 3], 1.41
2017-09-12, Steady Climb, 1, +1.57, +1.35, 68.8, 10.58, 0.0023, 0.03, [3, 2, 3], 1.73
2017-09-13, Steady Climb, 1, +1.33, +2.12, 74.7, 10.50, 0.0034, 0.03, [3, 2, 3], 1.73
2017-09-14, Steady Climb, 1, +1.24, +2.86, 76.3, 10.44, 0.0041, 0.04, [3, 2, 3], 1.73
2017-09-15, Steady Climb, 1, +1.58, +3.55, 76.4, 10.17, 0.0031, 0.04, [3, 2, 3], 1.73
2017-09-18, Steady Climb, 1, +0.63, +3.67, 76.9, 10.15, 0.0009, 0.04, [3, 2, 3], 1.73
2017-09-19, Steady Climb, 1, +0.41, +3.67, 77.1, 10.18, 0.0007, 0.04, [2, 2, 3], 1.41
2017-09-20, Steady Climb, 1, +0.40, +3.63, 74.9, 9.78, 0.0010, 0.04, [2, 2, 3], 1.41
2017-09-21, Steady Climb, 1, +0.20, +3.88, 65.2, 9.67, 0.0013, 0.04, [2, 2, 3], 1.41
2017-09-22, Steady Climb, 1, +0.08, +3.80, 63.9, 9.59, 0.0002, 0.04, [2, 1, 3], 1.00
2017-09-25, Steady Climb, 1, -0.29, +3.58, 74.6, 10.21, -0.0004, 0.03, [2, 2, 3], 1.41
2017-09-26, Steady Climb, 1, -0.39, +3.25, 71.9, 10.17, -0.0010, 0.03, [2, 2, 3], 1.41
2017-09-27, Steady Climb, 1, -0.05, +2.86, 75.8, 9.87, -0.0011, 0.03, [2, 2, 3], 1.41
2017-09-28, Steady Climb, 1, +0.38, +2.57, 80.2, 9.55, 0.0003, 0.03, [2, 2, 3], 1.41
2017-09-29, Steady Climb, 1, +0.68, +2.41, 74.7, 9.51, 0.0010, 0.03, [3, 2, 3], 1.73
2017-10-02, Steady Climb, 1, +1.30, +2.53, 75.3, 9.45, 0.0023, 0.03, [3, 2, 3], 1.73
2017-10-03, Steady Climb, 1, +1.51, +2.79, 76.6, 9.51, 0.0030, 0.03, [3, 2, 3], 1.73
2017-10-04, Steady Climb, 1, +1.22, +2.76, 80.7, 9.63, 0.0029, 0.03, [3, 2, 3], 1.73
2017-10-05, Steady Climb, 1, +1.67, +2.77, 83.1, 9.19, 0.0028, 0.03, [3, 2, 3], 1.73
2017-10-06, Steady Climb, 1, +1.19, +2.88, 79.4, 9.65, 0.0029, 0.03, [3, 2, 3], 1.73
2017-10-09, Steady Climb, 1, +0.62, +2.75, 74.1, 10.33, 0.0023, 0.03, [3, 2, 3], 1.73
2017-10-10, Steady Climb, 1, +0.63, +2.86, 75.4, 10.08, 0.0013, 0.03, [3, 2, 3], 1.73
2017-10-11, Steady Climb, 1, +0.69, +3.09, 84.0, 9.85, 0.0007, 0.03, [3, 2, 3], 1.73
2017-10-12, Steady Climb, 1, -0.04, +3.33, 79.3, 9.91, 0.0003, 0.03, [2, 2, 3], 1.41
2017-10-13, Steady Climb, 1, +0.15, +3.39, 85.4, 9.61, 0.0005, 0.04, [2, 2, 3], 1.41
2017-10-16, Steady Climb, 1, +0.51, +3.47, 86.1, 9.91, 0.0007, 0.04, [3, 2, 3], 1.73
2017-10-17, Steady Climb, 1, +0.34, +3.59, 84.6, 10.31, 0.0005, 0.04, [2, 2, 3], 1.41
2017-10-18, Steady Climb, 1, +0.24, +3.69, 84.4, 10.07, 0.0006, 0.04, [2, 2, 3], 1.41
2017-10-19, Steady Climb, 1, +0.44, +3.77, 82.4, 10.05, 0.0010, 0.04, [2, 2, 3], 1.41
2017-10-20, Steady Climb, 1, +0.86, +3.66, 83.2, 9.97, 0.0008, 0.04, [3, 2, 3], 1.73
2017-10-23, Steady Climb, 1, +0.29, +3.67, 70.5, 11.07, 0.0015, 0.03, [2, 2, 3], 1.41
2017-10-24, Steady Climb, 1, +0.38, +3.34, 70.9, 11.16, 0.0010, 0.03, [2, 2, 3], 1.41
2017-10-25, Steady Climb, 1, -0.16, +2.97, 53.5, 11.23, 0.0007, 0.03, [2, 1, 3], 1.00
2017-10-26, Steady Climb, 1, -0.07, +2.48, 57.6, 11.30, -0.0006, 0.02, [2, 1, 3], 1.00
2017-10-27, Steady Climb, 1, +0.23, +2.01, 70.3, 9.80, -0.0015, 0.02, [2, 2, 3], 1.41
2017-10-30, Steady Climb, 1, +0.31, +1.90, 62.1, 10.50, 0.0009, 0.02, [2, 1, 3], 1.00
2017-10-31, Steady Climb, 1, +0.24, +1.74, 61.2, 10.18, 0.0012, 0.02, [2, 1, 3], 1.00
2017-11-01, Steady Climb, 1, +0.87, +1.63, 65.9, 10.20, 0.0019, 0.02, [3, 2, 3], 1.73
2017-11-02, Steady Climb, 1, +0.76, +1.57, 65.2, 9.93, 0.0012, 0.02, [3, 2, 3], 1.73
2017-11-03, Steady Climb, 1, +0.26, +1.68, 66.6, 9.14, 0.0002, 0.02, [2, 2, 3], 1.41
2017-11-06, Steady Climb, 1, +0.71, +1.82, 67.1, 9.40, 0.0013, 0.02, [3, 2, 3], 1.73
2017-11-07, Steady Climb, 1, +0.60, +1.87, 66.1, 9.89, 0.0016, 0.02, [3, 2, 3], 1.73
2017-11-08, Steady Climb, 1, +0.58, +1.95, 67.1, 9.78, 0.0013, 0.02, [3, 2, 3], 1.73
2017-11-09, Steady Climb, 1, +0.18, +2.09, 55.2, 10.50, 0.0012, 0.02, [2, 1, 3], 1.00
2017-11-10, Steady Climb, 1, -0.21, +1.96, 60.4, 11.29, -0.0001, 0.02, [2, 1, 3], 1.00
2017-11-13, Steady Climb, 1, -0.24, +1.78, 59.7, 11.50, -0.0009, 0.02, [2, 1, 3], 1.00
2017-11-14, Steady Climb, 1, -0.45, +1.67, 64.4, 11.59, -0.0009, 0.02, [2, 1, 3], 1.00
2017-11-15, Steady Climb, 1, -1.15, +1.46, 52.4, 13.13, -0.0012, 0.02, [1, 1, 3], 1.41
2017-11-16, Steady Climb, 1, +0.04, +1.04, 52.6, 11.76, -0.0017, 0.02, [2, 1, 3], 1.00
2017-11-17, Steady Climb, 1, -0.13, +0.93, 53.5, 11.43, -0.0005, 0.02, [2, 1, 3], 1.00
2017-11-20, Steady Climb, 1, -0.10, +0.90, 54.0, 10.65, -0.0002, 0.02, [2, 1, 3], 1.00
2017-11-21, Steady Climb, 1, +0.78, +0.75, 60.0, 9.73, 0.0008, 0.02, [3, 1, 3], 1.41
2017-11-22, Steady Climb, 1, +1.27, +0.88, 58.6, 9.88, 0.0025, 0.02, [3, 1, 3], 1.41
2017-11-24, Steady Climb, 1, +0.65, +0.75, 57.5, 9.67, 0.0017, 0.01, [3, 1, 3], 1.41
2017-11-27, Steady Climb, 1, +0.88, +0.68, 55.4, 9.87, 0.0024, 0.02, [3, 1, 3], 1.41
2017-11-28, Steady Climb, 1, +1.74, +0.86, 65.1, 10.03, 0.0016, 0.02, [3, 2, 3], 1.73
2017-11-29, Steady Climb, 1, +1.04, +1.25, 63.5, 10.70, 0.0023, 0.02, [3, 1, 3], 1.41
2017-11-30, Steady Climb, 1, +1.94, +1.58, 74.3, 11.28, 0.0031, 0.03, [3, 2, 3], 1.73
2017-12-01, Steady Climb, 1, +1.53, +2.21, 72.6, 11.43, 0.0044, 0.03, [3, 2, 3], 1.73
2017-12-04, Steady Climb, 1, +1.46, +2.67, 70.6, 11.68, 0.0039, 0.04, [3, 2, 3], 1.73
2017-12-05, Steady Climb, 1, +0.10, +3.12, 68.6, 11.33, 0.0016, 0.04, [2, 2, 3], 1.41
2017-12-06, Steady Climb, 1, +0.12, +3.40, 76.3, 11.02, -0.0000, 0.04, [2, 2, 3], 1.41
2017-12-07, Steady Climb, 1, -0.40, +3.61, 73.5, 10.16, -0.0019, 0.04, [2, 2, 3], 1.41
2017-12-08, Steady Climb, 1, +0.35, +3.93, 81.0, 9.58, -0.0008, 0.04, [2, 2, 3], 1.41
2017-12-11, Steady Climb, 1, +0.78, +4.24, 81.8, 9.34, 0.0012, 0.04, [3, 2, 3], 1.73
2017-12-12, Steady Climb, 1, +1.31, +4.54, 79.7, 9.92, 0.0031, 0.05, [3, 2, 3], 1.73
2017-12-13, Steady Climb, 1, +1.28, +4.82, 80.2, 10.18, 0.0035, 0.05, [3, 2, 3], 1.73
2017-12-14, Steady Climb, 1, +0.57, +4.87, 71.7, 10.49, 0.0024, 0.04, [3, 2, 3], 1.73
2017-12-15, Steady Climb, 1, +0.92, +4.41, 77.1, 9.42, 0.0001, 0.04, [3, 2, 3], 1.73
2017-12-18, Steady Climb, 1, +1.13, +4.49, 75.1, 9.53, 0.0007, 0.04, [3, 2, 3], 1.73
2017-12-19, Steady Climb, 1, +0.65, +4.53, 70.7, 10.03, 0.0024, 0.04, [3, 2, 3], 1.73
2017-12-20, Steady Climb, 1, +0.62, +4.34, 63.9, 9.72, 0.0028, 0.04, [3, 1, 3], 1.41
2017-12-21, Steady Climb, 1, +1.23, +4.23, 68.5, 9.62, 0.0022, 0.04, [3, 2, 3], 1.73
2017-12-22, Steady Climb, 1, +0.28, +4.04, 69.5, 9.90, 0.0002, 0.04, [2, 2, 3], 1.41
2017-12-26, Steady Climb, 1, -0.36, +3.79, 74.1, 10.25, -0.0004, 0.03, [2, 2, 3], 1.41
2017-12-27, Steady Climb, 1, +0.04, +3.36, 74.8, 10.47, 0.0001, 0.03, [2, 2, 3], 1.41
2017-12-28, Steady Climb, 1, +0.31, +3.25, 74.1, 10.18, 0.0001, 0.03, [2, 2, 3], 1.41
2017-12-29, Steady Climb, 1, -0.41, +3.11, 60.6, 11.04, 0.0002, 0.03, [2, 1, 3], 1.00
2018-01-02, Steady Climb, 1, +0.46, +3.02, 65.2, 9.77, -0.0005, 0.03, [2, 2, 3], 1.41
2018-01-03, Steady Climb, 1, +1.21, +3.12, 68.7, 9.15, 0.0008, 0.03, [3, 2, 3], 1.73
2018-01-04, Steady Climb, 1, +1.54, +3.34, 71.7, 9.22, 0.0025, 0.03, [3, 2, 3], 1.73
2018-01-05, Steady Climb, 1, +2.07, +3.45, 80.6, 9.22, 0.0041, 0.04, [4, 2, 3], 2.45
2018-01-08, Steady Climb, 1, +2.77, +3.69, 77.7, 9.52, 0.0061, 0.04, [4, 2, 3], 2.45
2018-01-09, Steady Climb, 1, +2.06, +3.94, 75.7, 10.08, 0.0049, 0.04, [4, 2, 3], 2.45
2018-01-10, Steady Climb, 1, +1.30, +4.31, 79.5, 9.82, 0.0036, 0.05, [3, 2, 3], 1.73
2018-01-11, Steady Climb, 1, +1.60, +4.62, 83.9, 9.88, 0.0020, 0.05, [3, 2, 3], 1.73
2018-01-12, Steady Climb, 1, +1.57, +5.14, 85.4, 10.16, 0.0018, 0.06, [3, 2, 3], 1.73
2018-01-16, Steady Climb, 1, +1.04, +5.75, 80.5, 11.66, 0.0034, 0.06, [3, 2, 3], 1.73
2018-01-17, Steady Climb, 1, +1.86, +5.86, 84.7, 11.91, 0.0031, 0.06, [3, 2, 3], 1.73
2018-01-18, Steady Climb, 1, +1.81, +6.53, 82.4, 12.22, 0.0042, 0.07, [3, 2, 3], 1.73
2018-01-19, Steady Climb, 1, +1.54, +7.18, 83.1, 11.27, 0.0027, 0.07, [3, 2, 3], 1.73
2018-01-22, Steady Climb, 1, +1.68, +7.70, 91.0, 11.05, 0.0025, 0.07, [3, 2, 3], 1.73
2018-01-23, Steady Climb, 1, +2.26, +8.31, 90.2, 11.10, 0.0043, 0.08, [4, 2, 3], 2.45
2018-01-24, Steady Climb, 1, +1.25, +8.87, 88.3, 11.46, 0.0038, 0.08, [3, 2, 3], 1.73
2018-01-25, Steady Climb, 1, +1.47, +9.15, 87.6, 11.58, 0.0038, 0.08, [3, 2, 3], 1.73
2018-01-26, Steady Climb, 1, +2.23, +9.18, 88.7, 11.10, 0.0022, 0.08, [4, 2, 3], 2.45
2018-01-29, Steady Climb, 1, +0.73, +9.49, 79.0, 13.84, 0.0028, 0.08, [3, 2, 3], 1.73
2018-01-30, Steady Climb, 1, -0.59, +9.31, 66.9, 14.80, 0.0023, 0.07, [1, 2, 3], 1.73
2018-01-31, Steady Climb, 1, -0.48, +8.21, 68.1, 13.58, -0.0006, 0.07, [2, 2, 3], 1.41
2018-02-01, Steady Climb, 1, -0.61, +7.27, 64.3, 13.48, -0.0029, 0.06, [1, 1, 3], 1.41
2018-02-02, Steady Climb, 1, -3.85, +6.37, 44.8, 17.16, -0.0048, 0.06, [0, 0, 2], 2.24
2018-02-05, Orderly Decline, 3, -7.17, +4.63, 31.0, 37.32, -0.0069, 0.07, [0, -2, 0], 2.45
2018-02-06, Orderly Decline, 3, -4.51, +1.52, 34.9, 29.98, -0.0152, 0.08, [0, -2, 0], 2.45
2018-02-07, Sharp Decline, 4, -5.03, -0.72, 34.0, 27.73, -0.0160, 0.09, [-4, -2, 0], 2.24
2018-02-08, Sharp Decline, 4, -8.54, -3.01, 24.7, 33.46, -0.0135, 0.11, [-4, -2, 0], 2.24
2018-02-09, Sharp Decline, 4, -5.16, -6.69, 27.2, 29.06, -0.0126, 0.12, [-4, -2, 0], 2.24
2018-02-12, Orderly Decline, 3, +0.27, -9.26, 31.6, 25.61, -0.0065, 0.13, [-2, -2, 0], 1.41
2018-02-13, Orderly Decline, 3, -1.19, -10.79, 32.7, 24.97, -0.0053, 0.13, [-3, -2, 1], 1.41
2018-02-14, Orderly Decline, 3, +0.63, -12.18, 36.9, 19.26, 0.0014, 0.13, [-1, -2, 2], 1.73
2018-02-15, Orderly Decline, 3, +5.82, -12.48, 36.8, 19.13, 0.0102, 0.13, [0, -2, 1], 2.24
2018-02-16, Orderly Decline, 3, +4.30, -12.22, 38.3, 19.46, 0.0097, 0.13, [0, -2, 2], 2.45
2018-02-20, Orderly Decline, 3, +2.27, -11.66, 39.5, 20.60, 0.0081, 0.13, [0, -2, 1], 2.24
2018-02-21, Orderly Decline, 3, +1.44, -10.85, 38.2, 20.02, 0.0052, 0.13, [-1, -2, 1], 1.41
2018-02-22, Orderly Decline, 3, +0.20, -9.99, 38.6, 18.72, -0.0004, 0.12, [-2, -2, 2], 1.41
2018-02-23, Orderly Decline, 3, +0.59, -8.90, 48.5, 16.49, -0.0031, 0.12, [-1, 0, 2], 1.73
2018-02-26, Trend Pullback, 2, +1.73, -6.96, 65.5, 15.80, 0.0006, 0.11, [-1, 2, 3], 3.16
2018-02-27, Trend Pullback, 2, +1.03, -3.90, 56.0, 18.59, 0.0063, 0.10, [-1, 1, 2], 2.00
2018-02-28, Trend Pullback, 2, +0.46, -1.50, 53.8, 19.85, 0.0060, 0.09, [-2, 1, 2], 2.24
2018-03-01, Trend Pullback, 2, -0.97, +0.13, 63.3, 22.47, 0.0006, 0.08, [-1, 1, 1], 1.00
2018-03-02, Steady Climb, 1, -2.04, +1.43, 60.6, 19.59, -0.0076, 0.07, [0, 1, 2], 2.00
2018-03-05, Steady Climb, 1, -2.11, +3.12, 59.8, 18.73, -0.0089, 0.07, [0, 1, 2], 2.00
2018-03-06, Steady Climb, 1, -0.59, +4.48, 59.9, 18.36, -0.0025, 0.07, [1, 1, 2], 1.00
2018-03-07, Steady Climb, 1, +0.48, +4.23, 54.8, 17.76, 0.0026, 0.07, [2, 1, 2], 0.00
2018-03-08, Steady Climb, 1, +2.29, +4.56, 51.4, 16.54, 0.0049, 0.07, [4, 1, 2], 2.00
2018-03-09, Steady Climb, 1, +3.54, +4.80, 58.4, 14.64, 0.0036, 0.06, [4, 1, 3], 2.24
2018-03-12, Steady Climb, 1, +2.28, +4.05, 60.8, 15.78, 0.0051, 0.05, [4, 1, 3], 2.24
2018-03-13, Steady Climb, 1, +1.36, +3.55, 60.2, 16.35, 0.0061, 0.05, [3, 1, 2], 1.00
2018-03-14, Steady Climb, 1, +0.83, +3.13, 57.0, 17.23, 0.0044, 0.04, [3, 1, 2], 1.00
2018-03-15, Steady Climb, 1, +0.31, +2.42, 50.0, 16.59, -0.0000, 0.04, [2, 1, 2], 0.00
2018-03-16, Steady Climb, 1, -1.24, +2.12, 44.6, 15.80, -0.0041, 0.04, [1, 0, 3], 1.73
2018-03-19, Steady Climb, 1, -2.52, +2.32, 44.0, 19.02, -0.0029, 0.04, [0, 0, 2], 2.24
2018-03-20, Steady Climb, 1, -1.75, +1.95, 50.7, 18.20, -0.0038, 0.04, [1, 1, 2], 1.00
2018-03-21, Steady Climb, 1, -1.37, +1.42, 58.4, 17.86, -0.0037, 0.04, [1, 1, 2], 1.00
2018-03-22, Trend Pullback, 2, -3.77, +0.58, 40.8, 23.34, -0.0040, 0.05, [0, 0, 1], 1.73
2018-03-23, Orderly Decline, 3, -5.95, -1.22, 26.6, 24.87, -0.0084, 0.07, [-4, -2, 1], 2.24
2018-03-26, Orderly Decline, 3, -2.00, -3.02, 40.0, 21.03, -0.0121, 0.07, [-4, -2, 1], 2.24
2018-03-27, Orderly Decline, 3, -3.84, -3.08, 35.4, 22.50, -0.0092, 0.08, [-4, -2, 1], 2.24
2018-03-28, Orderly Decline, 3, -3.94, -4.17, 32.7, 22.87, -0.0071, 0.09, [-4, -2, 1], 2.24
2018-03-29, Orderly Decline, 3, -0.11, -5.65, 30.6, 19.97, -0.0020, 0.09, [-2, -2, 2], 1.41
2018-04-02, Orderly Decline, 3, -0.25, -7.02, 26.7, 23.62, 0.0020, 0.10, [-2, -2, 1], 1.00
2018-04-03, Orderly Decline, 3, -1.66, -8.97, 33.1, 21.10, -0.0048, 0.10, [-3, -2, 1], 1.41
2018-04-04, Orderly Decline, 3, +1.23, -9.81, 38.6, 20.06, -0.0007, 0.10, [-1, -2, 1], 1.41
2018-04-05, Steady Climb, 1, +2.22, -9.96, 41.1, 18.94, 0.0020, 0.10, [0, 0, 2], 2.24
2018-04-06, Orderly Decline, 3, -1.38, -9.74, 36.1, 21.49, 0.0041, 0.10, [-3, -2, 1], 1.41
2018-04-09, Trend Pullback, 2, +1.21, -10.06, 40.0, 21.77, 0.0036, 0.10, [-1, 0, 1], 1.41
2018-04-10, Trend Pullback, 2, +1.62, -9.31, 44.4, 20.47, -0.0016, 0.09, [-1, 0, 1], 1.41
2018-04-11, Orderly Decline, 3, -0.09, -7.72, 43.6, 20.24, -0.0010, 0.08, [-2, 0, 1], 1.00
2018-04-12, Trend Pullback, 2, +0.04, -6.44, 52.0, 18.49, 0.0004, 0.08, [-2, 1, 2], 2.24
2018-04-13, Trend Pullback, 2, +1.99, -4.91, 57.5, 17.41, 0.0056, 0.07, [-1, 1, 2], 2.00
2018-04-16, Steady Climb, 1, +2.48, -3.40, 52.4, 16.56, 0.0035, 0.06, [0, 1, 2], 2.00
2018-04-17, Trend Pullback, 2, +1.86, -1.36, 62.1, 15.25, 0.0021, 0.06, [-1, 1, 3], 3.00
2018-04-18, Steady Climb, 1, +2.51, +0.57, 63.5, 15.60, 0.0053, 0.06, [4, 1, 3], 2.24
2018-04-19, Steady Climb, 1, +1.09, +2.61, 57.2, 15.96, 0.0052, 0.06, [3, 1, 3], 1.41
2018-04-20, Steady Climb, 1, +0.52, +4.36, 63.5, 16.88, 0.0039, 0.06, [3, 1, 2], 1.00
2018-04-23, Steady Climb, 1, -0.28, +4.74, 59.5, 16.34, -0.0011, 0.05, [2, 1, 2], 0.00
2018-04-24, Steady Climb, 1, -2.65, +4.20, 48.3, 18.02, -0.0042, 0.05, [0, 0, 2], 2.24
2018-04-25, Steady Climb, 1, -2.56, +4.14, 45.9, 17.84, -0.0065, 0.05, [0, 0, 2], 2.24
2018-04-26, Steady Climb, 1, -0.97, +3.46, 62.2, 16.24, -0.0054, 0.05, [1, 1, 2], 1.00
2018-04-27, Steady Climb, 1, -0.01, +3.01, 61.4, 15.41, -0.0014, 0.05, [2, 1, 3], 1.00
2018-04-30, Steady Climb, 1, -0.83, +3.07, 48.1, 15.93, 0.0012, 0.04, [1, 0, 3], 1.73
2018-05-01, Steady Climb, 1, +0.77, +1.85, 52.9, 15.49, 0.0022, 0.04, [3, 1, 3], 1.41
2018-05-02, Steady Climb, 1, -0.14, +1.14, 43.5, 15.97, 0.0005, 0.04, [2, 0, 3], 1.41
2018-05-03, Steady Climb, 1, -1.40, +0.58, 43.8, 15.90, -0.0030, 0.04, [1, 0, 3], 1.73
2018-05-04, Steady Climb, 1, -0.24, +0.23, 46.8, 14.77, -0.0035, 0.04, [1, 0, 3], 1.73
2018-05-07, Orderly Decline, 3, +0.93, -0.51, 41.9, 14.75, 0.0002, 0.03, [-1, 0, 3], 2.45
2018-05-08, Orderly Decline, 3, +0.64, -1.08, 41.1, 14.71, 0.0024, 0.03, [-1, 0, 3], 2.45
2018-05-09, Steady Climb, 1, +2.36, -1.05, 51.1, 13.42, 0.0043, 0.03, [0, 1, 3], 2.24
2018-05-10, Steady Climb, 1, +3.55, -0.90, 62.0, 13.23, 0.0053, 0.04, [0, 1, 3], 2.24
2018-05-11, Steady Climb, 1, +2.41, -0.14, 62.8, 12.65, 0.0053, 0.04, [2, 1, 3], 1.00
2018-05-14, Steady Climb, 1, +2.15, +0.49, 75.0, 12.93, 0.0059, 0.05, [3, 2, 3], 1.73
2018-05-15, Steady Climb, 1, +1.48, +1.38, 67.6, 14.63, 0.0054, 0.05, [3, 2, 3], 1.73
2018-05-16, Steady Climb, 1, +0.91, +2.37, 64.8, 13.42, 0.0013, 0.05, [3, 1, 3], 1.41
2018-05-17, Steady Climb, 1, -0.11, +3.55, 63.4, 13.43, -0.0006, 0.05, [2, 1, 3], 1.00
2018-05-18, Steady Climb, 1, -0.54, +4.43, 68.8, 13.42, -0.0008, 0.05, [1, 2, 3], 1.73
2018-05-21, Steady Climb, 1, +0.11, +4.81, 71.0, 13.08, -0.0009, 0.05, [2, 2, 3], 1.41
2018-05-22, Steady Climb, 1, +0.48, +5.41, 75.3, 13.22, 0.0012, 0.05, [2, 2, 3], 1.41
2018-05-23, Steady Climb, 1, +0.40, +5.23, 79.0, 12.58, 0.0006, 0.05, [2, 2, 3], 1.41
2018-05-24, Steady Climb, 1, +0.28, +5.11, 71.4, 12.53, 0.0014, 0.05, [2, 2, 3], 1.41
2018-05-25, Steady Climb, 1, +0.31, +5.21, 66.5, 13.22, 0.0011, 0.05, [2, 2, 3], 1.41
2018-05-29, Steady Climb, 1, -1.58, +5.18, 55.0, 17.02, -0.0007, 0.05, [1, 1, 2], 1.00
2018-05-30, Steady Climb, 1, -0.02, +4.27, 57.0, 14.94, -0.0030, 0.05, [2, 1, 3], 1.00
2018-05-31, Steady Climb, 1, -1.03, +3.89, 45.1, 15.43, -0.0021, 0.04, [1, 0, 3], 1.73
2018-06-01, Steady Climb, 1, +0.25, +2.84, 51.7, 13.46, -0.0015, 0.03, [2, 1, 3], 1.00
2018-06-04, Steady Climb, 1, +0.94, +2.01, 53.9, 12.74, 0.0015, 0.03, [3, 1, 3], 1.41
2018-06-05, Steady Climb, 1, +2.19, +1.73, 59.4, 12.40, 0.0045, 0.03, [4, 1, 3], 2.24
2018-06-06, Steady Climb, 1, +1.77, +1.50, 61.9, 11.64, 0.0033, 0.03, [3, 1, 3], 1.41
2018-06-07, Steady Climb, 1, +2.41, +1.48, 62.0, 12.13, 0.0054, 0.03, [4, 1, 3], 2.24
2018-06-08, Steady Climb, 1, +1.62, +1.69, 65.6, 12.18, 0.0035, 0.03, [3, 2, 3], 1.73
2018-06-11, Steady Climb, 1, +1.28, +2.31, 62.6, 12.35, 0.0031, 0.04, [3, 1, 3], 1.41
2018-06-12, Steady Climb, 1, +1.38, +2.96, 66.4, 12.34, 0.0026, 0.04, [3, 2, 3], 1.73
2018-06-13, Steady Climb, 1, +0.12, +3.64, 61.0, 12.94, 0.0015, 0.04, [2, 1, 3], 1.00
2018-06-14, Steady Climb, 1, +0.44, +3.78, 64.1, 12.12, 0.0007, 0.04, [2, 1, 3], 1.00
2018-06-15, Steady Climb, 1, +0.02, +4.09, 65.3, 11.98, 0.0000, 0.04, [2, 2, 3], 1.41
2018-06-18, Steady Climb, 1, -0.30, +4.24, 75.4, 12.31, -0.0003, 0.04, [2, 2, 3], 1.41
2018-06-19, Steady Climb, 1, -0.87, +4.10, 63.6, 13.35, -0.0008, 0.04, [1, 1, 3], 1.41
2018-06-20, Steady Climb, 1, -0.30, +4.02, 74.2, 12.79, -0.0013, 0.04, [2, 2, 3], 1.41
2018-06-21, Steady Climb, 1, -1.18, +3.83, 56.5, 14.64, -0.0017, 0.04, [1, 1, 3], 1.41
2018-06-22, Steady Climb, 1, -0.89, +3.47, 53.7, 13.77, -0.0024, 0.04, [1, 1, 3], 1.41
2018-06-25, Orderly Decline, 3, -2.04, +3.07, 39.1, 17.33, -0.0019, 0.04, [0, -2, 2], 2.45
2018-06-26, Steady Climb, 1, -1.43, +1.98, 30.7, 15.92, -0.0038, 0.04, [1, -2, 3], 3.32
2018-06-27, Orderly Decline, 3, -2.45, +0.49, 26.3, 17.91, -0.0045, 0.04, [-1, -2, 2], 1.73
2018-06-28, Orderly Decline, 3, -1.22, -0.84, 30.0, 16.85, -0.0049, 0.04, [-3, -2, 2], 1.73
2018-06-29, Orderly Decline, 3, -1.33, -2.20, 29.6, 16.09, -0.0035, 0.04, [-3, -2, 2], 1.73
2018-07-02, Orderly Decline, 3, +0.35, -3.08, 31.2, 15.60, -0.0002, 0.04, [-2, -2, 3], 2.24
2018-07-03, Orderly Decline, 3, -0.36, -3.62, 30.7, 16.14, 0.0010, 0.04, [-2, -2, 2], 1.41
2018-07-05, Orderly Decline, 3, +1.37, -4.29, 37.1, 14.97, 0.0014, 0.04, [-1, -2, 3], 2.45
2018-07-06, Orderly Decline, 3, +1.60, -4.21, 45.0, 13.37, 0.0013, 0.04, [-1, 0, 3], 2.45
2018-07-09, Steady Climb, 1, +2.42, -3.77, 52.4, 12.69, 0.0033, 0.04, [0, 1, 3], 2.24
2018-07-10, Steady Climb, 1, +2.46, -2.83, 57.2, 12.64, 0.0058, 0.04, [0, 1, 3], 2.24
2018-07-11, Steady Climb, 1, +2.24, -1.71, 51.5, 13.63, 0.0075, 0.04, [0, 1, 3], 2.24
2018-07-12, Steady Climb, 1, +2.25, -0.82, 60.2, 12.58, 0.0039, 0.04, [0, 1, 3], 2.24
2018-07-13, Steady Climb, 1, +1.50, +0.26, 59.9, 12.18, 0.0024, 0.05, [2, 1, 3], 1.00
2018-07-16, Steady Climb, 1, +0.51, +1.46, 70.3, 12.83, 0.0014, 0.05, [3, 2, 3], 1.73
2018-07-17, Steady Climb, 1, +0.56, +2.54, 71.0, 12.06, 0.0013, 0.05, [3, 2, 3], 1.73
2018-07-18, Steady Climb, 1, +1.50, +3.66, 80.8, 12.10, 0.0025, 0.05, [3, 2, 3], 1.73
2018-07-19, Steady Climb, 1, +0.22, +4.64, 74.1, 12.87, 0.0015, 0.06, [2, 2, 3], 1.41
2018-07-20, Steady Climb, 1, +0.02, +5.46, 72.8, 12.86, 0.0008, 0.06, [2, 2, 3], 1.41
2018-07-23, Steady Climb, 1, +0.31, +5.90, 72.3, 12.62, 0.0001, 0.06, [2, 2, 3], 1.41
2018-07-24, Steady Climb, 1, +0.39, +6.42, 79.7, 12.41, -0.0007, 0.06, [2, 2, 3], 1.41
2018-07-25, Steady Climb, 1, +1.08, +6.45, 80.0, 12.29, 0.0004, 0.06, [3, 2, 3], 1.73
2018-07-26, Steady Climb, 1, +1.17, +6.80, 73.1, 12.14, 0.0036, 0.06, [3, 2, 3], 1.73
2018-07-27, Steady Climb, 1, +0.61, +6.46, 60.7, 13.03, 0.0039, 0.06, [3, 1, 3], 1.41
2018-07-30, Steady Climb, 1, -0.16, +5.91, 52.6, 14.26, 0.0015, 0.05, [2, 1, 3], 1.00
2018-07-31, Steady Climb, 1, -0.15, +5.01, 63.0, 12.83, -0.0022, 0.05, [2, 1, 3], 1.00
2018-08-01, Steady Climb, 1, -1.15, +4.31, 55.3, 13.15, -0.0034, 0.04, [1, 1, 3], 1.41
2018-08-02, Steady Climb, 1, -0.36, +3.22, 58.5, 12.19, -0.0018, 0.03, [2, 1, 3], 1.00
2018-08-03, Steady Climb, 1, +0.76, +2.55, 62.9, 11.64, 0.0010, 0.03, [3, 1, 3], 1.41
2018-08-06, Steady Climb, 1, +1.71, +2.30, 62.7, 11.27, 0.0030, 0.03, [3, 1, 3], 1.41
2018-08-07, Steady Climb, 1, +1.50, +2.45, 63.1, 10.93, 0.0033, 0.03, [3, 1, 3], 1.41
2018-08-08, Steady Climb, 1, +1.58, +2.77, 67.4, 10.85, 0.0040, 0.03, [3, 2, 3], 1.73
2018-08-09, Steady Climb, 1, +0.93, +2.67, 66.8, 11.27, 0.0028, 0.03, [3, 2, 3], 1.73
2018-08-10, Steady Climb, 1, -0.25, +2.77, 57.8, 13.16, 0.0012, 0.03, [2, 1, 3], 1.00
2018-08-13, Steady Climb, 1, -1.00, +2.54, 50.5, 14.78, -0.0014, 0.03, [1, 1, 3], 1.41
2018-08-14, Steady Climb, 1, -0.65, +2.06, 48.1, 13.31, -0.0034, 0.03, [1, 0, 3], 1.73
2018-08-15, Steady Climb, 1, -1.38, +1.98, 44.5, 14.64, -0.0024, 0.03, [1, 0, 3], 1.73
2018-08-16, Steady Climb, 1, -0.45, +1.63, 56.2, 13.45, -0.0022, 0.03, [2, 1, 3], 1.00
2018-08-17, Steady Climb, 1, +0.59, +1.43, 64.0, 12.64, 0.0004, 0.02, [3, 1, 3], 1.41
2018-08-20, Steady Climb, 1, +1.24, +1.26, 62.5, 12.49, 0.0020, 0.02, [3, 1, 3], 1.41
2018-08-21, Steady Climb, 1, +0.81, +1.20, 65.0, 12.86, 0.0023, 0.02, [3, 1, 3], 1.41
2018-08-22, Steady Climb, 1, +1.54, +1.37, 61.3, 12.25, 0.0037, 0.03, [3, 1, 3], 1.41
2018-08-23, Steady Climb, 1, +0.57, +1.85, 55.7, 12.41, 0.0019, 0.03, [3, 1, 3], 1.41
2018-08-24, Steady Climb, 1, +0.86, +2.11, 58.0, 11.99, 0.0006, 0.03, [3, 1, 3], 1.41
2018-08-27, Steady Climb, 1, +1.39, +2.30, 61.5, 12.16, 0.0010, 0.03, [3, 1, 3], 1.41
2018-08-28, Steady Climb, 1, +1.21, +2.46, 62.0, 12.50, 0.0028, 0.03, [3, 1, 3], 1.41
2018-08-29, Steady Climb, 1, +1.82, +2.71, 66.9, 12.25, 0.0038, 0.04, [3, 2, 3], 1.73
2018-08-30, Steady Climb, 1, +1.55, +3.03, 69.8, 13.53, 0.0047, 0.04, [3, 2, 3], 1.73
2018-08-31, Steady Climb, 1, +0.93, +3.23, 74.8, 12.86, 0.0024, 0.04, [3, 2, 3], 1.73
2018-09-04, Steady Climb, 1, -0.00, +3.53, 69.3, 13.16, 0.0005, 0.04, [2, 2, 3], 1.41
2018-09-05, Steady Climb, 1, -0.31, +3.83, 76.2, 13.91, -0.0005, 0.04, [2, 2, 3], 1.41
2018-09-06, Steady Climb, 1, -1.24, +4.07, 65.3, 14.65, -0.0019, 0.04, [1, 2, 3], 1.73
2018-09-07, Steady Climb, 1, -1.02, +4.10, 59.1, 14.88, -0.0021, 0.04, [1, 1, 3], 1.41
2018-09-10, Steady Climb, 1, -0.84, +3.95, 58.5, 14.16, -0.0027, 0.04, [1, 1, 3], 1.41
2018-09-11, Steady Climb, 1, -0.30, +3.53, 60.2, 13.22, -0.0019, 0.03, [2, 1, 3], 1.00
2018-09-12, Steady Climb, 1, +0.01, +3.01, 61.1, 13.14, -0.0001, 0.03, [2, 1, 3], 1.00
2018-09-13, Steady Climb, 1, +0.91, +2.70, 67.8, 12.37, 0.0013, 0.03, [3, 2, 3], 1.73
2018-09-14, Steady Climb, 1, +1.16, +2.19, 63.1, 12.07, 0.0026, 0.03, [3, 1, 3], 1.41
2018-09-17, Steady Climb, 1, +0.41, +1.91, 46.4, 13.68, 0.0025, 0.02, [2, 0, 3], 1.41
2018-09-18, Steady Climb, 1, +0.57, +1.45, 52.7, 12.79, 0.0006, 0.02, [3, 1, 3], 1.41
2018-09-19, Steady Climb, 1, +0.66, +1.27, 47.3, 11.75, 0.0005, 0.02, [3, 0, 3], 1.73
2018-09-20, Steady Climb, 1, +0.91, +1.16, 62.2, 11.80, 0.0002, 0.02, [3, 1, 3], 1.41
2018-09-21, Steady Climb, 1, +0.85, +1.29, 61.5, 11.68, 0.0024, 0.02, [3, 1, 3], 1.41
2018-09-24, Steady Climb, 1, +1.06, +1.23, 58.9, 12.20, 0.0037, 0.02, [3, 1, 3], 1.41
2018-09-25, Steady Climb, 1, +0.39, +1.19, 60.9, 12.42, 0.0018, 0.02, [2, 1, 3], 1.00
2018-09-26, Steady Climb, 1, -0.07, +1.38, 61.4, 12.89, 0.0001, 0.02, [2, 1, 3], 1.00
2018-09-27, Steady Climb, 1, -0.57, +1.41, 67.0, 12.41, -0.0022, 0.02, [1, 2, 3], 1.73
2018-09-28, Steady Climb, 1, -0.54, +1.80, 65.5, 12.12, -0.0015, 0.02, [1, 2, 3], 1.73
2018-10-01, Steady Climb, 1, +0.18, +2.00, 65.5, 12.00, -0.0004, 0.02, [2, 2, 3], 1.41
2018-10-02, Steady Climb, 1, +0.27, +2.33, 64.5, 12.05, 0.0009, 0.02, [2, 1, 3], 1.00
2018-10-03, Steady Climb, 1, +0.67, +2.53, 60.1, 11.61, 0.0016, 0.03, [3, 1, 3], 1.41
2018-10-04, Steady Climb, 1, -0.43, +2.59, 48.7, 14.22, 0.0011, 0.02, [2, 0, 3], 1.41
2018-10-05, Steady Climb, 1, -0.97, +2.10, 48.7, 14.82, -0.0008, 0.02, [1, 0, 3], 1.73
2018-10-08, Steady Climb, 1, -1.37, +1.23, 41.3, 15.69, -0.0035, 0.02, [1, 0, 3], 1.73
2018-10-09, Orderly Decline, 3, -1.47, +0.42, 38.0, 15.95, -0.0041, 0.02, [0, -2, 3], 3.00
2018-10-10, Orderly Decline, 3, -4.78, -0.30, 11.1, 22.96, -0.0039, 0.04, [-3, -2, 1], 1.41
2018-10-11, Orderly Decline, 3, -5.97, -2.34, 8.5, 24.98, -0.0087, 0.07, [-4, -2, 1], 2.24
2018-10-12, Orderly Decline, 3, -4.10, -4.80, 21.9, 21.31, -0.0149, 0.08, [-4, -2, 1], 2.24
2018-10-15, Orderly Decline, 3, -4.63, -6.43, 21.0, 21.30, -0.0141, 0.09, [-4, -2, 1], 2.24
2018-10-16, Orderly Decline, 3, -2.44, -8.35, 35.6, 17.62, -0.0099, 0.09, [-4, -2, 2], 2.45
2018-10-17, Orderly Decline, 3, +0.84, -8.96, 33.9, 17.40, 0.0025, 0.09, [-1, -2, 2], 1.73
2018-10-18, Orderly Decline, 3, +1.48, -9.39, 30.2, 20.06, 0.0074, 0.10, [-1, -2, 1], 1.41
2018-10-19, Orderly Decline, 3, +0.02, -9.88, 28.0, 19.89, 0.0022, 0.10, [-2, -2, 2], 1.41
2018-10-22, Orderly Decline, 3, +0.19, -10.17, 27.2, 19.64, -0.0003, 0.10, [-2, -2, 2], 1.41
2018-10-23, Orderly Decline, 3, -2.46, -10.54, 25.7, 20.71, -0.0055, 0.10, [-4, -2, 1], 2.24
2018-10-24, Sharp Decline, 4, -5.45, -10.94, 22.2, 25.23, -0.0056, 0.12, [-4, -2, 0], 2.24
2018-10-25, Orderly Decline, 3, -2.28, -12.44, 31.0, 24.22, -0.0093, 0.12, [-4, -2, 1], 2.24
2018-10-26, Orderly Decline, 3, -3.94, -12.74, 28.3, 24.16, -0.0084, 0.12, [-4, -2, 1], 2.24
2018-10-29, Orderly Decline, 3, -4.16, -13.38, 27.6, 24.70, -0.0087, 0.13, [-4, -2, 1], 2.24
2018-10-30, Orderly Decline, 3, -2.12, -13.73, 39.3, 23.35, -0.0073, 0.12, [-4, -2, 1], 2.24
2018-10-31, Trend Pullback, 2, +2.09, -13.08, 48.2, 21.23, -0.0004, 0.11, [0, 0, 1], 1.73
2018-11-01, Orderly Decline, 3, +1.29, -11.61, 47.0, 19.34, 0.0013, 0.11, [-1, 0, 2], 1.73
2018-11-02, Steady Climb, 1, +2.42, -9.80, 46.9, 19.51, 0.0086, 0.10, [0, 0, 2], 2.24
2018-11-05, Steady Climb, 1, +3.67, -8.24, 41.0, 19.96, 0.0081, 0.08, [0, 0, 2], 2.24
2018-11-06, Steady Climb, 1, +2.71, -6.23, 43.5, 19.91, 0.0045, 0.07, [0, 0, 2], 2.24
2018-11-07, Steady Climb, 1, +3.77, -3.83, 55.2, 16.36, 0.0030, 0.07, [0, 1, 2], 2.00
2018-11-08, Steady Climb, 1, +2.43, -1.90, 54.4, 16.72, 0.0064, 0.08, [0, 1, 2], 2.00
2018-11-09, Steady Climb, 1, +2.13, -1.02, 52.8, 17.36, 0.0087, 0.08, [0, 1, 2], 2.00
2018-11-12, Trend Pullback, 2, -0.44, -0.01, 48.5, 20.45, 0.0050, 0.08, [0, 0, 1], 1.73
2018-11-13, Trend Pullback, 2, -1.21, -0.06, 58.0, 20.02, -0.0034, 0.07, [-1, 1, 1], 1.00
2018-11-14, Trend Pullback, 2, -3.99, +0.80, 49.5, 21.25, -0.0098, 0.07, [0, 0, 1], 1.73
2018-11-15, Steady Climb, 1, -2.73, +1.48, 59.8, 19.98, -0.0099, 0.07, [0, 1, 2], 2.00
2018-11-16, Steady Climb, 1, -1.61, +2.10, 63.4, 18.14, -0.0046, 0.07, [1, 1, 2], 1.00
2018-11-19, Steady Climb, 1, -1.30, +2.85, 51.1, 20.10, 0.0010, 0.07, [1, 1, 1], 1.41
2018-11-20, Trend Pullback, 2, -2.95, +2.80, 40.8, 22.48, -0.0011, 0.07, [0, 0, 1], 1.73
2018-11-21, Orderly Decline, 3, -1.91, +1.92, 37.4, 20.80, -0.0060, 0.07, [1, -2, 1], 3.16
2018-11-23, Orderly Decline, 3, -3.58, -0.03, 37.3, 21.52, -0.0097, 0.08, [-2, -2, 1], 1.00
2018-11-26, Orderly Decline, 3, -2.30, -1.45, 41.5, 18.90, -0.0093, 0.08, [-4, 0, 2], 2.45
2018-11-27, Orderly Decline, 3, -0.32, -2.91, 40.2, 19.02, -0.0016, 0.07, [-2, 0, 2], 1.41
2018-11-28, Steady Climb, 1, +3.86, -4.54, 40.7, 18.49, 0.0038, 0.07, [0, 0, 2], 2.24
2018-11-29, Steady Climb, 1, +3.32, -4.70, 40.8, 18.79, 0.0087, 0.07, [0, 0, 2], 2.24
2018-11-30, Trend Pullback, 2, +4.85, -4.58, 47.2, 18.07, 0.0102, 0.07, [0, 0, 1], 1.73
2018-12-03, Steady Climb, 1, +4.37, -3.73, 59.2, 16.44, 0.0082, 0.08, [0, 1, 2], 2.00
2018-12-04, Trend Pullback, 2, +0.67, -2.74, 47.5, 20.74, 0.0086, 0.08, [-1, 0, 1], 1.41
2018-12-06, Orderly Decline, 3, -1.74, -2.91, 49.3, 21.19, -0.0013, 0.08, [-3, 0, 1], 1.41
2018-12-07, Orderly Decline, 3, -3.82, -2.81, 39.3, 23.23, -0.0055, 0.08, [-4, -2, 1], 2.24
2018-12-10, Orderly Decline, 3, -4.44, -2.60, 39.1, 22.64, -0.0132, 0.07, [-4, -2, 1], 2.24
2018-12-11, Orderly Decline, 3, -5.50, -2.15, 43.4, 21.76, -0.0141, 0.07, [-4, 0, 1], 2.24
2018-12-12, Trend Pullback, 2, -1.81, -1.88, 51.2, 21.46, -0.0070, 0.07, [-3, 1, 1], 2.24
2018-12-13, Trend Pullback, 2, -1.68, -2.05, 50.1, 20.65, -0.0032, 0.07, [-3, 1, 1], 2.24
2018-12-14, Orderly Decline, 3, -1.26, -2.18, 45.9, 21.63, 0.0019, 0.08, [-3, 0, 1], 1.41
2018-12-17, Orderly Decline, 3, -3.48, -3.24, 34.5, 24.52, -0.0024, 0.09, [-4, -2, 1], 2.24
2018-12-18, Sharp Decline, 4, -3.44, -4.48, 33.1, 25.58, -0.0091, 0.10, [-4, -2, 0], 2.24
2018-12-19, Sharp Decline, 4, -5.44, -5.34, 18.9, 25.58, -0.0125, 0.11, [-4, -2, 0], 2.24
2018-12-20, Sharp Decline, 4, -6.91, -7.19, 17.3, 28.38, -0.0138, 0.13, [-4, -2, 0], 2.24
2018-12-21, Sharp Decline, 4, -7.05, -10.10, 11.2, 30.11, -0.0126, 0.15, [-4, -2, 0], 2.24
2018-12-24, Sharp Decline, 4, -7.65, -13.35, 4.0, 36.07, -0.0143, 0.18, [-4, -2, 0], 2.24
2018-12-26, Sharp Decline, 4, -3.08, -17.45, 26.9, 30.41, -0.0195, 0.19, [-4, -2, 0], 2.24
2018-12-27, Orderly Decline, 3, -0.72, -18.83, 30.1, 29.96, -0.0078, 0.19, [-3, -2, 0], 1.73
2018-12-28, Orderly Decline, 3, +0.74, -19.45, 34.0, 28.34, 0.0038, 0.19, [-1, -2, 0], 1.73
2018-12-31, Volatile Chop, 5, +3.73, -18.85, 36.3, 25.42, 0.0110, 0.18, [0, -2, -1], 2.24
2019-01-02, Orderly Decline, 3, +6.76, -17.66, 36.8, 23.22, 0.0131, 0.17, [0, -2, 0], 2.45
2019-01-03, Orderly Decline, 3, -0.80, -15.73, 30.7, 25.45, 0.0042, 0.15, [-3, -2, 0], 1.73
2019-01-04, Trend Pullback, 2, +1.73, -13.82, 40.3, 21.38, -0.0023, 0.14, [-1, 0, 1], 1.41
2019-01-07, Trend Pullback, 2, +2.57, -11.63, 45.7, 21.40, 0.0013, 0.13, [0, 0, 1], 1.73
2019-01-08, Trend Pullback, 2, +2.70, -9.00, 52.6, 20.47, 0.0042, 0.13, [0, 1, 1], 1.41
2019-01-09, Steady Climb, 1, +2.99, -6.78, 53.5, 19.98, 0.0089, 0.12, [0, 1, 2], 2.00
2019-01-10, Trend Pullback, 2, +6.08, -4.26, 58.4, 19.50, 0.0122, 0.12, [0, 1, 1], 1.41
2019-01-11, Steady Climb, 1, +2.54, -1.50, 63.1, 18.19, 0.0063, 0.11, [0, 1, 2], 2.00
2019-01-14, Steady Climb, 1, +1.29, +1.54, 68.2, 19.07, 0.0045, 0.11, [3, 2, 2], 1.41
2019-01-15, Steady Climb, 1, +1.39, +4.45, 81.0, 18.60, 0.0011, 0.11, [3, 2, 2], 1.41
2019-01-16, Steady Climb, 1, +1.20, +7.07, 74.2, 19.04, 0.0014, 0.11, [3, 2, 2], 1.41
2019-01-17, Steady Climb, 1, +1.51, +8.90, 74.1, 18.06, 0.0020, 0.12, [3, 2, 2], 1.41
2019-01-18, Steady Climb, 1, +2.87, +10.91, 77.4, 17.80, 0.0042, 0.13, [4, 2, 2], 2.24
2019-01-22, Steady Climb, 1, +1.95, +12.67, 67.8, 20.80, 0.0077, 0.13, [3, 2, 1], 1.73
2019-01-23, Steady Climb, 1, +1.09, +13.01, 68.0, 19.52, 0.0038, 0.12, [3, 2, 2], 1.41
2019-01-24, Steady Climb, 1, +1.00, +12.39, 82.6, 18.89, 0.0016, 0.10, [3, 2, 2], 1.41
2019-01-25, Steady Climb, 1, +1.09, +10.45, 78.1, 17.42, -0.0007, 0.10, [3, 2, 2], 1.41
2019-01-28, Steady Climb, 1, -1.01, +10.23, 69.6, 18.87, -0.0001, 0.10, [1, 2, 2], 1.41
2019-01-29, Steady Climb, 1, +0.27, +9.75, 65.0, 19.13, 0.0018, 0.09, [2, 1, 2], 0.00
2019-01-30, Steady Climb, 1, +1.60, +8.93, 69.3, 17.66, 0.0002, 0.09, [3, 2, 2], 1.41
2019-01-31, Steady Climb, 1, +2.34, +8.81, 70.6, 16.57, 0.0019, 0.09, [4, 2, 2], 2.24
2019-02-01, Steady Climb, 1, +1.57, +8.80, 71.0, 16.14, 0.0043, 0.07, [3, 2, 2], 1.41
2019-02-04, Steady Climb, 1, +3.06, +7.55, 76.6, 15.73, 0.0070, 0.07, [4, 2, 3], 2.45
2019-02-05, Steady Climb, 1, +3.70, +7.50, 75.2, 15.57, 0.0071, 0.07, [4, 2, 3], 2.45
2019-02-06, Steady Climb, 1, +1.89, +7.62, 72.8, 15.38, 0.0049, 0.07, [3, 2, 3], 1.73
2019-02-07, Steady Climb, 1, +0.07, +7.77, 63.6, 16.37, 0.0032, 0.07, [2, 1, 2], 0.00
2019-02-08, Steady Climb, 1, +0.05, +7.48, 58.2, 15.72, 0.0002, 0.07, [2, 1, 3], 1.00
2019-02-11, Steady Climb, 1, -0.55, +7.22, 70.3, 15.97, -0.0024, 0.07, [1, 2, 3], 1.73
2019-02-12, Steady Climb, 1, +0.26, +6.81, 74.2, 15.43, -0.0029, 0.06, [2, 2, 3], 1.41
2019-02-13, Steady Climb, 1, +0.78, +6.52, 74.8, 15.65, 0.0011, 0.06, [3, 2, 3], 1.73
2019-02-14, Steady Climb, 1, +1.47, +6.54, 69.4, 16.22, 0.0048, 0.06, [3, 2, 2], 1.41
2019-02-15, Steady Climb, 1, +2.50, +6.33, 80.3, 14.91, 0.0043, 0.07, [4, 2, 3], 2.45
2019-02-19, Steady Climb, 1, +2.58, +6.66, 82.1, 14.88, 0.0048, 0.07, [4, 2, 3], 2.45
2019-02-20, Steady Climb, 1, +1.46, +7.40, 78.5, 14.02, 0.0033, 0.07, [3, 2, 3], 1.73
2019-02-21, Steady Climb, 1, +0.79, +7.44, 71.0, 14.46, 0.0035, 0.07, [3, 2, 3], 1.73
2019-02-22, Steady Climb, 1, +1.71, +7.21, 73.4, 13.51, 0.0024, 0.07, [3, 2, 3], 1.73
2019-02-25, Steady Climb, 1, +0.74, +7.08, 71.1, 14.85, 0.0010, 0.07, [3, 2, 3], 1.73
2019-02-26, Steady Climb, 1, +0.51, +7.13, 67.8, 15.17, 0.0015, 0.06, [3, 2, 3], 1.73
2019-02-27, Steady Climb, 1, +0.28, +6.62, 69.8, 14.70, 0.0014, 0.05, [2, 2, 3], 1.41
2019-02-28, Steady Climb, 1, +0.35, +5.81, 78.9, 14.78, 0.0013, 0.05, [2, 2, 3], 1.41
2019-03-01, Steady Climb, 1, +0.39, +5.30, 81.3, 13.57, -0.0007, 0.05, [2, 2, 3], 1.41
2019-03-04, Steady Climb, 1, -0.12, +5.27, 75.6, 14.63, 0.0002, 0.05, [2, 2, 3], 1.41
2019-03-05, Steady Climb, 1, -0.15, +4.98, 67.2, 14.74, 0.0003, 0.05, [2, 2, 3], 1.41
2019-03-06, Steady Climb, 1, -0.75, +4.80, 56.6, 15.74, 0.0001, 0.05, [1, 1, 3], 1.41
2019-03-07, Steady Climb, 1, -1.28, +4.46, 51.0, 16.59, -0.0015, 0.04, [1, 1, 2], 1.00
2019-03-08, Orderly Decline, 3, -2.16, +3.66, 37.6, 16.05, -0.0048, 0.04, [0, -2, 2], 2.45
2019-03-11, Steady Climb, 1, -0.34, +2.34, 51.1, 14.33, -0.0050, 0.04, [2, 1, 3], 1.00
2019-03-12, Steady Climb, 1, +0.07, +1.57, 52.0, 13.77, -0.0015, 0.03, [2, 1, 3], 1.00
2019-03-13, Steady Climb, 1, +1.42, +0.84, 60.0, 13.41, 0.0027, 0.03, [3, 1, 3], 1.41
2019-03-14, Steady Climb, 1, +2.17, +0.81, 54.8, 13.50, 0.0061, 0.03, [4, 1, 3], 2.24
2019-03-15, Steady Climb, 1, +2.89, +0.78, 57.5, 12.88, 0.0056, 0.03, [4, 1, 3], 2.24
2019-03-18, Steady Climb, 1, +1.78, +0.75, 60.6, 13.10, 0.0034, 0.03, [3, 1, 3], 1.41
2019-03-19, Steady Climb, 1, +1.47, +1.22, 61.0, 13.56, 0.0033, 0.03, [3, 1, 3], 1.41
2019-03-20, Steady Climb, 1, +0.47, +1.67, 60.8, 13.91, 0.0024, 0.03, [2, 1, 3], 1.00
2019-03-21, Steady Climb, 1, +1.65, +2.00, 63.1, 13.63, 0.0015, 0.04, [3, 1, 3], 1.41
2019-03-22, Steady Climb, 1, -0.77, +2.55, 51.7, 16.48, 0.0020, 0.04, [1, 1, 2], 1.00
2019-03-25, Steady Climb, 1, -1.22, +2.49, 51.8, 16.33, -0.0015, 0.04, [1, 1, 2], 1.00
2019-03-26, Steady Climb, 1, -0.50, +2.44, 59.8, 14.68, -0.0033, 0.04, [2, 1, 3], 1.00
2019-03-27, Steady Climb, 1, -0.67, +2.63, 62.3, 15.15, -0.0024, 0.04, [1, 1, 3], 1.41
2019-03-28, Steady Climb, 1, -1.38, +2.58, 65.5, 14.43, -0.0029, 0.04, [1, 2, 3], 1.73
2019-03-29, Steady Climb, 1, +1.20, +2.53, 62.0, 13.71, 0.0013, 0.04, [3, 1, 3], 1.41
2019-04-01, Steady Climb, 1, +2.46, +3.01, 66.0, 13.40, 0.0024, 0.04, [4, 2, 3], 2.45
2019-04-02, Steady Climb, 1, +1.73, +3.73, 62.9, 13.36, 0.0044, 0.05, [3, 1, 3], 1.41
2019-04-03, Steady Climb, 1, +2.42, +4.30, 64.7, 13.74, 0.0061, 0.05, [4, 1, 3], 2.24
2019-04-04, Steady Climb, 1, +2.27, +4.55, 63.3, 13.58, 0.0052, 0.05, [4, 1, 3], 2.24
2019-04-05, Steady Climb, 1, +2.06, +4.37, 63.8, 12.82, 0.0033, 0.04, [4, 1, 3], 2.24
2019-04-08, Steady Climb, 1, +1.00, +4.10, 64.4, 13.18, 0.0022, 0.05, [3, 1, 3], 1.41
2019-04-09, Steady Climb, 1, +0.38, +4.28, 61.8, 14.28, 0.0027, 0.05, [2, 1, 3], 1.00
2019-04-10, Steady Climb, 1, +0.52, +4.17, 58.0, 13.30, 0.0009, 0.05, [3, 1, 3], 1.41
2019-04-11, Steady Climb, 1, +0.31, +4.38, 78.5, 13.02, 0.0001, 0.05, [2, 2, 3], 1.41
2019-04-12, Steady Climb, 1, +0.51, +4.44, 82.0, 12.01, -0.0006, 0.05, [3, 2, 3], 1.73
2019-04-15, Steady Climb, 1, +0.34, +4.87, 78.6, 12.32, 0.0011, 0.05, [2, 2, 3], 1.41
2019-04-16, Steady Climb, 1, +1.00, +5.31, 86.2, 12.18, 0.0025, 0.05, [3, 2, 3], 1.73
2019-04-17, Steady Climb, 1, +0.42, +5.66, 81.0, 12.60, 0.0019, 0.05, [2, 2, 3], 1.41
2019-04-18, Steady Climb, 1, +0.58, +5.67, 78.8, 12.09, 0.0008, 0.05, [3, 2, 3], 1.73
2019-04-22, Steady Climb, 1, +0.02, +6.11, 72.0, 12.42, -0.0003, 0.05, [2, 2, 3], 1.41
2019-04-23, Steady Climb, 1, +0.97, +5.67, 78.0, 12.28, 0.0001, 0.05, [3, 2, 3], 1.73
2019-04-24, Steady Climb, 1, +0.69, +5.39, 72.7, 13.14, 0.0021, 0.05, [3, 2, 3], 1.73
2019-04-25, Steady Climb, 1, +0.89, +5.14, 70.5, 13.25, 0.0028, 0.04, [3, 2, 3], 1.73
2019-04-26, Steady Climb, 1, +1.20, +4.50, 70.6, 12.73, 0.0021, 0.04, [3, 2, 3], 1.73
2019-04-29, Steady Climb, 1, +1.21, +4.03, 70.7, 13.11, 0.0019, 0.03, [3, 2, 3], 1.73
2019-04-30, Steady Climb, 1, +0.41, +3.72, 84.0, 13.12, 0.0011, 0.03, [2, 2, 3], 1.41
2019-05-01, Steady Climb, 1, -0.12, +3.81, 65.9, 14.80, 0.0018, 0.03, [2, 2, 3], 1.41
2019-05-02, Steady Climb, 1, -0.30, +3.46, 62.4, 14.42, 0.0000, 0.03, [2, 1, 3], 1.00
2019-05-03, Steady Climb, 1, +0.20, +3.04, 65.1, 12.87, -0.0022, 0.03, [2, 2, 3], 1.41
2019-05-06, Steady Climb, 1, -0.36, +3.04, 59.7, 15.44, -0.0008, 0.03, [2, 1, 3], 1.00
2019-05-07, Steady Climb, 1, -2.10, +2.97, 43.8, 19.32, -0.0002, 0.03, [0, 0, 2], 2.24
2019-05-08, Steady Climb, 1, -1.52, +2.20, 44.3, 19.40, -0.0022, 0.03, [1, 0, 2], 1.41
2019-05-09, Steady Climb, 1, -1.60, +1.10, 40.8, 19.10, -0.0048, 0.03, [1, 0, 2], 1.41
2019-05-10, Orderly Decline, 3, -2.18, +0.03, 43.2, 16.04, -0.0070, 0.03, [-2, 0, 2], 1.41
2019-05-13, Orderly Decline, 3, -4.11, -0.86, 24.5, 20.55, -0.0041, 0.04, [-4, -2, 1], 2.24
2019-05-14, Orderly Decline, 3, -1.72, -2.43, 31.8, 18.06, -0.0050, 0.05, [-3, -2, 2], 1.73
2019-05-15, Orderly Decline, 3, -0.99, -3.56, 36.1, 16.44, -0.0052, 0.05, [-3, -2, 2], 1.73
2019-05-16, Orderly Decline, 3, +0.20, -4.33, 38.7, 15.29, -0.0030, 0.05, [-2, -2, 3], 2.24
2019-05-17, Orderly Decline, 3, -0.76, -4.75, 35.9, 15.96, 0.0010, 0.06, [-3, -2, 3], 2.45
2019-05-20, Orderly Decline, 3, +1.01, -5.31, 33.1, 16.31, 0.0048, 0.06, [-1, -2, 2], 1.73
2019-05-21, Orderly Decline, 3, +1.06, -6.02, 40.6, 14.95, 0.0007, 0.06, [-1, 0, 3], 2.45
2019-05-22, Orderly Decline, 3, +0.19, -5.88, 40.3, 14.75, -0.0003, 0.06, [-2, 0, 3], 2.24
2019-05-23, Orderly Decline, 3, -1.88, -5.86, 30.8, 16.92, -0.0012, 0.06, [-3, -2, 2], 1.73
2019-05-24, Orderly Decline, 3, -1.17, -6.23, 33.0, 15.85, -0.0021, 0.06, [-3, -2, 3], 2.45
2019-05-28, Orderly Decline, 3, -1.33, -6.18, 35.8, 17.50, -0.0025, 0.06, [-3, -2, 2], 1.73
2019-05-29, Orderly Decline, 3, -2.84, -6.24, 34.1, 17.90, -0.0055, 0.06, [-4, -2, 2], 2.45
2019-05-30, Orderly Decline, 3, -2.36, -6.32, 36.3, 17.30, -0.0060, 0.06, [-4, -2, 2], 2.45
2019-05-31, Orderly Decline, 3, -2.49, -6.43, 30.2, 18.71, -0.0040, 0.07, [-4, -2, 2], 2.45
2019-06-03, Orderly Decline, 3, -2.89, -6.95, 37.2, 18.86, -0.0059, 0.07, [-4, -2, 2], 2.45
2019-06-04, Orderly Decline, 3, +0.03, -6.89, 44.8, 16.97, -0.0052, 0.06, [-2, 0, 2], 1.41
2019-06-05, Orderly Decline, 3, +1.55, -5.90, 46.0, 16.09, -0.0001, 0.06, [-1, 0, 2], 1.73
2019-06-06, Orderly Decline, 3, +1.96, -5.15, 44.5, 15.93, 0.0044, 0.06, [-1, 0, 3], 2.45
2019-06-07, Steady Climb, 1, +4.41, -4.14, 52.2, 16.30, 0.0092, 0.06, [0, 1, 2], 2.00
2019-06-10, Steady Climb, 1, +5.18, -2.78, 57.6, 15.94, 0.0103, 0.06, [0, 1, 2], 2.00
2019-06-11, Steady Climb, 1, +2.94, -1.07, 53.8, 15.99, 0.0074, 0.06, [0, 1, 3], 2.24
2019-06-12, Steady Climb, 1, +1.90, -0.48, 54.2, 15.91, 0.0056, 0.06, [0, 1, 3], 2.24
2019-06-13, Steady Climb, 1, +1.69, +0.27, 63.4, 15.82, 0.0029, 0.06, [2, 1, 3], 1.00
2019-06-14, Steady Climb, 1, +0.47, +1.38, 61.8, 15.28, 0.0010, 0.06, [2, 1, 3], 1.00
2019-06-17, Steady Climb, 1, +0.10, +2.77, 68.3, 15.35, 0.0002, 0.07, [2, 2, 3], 1.41
2019-06-18, Steady Climb, 1, +1.11, +3.91, 77.3, 15.15, 0.0005, 0.07, [3, 2, 3], 1.73
2019-06-19, Steady Climb, 1, +1.62, +5.11, 77.6, 14.33, 0.0025, 0.07, [3, 2, 3], 1.73
2019-06-20, Steady Climb, 1, +2.16, +6.69, 92.0, 14.75, 0.0034, 0.08, [4, 2, 3], 2.45
2019-06-21, Steady Climb, 1, +2.20, +8.45, 93.5, 15.40, 0.0058, 0.09, [4, 2, 3], 2.45
2019-06-24, Steady Climb, 1, +1.93, +9.47, 88.9, 15.26, 0.0054, 0.09, [3, 2, 3], 1.73
2019-06-25, Steady Climb, 1, -0.01, +10.28, 74.3, 16.28, 0.0027, 0.09, [2, 2, 2], 1.00
2019-06-26, Steady Climb, 1, -0.43, +10.15, 70.2, 16.21, -0.0009, 0.09, [2, 2, 2], 1.00
2019-06-27, Steady Climb, 1, -0.99, +9.48, 66.6, 15.82, -0.0039, 0.08, [1, 2, 3], 1.73
2019-06-28, Steady Climb, 1, -0.29, +8.87, 67.3, 15.08, -0.0028, 0.07, [2, 2, 3], 1.41
2019-07-01, Steady Climb, 1, +0.64, +7.71, 71.8, 14.06, 0.0000, 0.06, [3, 2, 3], 1.73
2019-07-02, Steady Climb, 1, +1.91, +6.47, 75.4, 12.93, 0.0041, 0.05, [3, 2, 3], 1.73
2019-07-03, Steady Climb, 1, +2.82, +5.95, 76.8, 12.57, 0.0053, 0.05, [4, 2, 3], 2.45
2019-07-05, Steady Climb, 1, +2.24, +5.86, 76.5, 13.28, 0.0058, 0.05, [4, 2, 3], 2.45
2019-07-08, Steady Climb, 1, +1.16, +5.71, 70.9, 13.96, 0.0043, 0.05, [3, 2, 3], 1.73
2019-07-09, Steady Climb, 1, +0.52, +5.61, 67.0, 14.09, 0.0014, 0.05, [3, 2, 3], 1.73
2019-07-10, Steady Climb, 1, +0.67, +5.62, 67.8, 13.03, -0.0002, 0.05, [3, 2, 3], 1.73
2019-07-11, Steady Climb, 1, +0.14, +5.66, 63.8, 12.93, -0.0005, 0.05, [2, 1, 3], 1.00
2019-07-12, Steady Climb, 1, +0.78, +5.55, 67.9, 12.39, 0.0012, 0.05, [3, 2, 3], 1.73
2019-07-15, Steady Climb, 1, +1.29, +5.64, 70.1, 12.68, 0.0032, 0.05, [3, 2, 3], 1.73
2019-07-16, Steady Climb, 1, +0.82, +5.48, 78.1, 12.86, 0.0030, 0.05, [3, 2, 3], 1.73
2019-07-17, Steady Climb, 1, -0.29, +5.03, 70.8, 13.97, 0.0012, 0.04, [2, 2, 3], 1.41
2019-07-18, Steady Climb, 1, -0.16, +4.57, 70.7, 13.53, -0.0014, 0.04, [2, 2, 3], 1.41
2019-07-19, Steady Climb, 1, -1.23, +4.29, 60.2, 14.45, -0.0023, 0.04, [1, 1, 3], 1.41
2019-07-22, Steady Climb, 1, -0.97, +4.09, 56.6, 13.53, -0.0028, 0.04, [1, 1, 3], 1.41
2019-07-23, Steady Climb, 1, +0.05, +3.91, 59.6, 12.61, -0.0015, 0.04, [2, 1, 3], 1.00
2019-07-24, Steady Climb, 1, +1.18, +3.90, 57.4, 12.07, 0.0011, 0.04, [3, 1, 3], 1.41
2019-07-25, Steady Climb, 1, +0.29, +3.55, 53.9, 12.74, 0.0026, 0.03, [2, 1, 3], 1.00
2019-07-26, Steady Climb, 1, +1.65, +2.77, 64.0, 12.16, 0.0029, 0.03, [3, 1, 3], 1.41
2019-07-29, Steady Climb, 1, +1.20, +2.34, 61.5, 12.83, 0.0026, 0.02, [3, 1, 3], 1.41
2019-07-30, Steady Climb, 1, +0.26, +1.96, 55.8, 13.94, 0.0012, 0.02, [2, 1, 3], 1.00
2019-07-31, Steady Climb, 1, -1.30, +1.70, 45.1, 16.12, 0.0002, 0.02, [1, 0, 2], 1.41
2019-08-01, Steady Climb, 1, -1.67, +1.04, 35.9, 17.87, -0.0020, 0.02, [1, -2, 2], 3.16
2019-08-02, Orderly Decline, 3, -3.10, +0.35, 32.4, 17.61, -0.0063, 0.03, [-1, -2, 2], 1.73
2019-08-05, Orderly Decline, 3, -5.83, -0.68, 24.4, 24.59, -0.0083, 0.05, [-4, -2, 1], 2.24
2019-08-06, Orderly Decline, 3, -4.36, -3.09, 34.4, 20.17, -0.0134, 0.06, [-4, -2, 1], 2.24
2019-08-07, Orderly Decline, 3, -3.23, -4.72, 32.6, 19.49, -0.0106, 0.07, [-4, -2, 2], 2.45
2019-08-08, Orderly Decline, 3, -0.52, -5.95, 44.6, 16.91, -0.0064, 0.07, [-3, 0, 2], 1.73
2019-08-09, Orderly Decline, 3, -0.46, -6.14, 40.9, 17.97, 0.0018, 0.07, [-2, 0, 2], 1.41
2019-08-12, Orderly Decline, 3, +1.33, -6.30, 33.9, 21.09, 0.0071, 0.07, [-1, -2, 1], 1.41
2019-08-13, Orderly Decline, 3, +1.55, -6.82, 38.7, 17.52, 0.0012, 0.07, [-1, -2, 2], 1.73
2019-08-14, Orderly Decline, 3, -1.50, -6.68, 33.1, 22.10, 0.0010, 0.08, [-3, -2, 1], 1.41
2019-08-15, Orderly Decline, 3, -3.08, -7.96, 30.9, 21.18, -0.0066, 0.09, [-4, -2, 1], 2.24
2019-08-16, Orderly Decline, 3, -1.03, -8.75, 36.8, 18.47, -0.0064, 0.09, [-3, -2, 2], 1.73
2019-08-19, Orderly Decline, 3, +1.42, -9.03, 41.5, 16.88, -0.0023, 0.09, [-1, 0, 2], 1.73
2019-08-20, Orderly Decline, 3, -0.88, -8.54, 42.3, 17.50, 0.0015, 0.08, [-3, 0, 2], 1.73
2019-08-21, Steady Climb, 1, +2.95, -7.97, 47.2, 15.80, 0.0067, 0.08, [0, 0, 3], 2.45
2019-08-22, Steady Climb, 1, +2.65, -6.67, 49.1, 16.68, 0.0057, 0.08, [0, 0, 2], 2.24
2019-08-23, Orderly Decline, 3, -1.44, -5.51, 50.2, 19.87, 0.0024, 0.07, [-3, 1, 2], 2.45
2019-08-26, Orderly Decline, 3, -1.55, -4.96, 49.6, 19.32, -0.0045, 0.06, [-3, 0, 2], 1.73
2019-08-27, Orderly Decline, 3, -1.08, -3.76, 48.5, 20.31, -0.0042, 0.05, [-3, 0, 1], 1.41
2019-08-28, Orderly Decline, 3, -1.25, -2.61, 44.4, 19.35, -0.0054, 0.05, [-3, 0, 2], 1.73
2019-08-29, Trend Pullback, 2, +0.06, -1.49, 50.6, 17.88, -0.0016, 0.04, [-2, 1, 2], 2.24
2019-08-30, Steady Climb, 1, +2.79, -0.13, 55.0, 18.98, 0.0056, 0.04, [2, 1, 2], 0.00
2019-09-03, Steady Climb, 1, +0.97, +0.95, 47.6, 19.66, 0.0052, 0.04, [3, 0, 2], 1.41
2019-09-04, Steady Climb, 1, +2.39, +0.38, 63.6, 17.33, 0.0038, 0.04, [3, 1, 2], 1.00
2019-09-05, Steady Climb, 1, +3.05, +0.76, 66.5, 16.27, 0.0027, 0.05, [4, 2, 2], 2.24
2019-09-06, Steady Climb, 1, +1.85, +1.63, 62.9, 15.00, 0.0038, 0.05, [3, 1, 3], 1.41
2019-09-09, Steady Climb, 1, +1.78, +3.25, 58.7, 15.27, 0.0058, 0.06, [3, 1, 3], 1.41
2019-09-10, Steady Climb, 1, +2.52, +4.50, 63.5, 15.20, 0.0062, 0.06, [4, 1, 3], 2.24
2019-09-11, Steady Climb, 1, +2.15, +5.11, 63.2, 14.61, 0.0029, 0.07, [4, 1, 3], 2.24
2019-09-12, Steady Climb, 1, +1.13, +6.57, 64.5, 14.22, 0.0017, 0.07, [3, 1, 3], 1.41
2019-09-13, Steady Climb, 1, +0.96, +6.69, 85.8, 13.74, 0.0028, 0.07, [3, 2, 3], 1.73
2019-09-16, Steady Climb, 1, +0.66, +6.63, 79.6, 14.67, 0.0029, 0.07, [3, 2, 3], 1.73
2019-09-17, Steady Climb, 1, +0.88, +6.84, 84.0, 14.44, 0.0015, 0.07, [3, 2, 3], 1.73
2019-09-18, Steady Climb, 1, +0.19, +7.56, 82.5, 13.95, -0.0001, 0.07, [2, 2, 3], 1.41
2019-09-19, Steady Climb, 1, -0.09, +7.80, 78.1, 14.05, -0.0002, 0.07, [2, 2, 3], 1.41
2019-09-20, Steady Climb, 1, -0.51, +8.26, 70.6, 15.32, 0.0003, 0.07, [1, 2, 3], 1.73
2019-09-23, Steady Climb, 1, -0.21, +8.36, 80.7, 14.91, -0.0004, 0.06, [2, 2, 3], 1.41
2019-09-24, Steady Climb, 1, -1.30, +7.15, 60.8, 17.05, -0.0014, 0.06, [1, 1, 2], 1.00
2019-09-25, Steady Climb, 1, -0.73, +5.87, 53.9, 15.96, -0.0032, 0.05, [1, 1, 3], 1.41
2019-09-26, Steady Climb, 1, -0.97, +4.56, 49.5, 16.07, -0.0023, 0.04, [1, 0, 2], 1.41
2019-09-27, Steady Climb, 1, -1.01, +3.27, 43.8, 17.22, -0.0012, 0.04, [1, 0, 2], 1.41
2019-09-30, Steady Climb, 1, -0.50, +2.21, 49.1, 16.24, -0.0016, 0.03, [1, 0, 2], 1.41
2019-10-01, Steady Climb, 1, -0.89, +1.33, 31.3, 18.56, -0.0001, 0.03, [1, -2, 2], 3.16
2019-10-02, Orderly Decline, 3, -3.26, -0.47, 20.4, 20.56, -0.0031, 0.04, [-3, -2, 1], 1.41
2019-10-03, Orderly Decline, 3, -2.25, -2.57, 28.7, 19.12, -0.0069, 0.04, [-4, -2, 2], 2.45
2019-10-04, Orderly Decline, 3, -0.33, -3.67, 41.1, 17.04, -0.0065, 0.04, [-2, 0, 2], 1.41
2019-10-07, Orderly Decline, 3, -1.27, -4.03, 37.3, 17.86, -0.0027, 0.05, [-3, -2, 2], 1.73
2019-10-08, Orderly Decline, 3, -1.60, -4.55, 31.6, 20.28, 0.0021, 0.05, [-3, -2, 1], 1.41
2019-10-09, Orderly Decline, 3, +1.10, -5.64, 37.0, 18.64, 0.0013, 0.05, [-1, -2, 2], 1.73
2019-10-10, Orderly Decline, 3, +0.94, -5.89, 42.1, 17.57, -0.0014, 0.05, [-1, 0, 2], 1.73
2019-10-11, Orderly Decline, 3, +0.62, -5.61, 47.1, 15.58, -0.0016, 0.05, [-1, 0, 3], 2.45
2019-10-14, Orderly Decline, 3, +0.93, -4.80, 49.9, 14.57, 0.0036, 0.05, [-1, 0, 3], 2.45
2019-10-15, Steady Climb, 1, +3.55, -4.14, 51.5, 13.54, 0.0066, 0.05, [0, 1, 3], 2.24
2019-10-16, Steady Climb, 1, +2.41, -2.89, 51.7, 13.68, 0.0060, 0.05, [0, 1, 3], 2.24
2019-10-17, Steady Climb, 1, +2.04, -1.69, 55.1, 13.79, 0.0043, 0.05, [0, 1, 3], 2.24
2019-10-18, Steady Climb, 1, +0.54, -0.35, 51.4, 14.25, 0.0026, 0.05, [0, 1, 3], 2.24
2019-10-21, Steady Climb, 1, +1.37, +0.60, 60.0, 14.00, 0.0014, 0.05, [3, 1, 3], 1.41
2019-10-22, Steady Climb, 1, +0.01, +1.85, 68.6, 14.46, 0.0006, 0.05, [2, 2, 3], 1.41
2019-10-23, Steady Climb, 1, +0.50, +2.53, 66.9, 14.01, 0.0007, 0.05, [2, 2, 3], 1.41
2019-10-24, Steady Climb, 1, +0.41, +3.58, 62.1, 13.71, 0.0008, 0.05, [2, 1, 3], 1.00
2019-10-25, Steady Climb, 1, +1.22, +4.56, 67.4, 12.65, 0.0015, 0.05, [3, 2, 3], 1.73
2019-10-28, Steady Climb, 1, +1.09, +5.42, 84.6, 13.11, 0.0015, 0.06, [3, 2, 3], 1.73
2019-10-29, Steady Climb, 1, +1.37, +6.66, 81.3, 13.20, 0.0035, 0.06, [3, 2, 3], 1.73
2019-10-30, Steady Climb, 1, +1.41, +7.20, 80.4, 12.33, 0.0031, 0.06, [3, 2, 3], 1.73
2019-10-31, Steady Climb, 1, +0.91, +6.90, 71.6, 13.22, 0.0029, 0.06, [3, 2, 3], 1.73
2019-11-01, Steady Climb, 1, +1.47, +6.60, 77.8, 12.30, 0.0012, 0.06, [3, 2, 3], 1.73
2019-11-04, Steady Climb, 1, +1.28, +7.18, 75.3, 12.83, 0.0018, 0.06, [3, 2, 3], 1.73
2019-11-05, Steady Climb, 1, +1.24, +7.53, 76.4, 13.10, 0.0033, 0.06, [3, 2, 3], 1.73
2019-11-06, Steady Climb, 1, +0.98, +6.91, 75.5, 12.62, 0.0031, 0.05, [3, 2, 3], 1.73
2019-11-07, Steady Climb, 1, +1.57, +6.46, 82.7, 12.73, 0.0028, 0.05, [3, 2, 3], 1.73
2019-11-08, Steady Climb, 1, +0.85, +6.18, 81.2, 12.07, 0.0011, 0.05, [3, 2, 3], 1.73
2019-11-11, Steady Climb, 1, +0.28, +6.31, 84.0, 12.69, 0.0013, 0.05, [2, 2, 3], 1.41
2019-11-12, Steady Climb, 1, +0.56, +6.10, 83.5, 12.68, 0.0013, 0.05, [3, 2, 3], 1.73
2019-11-13, Steady Climb, 1, +0.56, +6.24, 83.1, 13.00, 0.0010, 0.05, [3, 2, 3], 1.73
2019-11-14, Steady Climb, 1, +0.37, +6.18, 81.7, 13.05, 0.0005, 0.05, [2, 2, 3], 1.41
2019-11-15, Steady Climb, 1, +0.89, +6.12, 82.7, 12.05, 0.0005, 0.05, [3, 2, 3], 1.73
2019-11-18, Steady Climb, 1, +1.13, +6.07, 84.6, 12.46, 0.0023, 0.05, [3, 2, 3], 1.73
2019-11-19, Steady Climb, 1, +0.92, +6.17, 81.9, 12.86, 0.0028, 0.05, [3, 2, 3], 1.73
2019-11-20, Steady Climb, 1, +0.47, +5.90, 80.2, 12.78, 0.0025, 0.04, [2, 2, 3], 1.41
2019-11-21, Steady Climb, 1, +0.22, +5.41, 69.7, 13.13, 0.0008, 0.04, [2, 2, 3], 1.41
2019-11-22, Steady Climb, 1, -0.33, +4.78, 68.1, 12.34, -0.0015, 0.04, [2, 2, 3], 1.41
2019-11-25, Steady Climb, 1, +0.37, +4.30, 77.3, 11.87, -0.0013, 0.04, [2, 2, 3], 1.41
2019-11-26, Steady Climb, 1, +0.65, +4.29, 78.2, 11.54, 0.0009, 0.03, [3, 2, 3], 1.73
2019-11-27, Steady Climb, 1, +1.45, +4.20, 79.1, 11.75, 0.0030, 0.04, [3, 2, 3], 1.73
2019-11-29, Steady Climb, 1, +1.21, +4.29, 69.6, 12.62, 0.0042, 0.03, [3, 2, 3], 1.73
2019-12-02, Steady Climb, 1, +0.12, +3.90, 59.4, 14.91, 0.0026, 0.03, [2, 1, 3], 1.00
2019-12-03, Steady Climb, 1, -1.29, +3.43, 50.4, 15.96, -0.0013, 0.03, [1, 1, 3], 1.41
2019-12-04, Steady Climb, 1, -0.88, +2.77, 55.3, 14.80, -0.0043, 0.03, [1, 1, 3], 1.41
2019-12-05, Steady Climb, 1, -1.15, +2.31, 55.8, 14.52, -0.0042, 0.03, [1, 1, 3], 1.41
2019-12-06, Steady Climb, 1, +0.16, +1.89, 56.9, 13.62, -0.0015, 0.03, [2, 1, 3], 1.00
2019-12-09, Steady Climb, 1, +0.71, +1.96, 53.6, 15.86, 0.0028, 0.03, [3, 1, 3], 1.41
2019-12-10, Steady Climb, 1, +1.27, +1.91, 53.2, 15.68, 0.0038, 0.02, [3, 1, 3], 1.41
2019-12-11, Steady Climb, 1, +0.93, +1.66, 58.7, 14.99, 0.0018, 0.02, [3, 1, 3], 1.41
2019-12-12, Steady Climb, 1, +1.64, +1.54, 65.3, 13.94, 0.0011, 0.03, [3, 2, 3], 1.73
2019-12-13, Steady Climb, 1, +0.73, +1.77, 64.2, 12.63, 0.0016, 0.03, [3, 1, 3], 1.41
2019-12-16, Steady Climb, 1, +1.77, +1.93, 64.1, 12.14, 0.0032, 0.03, [3, 1, 3], 1.41
2019-12-17, Steady Climb, 1, +1.92, +2.68, 63.0, 12.29, 0.0045, 0.04, [3, 1, 3], 1.41
2019-12-18, Steady Climb, 1, +1.58, +3.36, 60.0, 12.58, 0.0039, 0.04, [3, 1, 3], 1.41
2019-12-19, Steady Climb, 1, +1.16, +3.89, 67.0, 12.50, 0.0021, 0.04, [3, 2, 3], 1.73
2019-12-20, Steady Climb, 1, +1.65, +4.33, 80.1, 12.51, 0.0023, 0.04, [3, 2, 3], 1.73
2019-12-23, Steady Climb, 1, +1.02, +4.77, 90.8, 12.61, 0.0022, 0.05, [3, 2, 3], 1.73
2019-12-24, Steady Climb, 1, +0.97, +5.19, 89.1, 12.67, 0.0029, 0.05, [3, 2, 3], 1.73
2019-12-26, Steady Climb, 1, +1.53, +5.79, 90.0, 12.65, 0.0026, 0.05, [3, 2, 3], 1.73
2019-12-27, Steady Climb, 1, +1.08, +6.60, 87.7, 13.43, 0.0022, 0.06, [3, 2, 3], 1.73
2019-12-30, Steady Climb, 1, +0.00, +7.47, 81.9, 14.82, 0.0017, 0.06, [2, 2, 3], 1.41
2019-12-31, Steady Climb, 1, +0.21, +7.74, 85.2, 13.78, 0.0003, 0.06, [2, 2, 3], 1.41
2020-01-02, Steady Climb, 1, +1.07, +7.60, 86.8, 12.47, -0.0001, 0.06, [3, 2, 3], 1.73
2020-01-03, Steady Climb, 1, -0.16, +7.35, 71.6, 14.02, 0.0008, 0.05, [2, 2, 3], 1.41
2020-01-06, Steady Climb, 1, +0.19, +6.83, 73.5, 13.85, 0.0008, 0.05, [2, 2, 3], 1.41
2020-01-07, Steady Climb, 1, +0.49, +6.36, 65.1, 13.79, 0.0017, 0.05, [2, 2, 3], 1.41
2020-01-08, Steady Climb, 1, +0.69, +6.01, 68.2, 13.45, 0.0000, 0.04, [3, 2, 3], 1.73
2020-01-09, Steady Climb, 1, +0.52, +5.60, 72.4, 12.54, -0.0002, 0.04, [3, 2, 3], 1.73
2020-01-10, Steady Climb, 1, +0.94, +5.27, 66.5, 12.56, 0.0026, 0.04, [3, 2, 3], 1.73
2020-01-13, Steady Climb, 1, +1.29, +4.74, 67.7, 12.32, 0.0023, 0.04, [3, 2, 3], 1.73
2020-01-14, Steady Climb, 1, +1.42, +4.77, 65.5, 12.39, 0.0035, 0.04, [3, 2, 3], 1.73
2020-01-15, Steady Climb, 1, +1.11, +4.55, 66.8, 12.42, 0.0022, 0.04, [3, 2, 3], 1.73
2020-01-16, Steady Climb, 1, +1.29, +4.60, 68.6, 12.32, 0.0014, 0.04, [3, 2, 3], 1.73
2020-01-17, Steady Climb, 1, +1.97, +4.92, 70.4, 12.10, 0.0031, 0.04, [3, 2, 3], 1.73
2020-01-21, Steady Climb, 1, +0.99, +5.21, 73.7, 12.85, 0.0035, 0.04, [3, 2, 3], 1.73
2020-01-22, Steady Climb, 1, +1.18, +5.40, 72.6, 12.91, 0.0035, 0.04, [3, 2, 3], 1.73
2020-01-23, Steady Climb, 1, +1.10, +5.67, 69.0, 12.98, 0.0021, 0.05, [3, 2, 3], 1.73
2020-01-24, Steady Climb, 1, -0.64, +5.89, 66.4, 14.56, 0.0003, 0.04, [1, 2, 3], 1.73
2020-01-27, Steady Climb, 1, -2.58, +5.52, 49.4, 18.23, -0.0020, 0.04, [0, 0, 2], 2.24
2020-01-28, Steady Climb, 1, -1.34, +4.56, 57.8, 16.28, -0.0055, 0.04, [1, 1, 2], 1.00
2020-01-29, Steady Climb, 1, -1.46, +4.06, 54.3, 16.39, -0.0053, 0.04, [1, 1, 2], 1.00
2020-01-30, Steady Climb, 1, -1.26, +3.17, 52.0, 15.49, -0.0038, 0.04, [1, 1, 3], 1.41
2020-01-31, Steady Climb, 1, -2.12, +2.50, 42.7, 18.84, 0.0002, 0.04, [0, 0, 2], 2.24
2020-02-03, Steady Climb, 1, +0.16, +1.35, 42.8, 17.97, -0.0009, 0.04, [2, 0, 2], 1.00
2020-02-04, Steady Climb, 1, +0.65, +0.22, 52.3, 16.05, -0.0031, 0.04, [2, 1, 2], 0.00
2020-02-05, Steady Climb, 1, +1.87, -0.06, 56.5, 15.15, 0.0004, 0.04, [1, 1, 3], 1.41
2020-02-06, Steady Climb, 1, +1.89, -0.03, 54.4, 14.96, 0.0052, 0.04, [1, 1, 3], 1.41
2020-02-07, Steady Climb, 1, +3.17, +0.26, 49.7, 15.47, 0.0098, 0.04, [3, 0, 3], 1.73
2020-02-10, Steady Climb, 1, +3.18, +0.50, 54.4, 15.04, 0.0061, 0.04, [3, 1, 3], 1.41
2020-02-11, Steady Climb, 1, +1.82, +0.85, 55.0, 15.18, 0.0030, 0.04, [3, 1, 3], 1.41
2020-02-12, Steady Climb, 1, +1.34, +1.52, 57.2, 13.74, 0.0016, 0.05, [3, 1, 3], 1.41
2020-02-13, Steady Climb, 1, +0.84, +2.32, 61.2, 14.15, 0.0029, 0.05, [3, 1, 3], 1.41
2020-02-14, Steady Climb, 1, +1.58, +2.99, 72.3, 13.68, 0.0035, 0.05, [3, 2, 3], 1.73
2020-02-18, Steady Climb, 1, +0.54, +4.05, 66.6, 14.83, 0.0021, 0.06, [3, 2, 3], 1.73
2020-02-19, Steady Climb, 1, +0.85, +5.08, 69.1, 14.38, 0.0008, 0.06, [3, 2, 3], 1.73
2020-02-20, Steady Climb, 1, -0.18, +6.14, 65.0, 15.56, 0.0003, 0.06, [2, 1, 3], 1.00
2020-02-21, Steady Climb, 1, -1.07, +6.92, 70.3, 17.08, 0.0001, 0.06, [1, 2, 2], 1.41
2020-02-24, Trend Pullback, 2, -4.56, +7.19, 46.8, 25.03, -0.0025, 0.07, [0, 0, 0], 1.41
2020-02-25, Orderly Decline, 3, -7.18, +5.36, 29.5, 27.85, -0.0108, 0.08, [0, -2, 0], 2.45
2020-02-26, Orderly Decline, 3, -7.97, +1.42, 21.9, 27.56, -0.0213, 0.10, [0, -2, 0], 2.45
2020-02-27, Sharp Decline, 4, -11.69, -1.99, 14.3, 39.16, -0.0243, 0.13, [-4, -2, 0], 2.24
2020-02-28, Sharp Decline, 4, -11.49, -7.18, 14.2, 40.11, -0.0280, 0.16, [-4, -2, 0], 2.24
2020-03-02, Sharp Decline, 4, -4.21, -12.11, 29.3, 33.42, -0.0224, 0.17, [-4, -2, 0], 2.24
2020-03-03, Sharp Decline, 4, -3.99, -15.52, 25.2, 36.82, -0.0079, 0.19, [-4, -2, 0], 2.24
2020-03-04, Orderly Decline, 3, +0.44, -19.61, 34.8, 31.99, -0.0037, 0.19, [-2, -2, 0], 1.41
2020-03-05, Sharp Decline, 4, +1.52, -20.74, 31.0, 39.62, 0.0116, 0.20, [-1, -2, -1], 2.24
2020-03-06, Orderly Decline, 3, +0.61, -22.55, 28.9, 41.94, 0.0060, 0.21, [-1, -2, 0], 1.73
2020-03-09, Sharp Decline, 4, -11.12, -24.45, 23.6, 54.46, -0.0078, 0.24, [-4, -2, 0], 2.24
2020-03-10, Sharp Decline, 4, -4.03, -29.31, 30.6, 47.30, -0.0233, 0.25, [-4, -2, 0], 2.24
2020-03-11, Sharp Decline, 4, -12.42, -30.97, 27.9, 53.90, -0.0282, 0.28, [-4, -2, 0], 2.24
2020-03-12, Sharp Decline, 4, -17.97, -33.84, 24.1, 75.47, -0.0264, 0.33, [-4, -2, 0], 2.24
2020-03-13, Sharp Decline, 4, -8.79, -39.17, 35.5, 57.83, -0.0365, 0.33, [-4, -2, 0], 2.24
2020-03-16, Sharp Decline, 4, -13.12, -39.95, 31.4, 82.69, -0.0198, 0.38, [-4, -2, 0], 2.24
2020-03-17, Sharp Decline, 4, -12.25, -44.27, 36.2, 75.91, -0.0404, 0.39, [-4, -2, 0], 2.24
2020-03-18, Sharp Decline, 4, -12.52, -45.20, 36.3, 76.45, -0.0216, 0.41, [-4, -2, 0], 2.24
2020-03-19, Sharp Decline, 4, -2.87, -46.50, 37.1, 72.00, -0.0144, 0.41, [-4, -2, 0], 2.24
2020-03-20, Sharp Decline, 4, -14.98, -46.35, 31.1, 66.04, -0.0257, 0.42, [-4, -2, 0], 2.24
2020-03-23, Sharp Decline, 4, -6.23, -46.81, 31.4, 61.59, -0.0126, 0.44, [-4, -2, 0], 2.24
2020-03-24, Sharp Decline, 4, -3.24, -48.44, 34.1, 61.67, -0.0277, 0.44, [-4, -2, 0], 2.24
2020-03-25, Orderly Decline, 3, +3.23, -47.13, 36.7, 63.95, -0.0030, 0.43, [0, -2, 0], 2.45
2020-03-26, Volatile Chop, 5, +9.16, -44.58, 42.1, 61.00, 0.0104, 0.43, [0, 0, -1], 1.00
2020-03-27, Volatile Chop, 5, +10.26, -41.03, 45.0, 65.54, 0.0350, 0.42, [0, 0, -2], 0.00
2020-03-30, Volatile Chop, 5, +17.40, -38.61, 43.5, 57.08, 0.0301, 0.39, [0, 0, -2], 0.00
2020-03-31, Volatile Chop, 5, +5.61, -32.21, 45.8, 53.54, 0.0164, 0.37, [0, 0, -2], 0.00
2020-04-01, Trend Pullback, 2, -0.20, -27.08, 49.7, 57.06, 0.0087, 0.33, [-2, 0, 0], 1.41
2020-04-02, Orderly Decline, 3, -3.92, -20.95, 44.1, 50.91, -0.0109, 0.29, [-4, 0, 0], 2.45
2020-04-03, Trend Pullback, 2, -2.08, -14.69, 54.0, 46.80, -0.0074, 0.25, [-4, 1, 0], 3.00
2020-04-06, Trend Pullback, 2, +1.41, -9.05, 55.1, 45.24, -0.0125, 0.24, [-1, 1, 0], 0.00
2020-04-07, Trend Pullback, 2, +2.89, -3.75, 61.1, 46.70, 0.0066, 0.21, [0, 1, 0], 1.00
2020-04-08, Volatile Chop, 5, +11.31, +3.75, 63.5, 43.35, 0.0187, 0.21, [4, 1, -2], 4.12
2020-04-09, Volatile Chop, 5, +10.40, +10.66, 70.3, 41.67, 0.0221, 0.23, [4, 2, -2], 4.47
2020-04-13, Volatile Chop, 5, +10.97, +14.02, 72.7, 41.17, 0.0249, 0.24, [4, 2, -2], 4.47
2020-04-14, Steady Climb, 1, +6.85, +20.14, 69.4, 37.76, 0.0115, 0.25, [4, 2, -1], 3.74
2020-04-15, Steady Climb, 1, +4.66, +22.26, 64.5, 40.84, 0.0138, 0.26, [4, 1, -1], 3.61
2020-04-16, Steady Climb, 1, +1.80, +25.05, 59.2, 40.11, 0.0044, 0.26, [3, 1, 0], 2.24
2020-04-17, Steady Climb, 1, +3.04, +25.62, 68.3, 38.15, 0.0014, 0.27, [4, 2, 0], 3.00
2020-04-20, Steady Climb, 1, +2.23, +26.84, 61.2, 43.83, 0.0064, 0.25, [4, 1, 0], 2.83
2020-04-21, Trend Pullback, 2, -3.85, +24.98, 58.2, 45.41, 0.0017, 0.21, [0, 1, 0], 1.00
2020-04-22, Steady Climb, 1, +0.57, +20.03, 68.9, 41.98, -0.0025, 0.20, [3, 2, 0], 2.45
2020-04-23, Steady Climb, 1, -0.06, +18.54, 66.6, 41.38, -0.0049, 0.19, [2, 2, 0], 2.24
2020-04-24, Trend Pullback, 2, -1.32, +16.95, 71.3, 35.93, -0.0063, 0.19, [1, 2, 0], 2.24
2020-04-27, Steady Climb, 1, +1.96, +17.87, 65.7, 33.29, 0.0031, 0.19, [3, 2, 0], 2.45
2020-04-28, Steady Climb, 1, +4.63, +17.67, 64.7, 33.57, 0.0112, 0.19, [4, 1, -1], 3.61
2020-04-29, Steady Climb, 1, +5.01, +18.10, 63.9, 31.23, 0.0071, 0.19, [4, 1, 0], 2.83
2020-04-30, Steady Climb, 1, +4.10, +18.60, 59.2, 34.15, 0.0106, 0.17, [4, 1, -1], 3.61
2020-05-01, Steady Climb, 1, -0.21, +16.37, 54.8, 37.19, 0.0075, 0.15, [2, 1, 0], 2.00
2020-05-04, Trend Pullback, 2, -1.24, +13.20, 49.7, 35.97, -0.0016, 0.10, [1, 0, 0], 2.24
2020-05-05, Steady Climb, 1, +0.18, +9.14, 57.0, 33.61, -0.0052, 0.09, [2, 1, 0], 2.00
2020-05-06, Trend Pullback, 2, -3.10, +7.68, 54.0, 34.12, -0.0074, 0.07, [0, 1, 0], 1.00
2020-05-07, Trend Pullback, 2, -1.07, +5.56, 50.6, 31.44, -0.0031, 0.07, [1, 1, 0], 2.00
2020-05-08, Steady Climb, 1, +3.50, +5.06, 59.3, 27.98, 0.0036, 0.08, [4, 1, 0], 2.83
2020-05-11, Steady Climb, 1, +3.08, +5.68, 70.0, 27.57, 0.0064, 0.07, [4, 2, 0], 3.00
2020-05-12, Steady Climb, 1, +0.06, +5.65, 57.3, 33.04, 0.0071, 0.08, [2, 1, 0], 2.00
2020-05-13, Trend Pullback, 2, -1.00, +5.84, 52.1, 35.28, 0.0033, 0.07, [1, 1, 0], 2.00
2020-05-14, Trend Pullback, 2, -1.00, +4.29, 51.5, 32.61, -0.0064, 0.07, [1, 1, 0], 2.00
2020-05-15, Trend Pullback, 2, -2.26, +3.40, 48.5, 31.89, -0.0092, 0.07, [0, 0, 0], 1.41
2020-05-18, Steady Climb, 1, +0.81, +3.78, 58.0, 29.30, -0.0051, 0.08, [3, 1, 0], 2.24
2020-05-19, Steady Climb, 1, +1.84, +4.65, 48.4, 30.53, 0.0072, 0.06, [3, 0, 0], 2.45
2020-05-20, Steady Climb, 1, +5.38, +3.52, 55.4, 27.99, 0.0103, 0.07, [4, 1, -1], 3.61
2020-05-21, Steady Climb, 1, +3.37, +3.79, 62.1, 29.53, 0.0101, 0.06, [4, 1, -1], 3.61
2020-05-22, Steady Climb, 1, +3.20, +3.45, 61.7, 28.16, 0.0063, 0.06, [4, 1, 0], 2.83
2020-05-26, Steady Climb, 1, +1.28, +3.60, 62.5, 28.01, 0.0010, 0.07, [3, 1, 0], 2.24
2020-05-27, Steady Climb, 1, +3.87, +4.74, 68.2, 27.62, 0.0040, 0.08, [4, 2, 0], 3.00
2020-05-28, Steady Climb, 1, +1.96, +6.11, 65.2, 28.59, 0.0057, 0.09, [3, 2, 0], 2.45
2020-05-29, Steady Climb, 1, +3.25, +8.34, 62.6, 27.51, 0.0080, 0.10, [4, 1, 0], 2.83
2020-06-01, Steady Climb, 1, +3.39, +10.20, 63.4, 28.23, 0.0071, 0.10, [4, 1, 0], 2.83
2020-06-02, Steady Climb, 1, +2.98, +10.74, 74.4, 26.84, 0.0044, 0.11, [4, 2, 0], 3.00
2020-06-03, Steady Climb, 1, +2.86, +11.49, 85.7, 25.66, 0.0037, 0.12, [4, 2, 0], 3.00
2020-06-04, Steady Climb, 1, +2.73, +12.89, 82.3, 25.81, 0.0072, 0.12, [4, 2, 0], 3.00
2020-06-05, Steady Climb, 1, +4.91, +13.44, 85.0, 24.52, 0.0064, 0.13, [4, 2, 1], 2.45
2020-06-08, Steady Climb, 1, +5.78, +15.28, 83.1, 25.81, 0.0095, 0.15, [4, 2, 0], 3.00
2020-06-09, Steady Climb, 1, +4.10, +17.96, 84.3, 27.57, 0.0117, 0.16, [4, 2, -1], 3.74
2020-06-10, Steady Climb, 1, +2.15, +19.84, 78.5, 27.57, 0.0090, 0.16, [4, 2, 0], 3.00
2020-06-11, Trend Pullback, 2, -3.54, +20.10, 54.9, 40.79, 0.0056, 0.15, [0, 1, 0], 1.00
2020-06-12, Trend Pullback, 2, -4.78, +16.41, 57.4, 36.09, -0.0140, 0.13, [0, 1, 0], 1.00
2020-06-15, Trend Pullback, 2, -5.13, +13.52, 56.6, 34.40, -0.0191, 0.12, [0, 1, 0], 1.00
2020-06-16, Trend Pullback, 2, -2.57, +10.88, 57.6, 33.67, -0.0138, 0.12, [0, 1, 0], 1.00
2020-06-17, Trend Pullback, 2, -2.40, +10.19, 57.1, 33.47, -0.0021, 0.11, [0, 1, 0], 1.00
2020-06-18, Steady Climb, 1, +3.77, +8.59, 56.2, 32.94, 0.0098, 0.11, [4, 1, 0], 2.83
2020-06-19, Steady Climb, 1, +1.86, +7.50, 53.6, 35.12, 0.0063, 0.10, [3, 1, 0], 2.24
2020-06-22, Steady Climb, 1, +1.67, +5.58, 53.2, 31.77, 0.0017, 0.09, [3, 1, 0], 2.24
2020-06-23, Steady Climb, 1, +0.21, +3.83, 50.8, 31.37, -0.0009, 0.08, [2, 1, 0], 2.00
2020-06-24, Trend Pullback, 2, -2.03, +2.61, 45.0, 33.84, 0.0012, 0.08, [0, 0, 0], 1.41
2020-06-25, Trend Pullback, 2, -1.01, +0.71, 40.3, 32.22, -0.0031, 0.08, [1, 0, 0], 2.24
2020-06-26, Sharp Decline, 4, -2.86, -0.82, 31.6, 34.73, -0.0032, 0.08, [-4, -2, 0], 2.24
2020-06-29, Sharp Decline, 4, -2.07, -3.28, 37.7, 31.78, -0.0087, 0.08, [-4, -2, 0], 2.24
2020-06-30, Orderly Decline, 3, -0.99, -4.87, 43.1, 30.43, -0.0064, 0.08, [-3, 0, 0], 1.73
2020-07-01, Trend Pullback, 2, +2.15, -5.39, 61.8, 28.62, 0.0022, 0.08, [0, 1, 0], 1.00
2020-07-02, Trend Pullback, 2, +1.50, -5.05, 59.7, 27.68, 0.0050, 0.08, [-1, 1, 0], 0.00
2020-07-06, Trend Pullback, 2, +5.67, -4.67, 61.7, 27.94, 0.0096, 0.08, [0, 1, 0], 1.00
2020-07-07, Trend Pullback, 2, +3.02, -2.31, 52.2, 29.43, 0.0090, 0.07, [0, 1, 0], 1.00
2020-07-08, Steady Climb, 1, +2.25, +0.18, 56.0, 28.08, 0.0049, 0.07, [2, 1, 0], 2.00
2020-07-09, Steady Climb, 1, +1.16, +2.76, 53.8, 29.26, 0.0039, 0.06, [3, 1, 0], 2.24
2020-07-10, Steady Climb, 1, +1.76, +4.87, 58.7, 27.29, 0.0011, 0.06, [3, 1, 0], 2.24
2020-07-13, Trend Pullback, 2, -0.77, +4.54, 53.6, 32.19, 0.0006, 0.06, [1, 1, 0], 2.00
2020-07-14, Steady Climb, 1, +1.66, +4.13, 56.1, 29.52, 0.0011, 0.06, [3, 1, 0], 2.24
2020-07-15, Steady Climb, 1, +1.79, +4.55, 68.0, 27.76, 0.0018, 0.07, [3, 2, 0], 2.45
2020-07-16, Steady Climb, 1, +2.02, +6.10, 64.1, 28.00, 0.0050, 0.07, [4, 1, 0], 2.83
2020-07-17, Steady Climb, 1, +1.25, +7.17, 76.8, 25.68, 0.0041, 0.08, [3, 2, 0], 2.45
2020-07-20, Steady Climb, 1, +3.06, +8.24, 75.8, 24.46, 0.0048, 0.08, [4, 2, 1], 2.45
2020-07-21, Steady Climb, 1, +1.87, +9.26, 72.9, 24.84, 0.0033, 0.09, [3, 2, 1], 1.73
2020-07-22, Steady Climb, 1, +1.53, +10.45, 73.1, 24.32, 0.0030, 0.09, [3, 2, 1], 1.73
2020-07-23, Steady Climb, 1, +0.62, +11.90, 64.2, 26.08, 0.0047, 0.09, [3, 1, 0], 2.24
2020-07-24, Steady Climb, 1, -0.28, +11.28, 55.2, 25.84, 0.0014, 0.09, [2, 1, 0], 2.00
2020-07-27, Steady Climb, 1, -0.38, +10.62, 64.2, 24.74, -0.0029, 0.07, [2, 1, 1], 1.00
2020-07-28, Trend Pullback, 2, -1.19, +8.93, 57.4, 25.44, -0.0030, 0.06, [1, 1, 0], 2.00
2020-07-29, Steady Climb, 1, -0.54, +7.28, 65.2, 24.10, -0.0034, 0.06, [1, 2, 1], 1.73
2020-07-30, Steady Climb, 1, +0.33, +6.71, 59.3, 24.76, 0.0015, 0.05, [2, 1, 1], 1.00
2020-07-31, Steady Climb, 1, +1.73, +5.96, 67.8, 24.46, 0.0025, 0.05, [3, 2, 1], 1.73
2020-08-03, Steady Climb, 1, +1.70, +5.60, 65.9, 24.28, 0.0028, 0.05, [3, 2, 1], 1.73
2020-08-04, Steady Climb, 1, +2.74, +6.15, 63.8, 23.76, 0.0050, 0.05, [4, 1, 1], 2.24
2020-08-05, Steady Climb, 1, +2.13, +6.15, 68.7, 22.99, 0.0043, 0.06, [4, 2, 1], 2.45
2020-08-06, Steady Climb, 1, +3.17, +6.60, 70.0, 22.65, 0.0059, 0.06, [4, 2, 1], 2.45
2020-08-07, Steady Climb, 1, +2.45, +6.84, 67.3, 22.21, 0.0056, 0.06, [4, 2, 1], 2.45
2020-08-10, Steady Climb, 1, +2.00, +7.33, 67.8, 22.13, 0.0046, 0.06, [3, 2, 1], 1.73
2020-08-11, Steady Climb, 1, +0.82, +7.24, 59.7, 24.03, 0.0039, 0.06, [3, 1, 1], 1.41
2020-08-12, Steady Climb, 1, +1.58, +7.11, 73.7, 22.28, 0.0007, 0.07, [3, 2, 1], 1.73
2020-08-13, Steady Climb, 1, +0.72, +7.91, 77.1, 22.13, 0.0013, 0.07, [3, 2, 1], 1.73
2020-08-14, Steady Climb, 1, +0.64, +8.21, 74.9, 22.05, 0.0019, 0.07, [3, 2, 1], 1.73
2020-08-17, Steady Climb, 1, +0.64, +8.41, 81.9, 21.35, 0.0019, 0.07, [3, 2, 1], 1.73
2020-08-18, Steady Climb, 1, +1.68, +8.94, 79.3, 21.51, 0.0026, 0.07, [3, 2, 1], 1.73
2020-08-19, Steady Climb, 1, -0.16, +9.47, 78.3, 22.54, 0.0008, 0.07, [2, 2, 1], 1.41
2020-08-20, Steady Climb, 1, +0.36, +9.88, 76.9, 22.72, 0.0006, 0.07, [2, 2, 1], 1.41
2020-08-21, Steady Climb, 1, +0.72, +9.67, 75.5, 22.54, 0.0005, 0.07, [3, 2, 1], 1.73
2020-08-24, Steady Climb, 1, +1.46, +9.07, 78.0, 22.37, 0.0008, 0.07, [3, 2, 1], 1.73
2020-08-25, Steady Climb, 1, +1.59, +9.07, 77.0, 22.03, 0.0031, 0.06, [3, 2, 1], 1.73
2020-08-26, Steady Climb, 1, +3.08, +8.62, 78.4, 23.27, 0.0053, 0.07, [4, 2, 1], 2.45
2020-08-27, Steady Climb, 1, +2.93, +8.97, 78.8, 24.47, 0.0067, 0.07, [4, 2, 1], 2.45
2020-08-28, Steady Climb, 1, +3.26, +8.88, 80.0, 22.96, 0.0063, 0.07, [4, 2, 1], 2.45
2020-08-31, Steady Climb, 1, +2.01, +9.16, 86.7, 26.41, 0.0056, 0.07, [4, 2, 0], 3.00
2020-09-01, Steady Climb, 1, +2.41, +9.34, 85.4, 26.12, 0.0040, 0.07, [4, 2, 0], 3.00
2020-09-02, Steady Climb, 1, +2.94, +9.77, 90.9, 26.57, 0.0031, 0.08, [4, 2, 0], 3.00
2020-09-03, Trend Pullback, 2, -0.85, +10.99, 60.8, 33.60, 0.0061, 0.08, [1, 1, 0], 2.00
2020-09-04, Trend Pullback, 2, -2.31, +10.36, 55.6, 30.75, -0.0007, 0.08, [0, 1, 0], 1.00
2020-09-08, Trend Pullback, 2, -4.81, +9.21, 44.0, 31.46, -0.0066, 0.08, [0, 0, 0], 1.41
2020-09-09, Trend Pullback, 2, -3.62, +6.73, 52.2, 28.81, -0.0160, 0.08, [0, 1, 0], 1.00
2020-09-10, Trend Pullback, 2, -6.75, +4.83, 46.1, 29.71, -0.0146, 0.08, [0, 0, 0], 1.41
2020-09-11, Trend Pullback, 2, -3.30, +2.72, 45.1, 26.87, -0.0078, 0.08, [0, 0, 0], 1.41
2020-09-14, Trend Pullback, 2, -1.27, +0.58, 45.9, 25.85, -0.0049, 0.08, [1, 0, 0], 2.24
2020-09-15, Trend Pullback, 2, +2.08, -0.91, 46.4, 25.59, 0.0013, 0.08, [0, 0, 0], 1.41
2020-09-16, Trend Pullback, 2, -0.40, -2.02, 41.8, 26.04, 0.0014, 0.08, [-2, 0, 0], 1.41
2020-09-17, Orderly Decline, 3, +0.53, -3.26, 39.3, 26.46, 0.0046, 0.08, [-1, -2, 0], 1.73
2020-09-18, Orderly Decline, 3, -0.64, -5.13, 34.5, 25.83, 0.0010, 0.08, [-3, -2, 0], 1.73
2020-09-21, Sharp Decline, 4, -3.03, -7.35, 32.8, 27.78, -0.0053, 0.09, [-4, -2, 0], 2.24
2020-09-22, Sharp Decline, 4, -2.52, -9.83, 33.7, 26.86, -0.0092, 0.10, [-4, -2, 0], 2.24
2020-09-23, Sharp Decline, 4, -4.39, -11.11, 24.4, 28.58, -0.0067, 0.11, [-4, -2, 0], 2.24
2020-09-24, Sharp Decline, 4, -3.29, -13.14, 31.2, 28.51, -0.0075, 0.11, [-4, -2, 0], 2.24
2020-09-25, Orderly Decline, 3, -0.63, -14.16, 38.9, 26.38, -0.0058, 0.11, [-3, -2, 0], 1.73
2020-09-28, Trend Pullback, 2, +2.15, -14.01, 51.8, 26.19, -0.0010, 0.11, [0, 1, 0], 1.00
2020-09-29, Trend Pullback, 2, +0.60, -12.45, 43.5, 26.27, 0.0040, 0.10, [-1, 0, 0], 1.00
2020-09-30, Trend Pullback, 2, +3.90, -11.00, 52.6, 26.37, 0.0090, 0.09, [0, 1, 0], 1.00
2020-10-01, Trend Pullback, 2, +4.13, -8.49, 54.2, 26.70, 0.0080, 0.07, [0, 1, 0], 1.00
2020-10-02, Trend Pullback, 2, +1.51, -4.63, 46.2, 27.63, 0.0053, 0.06, [-1, 0, 0], 1.00
2020-10-05, Trend Pullback, 2, +1.70, -2.92, 50.7, 27.96, 0.0011, 0.06, [-1, 1, 0], 0.00
2020-10-06, Trend Pullback, 2, +0.76, -0.63, 47.7, 29.48, 0.0039, 0.06, [-1, 0, 0], 1.00
2020-10-07, Trend Pullback, 2, +1.68, -0.50, 55.5, 28.06, 0.0007, 0.06, [0, 1, 0], 1.00
2020-10-08, Steady Climb, 1, +1.95, +1.49, 61.5, 26.36, 0.0026, 0.07, [3, 1, 0], 2.24
2020-10-09, Steady Climb, 1, +3.84, +2.89, 68.0, 25.00, 0.0060, 0.07, [4, 2, 1], 2.45
2020-10-12, Steady Climb, 1, +3.69, +4.59, 69.2, 25.07, 0.0063, 0.09, [4, 2, 0], 3.00
2020-10-13, Steady Climb, 1, +4.49, +7.58, 76.9, 26.07, 0.0115, 0.10, [4, 2, -1], 3.74
2020-10-14, Steady Climb, 1, +2.02, +10.30, 73.0, 26.40, 0.0078, 0.10, [4, 2, 0], 3.00
2020-10-15, Steady Climb, 1, +1.06, +12.27, 69.3, 26.97, 0.0034, 0.10, [3, 2, 0], 2.45
2020-10-16, Steady Climb, 1, +0.19, +13.56, 65.5, 27.41, -0.0010, 0.11, [2, 2, 0], 2.24
2020-10-19, Trend Pullback, 2, -3.04, +14.07, 59.8, 29.18, -0.0038, 0.10, [0, 1, 0], 1.00
2020-10-20, Trend Pullback, 2, -1.96, +12.92, 58.8, 29.35, -0.0051, 0.10, [1, 1, 0], 2.00
2020-10-21, Trend Pullback, 2, -1.52, +12.33, 56.1, 28.65, -0.0043, 0.09, [1, 1, 0], 2.00
2020-10-22, Trend Pullback, 2, -0.86, +10.19, 62.2, 28.11, -0.0039, 0.08, [1, 1, 0], 2.00
2020-10-23, Trend Pullback, 2, -0.53, +8.16, 57.4, 27.55, -0.0015, 0.07, [1, 1, 0], 2.00
2020-10-26, Trend Pullback, 2, -0.76, +6.81, 55.0, 32.46, 0.0026, 0.07, [1, 1, 0], 2.00
2020-10-27, Trend Pullback, 2, -1.52, +5.13, 45.9, 33.35, -0.0016, 0.06, [1, 0, 0], 2.24
2020-10-28, Orderly Decline, 3, -4.79, +2.98, 30.2, 40.28, -0.0043, 0.07, [0, -2, 0], 2.45
2020-10-29, Sharp Decline, 4, -4.15, -0.54, 31.5, 37.59, -0.0133, 0.08, [-4, -2, 0], 2.24
2020-10-30, Sharp Decline, 4, -5.64, -3.07, 19.7, 38.02, -0.0135, 0.09, [-4, -2, 0], 2.24
2020-11-02, Sharp Decline, 4, -2.67, -6.59, 27.8, 37.13, -0.0103, 0.09, [-4, -2, 0], 2.24
2020-11-03, Orderly Decline, 3, -0.63, -8.46, 37.8, 35.55, -0.0048, 0.09, [-3, -2, 0], 1.73
2020-11-04, Trend Pullback, 2, +5.27, -10.10, 46.4, 29.57, 0.0057, 0.09, [0, 0, 0], 1.41
2020-11-05, Trend Pullback, 2, +6.05, -9.76, 52.1, 27.58, 0.0104, 0.09, [0, 1, -1], 1.41
2020-11-06, Trend Pullback, 2, +7.32, -8.07, 57.3, 24.86, 0.0175, 0.10, [0, 1, -1], 1.41
2020-11-09, Volatile Chop, 5, +7.26, -6.01, 59.0, 25.75, 0.0152, 0.10, [0, 1, -2], 1.00
2020-11-10, Trend Pullback, 2, +5.23, -2.51, 59.3, 24.80, 0.0121, 0.10, [0, 1, 0], 1.00
2020-11-11, Steady Climb, 1, +3.75, +0.55, 59.9, 23.45, 0.0068, 0.11, [4, 1, 1], 2.24
2020-11-12, Steady Climb, 1, +0.76, +3.57, 55.7, 25.35, 0.0045, 0.11, [3, 1, 0], 2.24
2020-11-13, Steady Climb, 1, +2.16, +5.87, 65.2, 23.10, 0.0022, 0.11, [4, 2, 1], 2.45
2020-11-16, Steady Climb, 1, +2.15, +8.79, 68.5, 22.45, 0.0017, 0.12, [4, 2, 1], 2.45
2020-11-17, Steady Climb, 1, +1.81, +11.25, 81.5, 22.71, 0.0049, 0.13, [3, 2, 1], 1.73
2020-11-18, Steady Climb, 1, -0.14, +13.42, 73.9, 23.84, 0.0046, 0.13, [2, 2, 1], 1.41
2020-11-19, Steady Climb, 1, +1.27, +14.62, 80.4, 23.11, 0.0024, 0.14, [3, 2, 1], 1.73
2020-11-20, Steady Climb, 1, -0.77, +16.11, 74.9, 23.70, -0.0018, 0.14, [1, 2, 1], 1.73
2020-11-23, Steady Climb, 1, -1.36, +17.25, 72.7, 22.66, -0.0047, 0.14, [1, 2, 1], 1.73
2020-11-24, Steady Climb, 1, +0.72, +17.51, 71.7, 21.64, -0.0020, 0.14, [3, 2, 1], 1.73
2020-11-25, Steady Climb, 1, +1.73, +18.18, 65.6, 21.25, 0.0036, 0.13, [3, 2, 1], 1.73
2020-11-27, Steady Climb, 1, +1.58, +16.50, 66.6, 20.84, 0.0048, 0.12, [3, 2, 1], 1.73
2020-11-30, Steady Climb, 1, +1.80, +15.03, 59.8, 20.57, 0.0059, 0.10, [3, 1, 1], 1.41
2020-12-01, Steady Climb, 1, +2.37, +12.19, 64.6, 20.77, 0.0025, 0.08, [4, 1, 1], 2.24
2020-12-02, Steady Climb, 1, +0.92, +10.04, 62.7, 21.17, 0.0013, 0.06, [3, 1, 1], 1.41
2020-12-03, Steady Climb, 1, +1.02, +8.39, 68.7, 21.28, 0.0028, 0.06, [3, 2, 1], 1.73
2020-12-04, Steady Climb, 1, +1.67, +7.42, 67.2, 20.79, 0.0028, 0.06, [3, 2, 1], 1.73
2020-12-07, Steady Climb, 1, +1.94, +7.64, 61.0, 21.30, 0.0043, 0.06, [3, 1, 1], 1.41
2020-12-08, Steady Climb, 1, +1.09, +7.46, 66.1, 20.68, 0.0024, 0.06, [3, 2, 1], 1.73
2020-12-09, Steady Climb, 1, +0.10, +7.80, 69.0, 22.27, 0.0025, 0.06, [2, 2, 1], 1.41
2020-12-10, Steady Climb, 1, +0.04, +7.41, 66.1, 22.52, 0.0004, 0.05, [2, 2, 1], 1.41
2020-12-11, Steady Climb, 1, -0.96, +7.19, 71.4, 23.31, -0.0022, 0.05, [1, 2, 1], 1.73
2020-12-14, Steady Climb, 1, -1.20, +6.20, 64.4, 24.72, -0.0025, 0.05, [1, 1, 1], 1.41
2020-12-15, Steady Climb, 1, -0.21, +5.55, 62.7, 22.89, -0.0032, 0.05, [2, 1, 1], 1.00
2020-12-16, Steady Climb, 1, +0.77, +6.14, 65.3, 22.50, 0.0006, 0.05, [3, 2, 1], 1.73
2020-12-17, Steady Climb, 1, +1.48, +6.44, 67.1, 21.93, 0.0026, 0.05, [3, 2, 1], 1.73
2020-12-18, Steady Climb, 1, +1.25, +6.26, 68.1, 21.57, 0.0046, 0.05, [3, 2, 1], 1.73
2020-12-21, Steady Climb, 1, +1.30, +5.88, 57.5, 25.16, 0.0041, 0.04, [3, 1, 0], 2.24
2020-12-22, Steady Climb, 1, -0.20, +4.71, 54.2, 24.23, 0.0002, 0.03, [2, 1, 1], 1.00
2020-12-23, Steady Climb, 1, -0.30, +3.54, 55.4, 23.31, -0.0015, 0.03, [2, 1, 1], 1.00
2020-12-24, Steady Climb, 1, -0.52, +3.17, 51.0, 21.53, -0.0024, 0.03, [1, 1, 1], 1.41
2020-12-28, Steady Climb, 1, +0.70, +2.80, 59.7, 21.70, -0.0005, 0.03, [3, 1, 1], 1.41
2020-12-29, Steady Climb, 1, +0.87, +2.93, 55.6, 23.08, 0.0026, 0.03, [3, 1, 1], 1.41
2020-12-30, Steady Climb, 1, +1.21, +2.52, 65.0, 22.77, 0.0033, 0.03, [3, 2, 1], 1.73
2020-12-31, Steady Climb, 1, +1.79, +2.67, 70.3, 22.75, 0.0029, 0.03, [3, 2, 1], 1.73
2021-01-04, Steady Climb, 1, -0.07, +3.17, 57.0, 26.97, 0.0028, 0.03, [2, 1, 0], 2.00
2021-01-05, Steady Climb, 1, -0.23, +2.70, 64.3, 25.34, -0.0011, 0.03, [2, 1, 0], 2.00
2021-01-06, Steady Climb, 1, +0.57, +3.07, 60.6, 25.07, -0.0008, 0.03, [3, 1, 0], 2.24
2021-01-07, Steady Climb, 1, +1.92, +3.59, 67.1, 22.37, 0.0001, 0.04, [3, 2, 1], 1.73
2021-01-08, Steady Climb, 1, +1.83, +4.99, 67.0, 21.56, 0.0037, 0.05, [3, 2, 1], 1.73
2021-01-11, Steady Climb, 1, +2.67, +6.06, 64.4, 24.08, 0.0086, 0.05, [4, 1, 1], 2.24
2021-01-12, Steady Climb, 1, +1.99, +6.48, 67.8, 23.33, 0.0058, 0.05, [3, 2, 1], 1.73
2021-01-13, Steady Climb, 1, +1.65, +6.64, 70.4, 22.21, 0.0027, 0.05, [3, 2, 1], 1.73
2021-01-14, Steady Climb, 1, -0.22, +6.47, 66.9, 23.25, -0.0003, 0.05, [2, 2, 1], 1.41
2021-01-15, Steady Climb, 1, -1.48, +6.59, 60.0, 24.34, -0.0013, 0.05, [1, 1, 1], 1.41
2021-01-19, Steady Climb, 1, -0.02, +6.28, 59.8, 23.24, -0.0018, 0.05, [2, 1, 1], 1.00
2021-01-20, Steady Climb, 1, +1.33, +6.64, 66.9, 21.58, -0.0012, 0.05, [3, 2, 1], 1.73
2021-01-21, Steady Climb, 1, +1.13, +7.44, 66.6, 21.32, 0.0023, 0.06, [3, 2, 1], 1.73
2021-01-22, Steady Climb, 1, +1.21, +7.80, 62.1, 21.91, 0.0052, 0.05, [3, 1, 1], 1.41
2021-01-25, Steady Climb, 1, +2.31, +7.65, 74.9, 23.19, 0.0052, 0.05, [4, 2, 1], 2.45
2021-01-26, Steady Climb, 1, +1.33, +7.50, 71.1, 23.02, 0.0027, 0.05, [3, 2, 1], 1.73
2021-01-27, Trend Pullback, 2, -2.62, +7.24, 50.4, 37.21, -0.0001, 0.05, [0, 1, 0], 1.00
2021-01-28, Trend Pullback, 2, -1.70, +5.84, 47.7, 30.21, -0.0052, 0.05, [1, 0, 0], 2.24
2021-01-29, Orderly Decline, 3, -3.31, +4.82, 36.2, 33.09, -0.0057, 0.05, [0, -2, 0], 2.45
2021-02-01, Trend Pullback, 2, -2.11, +2.74, 47.0, 30.24, -0.0091, 0.05, [0, 0, 0], 1.41
2021-02-02, Trend Pullback, 2, -0.61, +1.92, 52.6, 25.56, -0.0049, 0.04, [1, 1, 0], 2.00
2021-02-03, Steady Climb, 1, +2.12, +0.94, 52.1, 22.91, 0.0036, 0.04, [4, 1, 1], 2.24
2021-02-04, Steady Climb, 1, +2.23, +0.25, 57.5, 21.77, 0.0051, 0.04, [3, 1, 1], 1.41
2021-02-05, Steady Climb, 1, +4.65, +0.33, 61.9, 20.87, 0.0096, 0.05, [3, 1, 1], 1.41
2021-02-08, Steady Climb, 1, +3.76, +1.31, 61.8, 21.24, 0.0069, 0.05, [4, 1, 1], 2.24
2021-02-09, Steady Climb, 1, +2.22, +2.92, 56.6, 21.63, 0.0060, 0.05, [4, 1, 1], 2.24
2021-02-10, Steady Climb, 1, +2.08, +3.93, 56.4, 21.99, 0.0053, 0.06, [4, 1, 1], 2.24
2021-02-11, Steady Climb, 1, +1.15, +4.77, 58.5, 21.25, 0.0026, 0.06, [3, 1, 1], 1.41
2021-02-12, Steady Climb, 1, +1.23, +5.69, 58.9, 19.97, 0.0014, 0.06, [3, 1, 2], 1.00
2021-02-16, Steady Climb, 1, +0.43, +6.48, 59.4, 21.46, 0.0011, 0.06, [2, 1, 1], 1.00
2021-02-17, Steady Climb, 1, +0.51, +6.60, 76.1, 21.50, 0.0017, 0.07, [3, 2, 1], 1.73
2021-02-18, Steady Climb, 1, +0.10, +6.93, 69.4, 22.49, 0.0015, 0.07, [2, 2, 1], 1.41
2021-02-19, Steady Climb, 1, -0.25, +7.66, 87.0, 22.05, -0.0002, 0.07, [2, 2, 1], 1.41
2021-02-22, Steady Climb, 1, -1.48, +8.21, 72.2, 23.45, -0.0019, 0.07, [1, 2, 1], 1.73
2021-02-23, Steady Climb, 1, -1.30, +8.06, 65.0, 23.11, -0.0035, 0.07, [1, 2, 1], 1.73
2021-02-24, Steady Climb, 1, -0.15, +8.15, 71.3, 21.34, -0.0035, 0.07, [2, 2, 1], 1.41
2021-02-25, Trend Pullback, 2, -2.16, +8.74, 42.4, 28.89, -0.0001, 0.06, [0, 0, 0], 1.41
2021-02-26, Orderly Decline, 3, -2.45, +6.28, 36.5, 27.95, -0.0028, 0.06, [0, -2, 0], 2.45
2021-03-01, Steady Climb, 1, +0.65, +4.02, 48.0, 23.35, -0.0047, 0.05, [3, 0, 1], 1.73
2021-03-02, Steady Climb, 1, -0.29, +1.86, 44.5, 24.10, -0.0019, 0.04, [2, 0, 1], 1.41
2021-03-03, Orderly Decline, 3, -2.69, -0.08, 39.2, 26.67, -0.0010, 0.04, [-2, -2, 0], 1.41
2021-03-04, Orderly Decline, 3, -1.59, -2.07, 34.1, 28.57, 0.0011, 0.05, [-3, -2, 0], 1.73
2021-03-05, Trend Pullback, 2, +0.81, -4.71, 41.1, 24.66, -0.0044, 0.05, [-1, 0, 1], 1.41
2021-03-08, Sharp Decline, 4, -2.06, -5.56, 39.6, 25.47, -0.0058, 0.05, [-4, -2, 0], 2.24
2021-03-09, Orderly Decline, 3, +0.13, -6.42, 45.3, 24.03, -0.0020, 0.05, [-2, 0, 1], 1.00
2021-03-10, Trend Pullback, 2, +2.07, -5.95, 48.7, 22.56, 0.0042, 0.05, [0, 0, 1], 1.73
2021-03-11, Trend Pullback, 2, +4.53, -5.16, 52.6, 21.91, 0.0075, 0.05, [0, 1, 1], 1.41
2021-03-12, Trend Pullback, 2, +2.64, -3.79, 55.5, 20.69, 0.0069, 0.05, [0, 1, 1], 1.41
2021-03-15, Trend Pullback, 2, +3.86, -2.31, 57.0, 20.03, 0.0078, 0.05, [0, 1, 1], 1.41
2021-03-16, Steady Climb, 1, +2.25, -0.21, 53.2, 19.79, 0.0058, 0.06, [1, 1, 2], 1.00
2021-03-17, Steady Climb, 1, +1.93, +1.72, 64.4, 19.23, 0.0040, 0.06, [3, 1, 2], 1.00
2021-03-18, Steady Climb, 1, -0.61, +3.74, 59.6, 21.58, 0.0023, 0.06, [1, 1, 1], 1.41
2021-03-19, Steady Climb, 1, -0.77, +4.59, 51.2, 20.95, -0.0013, 0.06, [1, 1, 1], 1.41
2021-03-22, Steady Climb, 1, -0.71, +5.28, 57.8, 18.88, -0.0040, 0.06, [1, 1, 2], 1.00
2021-03-23, Steady Climb, 1, -1.32, +5.89, 60.6, 20.30, -0.0027, 0.06, [1, 1, 1], 1.41
2021-03-24, Trend Pullback, 2, -2.14, +6.04, 65.1, 21.20, -0.0026, 0.06, [0, 2, 1], 1.73
2021-03-25, Steady Climb, 1, -0.15, +6.54, 59.8, 19.81, -0.0014, 0.06, [2, 1, 2], 0.00
2021-03-26, Steady Climb, 1, +1.57, +5.87, 69.6, 18.86, -0.0015, 0.06, [3, 2, 2], 1.41
2021-03-29, Steady Climb, 1, +0.77, +5.71, 64.1, 20.74, 0.0017, 0.06, [3, 1, 1], 1.41
2021-03-30, Steady Climb, 1, +1.23, +6.70, 59.1, 19.61, 0.0052, 0.06, [3, 1, 2], 1.00
2021-03-31, Steady Climb, 1, +2.15, +6.90, 55.5, 19.40, 0.0050, 0.06, [4, 1, 2], 2.00
2021-04-01, Steady Climb, 1, +2.82, +6.38, 61.1, 17.33, 0.0028, 0.05, [4, 1, 2], 2.00
2021-04-05, Steady Climb, 1, +2.60, +5.49, 64.4, 17.91, 0.0023, 0.06, [4, 1, 2], 2.00
2021-04-06, Steady Climb, 1, +2.59, +6.21, 64.8, 18.12, 0.0067, 0.06, [4, 1, 2], 2.00
2021-04-07, Steady Climb, 1, +3.07, +6.20, 64.3, 17.16, 0.0082, 0.06, [4, 1, 2], 2.00
2021-04-08, Steady Climb, 1, +3.13, +6.74, 77.6, 16.95, 0.0065, 0.06, [4, 2, 2], 2.24
2021-04-09, Steady Climb, 1, +2.71, +7.59, 80.1, 16.69, 0.0038, 0.07, [4, 2, 2], 2.24
2021-04-12, Steady Climb, 1, +1.23, +9.24, 78.2, 16.91, 0.0030, 0.08, [3, 2, 2], 1.41
2021-04-13, Steady Climb, 1, +1.66, +10.65, 86.6, 16.65, 0.0038, 0.08, [3, 2, 2], 1.41
2021-04-14, Steady Climb, 1, +1.10, +12.38, 87.9, 16.99, 0.0037, 0.09, [3, 2, 2], 1.41
2021-04-15, Steady Climb, 1, +1.79, +13.51, 88.8, 16.57, 0.0016, 0.09, [3, 2, 2], 1.41
2021-04-16, Steady Climb, 1, +1.37, +15.24, 86.8, 16.25, 0.0019, 0.10, [3, 2, 2], 1.41
2021-04-19, Steady Climb, 1, +0.85, +15.95, 81.5, 17.29, 0.0035, 0.10, [3, 2, 2], 1.41
2021-04-20, Steady Climb, 1, -0.16, +15.91, 77.5, 18.68, 0.0025, 0.09, [2, 2, 2], 1.00
2021-04-21, Steady Climb, 1, +1.18, +15.52, 79.1, 17.50, 0.0003, 0.09, [3, 2, 2], 1.41
2021-04-22, Steady Climb, 1, -0.85, +14.91, 67.1, 18.71, -0.0011, 0.08, [1, 2, 2], 1.41
2021-04-23, Steady Climb, 1, -0.13, +13.02, 65.8, 17.33, -0.0022, 0.07, [2, 2, 2], 1.00
2021-04-26, Steady Climb, 1, +0.59, +11.73, 67.4, 17.64, 0.0008, 0.07, [3, 2, 2], 1.41
2021-04-27, Steady Climb, 1, +1.25, +11.16, 66.6, 17.56, 0.0027, 0.07, [3, 2, 2], 1.41
2021-04-28, Steady Climb, 1, +0.23, +10.21, 63.9, 17.28, 0.0019, 0.06, [2, 1, 2], 0.00
2021-04-29, Steady Climb, 1, +1.85, +8.68, 63.6, 17.61, 0.0024, 0.05, [3, 1, 2], 1.00
2021-04-30, Steady Climb, 1, +0.02, +7.45, 58.0, 18.61, 0.0014, 0.04, [2, 1, 2], 0.00
2021-05-03, Steady Climb, 1, +0.12, +6.16, 57.7, 18.31, 0.0003, 0.04, [2, 1, 2], 0.00
2021-05-04, Steady Climb, 1, -0.53, +5.72, 55.8, 19.48, 0.0002, 0.03, [1, 1, 2], 1.00
2021-05-05, Steady Climb, 1, -0.37, +4.64, 49.5, 19.15, -0.0013, 0.03, [2, 0, 2], 1.00
2021-05-06, Steady Climb, 1, -0.23, +3.56, 52.5, 18.39, -0.0025, 0.03, [2, 1, 2], 0.00
2021-05-07, Steady Climb, 1, +1.23, +3.10, 60.6, 16.69, 0.0004, 0.03, [3, 1, 2], 1.00
2021-05-10, Steady Climb, 1, -0.10, +3.43, 57.8, 19.66, 0.0028, 0.03, [2, 1, 2], 0.00
2021-05-11, Steady Climb, 1, -0.30, +2.96, 46.9, 21.84, 0.0027, 0.03, [2, 0, 1], 1.41
2021-05-12, Trend Pullback, 2, -2.51, +2.10, 40.8, 27.59, -0.0011, 0.03, [0, 0, 0], 1.41
2021-05-13, Orderly Decline, 3, -2.12, -0.32, 41.5, 23.13, -0.0087, 0.04, [-3, 0, 1], 1.41
2021-05-14, Orderly Decline, 3, -1.39, -1.22, 48.5, 18.81, -0.0088, 0.04, [-3, 0, 2], 1.73
2021-05-17, Orderly Decline, 3, -0.60, -0.92, 47.5, 19.72, -0.0017, 0.04, [-3, 0, 2], 1.73
2021-05-18, Orderly Decline, 3, -0.58, -1.10, 44.4, 21.34, 0.0032, 0.04, [-3, 0, 1], 1.41
2021-05-19, Orderly Decline, 3, +1.30, -2.23, 39.9, 22.18, 0.0044, 0.04, [-1, -2, 1], 1.41
2021-05-20, Trend Pullback, 2, +1.13, -2.92, 47.7, 20.67, -0.0010, 0.04, [-1, 0, 1], 1.41
2021-05-21, Orderly Decline, 3, -0.43, -3.51, 46.2, 20.15, -0.0019, 0.04, [-2, 0, 1], 1.00
2021-05-24, Trend Pullback, 2, +0.81, -3.47, 53.3, 18.40, 0.0004, 0.04, [-1, 1, 2], 2.00
2021-05-25, Trend Pullback, 2, +1.46, -2.69, 52.1, 18.84, 0.0043, 0.04, [-1, 1, 2], 2.00
2021-05-26, Orderly Decline, 3, +1.95, -2.06, 49.4, 17.36, 0.0044, 0.04, [-1, 0, 2], 1.73
2021-05-27, Orderly Decline, 3, +1.00, -1.38, 46.5, 16.74, 0.0025, 0.04, [-1, 0, 2], 1.73
2021-05-28, Steady Climb, 1, +1.16, -0.20, 51.9, 16.76, 0.0021, 0.04, [0, 1, 2], 2.00
2021-06-01, Steady Climb, 1, +0.12, +0.56, 56.7, 17.90, 0.0006, 0.04, [2, 1, 2], 0.00
2021-06-02, Steady Climb, 1, +0.48, +1.44, 75.0, 17.48, 0.0009, 0.04, [2, 2, 2], 1.00
2021-06-03, Steady Climb, 1, -0.07, +1.95, 65.7, 18.04, 0.0006, 0.04, [2, 2, 2], 1.00
2021-06-04, Steady Climb, 1, +0.69, +2.23, 62.1, 16.42, -0.0003, 0.04, [3, 1, 2], 1.00
2021-06-07, Steady Climb, 1, +0.53, +3.53, 64.1, 16.42, 0.0010, 0.04, [3, 1, 2], 1.00
2021-06-08, Steady Climb, 1, +0.60, +5.23, 76.2, 17.07, 0.0017, 0.04, [3, 2, 2], 1.41
2021-06-09, Steady Climb, 1, +0.27, +6.25, 78.1, 17.89, 0.0017, 0.04, [2, 2, 2], 1.00
2021-06-10, Steady Climb, 1, +1.10, +6.53, 74.8, 16.10, 0.0012, 0.04, [3, 2, 2], 1.41
2021-06-11, Steady Climb, 1, +0.41, +5.59, 77.5, 15.65, 0.0003, 0.03, [2, 2, 3], 1.41
2021-06-14, Steady Climb, 1, +0.68, +5.27, 71.9, 16.39, 0.0013, 0.04, [3, 2, 2], 1.41
2021-06-15, Steady Climb, 1, +0.46, +5.84, 72.1, 17.02, 0.0020, 0.04, [2, 2, 2], 1.00
2021-06-16, Steady Climb, 1, +0.10, +5.99, 59.4, 18.15, 0.0017, 0.03, [2, 1, 2], 0.00
2021-06-17, Steady Climb, 1, -0.41, +5.13, 57.3, 17.75, -0.0008, 0.03, [2, 1, 2], 0.00
2021-06-18, Steady Climb, 1, -1.91, +3.91, 40.4, 20.70, -0.0020, 0.02, [1, 0, 1], 1.73
2021-06-21, Steady Climb, 1, -0.71, +2.42, 54.5, 17.89, -0.0048, 0.02, [1, 1, 2], 1.00
2021-06-22, Steady Climb, 1, -0.00, +1.70, 57.1, 16.66, -0.0024, 0.02, [2, 1, 2], 0.00
2021-06-23, Steady Climb, 1, +0.43, +1.84, 59.5, 16.32, 0.0011, 0.02, [2, 1, 2], 0.00
2021-06-24, Steady Climb, 1, +1.06, +1.70, 57.5, 15.97, 0.0028, 0.02, [3, 1, 3], 1.41
2021-06-25, Steady Climb, 1, +2.74, +1.95, 60.6, 15.62, 0.0051, 0.02, [4, 1, 3], 2.24
2021-06-28, Steady Climb, 1, +1.56, +2.38, 61.9, 15.76, 0.0031, 0.03, [3, 1, 3], 1.41
2021-06-29, Steady Climb, 1, +1.07, +2.88, 64.0, 16.02, 0.0030, 0.03, [3, 1, 2], 1.00
2021-06-30, Steady Climb, 1, +1.31, +3.24, 61.9, 15.83, 0.0029, 0.03, [3, 1, 3], 1.41
2021-07-01, Steady Climb, 1, +1.25, +3.64, 64.0, 15.48, 0.0017, 0.03, [3, 1, 3], 1.41
2021-07-02, Steady Climb, 1, +1.67, +3.98, 67.1, 15.07, 0.0020, 0.04, [3, 2, 3], 1.73
2021-07-06, Steady Climb, 1, +1.23, +5.18, 67.1, 16.44, 0.0035, 0.04, [3, 2, 2], 1.41
2021-07-07, Steady Climb, 1, +1.55, +6.01, 74.4, 16.20, 0.0036, 0.05, [3, 2, 2], 1.41
2021-07-08, Steady Climb, 1, +0.54, +6.89, 65.9, 19.00, 0.0034, 0.05, [3, 2, 2], 1.41
2021-07-09, Steady Climb, 1, +1.15, +6.92, 83.3, 16.18, 0.0002, 0.05, [3, 2, 2], 1.41
2021-07-12, Steady Climb, 1, +0.74, +7.80, 80.6, 16.17, 0.0003, 0.05, [3, 2, 2], 1.41
2021-07-13, Steady Climb, 1, +0.59, +8.84, 74.1, 17.12, 0.0021, 0.06, [3, 2, 2], 1.41
2021-07-14, Steady Climb, 1, +0.37, +9.56, 75.9, 16.33, 0.0020, 0.06, [2, 2, 2], 1.00
2021-07-15, Steady Climb, 1, +0.91, +10.06, 69.1, 17.01, 0.0024, 0.06, [3, 2, 2], 1.41
2021-07-16, Steady Climb, 1, -0.97, +9.79, 58.8, 18.45, -0.0007, 0.05, [1, 1, 2], 1.00
2021-07-19, Trend Pullback, 2, -2.88, +8.83, 45.0, 22.50, -0.0029, 0.05, [0, 0, 1], 1.73
2021-07-20, Steady Climb, 1, -1.06, +5.84, 54.0, 19.73, -0.0062, 0.04, [1, 1, 2], 1.00
2021-07-21, Steady Climb, 1, -0.36, +4.57, 57.4, 17.91, -0.0047, 0.04, [2, 1, 2], 0.00
2021-07-22, Steady Climb, 1, +0.17, +3.99, 55.9, 17.69, -0.0002, 0.04, [2, 1, 2], 0.00
2021-07-23, Steady Climb, 1, +1.96, +3.31, 57.2, 17.20, 0.0041, 0.04, [3, 1, 2], 1.00
2021-07-26, Steady Climb, 1, +3.85, +3.45, 59.5, 17.58, 0.0079, 0.04, [4, 1, 2], 2.00
2021-07-27, Steady Climb, 1, +1.81, +3.75, 55.1, 19.36, 0.0057, 0.04, [3, 1, 2], 1.00
2021-07-28, Steady Climb, 1, +0.96, +3.69, 60.4, 18.31, 0.0032, 0.04, [3, 1, 2], 1.00
2021-07-29, Steady Climb, 1, +1.18, +3.48, 57.0, 17.70, 0.0013, 0.04, [3, 1, 2], 1.00
2021-07-30, Steady Climb, 1, -0.37, +3.46, 51.5, 18.24, -0.0002, 0.04, [2, 1, 2], 0.00
2021-08-02, Steady Climb, 1, -0.79, +3.26, 52.5, 19.46, -0.0008, 0.04, [1, 1, 2], 1.00
2021-08-03, Steady Climb, 1, +0.49, +3.35, 56.3, 18.04, -0.0008, 0.04, [2, 1, 2], 0.00
2021-08-04, Steady Climb, 1, +0.05, +3.77, 55.4, 17.97, 0.0003, 0.04, [2, 1, 2], 0.00
2021-08-05, Steady Climb, 1, +0.23, +4.00, 63.2, 17.28, -0.0001, 0.04, [2, 1, 2], 0.00
2021-08-06, Steady Climb, 1, +0.94, +3.95, 77.3, 16.15, 0.0019, 0.04, [3, 2, 2], 1.41
2021-08-09, Steady Climb, 1, +1.03, +4.61, 70.6, 16.72, 0.0024, 0.04, [3, 2, 2], 1.41
2021-08-10, Steady Climb, 1, +0.31, +5.36, 66.6, 16.79, 0.0012, 0.04, [2, 2, 2], 1.00
2021-08-11, Steady Climb, 1, +0.90, +5.85, 66.2, 16.06, 0.0016, 0.04, [3, 2, 2], 1.41
2021-08-12, Steady Climb, 1, +0.72, +6.40, 61.9, 15.59, 0.0006, 0.04, [3, 1, 3], 1.41
2021-08-13, Steady Climb, 1, +0.71, +6.88, 61.3, 15.45, 0.0013, 0.04, [3, 1, 3], 1.41
2021-08-16, Steady Climb, 1, +1.07, +6.80, 70.3, 16.12, 0.0021, 0.03, [3, 2, 2], 1.41
2021-08-17, Steady Climb, 1, +0.26, +5.59, 60.6, 17.91, 0.0025, 0.03, [2, 1, 2], 0.00
2021-08-18, Steady Climb, 1, -0.95, +4.61, 46.3, 21.57, 0.0007, 0.03, [1, 0, 1], 1.73
2021-08-19, Steady Climb, 1, -1.23, +3.32, 52.2, 21.67, -0.0032, 0.02, [1, 1, 1], 1.41
2021-08-20, Steady Climb, 1, -0.59, +2.19, 60.4, 18.56, -0.0046, 0.02, [1, 1, 2], 1.00
2021-08-23, Steady Climb, 1, -0.00, +2.22, 60.7, 17.15, -0.0026, 0.03, [2, 1, 2], 0.00
2021-08-24, Steady Climb, 1, +0.86, +2.90, 66.7, 17.22, 0.0023, 0.03, [3, 2, 2], 1.41
2021-08-25, Steady Climb, 1, +2.18, +3.27, 64.3, 16.79, 0.0055, 0.03, [4, 1, 2], 2.00
2021-08-26, Steady Climb, 1, +1.46, +3.64, 56.6, 18.84, 0.0050, 0.03, [3, 1, 2], 1.00
2021-08-27, Steady Climb, 1, +1.52, +3.78, 63.4, 16.39, 0.0016, 0.03, [3, 1, 2], 1.00
2021-08-30, Steady Climb, 1, +1.10, +4.04, 65.2, 16.19, 0.0010, 0.03, [3, 2, 2], 1.41
2021-08-31, Steady Climb, 1, +0.81, +4.27, 63.2, 16.48, 0.0022, 0.03, [3, 1, 2], 1.00
2021-09-01, Steady Climb, 1, +0.62, +4.76, 61.0, 16.11, 0.0025, 0.03, [3, 1, 2], 1.00
2021-09-02, Steady Climb, 1, +1.50, +4.81, 61.8, 16.41, 0.0027, 0.04, [3, 1, 2], 1.00
2021-09-03, Steady Climb, 1, +0.58, +5.27, 59.9, 16.41, 0.0011, 0.04, [3, 1, 2], 1.00
2021-09-07, Steady Climb, 1, -0.19, +5.67, 63.5, 18.14, 0.0006, 0.04, [2, 1, 2], 0.00
2021-09-08, Steady Climb, 1, -0.19, +5.63, 75.4, 17.96, 0.0001, 0.04, [2, 2, 2], 1.00
2021-09-09, Steady Climb, 1, -0.68, +5.45, 68.3, 18.80, -0.0008, 0.04, [1, 2, 2], 1.41
2021-09-10, Steady Climb, 1, -1.73, +4.94, 53.5, 20.95, -0.0024, 0.04, [1, 1, 1], 1.41
2021-09-13, Steady Climb, 1, -1.47, +4.15, 47.4, 19.37, -0.0040, 0.04, [1, 0, 2], 1.41
2021-09-14, Steady Climb, 1, -1.70, +3.62, 40.6, 19.46, -0.0036, 0.04, [1, 0, 2], 1.41
2021-09-15, Steady Climb, 1, -0.74, +2.90, 47.0, 18.18, -0.0037, 0.04, [1, 0, 2], 1.41
2021-09-16, Steady Climb, 1, -0.43, +2.29, 50.8, 18.69, -0.0009, 0.03, [2, 1, 2], 0.00
2021-09-17, Orderly Decline, 3, -0.57, +0.76, 34.0, 20.81, 0.0010, 0.03, [1, -2, 1], 3.16
2021-09-20, Sharp Decline, 4, -2.48, -1.36, 21.0, 25.71, -0.0009, 0.04, [-4, -2, 0], 2.24
2021-09-21, Orderly Decline, 3, -2.00, -4.04, 21.2, 24.36, -0.0050, 0.05, [-3, -2, 1], 1.41
2021-09-22, Orderly Decline, 3, -1.90, -6.04, 30.7, 20.87, -0.0084, 0.05, [-3, -2, 1], 1.41
2021-09-23, Orderly Decline, 3, -0.55, -7.16, 38.2, 18.63, -0.0053, 0.05, [-3, -2, 2], 1.73
2021-09-24, Orderly Decline, 3, +0.51, -7.22, 39.4, 17.75, 0.0016, 0.05, [-1, -2, 2], 1.73
2021-09-27, Orderly Decline, 3, +1.96, -7.53, 39.7, 18.76, 0.0065, 0.05, [-1, -2, 2], 1.73
2021-09-28, Orderly Decline, 3, -0.04, -7.38, 32.4, 23.25, 0.0055, 0.05, [-2, -2, 1], 1.00
2021-09-29, Orderly Decline, 3, -0.82, -8.11, 35.0, 22.56, -0.0021, 0.06, [-3, -2, 1], 1.41
2021-09-30, Orderly Decline, 3, -3.18, -8.57, 33.7, 23.14, -0.0065, 0.06, [-4, -2, 1], 2.24
2021-10-01, Orderly Decline, 3, -2.21, -9.51, 38.9, 21.15, -0.0087, 0.06, [-4, -2, 1], 2.24
2021-10-04, Orderly Decline, 3, -3.21, -9.22, 36.6, 22.96, -0.0051, 0.06, [-4, -2, 1], 2.24
2021-10-05, Orderly Decline, 3, -0.16, -9.48, 37.5, 21.30, -0.0025, 0.06, [-2, -2, 1], 1.00
2021-10-06, Orderly Decline, 3, +0.09, -8.99, 40.0, 21.00, -0.0008, 0.06, [-2, 0, 1], 1.00
2021-10-07, Steady Climb, 1, +2.14, -8.07, 47.0, 19.54, 0.0023, 0.05, [0, 0, 2], 2.24
2021-10-08, Trend Pullback, 2, +0.79, -6.74, 53.5, 18.77, 0.0034, 0.05, [-1, 1, 2], 2.00
2021-10-11, Trend Pullback, 2, +1.41, -5.94, 50.7, 20.00, 0.0054, 0.05, [-1, 1, 2], 2.00
2021-10-12, Orderly Decline, 3, +0.11, -5.31, 45.3, 19.85, 0.0013, 0.05, [-2, 0, 2], 1.41
2021-10-13, Orderly Decline, 3, +0.01, -5.07, 40.2, 18.64, -0.0015, 0.04, [-2, 0, 2], 1.41
2021-10-14, Orderly Decline, 3, +0.88, -3.91, 48.3, 16.86, -0.0025, 0.04, [-1, 0, 2], 1.73
2021-10-15, Trend Pullback, 2, +1.82, -1.62, 52.7, 16.30, 0.0022, 0.04, [-1, 1, 2], 2.00
2021-10-18, Steady Climb, 1, +2.87, +0.55, 64.9, 16.31, 0.0069, 0.05, [4, 1, 2], 2.00
2021-10-19, Steady Climb, 1, +3.88, +1.70, 66.8, 15.70, 0.0084, 0.05, [4, 2, 3], 2.45
2021-10-20, Steady Climb, 1, +3.95, +3.06, 76.0, 15.49, 0.0079, 0.06, [4, 2, 3], 2.45
2021-10-21, Steady Climb, 1, +2.51, +5.07, 73.8, 15.01, 0.0054, 0.07, [4, 2, 3], 2.45
2021-10-22, Steady Climb, 1, +1.64, +7.91, 84.7, 15.43, 0.0045, 0.07, [3, 2, 3], 1.73
2021-10-25, Steady Climb, 1, +1.78, +10.62, 83.6, 15.24, 0.0032, 0.08, [3, 2, 3], 1.73
2021-10-26, Steady Climb, 1, +1.22, +13.32, 83.1, 15.98, 0.0022, 0.08, [3, 2, 3], 1.73
2021-10-27, Steady Climb, 1, +0.34, +14.51, 74.8, 16.98, 0.0021, 0.09, [2, 2, 2], 1.00
2021-10-28, Steady Climb, 1, +1.03, +15.16, 79.9, 16.53, 0.0007, 0.09, [3, 2, 2], 1.41
2021-10-29, Steady Climb, 1, +1.33, +15.33, 88.0, 16.26, 0.0019, 0.09, [3, 2, 2], 1.41
2021-11-01, Steady Climb, 1, +1.03, +15.98, 91.2, 16.41, 0.0022, 0.09, [3, 2, 2], 1.41
2021-11-02, Steady Climb, 1, +1.22, +15.47, 91.3, 16.03, 0.0028, 0.09, [3, 2, 2], 1.41
2021-11-03, Steady Climb, 1, +2.39, +15.46, 89.9, 15.10, 0.0038, 0.09, [4, 2, 3], 2.45
2021-11-04, Steady Climb, 1, +1.82, +15.73, 89.4, 15.44, 0.0033, 0.09, [3, 2, 3], 1.73
2021-11-05, Steady Climb, 1, +2.00, +16.40, 89.5, 16.48, 0.0042, 0.09, [4, 2, 2], 2.24
2021-11-08, Steady Climb, 1, +1.91, +16.76, 88.2, 17.22, 0.0046, 0.09, [3, 2, 2], 1.41
2021-11-09, Steady Climb, 1, +1.18, +16.25, 81.3, 17.78, 0.0038, 0.08, [3, 2, 2], 1.41
2021-11-10, Steady Climb, 1, -0.30, +14.82, 68.4, 18.73, 0.0015, 0.07, [2, 2, 2], 1.00
2021-11-11, Steady Climb, 1, -0.66, +12.55, 70.0, 17.66, -0.0017, 0.06, [1, 2, 2], 1.41
2021-11-12, Steady Climb, 1, -0.31, +11.06, 71.3, 16.29, -0.0032, 0.06, [2, 2, 2], 1.00
2021-11-15, Steady Climb, 1, -0.40, +10.26, 70.4, 16.49, -0.0016, 0.05, [2, 2, 2], 1.00
2021-11-16, Steady Climb, 1, +0.33, +9.38, 78.8, 16.37, 0.0007, 0.05, [2, 2, 2], 1.00
2021-11-17, Steady Climb, 1, +0.90, +8.99, 70.3, 17.11, 0.0030, 0.05, [3, 2, 2], 1.41
2021-11-18, Steady Climb, 1, +1.19, +8.41, 71.2, 17.59, 0.0021, 0.05, [3, 2, 2], 1.41
2021-11-19, Steady Climb, 1, +0.32, +8.04, 68.2, 17.91, 0.0010, 0.04, [2, 2, 2], 1.00
2021-11-22, Steady Climb, 1, +0.00, +7.27, 61.4, 19.17, 0.0007, 0.04, [2, 1, 2], 0.00
2021-11-23, Steady Climb, 1, -0.22, +6.40, 57.2, 19.38, -0.0006, 0.04, [2, 1, 2], 0.00
2021-11-24, Steady Climb, 1, +0.27, +5.59, 55.4, 18.58, -0.0004, 0.03, [2, 1, 2], 0.00
2021-11-26, Orderly Decline, 3, -2.34, +4.40, 32.2, 28.62, -0.0003, 0.03, [0, -2, 0], 2.45
2021-11-29, Steady Climb, 1, -0.91, +2.16, 43.3, 22.96, -0.0040, 0.03, [1, 0, 1], 1.73
2021-11-30, Orderly Decline, 3, -2.48, +0.93, 35.8, 27.19, -0.0033, 0.03, [0, -2, 0], 2.45
2021-12-01, Sharp Decline, 4, -3.79, -1.50, 34.5, 31.12, -0.0065, 0.04, [-4, -2, 0], 2.24
2021-12-02, Orderly Decline, 3, -2.65, -4.37, 42.7, 27.95, -0.0088, 0.05, [-4, 0, 0], 2.45
2021-12-03, Orderly Decline, 3, -1.22, -5.67, 35.5, 30.67, -0.0039, 0.05, [-3, -2, 0], 1.73
2021-12-06, Orderly Decline, 3, -1.37, -7.09, 41.7, 27.18, -0.0049, 0.05, [-3, 0, 0], 1.73
2021-12-07, Trend Pullback, 2, +2.62, -7.26, 48.9, 21.89, 0.0016, 0.05, [0, 0, 1], 1.73
2021-12-08, Steady Climb, 1, +4.17, -5.85, 51.0, 19.90, 0.0077, 0.05, [0, 1, 2], 2.00
2021-12-09, Trend Pullback, 2, +1.97, -4.47, 47.1, 21.58, 0.0085, 0.05, [-1, 0, 1], 1.41
2021-12-10, Steady Climb, 1, +3.82, -4.20, 51.0, 18.69, 0.0078, 0.05, [0, 1, 2], 2.00
2021-12-13, Trend Pullback, 2, +1.68, -3.29, 49.0, 20.31, 0.0047, 0.05, [-1, 0, 1], 1.41
2021-12-14, Orderly Decline, 3, -1.12, -2.56, 46.2, 21.89, -0.0005, 0.05, [-3, 0, 1], 1.41
2021-12-15, Trend Pullback, 2, +0.18, -2.30, 50.5, 19.29, -0.0028, 0.05, [-2, 1, 2], 2.24
2021-12-16, Trend Pullback, 2, +0.03, -0.61, 55.0, 20.57, 0.0001, 0.05, [-2, 1, 1], 1.41
2021-12-17, Trend Pullback, 2, -1.94, +0.30, 47.6, 21.57, -0.0010, 0.05, [0, 0, 1], 1.73
2021-12-20, Trend Pullback, 2, -2.16, +0.79, 50.1, 22.87, -0.0014, 0.05, [0, 1, 1], 1.41
2021-12-21, Steady Climb, 1, +0.33, +0.56, 59.5, 21.01, -0.0048, 0.05, [2, 1, 1], 1.00
2021-12-22, Steady Climb, 1, -0.28, +1.44, 58.5, 18.63, -0.0047, 0.05, [2, 1, 2], 0.00
2021-12-23, Steady Climb, 1, +1.22, +3.18, 63.5, 17.96, 0.0018, 0.05, [3, 1, 2], 1.00
2021-12-27, Steady Climb, 1, +3.69, +5.49, 64.1, 17.68, 0.0071, 0.06, [4, 1, 2], 2.00
2021-12-28, Steady Climb, 1, +4.78, +7.02, 58.1, 17.54, 0.0109, 0.07, [4, 1, 1], 2.24
2021-12-29, Steady Climb, 1, +3.09, +9.13, 57.5, 16.95, 0.0077, 0.07, [4, 1, 2], 2.00
2021-12-30, Steady Climb, 1, +1.75, +9.76, 59.4, 17.33, 0.0053, 0.06, [3, 1, 2], 1.00
2021-12-31, Steady Climb, 1, +0.85, +8.98, 54.9, 17.22, 0.0023, 0.06, [3, 1, 2], 1.00
2022-01-03, Steady Climb, 1, +0.11, +8.64, 61.7, 16.60, -0.0012, 0.06, [2, 1, 2], 0.00
2022-01-04, Steady Climb, 1, +0.15, +7.84, 65.6, 16.91, -0.0001, 0.06, [2, 2, 2], 1.00
2022-01-05, Steady Climb, 1, -1.93, +7.44, 49.1, 19.73, 0.0004, 0.06, [1, 0, 2], 1.41
2022-01-06, Steady Climb, 1, -1.73, +6.92, 52.8, 19.61, -0.0027, 0.06, [1, 1, 2], 1.00
2022-01-07, Steady Climb, 1, -1.87, +6.54, 56.1, 18.76, -0.0051, 0.06, [1, 1, 2], 1.00
2022-01-10, Steady Climb, 1, -2.63, +5.36, 62.2, 19.40, -0.0072, 0.06, [0, 1, 2], 2.00
2022-01-11, Steady Climb, 1, -1.68, +4.77, 58.4, 18.41, -0.0057, 0.06, [1, 1, 2], 1.00
2022-01-12, Steady Climb, 1, +0.55, +4.18, 54.3, 17.62, -0.0000, 0.05, [3, 1, 2], 1.00
2022-01-13, Steady Climb, 1, -0.79, +3.16, 41.3, 20.31, 0.0021, 0.06, [1, 0, 1], 1.73
2022-01-14, Steady Climb, 1, -0.30, +2.24, 30.1, 19.19, 0.0004, 0.06, [2, -2, 2], 3.00
2022-01-18, Orderly Decline, 3, -2.00, +0.80, 24.1, 22.79, -0.0015, 0.06, [1, -2, 1], 3.16
2022-01-19, Orderly Decline, 3, -3.83, -2.62, 20.5, 23.85, -0.0074, 0.06, [-4, -2, 1], 2.24
2022-01-20, Sharp Decline, 4, -5.15, -7.43, 18.9, 25.59, -0.0105, 0.08, [-4, -2, 0], 2.24
2022-01-21, Sharp Decline, 4, -5.60, -11.63, 16.4, 28.85, -0.0110, 0.10, [-4, -2, 0], 2.24
2022-01-24, Sharp Decline, 4, -5.42, -16.04, 13.6, 29.90, -0.0142, 0.11, [-4, -2, 0], 2.24
2022-01-25, Sharp Decline, 4, -4.82, -19.36, 12.4, 31.16, -0.0108, 0.12, [-4, -2, 0], 2.24
2022-01-26, Sharp Decline, 4, -4.03, -21.94, 14.6, 31.96, -0.0098, 0.13, [-4, -2, 0], 2.24
2022-01-27, Sharp Decline, 4, -3.48, -24.04, 14.0, 30.49, -0.0071, 0.14, [-4, -2, 0], 2.24
2022-01-28, Orderly Decline, 3, +0.77, -25.71, 29.6, 27.66, -0.0046, 0.14, [-1, -2, 0], 1.73
2022-01-31, Orderly Decline, 3, +2.39, -25.40, 38.6, 24.83, 0.0003, 0.14, [0, -2, 1], 2.24
2022-02-01, Orderly Decline, 3, +4.36, -23.58, 37.5, 21.96, 0.0088, 0.13, [0, -2, 1], 2.24
2022-02-02, Trend Pullback, 2, +5.50, -20.45, 40.1, 22.09, 0.0127, 0.12, [0, 0, 0], 1.41
2022-02-03, Orderly Decline, 3, +3.49, -16.38, 37.7, 24.35, 0.0143, 0.12, [0, -2, 0], 2.45
2022-02-04, Orderly Decline, 3, +1.55, -15.07, 39.3, 23.22, 0.0037, 0.11, [-1, -2, 1], 1.41
2022-02-07, Orderly Decline, 3, -0.70, -13.17, 43.2, 22.86, -0.0022, 0.11, [-3, 0, 1], 1.41
2022-02-08, Orderly Decline, 3, -0.55, -11.51, 49.2, 21.44, -0.0047, 0.10, [-3, 0, 1], 1.41
2022-02-09, Trend Pullback, 2, -0.05, -9.13, 57.5, 19.96, -0.0028, 0.10, [-2, 1, 2], 2.24
2022-02-10, Trend Pullback, 2, +0.59, -4.92, 57.6, 23.91, 0.0053, 0.09, [-1, 1, 1], 1.00
2022-02-11, Trend Pullback, 2, -1.82, -1.49, 50.6, 27.36, 0.0025, 0.08, [-3, 1, 0], 2.00
2022-02-14, Trend Pullback, 2, -1.83, -0.01, 53.1, 28.33, -0.0034, 0.07, [-1, 1, 0], 0.00
2022-02-15, Trend Pullback, 2, -1.12, +1.65, 57.6, 25.70, -0.0091, 0.07, [1, 1, 0], 2.00
2022-02-16, Trend Pullback, 2, -2.45, +3.34, 59.6, 24.29, -0.0075, 0.07, [0, 1, 1], 1.41
2022-02-17, Trend Pullback, 2, -2.75, +4.54, 46.6, 28.11, -0.0001, 0.07, [0, 0, 0], 1.41
2022-02-18, Volatile Chop, 5, -1.58, +3.69, 38.3, 27.75, -0.0001, 0.07, [1, -2, 0], 3.00
2022-02-22, Orderly Decline, 3, -2.20, +1.20, 33.4, 28.81, -0.0046, 0.08, [0, -2, 0], 2.45
2022-02-23, Sharp Decline, 4, -5.49, -1.65, 26.2, 31.02, -0.0109, 0.09, [-4, -2, 0], 2.24
2022-02-24, Sharp Decline, 4, -4.16, -6.32, 36.8, 30.32, -0.0134, 0.09, [-4, -2, 0], 2.24
2022-02-25, Trend Pullback, 2, +0.10, -9.99, 42.6, 27.59, -0.0070, 0.09, [-2, 0, 0], 1.41
2022-02-28, Trend Pullback, 2, +0.58, -12.57, 43.0, 30.15, 0.0013, 0.09, [-1, 0, 0], 1.00
2022-03-01, Orderly Decline, 3, +0.03, -13.73, 36.7, 33.32, 0.0069, 0.09, [-2, -2, 0], 1.41
2022-03-02, Orderly Decline, 3, +3.81, -14.45, 37.9, 30.74, 0.0056, 0.09, [0, -2, 0], 2.45
2022-03-03, Trend Pullback, 2, +1.74, -13.21, 40.8, 30.48, 0.0027, 0.08, [-1, 0, 0], 1.00
2022-03-04, Orderly Decline, 3, -1.27, -11.39, 43.7, 31.98, -0.0007, 0.08, [-3, 0, 0], 1.73
2022-03-07, Sharp Decline, 4, -3.95, -11.49, 37.9, 36.45, -0.0008, 0.09, [-4, -2, 0], 2.24
2022-03-08, Sharp Decline, 4, -3.15, -12.83, 30.9, 35.13, -0.0064, 0.10, [-4, -2, 0], 2.24
2022-03-09, Sharp Decline, 4, -2.48, -14.41, 38.9, 32.45, -0.0139, 0.09, [-4, -2, 0], 2.24
2022-03-10, Orderly Decline, 3, -2.38, -13.40, 42.6, 30.23, -0.0077, 0.08, [-4, 0, 0], 2.45
2022-03-11, Orderly Decline, 3, -2.88, -11.25, 41.4, 30.75, -0.0015, 0.08, [-4, 0, 0], 2.45
2022-03-14, Orderly Decline, 3, -0.67, -10.70, 42.0, 31.77, 0.0023, 0.08, [-3, 0, 0], 1.73
2022-03-15, Trend Pullback, 2, +2.20, -11.50, 52.2, 29.83, -0.0016, 0.08, [0, 1, 0], 1.00
2022-03-16, Trend Pullback, 2, +1.87, -10.92, 54.0, 26.67, -0.0027, 0.08, [-1, 1, 0], 0.00
2022-03-17, Trend Pullback, 2, +3.57, -7.68, 51.6, 25.67, 0.0058, 0.07, [0, 1, 0], 1.00
2022-03-18, Trend Pullback, 2, +6.16, -3.43, 55.2, 23.87, 0.0134, 0.08, [0, 1, 0], 1.00
2022-03-21, Volatile Chop, 5, +6.90, +0.15, 59.7, 23.53, 0.0163, 0.08, [2, 1, -1], 2.45
2022-03-22, Steady Climb, 1, +5.85, +3.09, 58.1, 22.94, 0.0111, 0.09, [4, 1, 0], 2.83
2022-03-23, Steady Climb, 1, +2.26, +5.87, 55.8, 23.57, 0.0080, 0.09, [4, 1, 1], 2.24
2022-03-24, Steady Climb, 1, +2.46, +6.31, 61.5, 21.67, 0.0030, 0.10, [4, 1, 1], 2.24
2022-03-25, Steady Climb, 1, +1.79, +8.31, 73.5, 20.81, 0.0024, 0.11, [3, 2, 1], 1.73
2022-03-28, Steady Climb, 1, +2.56, +11.80, 77.8, 19.63, 0.0038, 0.12, [4, 2, 2], 2.24
2022-03-29, Steady Climb, 1, +2.66, +15.35, 76.1, 18.90, 0.0046, 0.13, [4, 2, 2], 2.24
2022-03-30, Steady Climb, 1, +3.28, +18.33, 74.9, 19.33, 0.0088, 0.14, [4, 2, 2], 2.24
2022-03-31, Steady Climb, 1, +0.23, +21.67, 73.1, 20.56, 0.0056, 0.14, [2, 2, 1], 1.41
2022-04-01, Steady Climb, 1, +0.06, +23.30, 77.0, 19.63, 0.0000, 0.14, [2, 2, 2], 1.00
2022-04-04, Steady Climb, 1, +0.16, +24.34, 75.1, 18.57, -0.0035, 0.14, [2, 2, 2], 1.00
2022-04-05, Trend Pullback, 2, -2.30, +23.57, 64.0, 21.03, -0.0034, 0.13, [0, 1, 1], 1.41
2022-04-06, Trend Pullback, 2, -2.64, +20.93, 55.9, 22.10, -0.0023, 0.12, [0, 1, 1], 1.41
2022-04-07, Steady Climb, 1, -0.67, +18.81, 53.3, 21.55, -0.0027, 0.11, [1, 1, 1], 1.41
2022-04-08, Steady Climb, 1, -1.27, +16.37, 52.4, 21.16, -0.0043, 0.10, [1, 1, 1], 1.41
2022-04-11, Trend Pullback, 2, -3.71, +12.53, 41.6, 24.37, -0.0048, 0.08, [0, 0, 1], 1.73
2022-04-12, Trend Pullback, 2, -2.82, +6.68, 44.7, 24.26, -0.0050, 0.06, [0, 0, 1], 1.73
2022-04-13, Steady Climb, 1, -0.77, +1.67, 43.2, 21.82, -0.0057, 0.06, [1, 0, 1], 1.73
2022-04-14, Orderly Decline, 3, -2.39, -1.33, 36.8, 22.70, -0.0045, 0.06, [-4, -2, 1], 2.24
2022-04-18, Orderly Decline, 3, -2.15, -4.39, 32.9, 22.17, -0.0036, 0.06, [-4, -2, 1], 2.24
2022-04-19, Orderly Decline, 3, +1.13, -6.62, 34.6, 21.37, -0.0010, 0.06, [-1, -2, 1], 1.41
2022-04-20, Orderly Decline, 3, +1.41, -7.77, 36.4, 20.32, 0.0017, 0.06, [-1, -2, 1], 1.41
2022-04-21, Orderly Decline, 3, -1.19, -8.16, 36.8, 22.68, 0.0022, 0.07, [-3, -2, 1], 1.41
2022-04-22, Sharp Decline, 4, -2.75, -10.29, 28.1, 28.21, 0.0016, 0.08, [-4, -2, 0], 2.24
2022-04-25, Sharp Decline, 4, -2.18, -13.06, 26.6, 27.02, -0.0072, 0.09, [-4, -2, 0], 2.24
2022-04-26, Sharp Decline, 4, -6.43, -14.74, 24.1, 33.52, -0.0125, 0.10, [-4, -2, 0], 2.24
2022-04-27, Sharp Decline, 4, -6.18, -17.27, 26.8, 31.60, -0.0159, 0.11, [-4, -2, 0], 2.24
2022-04-28, Sharp Decline, 4, -2.42, -18.18, 35.3, 29.99, -0.0120, 0.11, [-4, -2, 0], 2.24
2022-04-29, Sharp Decline, 4, -3.27, -17.40, 29.5, 33.40, -0.0020, 0.12, [-4, -2, 0], 2.24
2022-05-02, Sharp Decline, 4, -3.28, -19.51, 34.3, 32.34, -0.0052, 0.12, [-4, -2, 0], 2.24
2022-05-03, Orderly Decline, 3, +0.01, -20.44, 36.5, 29.25, -0.0022, 0.12, [-2, -2, 0], 1.41
2022-05-04, Trend Pullback, 2, +2.78, -19.91, 41.8, 25.42, -0.0035, 0.11, [0, 0, 0], 1.41
2022-05-05, Sharp Decline, 4, -3.28, -17.90, 37.7, 31.20, 0.0017, 0.12, [-4, -2, 0], 2.24
2022-05-06, Orderly Decline, 3, -0.21, -18.44, 36.8, 30.19, 0.0042, 0.12, [-2, -2, 0], 1.41
2022-05-09, Sharp Decline, 4, -3.95, -18.51, 28.2, 34.75, -0.0023, 0.13, [-4, -2, 0], 2.24
2022-05-10, Sharp Decline, 4, -4.18, -20.08, 28.9, 32.99, -0.0136, 0.14, [-4, -2, 0], 2.24
2022-05-11, Sharp Decline, 4, -8.49, -21.97, 28.9, 32.56, -0.0192, 0.15, [-4, -2, 0], 2.24
2022-05-12, Sharp Decline, 4, -5.23, -24.41, 32.4, 31.77, -0.0139, 0.16, [-4, -2, 0], 2.24
2022-05-13, Sharp Decline, 4, -2.41, -25.46, 36.9, 28.87, -0.0110, 0.16, [-4, -2, 0], 2.24
2022-05-16, Trend Pullback, 2, +0.42, -25.24, 41.1, 27.47, -0.0001, 0.16, [-2, 0, 0], 1.41
2022-05-17, Trend Pullback, 2, +2.19, -24.71, 45.3, 26.10, 0.0025, 0.14, [0, 0, 0], 1.41
2022-05-18, Orderly Decline, 3, -0.29, -21.34, 33.0, 30.96, 0.0098, 0.13, [-2, -2, 0], 1.41
2022-05-19, Orderly Decline, 3, -0.75, -19.80, 37.7, 29.35, 0.0013, 0.13, [-3, -2, 0], 1.73
2022-05-20, Sharp Decline, 4, -3.05, -18.83, 36.1, 29.43, -0.0085, 0.13, [-4, -2, 0], 2.24
2022-05-23, Orderly Decline, 3, -0.85, -19.03, 39.6, 28.48, -0.0101, 0.12, [-3, -2, 0], 1.73
2022-05-24, Sharp Decline, 4, -3.60, -17.26, 29.5, 29.45, -0.0064, 0.12, [-4, -2, 0], 2.24
2022-05-25, Orderly Decline, 3, +1.40, -17.37, 38.9, 28.37, 0.0027, 0.12, [-1, -2, 0], 1.73
2022-05-26, Trend Pullback, 2, +4.03, -16.46, 46.0, 27.50, 0.0048, 0.11, [0, 0, 0], 1.41
2022-05-27, Trend Pullback, 2, +6.58, -12.47, 60.7, 25.72, 0.0076, 0.11, [0, 1, 0], 1.00
2022-05-31, Trend Pullback, 2, +3.99, -9.17, 58.2, 26.19, 0.0117, 0.11, [0, 1, -1], 1.41
2022-06-01, Trend Pullback, 2, +4.05, -5.90, 60.9, 25.69, 0.0137, 0.10, [0, 1, -1], 1.41
2022-06-02, Trend Pullback, 2, +4.98, -2.72, 64.8, 24.72, 0.0076, 0.09, [0, 1, 1], 1.41
2022-06-03, Steady Climb, 1, +1.25, +3.61, 55.2, 24.79, 0.0044, 0.09, [3, 1, 1], 1.41
2022-06-06, Trend Pullback, 2, -0.89, +6.74, 57.0, 25.07, -0.0013, 0.09, [1, 1, 0], 2.00
2022-06-07, Steady Climb, 1, +0.69, +9.73, 54.7, 24.02, -0.0003, 0.09, [3, 1, 1], 1.41
2022-06-08, Steady Climb, 1, +0.35, +11.21, 64.9, 23.96, 0.0015, 0.09, [2, 1, 1], 1.00
2022-06-09, Trend Pullback, 2, -3.81, +11.94, 58.2, 26.09, -0.0017, 0.09, [0, 1, 0], 1.00
2022-06-10, Trend Pullback, 2, -5.05, +10.06, 50.0, 27.75, -0.0048, 0.09, [0, 0, 0], 1.41
2022-06-13, Orderly Decline, 3, -9.02, +6.31, 37.7, 34.02, -0.0156, 0.11, [0, -2, 0], 2.45
2022-06-14, Orderly Decline, 3, -10.22, +1.92, 38.5, 32.69, -0.0278, 0.13, [0, -2, 0], 2.45
2022-06-15, Sharp Decline, 4, -7.92, -2.52, 39.7, 29.62, -0.0271, 0.14, [-4, -2, 0], 2.24
2022-06-16, Sharp Decline, 4, -8.74, -4.48, 29.6, 32.95, -0.0169, 0.16, [-4, -2, 0], 2.24
2022-06-17, Sharp Decline, 4, -5.79, -10.37, 22.0, 31.13, -0.0116, 0.17, [-4, -2, 0], 2.24
2022-06-21, Orderly Decline, 3, +0.40, -16.11, 30.2, 30.19, -0.0058, 0.18, [-2, -2, 0], 1.41
2022-06-22, Orderly Decline, 3, +0.65, -20.22, 31.1, 28.95, -0.0015, 0.18, [-1, -2, 0], 1.73
2022-06-23, Orderly Decline, 3, +0.15, -23.05, 27.9, 29.05, 0.0010, 0.19, [-2, -2, 0], 1.41
2022-06-24, Orderly Decline, 3, +6.68, -25.56, 39.2, 27.23, 0.0088, 0.19, [0, -2, 0], 2.45
2022-06-27, Volatile Chop, 5, +6.13, -25.61, 37.8, 26.95, 0.0129, 0.19, [0, -2, -1], 2.24
2022-06-28, Sharp Decline, 4, +1.51, -24.47, 32.1, 28.36, 0.0111, 0.18, [-1, -2, -1], 2.24
2022-06-29, Orderly Decline, 3, +1.57, -22.63, 33.6, 28.16, 0.0060, 0.18, [-1, -2, 0], 1.73
2022-06-30, Orderly Decline, 3, -0.27, -20.73, 36.2, 28.71, -0.0012, 0.17, [-2, -2, 0], 1.41
2022-07-01, Orderly Decline, 3, -2.21, -19.33, 45.1, 26.70, -0.0087, 0.16, [-4, 0, 0], 2.45
2022-07-05, Trend Pullback, 2, -1.76, -15.69, 56.6, 27.54, -0.0048, 0.15, [-3, 1, 0], 2.00
2022-07-06, Trend Pullback, 2, +0.62, -12.51, 58.9, 26.73, 0.0007, 0.13, [-1, 1, 0], 0.00
2022-07-07, Trend Pullback, 2, +2.19, -8.52, 59.1, 26.08, 0.0025, 0.11, [0, 1, 0], 1.00
2022-07-08, Trend Pullback, 2, +3.01, -2.67, 73.2, 24.64, 0.0065, 0.09, [0, 2, 1], 1.73
2022-07-11, Steady Climb, 1, +0.76, +2.81, 66.7, 26.17, 0.0057, 0.08, [3, 2, 0], 2.45
2022-07-12, Steady Climb, 1, -0.33, +6.43, 55.6, 27.29, 0.0026, 0.07, [2, 1, 0], 2.00
2022-07-13, Trend Pullback, 2, -1.13, +7.94, 54.2, 26.82, -0.0027, 0.07, [1, 1, 0], 2.00
2022-07-14, Trend Pullback, 2, -2.88, +6.95, 49.4, 26.40, -0.0074, 0.07, [0, 0, 0], 1.41
2022-07-15, Steady Climb, 1, -0.93, +5.48, 44.3, 24.23, -0.0070, 0.07, [1, 0, 1], 1.73
2022-07-18, Trend Pullback, 2, -0.61, +5.84, 42.3, 25.30, -0.0003, 0.06, [1, 0, 0], 2.24
2022-07-19, Steady Climb, 1, +3.09, +3.68, 62.1, 24.50, 0.0022, 0.05, [4, 1, 1], 2.24
2022-07-20, Steady Climb, 1, +4.16, +2.91, 64.2, 23.88, 0.0078, 0.06, [4, 1, 1], 2.24
2022-07-21, Steady Climb, 1, +5.50, +3.49, 71.2, 23.11, 0.0103, 0.06, [4, 2, 0], 3.00
2022-07-22, Steady Climb, 1, +2.55, +4.27, 63.6, 23.03, 0.0101, 0.06, [4, 1, 0], 2.83
2022-07-25, Steady Climb, 1, +3.55, +4.72, 63.6, 23.36, 0.0082, 0.07, [4, 1, 1], 2.24
2022-07-26, Steady Climb, 1, -0.40, +6.82, 57.1, 24.69, 0.0016, 0.07, [2, 1, 1], 1.00
2022-07-27, Steady Climb, 1, +1.61, +8.01, 60.5, 23.24, -0.0027, 0.08, [3, 1, 1], 1.41
2022-07-28, Steady Climb, 1, +1.84, +9.39, 63.9, 22.33, 0.0002, 0.09, [3, 1, 1], 1.41
2022-07-29, Steady Climb, 1, +4.26, +11.12, 71.7, 21.33, 0.0067, 0.10, [4, 2, 1], 2.45
2022-08-01, Steady Climb, 1, +3.83, +12.76, 74.5, 22.84, 0.0116, 0.10, [4, 2, 0], 3.00
2022-08-02, Steady Climb, 1, +4.34, +14.35, 73.3, 23.93, 0.0123, 0.11, [4, 2, 0], 3.00
2022-08-03, Steady Climb, 1, +3.27, +15.21, 77.1, 21.95, 0.0044, 0.12, [4, 2, 1], 2.45
2022-08-04, Steady Climb, 1, +1.95, +16.80, 73.9, 21.44, 0.0030, 0.12, [3, 2, 1], 1.73
2022-08-05, Steady Climb, 1, +0.36, +18.79, 77.2, 21.15, 0.0019, 0.13, [2, 2, 1], 1.41
2022-08-08, Steady Climb, 1, +0.52, +20.26, 71.3, 21.29, 0.0028, 0.13, [3, 2, 1], 1.73
2022-08-09, Steady Climb, 1, +0.76, +20.57, 67.2, 21.77, 0.0021, 0.12, [3, 2, 1], 1.73
2022-08-10, Steady Climb, 1, +1.33, +19.64, 70.3, 19.74, -0.0018, 0.12, [3, 2, 2], 1.41
2022-08-11, Steady Climb, 1, +1.33, +19.24, 75.2, 20.20, 0.0022, 0.11, [3, 2, 1], 1.73
2022-08-12, Steady Climb, 1, +3.26, +18.01, 78.3, 19.53, 0.0045, 0.11, [4, 2, 2], 2.24
2022-08-15, Steady Climb, 1, +3.79, +18.33, 85.8, 19.95, 0.0085, 0.11, [4, 2, 2], 2.24
2022-08-16, Steady Climb, 1, +4.43, +17.77, 82.7, 19.69, 0.0097, 0.11, [4, 2, 2], 2.24
2022-08-17, Steady Climb, 1, +1.52, +18.28, 74.4, 19.90, 0.0065, 0.11, [3, 2, 2], 1.41
2022-08-18, Steady Climb, 1, +1.82, +18.17, 71.0, 19.56, 0.0037, 0.11, [3, 2, 2], 1.41
2022-08-19, Steady Climb, 1, -1.21, +18.33, 63.4, 20.60, -0.0004, 0.10, [1, 1, 1], 1.41
2022-08-22, Trend Pullback, 2, -3.70, +16.69, 55.0, 23.80, -0.0038, 0.09, [0, 1, 1], 1.41
2022-08-23, Trend Pullback, 2, -4.10, +13.44, 46.8, 24.11, -0.0092, 0.08, [0, 0, 1], 1.73
2022-08-24, Trend Pullback, 2, -3.12, +9.08, 48.7, 22.82, -0.0105, 0.07, [0, 0, 1], 1.73
2022-08-25, Steady Climb, 1, -1.98, +6.19, 55.6, 21.78, -0.0092, 0.07, [1, 1, 1], 1.41
2022-08-26, Trend Pullback, 2, -4.04, +4.74, 43.3, 25.56, -0.0014, 0.07, [0, 0, 0], 1.41
2022-08-29, Trend Pullback, 2, -2.59, +1.98, 42.6, 26.21, -0.0022, 0.08, [0, 0, 0], 1.41
2022-08-30, Sharp Decline, 4, -3.45, -1.24, 30.7, 26.21, -0.0070, 0.09, [-4, -2, 0], 2.24
2022-08-31, Sharp Decline, 4, -4.49, -5.39, 29.3, 25.87, -0.0121, 0.10, [-4, -2, 0], 2.24
2022-09-01, Sharp Decline, 4, -5.53, -8.82, 21.4, 25.56, -0.0141, 0.11, [-4, -2, 0], 2.24
2022-09-02, Sharp Decline, 4, -3.29, -11.83, 17.5, 25.47, -0.0066, 0.12, [-4, -2, 0], 2.24
2022-09-06, Sharp Decline, 4, -3.04, -15.27, 15.8, 26.91, -0.0059, 0.13, [-4, -2, 0], 2.24
2022-09-07, Orderly Decline, 3, -0.16, -18.70, 26.3, 24.64, -0.0047, 0.13, [-2, -2, 1], 1.00
2022-09-08, Orderly Decline, 3, +1.29, -21.03, 28.2, 23.61, -0.0002, 0.13, [-1, -2, 1], 1.41
2022-09-09, Orderly Decline, 3, +2.53, -21.38, 37.5, 22.79, 0.0033, 0.13, [0, -2, 1], 2.24
2022-09-12, Trend Pullback, 2, +4.74, -20.60, 47.7, 23.87, 0.0093, 0.13, [0, 0, 1], 1.73
2022-09-13, Sharp Decline, 4, +0.63, -17.85, 37.2, 27.27, 0.0125, 0.12, [-1, -2, -1], 2.24
2022-09-14, Orderly Decline, 3, -0.85, -17.10, 37.3, 26.16, 0.0003, 0.12, [-3, -2, 0], 1.73
2022-09-15, Sharp Decline, 4, -2.62, -15.50, 30.2, 26.27, -0.0065, 0.11, [-4, -2, 0], 2.24
2022-09-16, Sharp Decline, 4, -4.77, -14.48, 35.6, 26.30, -0.0128, 0.10, [-4, -2, 0], 2.24
2022-09-19, Sharp Decline, 4, -5.12, -13.15, 39.8, 25.76, -0.0130, 0.10, [-4, -2, 0], 2.24
2022-09-20, Orderly Decline, 3, -1.95, -11.70, 39.8, 27.16, -0.0036, 0.10, [-3, -2, 0], 1.73
2022-09-21, Sharp Decline, 4, -3.96, -11.81, 37.7, 27.99, -0.0048, 0.10, [-4, -2, 0], 2.24
2022-09-22, Sharp Decline, 4, -3.67, -12.58, 34.9, 27.35, -0.0064, 0.11, [-4, -2, 0], 2.24
2022-09-23, Sharp Decline, 4, -4.65, -13.11, 33.8, 29.92, -0.0092, 0.11, [-4, -2, 0], 2.24
2022-09-26, Sharp Decline, 4, -6.28, -13.07, 32.8, 32.26, -0.0140, 0.12, [-4, -2, 0], 2.24
2022-09-27, Sharp Decline, 4, -5.41, -15.04, 25.3, 32.60, -0.0137, 0.13, [-4, -2, 0], 2.24
2022-09-28, Orderly Decline, 3, -1.87, -16.95, 30.0, 30.18, -0.0104, 0.14, [-3, -2, 0], 1.73
2022-09-29, Sharp Decline, 4, -3.13, -17.96, 21.0, 31.84, -0.0034, 0.15, [-4, -2, 0], 2.24
2022-09-30, Sharp Decline, 4, -2.91, -20.19, 14.9, 31.62, -0.0012, 0.16, [-4, -2, 0], 2.24
2022-10-03, Orderly Decline, 3, +0.64, -22.53, 30.8, 30.10, -0.0040, 0.16, [-1, -2, 0], 1.73
2022-10-04, Orderly Decline, 3, +3.94, -23.65, 39.8, 29.07, -0.0019, 0.16, [0, -2, 0], 2.45
2022-10-05, Trend Pullback, 2, +1.73, -23.05, 41.9, 28.55, 0.0048, 0.16, [-1, 0, 0], 1.00
2022-10-06, Volatile Chop, 5, +2.86, -21.24, 41.2, 30.52, 0.0131, 0.15, [0, 0, -1], 1.00
2022-10-07, Sharp Decline, 4, +1.51, -19.28, 34.0, 31.36, 0.0116, 0.14, [-1, -2, -1], 2.24
2022-10-10, Orderly Decline, 3, -1.80, -17.46, 34.7, 32.45, -0.0034, 0.12, [-3, -2, 0], 1.73
2022-10-11, Sharp Decline, 4, -5.33, -14.71, 36.7, 33.63, -0.0140, 0.12, [-4, -2, 0], 2.24
2022-10-12, Sharp Decline, 4, -5.45, -14.35, 37.7, 33.57, -0.0146, 0.11, [-4, -2, 0], 2.24
2022-10-13, Orderly Decline, 3, -1.99, -13.43, 48.5, 31.94, -0.0105, 0.11, [-3, 0, 0], 1.73
2022-10-14, Orderly Decline, 3, -1.55, -11.33, 45.6, 32.02, 0.0007, 0.10, [-3, 0, 0], 1.73
2022-10-17, Trend Pullback, 2, +1.81, -10.57, 51.7, 31.37, 0.0006, 0.09, [-1, 1, 0], 0.00
2022-10-18, Trend Pullback, 2, +3.65, -7.60, 50.1, 30.50, 0.0050, 0.08, [0, 1, 0], 1.00
2022-10-19, Trend Pullback, 2, +3.30, -4.38, 53.4, 30.76, 0.0080, 0.07, [0, 1, 0], 1.00
2022-10-20, Trend Pullback, 2, -0.11, -2.36, 55.1, 29.98, 0.0051, 0.07, [-2, 1, 0], 1.00
2022-10-21, Trend Pullback, 2, +4.74, -1.12, 54.7, 29.69, 0.0049, 0.07, [0, 1, 0], 1.00
2022-10-24, Steady Climb, 1, +3.25, +0.47, 50.4, 29.85, 0.0025, 0.08, [3, 1, 0], 2.24
2022-10-25, Steady Climb, 1, +3.74, +2.02, 54.9, 28.46, 0.0055, 0.09, [4, 1, 0], 2.83
2022-10-26, Steady Climb, 1, +3.67, +4.10, 55.7, 27.28, 0.0120, 0.09, [4, 1, -1], 3.61
2022-10-27, Steady Climb, 1, +3.86, +6.60, 62.4, 27.39, 0.0115, 0.10, [4, 1, -1], 3.61
2022-10-28, Steady Climb, 1, +3.95, +7.35, 69.4, 25.75, 0.0036, 0.10, [4, 2, 0], 3.00
2022-10-31, Steady Climb, 1, +1.97, +8.33, 68.9, 25.88, 0.0040, 0.11, [3, 2, 0], 2.45
2022-11-01, Steady Climb, 1, -0.08, +9.88, 68.5, 25.81, 0.0025, 0.11, [2, 2, 0], 2.24
2022-11-02, Trend Pullback, 2, -1.85, +12.69, 55.9, 25.86, 0.0031, 0.11, [1, 1, 0], 2.00
2022-11-03, Trend Pullback, 2, -2.30, +13.91, 59.6, 25.30, -0.0038, 0.11, [0, 1, 0], 1.00
2022-11-04, Trend Pullback, 2, -3.35, +13.98, 56.9, 24.55, -0.0126, 0.11, [0, 1, 1], 1.41
2022-11-07, Steady Climb, 1, -1.68, +13.15, 56.6, 24.35, -0.0089, 0.10, [1, 1, 1], 1.41
2022-11-08, Trend Pullback, 2, -0.73, +12.22, 60.1, 25.54, -0.0023, 0.10, [1, 1, 0], 2.00
2022-11-09, Steady Climb, 1, -0.30, +10.92, 55.8, 26.09, 0.0060, 0.09, [2, 1, 0], 2.00
2022-11-10, Steady Climb, 1, +6.36, +7.94, 62.3, 23.53, 0.0029, 0.09, [4, 1, 1], 2.24
2022-11-11, Steady Climb, 1, +5.90, +9.14, 61.9, 22.52, 0.0078, 0.09, [4, 1, 1], 2.24
2022-11-14, Steady Climb, 1, +3.95, +9.06, 56.2, 23.73, 0.0126, 0.09, [4, 1, 0], 2.83
2022-11-15, Steady Climb, 1, +4.27, +9.36, 60.1, 24.54, 0.0126, 0.10, [4, 1, 0], 2.83
2022-11-16, Steady Climb, 1, +5.61, +10.39, 59.3, 24.11, 0.0123, 0.10, [4, 1, 0], 2.83
2022-11-17, Steady Climb, 1, -0.25, +10.14, 53.1, 23.93, 0.0001, 0.09, [2, 1, 1], 1.00
2022-11-18, Steady Climb, 1, -0.69, +8.87, 56.5, 23.12, -0.0023, 0.09, [1, 1, 1], 1.41
2022-11-21, Steady Climb, 1, -0.18, +8.81, 56.5, 22.36, -0.0007, 0.09, [2, 1, 1], 1.00
2022-11-22, Steady Climb, 1, +0.30, +8.91, 68.1, 21.29, -0.0019, 0.09, [2, 2, 1], 1.41
2022-11-23, Steady Climb, 1, +1.73, +10.53, 73.3, 20.35, 0.0023, 0.10, [3, 2, 1], 1.73
2022-11-25, Steady Climb, 1, +2.02, +11.82, 71.0, 20.50, 0.0050, 0.10, [4, 2, 1], 2.45
2022-11-28, Steady Climb, 1, -0.04, +12.43, 62.4, 22.21, 0.0050, 0.10, [2, 1, 1], 1.00
2022-11-29, Steady Climb, 1, +0.19, +13.30, 60.4, 21.89, 0.0013, 0.10, [2, 1, 1], 1.00
2022-11-30, Steady Climb, 1, +1.91, +13.53, 75.0, 20.58, -0.0038, 0.11, [3, 2, 1], 1.73
2022-12-01, Steady Climb, 1, +1.22, +15.13, 63.1, 19.84, 0.0009, 0.11, [3, 1, 2], 1.00
2022-12-02, Steady Climb, 1, +1.13, +14.82, 59.2, 19.06, 0.0053, 0.10, [3, 1, 2], 1.00
2022-12-05, Steady Climb, 1, +0.88, +13.33, 54.5, 20.75, 0.0084, 0.09, [3, 1, 1], 1.41
2022-12-06, Steady Climb, 1, -0.41, +11.07, 44.8, 22.17, 0.0019, 0.08, [2, 0, 1], 1.41
2022-12-07, Trend Pullback, 2, -3.58, +8.23, 47.3, 22.68, -0.0090, 0.07, [0, 0, 1], 1.73
2022-12-08, Trend Pullback, 2, -2.77, +5.41, 51.8, 22.29, -0.0105, 0.05, [0, 1, 1], 1.41
2022-12-09, Trend Pullback, 2, -3.37, +1.59, 46.8, 22.83, -0.0071, 0.05, [0, 0, 1], 1.73
2022-12-12, Steady Climb, 1, -0.21, +0.32, 53.8, 25.00, -0.0027, 0.05, [1, 1, 1], 1.41
2022-12-13, Steady Climb, 1, +1.99, +0.47, 51.6, 22.55, 0.0025, 0.05, [2, 1, 1], 1.00
2022-12-14, Steady Climb, 1, +1.56, +0.46, 46.8, 21.14, 0.0050, 0.05, [2, 0, 1], 1.41
2022-12-15, Orderly Decline, 3, -1.71, +0.56, 39.2, 22.83, 0.0038, 0.05, [1, -2, 1], 3.16
2022-12-16, Orderly Decline, 3, -2.08, -1.28, 40.5, 22.62, -0.0019, 0.06, [-4, 0, 1], 2.24
2022-12-19, Orderly Decline, 3, -4.33, -3.85, 38.6, 22.42, -0.0105, 0.07, [-4, -2, 1], 2.24
2022-12-20, Orderly Decline, 3, -4.93, -6.47, 23.9, 21.48, -0.0143, 0.08, [-4, -2, 1], 2.24
2022-12-21, Orderly Decline, 3, -2.93, -9.06, 32.0, 20.07, -0.0110, 0.08, [-4, -2, 1], 2.24
2022-12-22, Orderly Decline, 3, -1.88, -9.79, 29.2, 21.97, -0.0017, 0.08, [-3, -2, 1], 1.41
2022-12-23, Orderly Decline, 3, -0.20, -10.77, 36.0, 20.87, 0.0000, 0.09, [-2, -2, 1], 1.00
2022-12-27, Orderly Decline, 3, +0.30, -11.13, 39.0, 21.65, 0.0014, 0.09, [-2, -2, 1], 1.00
2022-12-28, Orderly Decline, 3, -1.00, -12.42, 36.2, 22.14, -0.0005, 0.10, [-3, -2, 1], 1.41
2022-12-29, Orderly Decline, 3, -0.75, -14.27, 40.2, 21.44, -0.0048, 0.09, [-3, 0, 1], 1.41
2022-12-30, Orderly Decline, 3, +0.45, -12.98, 41.6, 21.67, -0.0002, 0.08, [-2, 0, 1], 1.00
2023-01-03, Orderly Decline, 3, -0.54, -11.54, 34.1, 22.90, 0.0002, 0.08, [-3, -2, 1], 1.41
2023-01-04, Orderly Decline, 3, +0.62, -10.04, 34.1, 22.01, 0.0012, 0.07, [-1, -2, 1], 1.41
2023-01-05, Orderly Decline, 3, +0.66, -8.90, 32.8, 22.46, 0.0030, 0.07, [-1, -2, 1], 1.41
2023-01-06, Trend Pullback, 2, +1.19, -9.10, 49.9, 21.13, -0.0018, 0.07, [-1, 0, 1], 1.41
2023-01-09, Trend Pullback, 2, +1.37, -7.97, 54.1, 21.97, 0.0024, 0.07, [-1, 1, 1], 1.00
2023-01-10, Trend Pullback, 2, +2.49, -6.35, 60.5, 20.58, 0.0045, 0.07, [0, 1, 1], 1.41
2023-01-11, Trend Pullback, 2, +3.03, -4.70, 64.0, 21.09, 0.0055, 0.07, [0, 1, 1], 1.41
2023-01-12, Steady Climb, 1, +4.60, -1.42, 60.8, 18.83, 0.0087, 0.06, [0, 1, 2], 2.00
2023-01-13, Steady Climb, 1, +2.67, +2.54, 69.8, 18.35, 0.0063, 0.06, [4, 2, 2], 2.24
2023-01-17, Steady Climb, 1, +2.54, +6.40, 66.9, 19.36, 0.0070, 0.07, [4, 2, 2], 2.24
2023-01-18, Steady Climb, 1, +0.25, +8.57, 60.4, 20.34, 0.0044, 0.07, [2, 1, 1], 1.00
2023-01-19, Steady Climb, 1, -1.78, +9.02, 62.5, 20.52, -0.0019, 0.07, [1, 1, 1], 1.41
2023-01-20, Steady Climb, 1, -0.27, +8.38, 63.1, 19.85, -0.0060, 0.07, [2, 1, 2], 0.00
2023-01-23, Steady Climb, 1, +0.52, +8.74, 67.8, 19.81, -0.0036, 0.07, [3, 2, 2], 1.41
2023-01-24, Steady Climb, 1, +0.65, +10.44, 69.5, 19.20, 0.0025, 0.08, [3, 2, 2], 1.41
2023-01-25, Steady Climb, 1, +2.22, +11.00, 67.5, 19.08, 0.0074, 0.08, [4, 2, 2], 2.24
2023-01-26, Steady Climb, 1, +4.14, +11.61, 77.1, 18.73, 0.0069, 0.08, [4, 2, 2], 2.24
2023-01-27, Steady Climb, 1, +2.47, +12.35, 72.5, 18.51, 0.0042, 0.08, [4, 2, 2], 2.24
2023-01-30, Steady Climb, 1, -0.05, +12.16, 64.3, 19.94, 0.0036, 0.08, [2, 1, 2], 0.00
2023-01-31, Steady Climb, 1, +1.48, +11.83, 66.7, 19.40, 0.0014, 0.08, [3, 2, 2], 1.41
2023-02-01, Steady Climb, 1, +2.56, +11.93, 66.2, 17.87, 0.0019, 0.08, [4, 2, 2], 2.24
2023-02-02, Steady Climb, 1, +2.94, +12.04, 69.3, 18.73, 0.0030, 0.09, [4, 2, 2], 2.24
2023-02-03, Steady Climb, 1, +1.62, +13.02, 62.8, 18.33, 0.0077, 0.08, [3, 1, 2], 1.00
2023-02-06, Steady Climb, 1, +2.32, +12.19, 60.8, 19.43, 0.0083, 0.08, [4, 1, 2], 2.00
2023-02-07, Steady Climb, 1, +2.14, +11.88, 71.6, 18.66, 0.0021, 0.08, [4, 2, 2], 2.24
2023-02-08, Steady Climb, 1, -0.03, +11.95, 69.5, 19.63, 0.0005, 0.08, [2, 2, 2], 1.00
2023-02-09, Trend Pullback, 2, -2.35, +11.37, 60.4, 20.71, -0.0024, 0.08, [0, 1, 1], 1.41
2023-02-10, Steady Climb, 1, -1.11, +10.78, 57.3, 20.53, -0.0025, 0.07, [1, 1, 1], 1.41
2023-02-13, Steady Climb, 1, +0.64, +10.36, 61.4, 20.34, -0.0030, 0.08, [3, 1, 1], 1.41
2023-02-14, Steady Climb, 1, -0.67, +10.70, 61.3, 18.91, -0.0020, 0.08, [1, 1, 2], 1.00
2023-02-15, Steady Climb, 1, +0.72, +10.69, 58.8, 18.23, 0.0022, 0.07, [3, 1, 2], 1.00
2023-02-16, Steady Climb, 1, +0.22, +9.64, 51.8, 20.17, 0.0043, 0.06, [2, 1, 1], 1.00
2023-02-17, Steady Climb, 1, -0.28, +6.97, 56.1, 20.02, 0.0003, 0.05, [2, 1, 1], 1.00
2023-02-21, Trend Pullback, 2, -3.38, +5.02, 42.5, 22.87, -0.0041, 0.05, [0, 0, 1], 1.73
2023-02-22, Orderly Decline, 3, -3.51, +2.48, 36.9, 22.29, -0.0087, 0.05, [0, -2, 1], 2.24
2023-02-23, Orderly Decline, 3, -3.26, -0.16, 31.4, 21.14, -0.0101, 0.05, [-2, -2, 1], 1.00
2023-02-24, Orderly Decline, 3, -2.94, -2.46, 31.5, 21.67, -0.0062, 0.06, [-4, -2, 1], 2.24
2023-02-27, Orderly Decline, 3, -2.37, -4.67, 35.2, 20.95, -0.0051, 0.06, [-4, -2, 1], 2.24
2023-02-28, Orderly Decline, 3, -0.68, -6.40, 25.5, 20.70, -0.0013, 0.07, [-3, -2, 1], 1.41
2023-03-01, Orderly Decline, 3, -0.99, -9.01, 27.4, 20.58, -0.0018, 0.07, [-3, -2, 1], 1.41
2023-03-02, Orderly Decline, 3, -0.77, -10.89, 36.1, 19.59, -0.0031, 0.07, [-3, -2, 2], 1.73
2023-03-03, Orderly Decline, 3, +1.90, -11.48, 44.6, 18.49, -0.0002, 0.07, [-1, 0, 2], 1.73
2023-03-06, Orderly Decline, 3, +1.66, -9.98, 38.1, 18.61, 0.0034, 0.07, [-1, -2, 2], 1.73
2023-03-07, Orderly Decline, 3, +0.41, -8.93, 32.7, 19.59, 0.0063, 0.07, [-2, -2, 2], 1.41
2023-03-08, Orderly Decline, 3, +1.03, -9.03, 31.8, 19.11, 0.0034, 0.06, [-1, -2, 2], 1.73
2023-03-09, Orderly Decline, 3, -1.58, -8.03, 30.6, 22.61, -0.0010, 0.07, [-3, -2, 1], 1.41
2023-03-10, Orderly Decline, 3, -4.55, -8.56, 27.8, 24.80, -0.0081, 0.08, [-4, -2, 1], 2.24
2023-03-13, Sharp Decline, 4, -4.76, -10.16, 32.9, 26.52, -0.0115, 0.08, [-4, -2, 0], 2.24
2023-03-14, Orderly Decline, 3, -1.68, -11.38, 42.4, 23.73, -0.0100, 0.08, [-3, 0, 1], 1.41
2023-03-15, Sharp Decline, 4, -2.51, -10.60, 37.4, 26.14, -0.0053, 0.07, [-4, -2, 0], 2.24
2023-03-16, Trend Pullback, 2, +1.07, -9.90, 49.0, 22.99, 0.0001, 0.06, [-1, 0, 1], 1.41
2023-03-17, Trend Pullback, 2, +1.43, -7.67, 43.9, 25.51, 0.0060, 0.06, [-1, 0, 0], 1.00
2023-03-20, Trend Pullback, 2, +2.48, -6.69, 48.3, 24.15, 0.0041, 0.05, [0, 0, 1], 1.73
2023-03-21, Trend Pullback, 2, +2.13, -5.13, 54.4, 21.38, 0.0022, 0.05, [0, 1, 1], 1.41
2023-03-22, Trend Pullback, 2, +1.16, -3.93, 46.5, 22.26, 0.0054, 0.05, [-1, 0, 1], 1.41
2023-03-23, Orderly Decline, 3, -0.29, -3.78, 41.5, 22.61, 0.0010, 0.05, [-2, 0, 1], 1.00
2023-03-24, Trend Pullback, 2, +1.39, -3.05, 43.5, 21.74, 0.0012, 0.05, [-1, 0, 1], 1.41
2023-03-27, Trend Pullback, 2, +0.66, -2.57, 49.2, 20.60, -0.0004, 0.05, [-1, 0, 1], 1.41
2023-03-28, Orderly Decline, 3, -0.79, -1.81, 48.1, 19.97, -0.0004, 0.05, [-3, 0, 2], 1.73
2023-03-29, Steady Climb, 1, +2.31, -1.32, 60.5, 19.12, 0.0024, 0.05, [0, 1, 2], 2.00
2023-03-30, Steady Climb, 1, +2.59, -0.32, 69.4, 19.02, 0.0039, 0.06, [1, 2, 2], 1.41
2023-03-31, Steady Climb, 1, +3.48, +1.37, 73.5, 18.70, 0.0051, 0.06, [4, 2, 2], 2.24
2023-04-03, Steady Climb, 1, +3.70, +4.80, 70.9, 18.55, 0.0083, 0.07, [4, 2, 2], 2.24
2023-04-04, Steady Climb, 1, +3.26, +8.40, 71.4, 19.00, 0.0095, 0.08, [4, 2, 2], 2.24
2023-04-05, Steady Climb, 1, +1.55, +10.56, 65.1, 19.08, 0.0054, 0.08, [3, 2, 2], 1.41
2023-04-06, Steady Climb, 1, +1.34, +12.49, 73.5, 18.40, 0.0017, 0.08, [3, 2, 2], 1.41
2023-04-10, Steady Climb, 1, -0.00, +13.33, 71.3, 18.97, -0.0010, 0.08, [2, 2, 2], 1.00
2023-04-11, Steady Climb, 1, -0.38, +13.04, 66.6, 19.10, -0.0006, 0.08, [2, 2, 2], 1.00
2023-04-12, Steady Climb, 1, -0.21, +12.29, 78.7, 19.09, 0.0009, 0.08, [2, 2, 2], 1.00
2023-04-13, Steady Climb, 1, +1.37, +11.91, 81.6, 17.80, 0.0002, 0.08, [3, 2, 2], 1.41
2023-04-14, Steady Climb, 1, +0.79, +11.62, 77.9, 17.07, 0.0016, 0.08, [3, 2, 2], 1.41
2023-04-17, Steady Climb, 1, +1.03, +11.91, 78.4, 16.95, 0.0023, 0.07, [3, 2, 2], 1.41
2023-04-18, Steady Climb, 1, +1.12, +11.43, 80.3, 16.83, 0.0031, 0.07, [3, 2, 2], 1.41
2023-04-19, Steady Climb, 1, +1.53, +11.20, 75.6, 16.46, 0.0032, 0.07, [3, 2, 2], 1.41
2023-04-20, Steady Climb, 1, -0.40, +11.48, 65.9, 17.17, 0.0008, 0.07, [2, 2, 2], 1.00
2023-04-21, Steady Climb, 1, -0.10, +10.13, 56.2, 16.77, -0.0003, 0.06, [2, 1, 2], 0.00
2023-04-24, Steady Climb, 1, -0.34, +8.73, 53.4, 16.89, -0.0015, 0.05, [2, 1, 2], 0.00
2023-04-25, Steady Climb, 1, -2.00, +7.45, 43.5, 18.76, -0.0014, 0.05, [0, 0, 2], 2.24
2023-04-26, Steady Climb, 1, -2.37, +5.09, 42.5, 18.84, -0.0039, 0.04, [0, 0, 2], 2.24
2023-04-27, Steady Climb, 1, +0.13, +2.27, 55.2, 17.03, -0.0051, 0.03, [2, 1, 2], 0.00
2023-04-28, Steady Climb, 1, +0.87, +1.35, 59.3, 15.78, -0.0019, 0.03, [3, 1, 3], 1.41
2023-05-01, Steady Climb, 1, +0.75, +1.12, 59.1, 16.08, 0.0031, 0.03, [3, 1, 2], 1.00
2023-05-02, Steady Climb, 1, +1.18, +1.61, 53.9, 17.78, 0.0074, 0.03, [3, 1, 2], 1.00
2023-05-03, Steady Climb, 1, +0.86, +1.56, 41.6, 18.34, 0.0039, 0.03, [3, 0, 2], 1.41
2023-05-04, Orderly Decline, 3, -1.79, +0.73, 39.2, 20.09, -0.0034, 0.03, [1, -2, 1], 3.16
2023-05-05, Orderly Decline, 3, -0.80, -0.67, 48.2, 17.19, -0.0071, 0.03, [-3, 0, 2], 1.73
2023-05-08, Orderly Decline, 3, -0.71, -0.72, 48.0, 16.98, -0.0029, 0.03, [-3, 0, 2], 1.73
2023-05-09, Orderly Decline, 3, -0.01, -0.73, 45.9, 17.71, 0.0020, 0.03, [-2, 0, 2], 1.41
2023-05-10, Trend Pullback, 2, +1.15, -1.06, 50.9, 16.94, 0.0032, 0.03, [-1, 1, 2], 2.00
2023-05-11, Orderly Decline, 3, +1.71, -1.40, 49.7, 16.93, 0.0033, 0.03, [-1, 0, 2], 1.73
2023-05-12, Orderly Decline, 3, -0.29, -1.06, 48.5, 17.03, -0.0003, 0.03, [-2, 0, 2], 1.41
2023-05-15, Trend Pullback, 2, -0.04, -0.92, 58.6, 17.12, -0.0004, 0.03, [-2, 1, 2], 2.24
2023-05-16, Trend Pullback, 2, -0.23, -0.37, 56.9, 17.99, 0.0005, 0.03, [-1, 1, 2], 2.00
2023-05-17, Steady Climb, 1, +0.51, -0.12, 53.3, 16.87, -0.0012, 0.03, [1, 1, 2], 1.00
2023-05-18, Steady Climb, 1, +1.63, +0.89, 53.9, 16.05, 0.0010, 0.03, [3, 1, 2], 1.00
2023-05-19, Steady Climb, 1, +1.65, +2.06, 53.3, 16.81, 0.0041, 0.04, [3, 1, 2], 1.00
2023-05-22, Steady Climb, 1, +1.36, +3.11, 61.4, 17.21, 0.0048, 0.04, [3, 1, 2], 1.00
2023-05-23, Steady Climb, 1, +0.87, +4.13, 58.1, 18.53, 0.0048, 0.04, [3, 1, 2], 1.00
2023-05-24, Steady Climb, 1, -1.05, +3.36, 58.0, 20.03, -0.0008, 0.03, [1, 1, 1], 1.41
2023-05-25, Steady Climb, 1, -1.11, +1.80, 52.5, 19.14, -0.0051, 0.03, [1, 1, 2], 1.00
2023-05-26, Steady Climb, 1, +0.32, +1.92, 59.6, 17.95, -0.0038, 0.04, [2, 1, 2], 0.00
2023-05-30, Steady Climb, 1, +0.31, +3.33, 63.0, 17.46, 0.0007, 0.04, [2, 1, 2], 0.00
2023-05-31, Steady Climb, 1, +0.83, +4.66, 56.2, 17.94, 0.0050, 0.04, [3, 1, 2], 1.00
2023-06-01, Steady Climb, 1, +2.57, +4.81, 62.1, 15.65, 0.0043, 0.04, [4, 1, 3], 2.24
2023-06-02, Steady Climb, 1, +3.16, +4.99, 68.4, 14.60, 0.0027, 0.04, [4, 2, 3], 2.45
2023-06-05, Steady Climb, 1, +1.63, +5.39, 66.1, 14.73, 0.0040, 0.05, [3, 2, 3], 1.73
2023-06-06, Steady Climb, 1, +1.86, +6.52, 71.2, 13.96, 0.0056, 0.05, [3, 2, 3], 1.73
2023-06-07, Steady Climb, 1, +2.10, +7.62, 64.4, 13.94, 0.0061, 0.05, [4, 1, 3], 2.24
2023-06-08, Steady Climb, 1, +1.73, +7.97, 63.2, 13.65, 0.0022, 0.06, [3, 1, 3], 1.41
2023-06-09, Steady Climb, 1, +0.39, +8.76, 64.7, 13.83, 0.0004, 0.06, [2, 1, 3], 1.00
2023-06-12, Steady Climb, 1, +1.52, +9.27, 68.2, 15.01, 0.0014, 0.06, [3, 2, 3], 1.73
2023-06-13, Steady Climb, 1, +1.99, +10.00, 79.0, 14.61, 0.0032, 0.07, [3, 2, 3], 1.73
2023-06-14, Steady Climb, 1, +2.46, +11.04, 85.9, 13.88, 0.0057, 0.07, [4, 2, 3], 2.45
2023-06-15, Steady Climb, 1, +3.07, +11.35, 86.5, 14.50, 0.0051, 0.08, [4, 2, 3], 2.45
2023-06-16, Steady Climb, 1, +2.58, +12.81, 80.2, 13.54, 0.0065, 0.08, [4, 2, 3], 2.45
2023-06-20, Steady Climb, 1, +1.15, +14.24, 75.5, 13.88, 0.0045, 0.09, [3, 2, 3], 1.73
2023-06-21, Steady Climb, 1, -0.08, +14.97, 76.1, 13.20, 0.0018, 0.09, [2, 2, 3], 1.41
2023-06-22, Steady Climb, 1, +0.21, +15.09, 74.3, 12.91, -0.0012, 0.08, [2, 2, 3], 1.41
2023-06-23, Steady Climb, 1, -1.75, +14.43, 60.9, 13.44, -0.0030, 0.07, [1, 1, 3], 1.41
2023-06-26, Steady Climb, 1, -1.83, +12.45, 58.8, 14.25, -0.0030, 0.07, [1, 1, 3], 1.41
2023-06-27, Steady Climb, 1, -0.23, +10.42, 63.4, 13.74, -0.0031, 0.06, [2, 1, 3], 1.00
2023-06-28, Steady Climb, 1, +0.26, +9.69, 66.1, 13.43, -0.0006, 0.06, [2, 2, 3], 1.41
2023-06-29, Steady Climb, 1, +0.33, +8.67, 65.4, 13.54, 0.0005, 0.05, [2, 2, 3], 1.41
2023-06-30, Steady Climb, 1, +2.35, +7.27, 69.9, 13.59, 0.0032, 0.05, [4, 2, 3], 2.45
2023-07-03, Steady Climb, 1, +2.93, +6.96, 66.8, 13.57, 0.0059, 0.05, [4, 2, 3], 2.45
2023-07-05, Steady Climb, 1, +1.56, +7.35, 62.0, 14.18, 0.0051, 0.05, [3, 1, 3], 1.41
2023-07-06, Steady Climb, 1, +0.79, +7.23, 55.5, 15.44, 0.0045, 0.05, [3, 1, 3], 1.41
2023-07-07, Steady Climb, 1, +0.06, +6.49, 45.7, 14.83, 0.0006, 0.04, [2, 0, 3], 1.41
2023-07-10, Steady Climb, 1, -0.92, +5.13, 50.0, 15.07, -0.0033, 0.04, [1, 0, 3], 1.73
2023-07-11, Steady Climb, 1, -0.37, +4.14, 57.9, 14.84, -0.0032, 0.03, [2, 1, 3], 1.00
2023-07-12, Steady Climb, 1, +0.57, +3.47, 66.2, 13.54, -0.0004, 0.03, [3, 2, 3], 1.73
2023-07-13, Steady Climb, 1, +2.23, +3.70, 68.3, 13.61, 0.0036, 0.04, [4, 2, 3], 2.45
2023-07-14, Steady Climb, 1, +2.42, +4.74, 74.4, 13.34, 0.0063, 0.04, [4, 2, 3], 2.45
2023-07-17, Steady Climb, 1, +2.57, +5.56, 80.3, 13.48, 0.0058, 0.05, [4, 2, 3], 2.45
2023-07-18, Steady Climb, 1, +2.61, +7.27, 79.2, 13.30, 0.0044, 0.06, [4, 2, 3], 2.45
2023-07-19, Steady Climb, 1, +2.09, +9.04, 80.3, 13.76, 0.0039, 0.06, [4, 2, 3], 2.45
2023-07-20, Steady Climb, 1, +0.55, +10.41, 71.5, 13.99, 0.0035, 0.06, [3, 2, 3], 1.73
2023-07-21, Steady Climb, 1, +0.69, +10.72, 65.9, 13.60, 0.0022, 0.06, [3, 2, 3], 1.73
2023-07-24, Steady Climb, 1, +0.70, +11.04, 67.5, 13.91, 0.0002, 0.06, [3, 2, 3], 1.73
2023-07-25, Steady Climb, 1, +0.27, +10.87, 71.0, 13.86, -0.0007, 0.06, [2, 2, 3], 1.41
2023-07-26, Steady Climb, 1, +0.02, +10.26, 80.7, 13.19, 0.0005, 0.06, [2, 2, 3], 1.41
2023-07-27, Steady Climb, 1, +0.06, +10.06, 75.7, 14.41, 0.0021, 0.05, [2, 2, 3], 1.41
2023-07-28, Steady Climb, 1, +1.01, +9.14, 78.4, 13.33, 0.0003, 0.05, [3, 2, 3], 1.73
2023-07-31, Steady Climb, 1, +0.75, +8.92, 76.7, 13.63, 0.0005, 0.05, [3, 2, 3], 1.73
2023-08-01, Steady Climb, 1, +0.20, +9.37, 70.1, 13.93, 0.0013, 0.06, [2, 2, 3], 1.41
2023-08-02, Steady Climb, 1, -1.17, +9.53, 50.6, 16.09, 0.0016, 0.05, [1, 1, 2], 1.00
2023-08-03, Steady Climb, 1, -0.78, +8.45, 49.4, 15.92, -0.0012, 0.05, [1, 0, 3], 1.73
2023-08-04, Steady Climb, 1, -2.27, +6.56, 42.5, 17.10, -0.0053, 0.04, [0, 0, 2], 2.24
2023-08-07, Steady Climb, 1, -1.54, +3.99, 44.1, 15.77, -0.0066, 0.04, [1, 0, 3], 1.73
2023-08-08, Steady Climb, 1, -1.69, +2.04, 39.5, 15.99, -0.0034, 0.03, [1, -2, 3], 3.32
2023-08-09, Orderly Decline, 3, -1.01, +0.13, 39.4, 15.96, -0.0003, 0.03, [-1, -2, 3], 2.45
2023-08-10, Orderly Decline, 3, -0.73, -1.80, 39.3, 15.85, -0.0011, 0.03, [-3, -2, 3], 2.45
2023-08-11, Orderly Decline, 3, -0.31, -3.12, 35.0, 14.84, -0.0015, 0.04, [-2, -2, 3], 2.24
2023-08-14, Orderly Decline, 3, -0.64, -4.51, 37.7, 14.82, -0.0031, 0.04, [-3, -2, 3], 2.45
2023-08-15, Orderly Decline, 3, -1.37, -5.20, 32.4, 16.46, -0.0005, 0.04, [-3, -2, 2], 1.73
2023-08-16, Orderly Decline, 3, -1.42, -6.07, 32.0, 16.78, -0.0009, 0.05, [-3, -2, 2], 1.73
2023-08-17, Orderly Decline, 3, -2.20, -7.08, 20.6, 17.89, -0.0036, 0.05, [-4, -2, 2], 2.45
2023-08-18, Orderly Decline, 3, -2.11, -8.82, 19.0, 17.30, -0.0062, 0.06, [-4, -2, 2], 2.45
2023-08-21, Orderly Decline, 3, -2.00, -10.29, 26.2, 17.13, -0.0070, 0.06, [-4, -2, 2], 2.45
2023-08-22, Orderly Decline, 3, -1.13, -10.80, 30.4, 16.97, -0.0025, 0.06, [-3, -2, 2], 1.73
2023-08-23, Orderly Decline, 3, +0.72, -11.04, 40.8, 15.98, -0.0001, 0.06, [-1, 0, 3], 2.45
2023-08-24, Orderly Decline, 3, +0.14, -10.34, 37.1, 17.20, 0.0034, 0.06, [-2, -2, 2], 1.41
2023-08-25, Orderly Decline, 3, +0.82, -10.75, 35.3, 15.68, 0.0011, 0.06, [-1, -2, 3], 2.45
2023-08-28, Orderly Decline, 3, +0.76, -9.79, 41.5, 15.08, 0.0000, 0.05, [-1, 0, 3], 2.45
2023-08-29, Steady Climb, 1, +2.51, -8.07, 53.5, 14.45, 0.0014, 0.05, [0, 1, 3], 2.24
2023-08-30, Trend Pullback, 2, +1.78, -5.39, 55.2, 13.88, 0.0040, 0.05, [-1, 1, 3], 3.00
2023-08-31, Steady Climb, 1, +3.00, -3.34, 54.9, 13.57, 0.0082, 0.05, [0, 1, 3], 2.24
2023-09-01, Steady Climb, 1, +2.50, -1.58, 53.1, 13.09, 0.0063, 0.05, [0, 1, 3], 2.24
2023-09-05, Steady Climb, 1, +1.43, -0.09, 57.5, 14.01, 0.0039, 0.05, [1, 1, 3], 1.41
2023-09-06, Steady Climb, 1, -0.71, +1.72, 57.9, 14.45, -0.0000, 0.05, [1, 1, 3], 1.41
2023-09-07, Steady Climb, 1, -1.41, +2.80, 60.9, 14.40, -0.0025, 0.04, [1, 1, 3], 1.41
2023-09-08, Steady Climb, 1, -1.11, +3.24, 61.7, 13.84, -0.0037, 0.04, [1, 1, 3], 1.41
2023-09-11, Steady Climb, 1, -0.63, +3.80, 61.7, 13.80, -0.0036, 0.05, [1, 1, 3], 1.41
2023-09-12, Steady Climb, 1, -0.78, +4.74, 59.6, 14.23, -0.0006, 0.04, [1, 1, 3], 1.41
2023-09-13, Steady Climb, 1, +0.04, +5.68, 54.5, 13.48, 0.0007, 0.04, [2, 1, 3], 1.00
2023-09-14, Steady Climb, 1, +1.21, +5.92, 69.9, 12.82, 0.0008, 0.05, [3, 2, 3], 1.73
2023-09-15, Steady Climb, 1, -0.16, +6.12, 56.4, 13.79, 0.0017, 0.04, [2, 1, 3], 1.00
2023-09-18, Steady Climb, 1, -0.76, +4.86, 53.1, 14.00, -0.0007, 0.04, [1, 1, 3], 1.41
2023-09-19, Steady Climb, 1, -0.40, +3.51, 40.1, 14.11, -0.0008, 0.04, [2, 0, 3], 1.41
2023-09-20, Steady Climb, 1, -1.46, +2.37, 30.9, 15.14, -0.0022, 0.04, [1, -2, 3], 3.32
2023-09-21, Orderly Decline, 3, -3.89, +0.38, 25.3, 17.54, -0.0049, 0.04, [-1, -2, 2], 1.73
2023-09-22, Orderly Decline, 3, -2.93, -1.90, 22.9, 17.20, -0.0068, 0.05, [-4, -2, 2], 2.45
2023-09-25, Orderly Decline, 3, -2.61, -5.11, 27.8, 16.90, -0.0088, 0.05, [-4, -2, 2], 2.45
2023-09-26, Orderly Decline, 3, -3.83, -7.52, 25.5, 18.94, -0.0069, 0.06, [-4, -2, 2], 2.45
2023-09-27, Orderly Decline, 3, -2.90, -10.30, 26.7, 18.22, -0.0058, 0.07, [-4, -2, 2], 2.45
2023-09-28, Orderly Decline, 3, -0.70, -11.81, 30.2, 17.34, -0.0037, 0.07, [-3, -2, 2], 1.73
2023-09-29, Orderly Decline, 3, -0.74, -12.36, 23.7, 17.52, -0.0024, 0.08, [-3, -2, 2], 1.73
2023-10-02, Orderly Decline, 3, -1.13, -12.86, 25.5, 17.61, -0.0017, 0.08, [-3, -2, 2], 1.73
2023-10-03, Orderly Decline, 3, -1.03, -12.90, 20.8, 19.78, 0.0010, 0.08, [-3, -2, 2], 1.73
2023-10-04, Orderly Decline, 3, -0.25, -13.74, 20.1, 18.58, -0.0024, 0.08, [-2, -2, 2], 1.41
2023-10-05, Orderly Decline, 3, -0.97, -14.18, 22.9, 18.49, -0.0031, 0.08, [-3, -2, 2], 1.73
2023-10-06, Orderly Decline, 3, +0.48, -14.63, 32.0, 17.45, -0.0020, 0.08, [-2, -2, 2], 1.41
2023-10-09, Orderly Decline, 3, +1.10, -13.96, 37.1, 17.70, 0.0016, 0.08, [-1, -2, 2], 1.73
2023-10-10, Steady Climb, 1, +3.05, -12.21, 44.5, 17.03, 0.0059, 0.07, [0, 0, 2], 2.24
2023-10-11, Steady Climb, 1, +2.65, -10.32, 56.8, 16.09, 0.0061, 0.07, [0, 1, 2], 2.00
2023-10-12, Steady Climb, 1, +2.15, -7.91, 54.1, 16.69, 0.0066, 0.06, [0, 1, 2], 2.00
2023-10-13, Orderly Decline, 3, +0.45, -5.16, 48.7, 19.32, 0.0029, 0.06, [-2, 0, 2], 1.41
2023-10-16, Trend Pullback, 2, +0.88, -3.36, 64.3, 17.21, -0.0006, 0.05, [-1, 1, 2], 2.00
2023-10-17, Trend Pullback, 2, +0.34, -0.66, 64.1, 17.88, -0.0004, 0.04, [-2, 1, 2], 2.24
2023-10-18, Steady Climb, 1, -1.42, +2.00, 51.9, 19.22, 0.0004, 0.04, [1, 1, 2], 1.00
2023-10-19, Steady Climb, 1, -1.65, +3.26, 48.8, 21.40, -0.0006, 0.04, [1, 0, 1], 1.73
2023-10-20, Trend Pullback, 2, -2.39, +3.00, 43.0, 21.71, -0.0038, 0.04, [0, 0, 1], 1.73
2023-10-23, Trend Pullback, 2, -3.58, +1.89, 48.5, 20.37, -0.0093, 0.05, [0, 0, 1], 1.73
2023-10-24, Steady Climb, 1, -2.87, +1.09, 48.0, 18.97, -0.0095, 0.05, [0, 0, 2], 2.24
2023-10-25, Orderly Decline, 3, -2.96, -0.09, 42.3, 20.19, -0.0047, 0.05, [-2, 0, 1], 1.00
2023-10-26, Orderly Decline, 3, -3.29, -2.09, 31.4, 20.68, -0.0038, 0.06, [-4, -2, 1], 2.24
2023-10-27, Orderly Decline, 3, -2.53, -4.27, 26.0, 21.27, -0.0050, 0.07, [-4, -2, 1], 2.24
2023-10-30, Orderly Decline, 3, -1.19, -6.67, 30.1, 19.75, -0.0074, 0.08, [-3, -2, 2], 1.73
2023-10-31, Orderly Decline, 3, -1.27, -8.11, 31.3, 18.14, -0.0055, 0.08, [-3, -2, 2], 1.73
2023-11-01, Orderly Decline, 3, +1.22, -9.90, 39.0, 16.87, 0.0010, 0.08, [-1, -2, 2], 1.73
2023-11-02, Steady Climb, 1, +4.36, -10.47, 49.1, 15.66, 0.0064, 0.08, [0, 0, 3], 2.45
2023-11-03, Steady Climb, 1, +5.85, -9.95, 48.6, 14.91, 0.0108, 0.08, [0, 0, 2], 2.24
2023-11-06, Steady Climb, 1, +4.78, -8.15, 49.4, 14.89, 0.0116, 0.08, [0, 0, 2], 2.24
2023-11-07, Steady Climb, 1, +4.40, -5.88, 56.1, 14.81, 0.0106, 0.08, [0, 1, 2], 2.00
2023-11-08, Steady Climb, 1, +3.42, -3.12, 60.8, 14.45, 0.0075, 0.08, [0, 1, 3], 2.24
2023-11-09, Steady Climb, 1, +0.68, -0.04, 63.1, 15.29, 0.0035, 0.08, [1, 1, 3], 1.41
2023-11-10, Steady Climb, 1, +1.31, +2.10, 68.7, 14.17, -0.0001, 0.09, [3, 2, 3], 1.73
2023-11-13, Steady Climb, 1, +1.04, +4.87, 66.3, 14.76, 0.0015, 0.09, [3, 2, 3], 1.73
2023-11-14, Steady Climb, 1, +2.68, +8.18, 79.4, 14.16, 0.0022, 0.10, [4, 2, 3], 2.45
2023-11-15, Steady Climb, 1, +2.74, +12.62, 87.8, 14.18, 0.0064, 0.11, [4, 2, 3], 2.45
2023-11-16, Steady Climb, 1, +3.70, +16.06, 91.7, 14.32, 0.0087, 0.11, [4, 2, 3], 2.45
2023-11-17, Steady Climb, 1, +2.24, +18.71, 90.8, 13.80, 0.0061, 0.12, [4, 2, 3], 2.45
2023-11-20, Steady Climb, 1, +3.08, +20.25, 90.9, 13.41, 0.0048, 0.13, [4, 2, 3], 2.45
2023-11-21, Steady Climb, 1, +0.95, +21.72, 87.8, 13.35, 0.0025, 0.13, [3, 2, 3], 1.73
2023-11-22, Steady Climb, 1, +1.19, +23.04, 85.6, 12.85, 0.0024, 0.13, [3, 2, 3], 1.73
2023-11-24, Steady Climb, 1, +1.13, +23.23, 83.8, 12.46, 0.0027, 0.12, [3, 2, 3], 1.73
2023-11-27, Steady Climb, 1, +0.81, +22.12, 80.9, 12.69, 0.0022, 0.11, [3, 2, 3], 1.73
2023-11-28, Steady Climb, 1, +0.17, +19.93, 80.3, 12.69, 0.0006, 0.10, [2, 2, 3], 1.41
2023-11-29, Steady Climb, 1, +0.27, +17.94, 78.8, 12.98, 0.0006, 0.09, [2, 2, 3], 1.41
2023-11-30, Steady Climb, 1, +0.25, +15.73, 90.4, 12.92, -0.0004, 0.08, [2, 2, 3], 1.41
2023-12-01, Steady Climb, 1, +0.77, +13.92, 88.7, 12.63, 0.0004, 0.07, [3, 2, 3], 1.73
2023-12-04, Steady Climb, 1, +0.43, +13.26, 81.3, 13.08, 0.0022, 0.07, [2, 2, 3], 1.41
2023-12-05, Steady Climb, 1, +0.27, +12.47, 70.9, 12.85, 0.0016, 0.07, [2, 2, 3], 1.41
2023-12-06, Steady Climb, 1, -0.03, +11.45, 62.8, 12.97, 0.0008, 0.06, [2, 1, 3], 1.00
2023-12-07, Steady Climb, 1, +0.39, +10.06, 68.2, 13.06, -0.0014, 0.06, [2, 2, 3], 1.41
2023-12-08, Steady Climb, 1, +0.21, +9.01, 70.0, 12.35, -0.0008, 0.05, [2, 2, 3], 1.41
2023-12-11, Steady Climb, 1, +1.15, +7.36, 67.8, 12.63, 0.0019, 0.04, [3, 2, 3], 1.73
2023-12-12, Steady Climb, 1, +1.68, +6.65, 73.7, 12.07, 0.0036, 0.03, [3, 2, 3], 1.73
2023-12-13, Steady Climb, 1, +3.47, +5.88, 78.1, 12.19, 0.0048, 0.04, [4, 2, 3], 2.45
2023-12-14, Steady Climb, 1, +2.92, +6.99, 78.9, 12.48, 0.0060, 0.05, [4, 2, 3], 2.45
2023-12-15, Steady Climb, 1, +2.49, +8.07, 81.4, 12.28, 0.0067, 0.05, [4, 2, 3], 2.45
2023-12-18, Steady Climb, 1, +2.56, +8.91, 82.5, 12.56, 0.0057, 0.06, [4, 2, 3], 2.45
2023-12-19, Steady Climb, 1, +2.68, +9.83, 85.2, 12.53, 0.0043, 0.07, [4, 2, 3], 2.45
2023-12-20, Steady Climb, 1, -0.19, +11.33, 68.0, 13.67, 0.0031, 0.07, [2, 2, 3], 1.41
2023-12-21, Steady Climb, 1, +0.58, +11.35, 69.8, 13.65, 0.0001, 0.07, [3, 2, 3], 1.73
2023-12-22, Steady Climb, 1, +0.75, +12.12, 75.2, 13.03, 0.0003, 0.07, [3, 2, 3], 1.73
2023-12-26, Steady Climb, 1, +0.72, +12.75, 77.0, 12.99, 0.0001, 0.07, [3, 2, 3], 1.73
2023-12-27, Steady Climb, 1, +0.28, +13.24, 81.1, 12.43, 0.0014, 0.07, [2, 2, 3], 1.41
2023-12-28, Steady Climb, 1, +1.81, +13.56, 79.2, 12.47, 0.0041, 0.07, [3, 2, 3], 1.73
2023-12-29, Steady Climb, 1, +0.49, +13.50, 74.8, 12.45, 0.0021, 0.07, [2, 2, 3], 1.41
2024-01-02, Steady Climb, 1, -0.25, +13.16, 67.6, 13.20, 0.0008, 0.07, [2, 2, 3], 1.41
2024-01-03, Steady Climb, 1, -1.46, +12.56, 58.5, 14.04, -0.0016, 0.06, [1, 1, 3], 1.41
2024-01-04, Steady Climb, 1, -1.94, +10.80, 47.1, 14.13, -0.0041, 0.06, [1, 0, 3], 1.73
2024-01-05, Steady Climb, 1, -1.80, +8.56, 46.4, 13.35, -0.0054, 0.05, [1, 0, 3], 1.73
2024-01-08, Steady Climb, 1, -0.13, +5.98, 55.9, 13.08, -0.0042, 0.04, [2, 1, 3], 1.00
2024-01-09, Steady Climb, 1, +0.29, +4.70, 52.2, 12.76, 0.0007, 0.04, [2, 1, 3], 1.00
2024-01-10, Steady Climb, 1, +1.67, +3.35, 52.1, 12.69, 0.0037, 0.03, [3, 1, 3], 1.41
2024-01-11, Steady Climb, 1, +1.95, +2.44, 64.0, 12.44, 0.0052, 0.03, [3, 1, 3], 1.41
2024-01-12, Steady Climb, 1, +1.84, +1.58, 57.5, 12.70, 0.0039, 0.03, [3, 1, 3], 1.41
2024-01-16, Steady Climb, 1, +0.05, +1.56, 52.2, 13.84, 0.0013, 0.03, [2, 1, 3], 1.00
2024-01-17, Steady Climb, 1, -0.36, +1.37, 43.3, 14.79, 0.0004, 0.03, [2, 0, 3], 1.41
2024-01-18, Steady Climb, 1, -0.05, +0.73, 49.9, 14.13, -0.0021, 0.03, [2, 0, 3], 1.41
2024-01-19, Steady Climb, 1, +1.25, +0.98, 57.9, 13.30, -0.0009, 0.03, [3, 1, 3], 1.41
2024-01-22, Steady Climb, 1, +1.39, +2.46, 61.4, 13.19, 0.0026, 0.03, [3, 1, 3], 1.41
2024-01-23, Steady Climb, 1, +2.07, +2.87, 67.9, 12.55, 0.0055, 0.04, [4, 2, 3], 2.45
2024-01-24, Steady Climb, 1, +2.73, +4.02, 76.8, 13.14, 0.0066, 0.04, [4, 2, 3], 2.45
2024-01-25, Steady Climb, 1, +2.37, +5.18, 82.6, 13.45, 0.0041, 0.05, [4, 2, 3], 2.45
2024-01-26, Steady Climb, 1, +1.06, +6.85, 81.3, 13.26, 0.0026, 0.05, [3, 2, 3], 1.73
2024-01-29, Steady Climb, 1, +1.60, +8.40, 79.3, 13.60, 0.0022, 0.06, [3, 2, 3], 1.73
2024-01-30, Steady Climb, 1, +1.24, +10.34, 80.5, 13.31, 0.0030, 0.06, [3, 2, 3], 1.73
2024-01-31, Steady Climb, 1, -0.47, +11.81, 59.5, 14.35, 0.0030, 0.06, [2, 1, 3], 1.00
2024-02-01, Steady Climb, 1, +0.25, +11.49, 66.3, 13.88, -0.0013, 0.06, [2, 2, 3], 1.41
2024-02-02, Steady Climb, 1, +1.38, +11.27, 70.1, 13.85, -0.0010, 0.06, [3, 2, 3], 1.73
2024-02-05, Steady Climb, 1, +0.30, +11.25, 70.4, 13.67, 0.0009, 0.06, [2, 2, 3], 1.41
2024-02-06, Steady Climb, 1, +0.59, +10.73, 75.7, 13.06, 0.0030, 0.06, [3, 2, 3], 1.73
2024-02-07, Steady Climb, 1, +3.08, +11.05, 75.7, 12.83, 0.0051, 0.06, [4, 2, 3], 2.45
2024-02-08, Steady Climb, 1, +1.87, +11.56, 71.9, 12.79, 0.0035, 0.06, [3, 2, 3], 1.73
2024-02-09, Steady Climb, 1, +1.37, +12.17, 73.3, 12.93, 0.0026, 0.07, [3, 2, 3], 1.73
2024-02-12, Steady Climb, 1, +1.60, +12.83, 71.3, 13.93, 0.0042, 0.07, [3, 2, 3], 1.73
2024-02-13, Steady Climb, 1, -0.02, +13.10, 59.7, 15.85, 0.0034, 0.06, [2, 1, 3], 1.00
2024-02-14, Steady Climb, 1, +0.11, +11.74, 61.7, 14.38, -0.0012, 0.06, [2, 1, 3], 1.00
2024-02-15, Steady Climb, 1, +0.64, +10.37, 64.4, 14.01, -0.0014, 0.05, [3, 1, 3], 1.41
2024-02-16, Steady Climb, 1, -0.42, +9.67, 58.3, 14.24, -0.0003, 0.05, [2, 1, 3], 1.00
2024-02-20, Steady Climb, 1, -0.92, +9.19, 55.1, 15.42, 0.0009, 0.05, [1, 1, 3], 1.41
2024-02-21, Steady Climb, 1, +0.58, +8.19, 66.1, 15.34, 0.0010, 0.04, [3, 2, 3], 1.73
2024-02-22, Steady Climb, 1, +1.73, +7.32, 69.3, 14.54, -0.0018, 0.05, [3, 2, 3], 1.73
2024-02-23, Steady Climb, 1, +1.17, +7.84, 65.6, 13.75, 0.0018, 0.05, [3, 2, 3], 1.73
2024-02-26, Steady Climb, 1, +1.28, +8.46, 65.1, 13.74, 0.0055, 0.05, [3, 2, 3], 1.73
2024-02-27, Steady Climb, 1, +2.06, +8.46, 64.8, 13.43, 0.0058, 0.05, [4, 1, 3], 2.24
2024-02-28, Steady Climb, 1, +1.77, +8.90, 59.7, 13.84, 0.0035, 0.05, [3, 1, 3], 1.41
2024-02-29, Steady Climb, 1, +0.18, +8.94, 62.0, 13.40, -0.0009, 0.04, [2, 1, 3], 1.00
2024-03-01, Steady Climb, 1, +0.95, +7.90, 63.1, 13.11, 0.0003, 0.04, [3, 1, 3], 1.41
2024-03-04, Steady Climb, 1, +1.21, +8.02, 62.9, 13.49, 0.0030, 0.05, [3, 1, 3], 1.41
2024-03-05, Steady Climb, 1, +0.01, +8.53, 65.5, 14.46, 0.0034, 0.04, [2, 2, 3], 1.41
2024-03-06, Steady Climb, 1, +0.69, +7.78, 63.5, 14.50, 0.0010, 0.04, [3, 1, 3], 1.41
2024-03-07, Steady Climb, 1, +1.20, +7.38, 65.6, 14.44, -0.0008, 0.05, [3, 2, 3], 1.73
2024-03-08, Steady Climb, 1, -0.26, +8.16, 64.1, 14.74, 0.0003, 0.05, [2, 1, 3], 1.00
2024-03-11, Steady Climb, 1, -0.25, +8.25, 68.1, 15.22, 0.0013, 0.05, [2, 2, 3], 1.41
2024-03-12, Steady Climb, 1, +1.90, +8.53, 71.8, 13.84, 0.0019, 0.05, [3, 2, 3], 1.73
2024-03-13, Steady Climb, 1, +1.19, +9.41, 61.2, 13.75, 0.0020, 0.05, [3, 1, 3], 1.41
2024-03-14, Steady Climb, 1, -0.13, +8.83, 58.5, 14.40, 0.0013, 0.05, [2, 1, 3], 1.00
2024-03-15, Steady Climb, 1, -0.13, +8.47, 56.3, 14.41, 0.0020, 0.04, [2, 1, 3], 1.00
2024-03-18, Steady Climb, 1, +0.62, +7.87, 58.9, 14.33, -0.0005, 0.04, [3, 1, 3], 1.41
2024-03-19, Steady Climb, 1, +0.06, +7.22, 62.9, 13.82, -0.0019, 0.04, [2, 1, 3], 1.00
2024-03-20, Steady Climb, 1, +1.15, +6.30, 64.6, 13.04, 0.0005, 0.03, [3, 1, 3], 1.41
2024-03-21, Steady Climb, 1, +1.77, +5.82, 62.5, 12.92, 0.0040, 0.04, [3, 1, 3], 1.41
2024-03-22, Steady Climb, 1, +2.29, +6.89, 62.4, 13.06, 0.0062, 0.04, [4, 1, 3], 2.24
2024-03-25, Steady Climb, 1, +1.34, +7.64, 68.3, 13.19, 0.0045, 0.04, [3, 2, 3], 1.73
2024-03-26, Steady Climb, 1, +0.48, +7.64, 63.4, 13.24, 0.0017, 0.04, [2, 1, 3], 1.00
2024-03-27, Steady Climb, 1, +0.46, +7.35, 62.6, 12.78, -0.0012, 0.04, [2, 1, 3], 1.00
2024-03-28, Steady Climb, 1, +0.24, +7.38, 69.5, 13.01, -0.0003, 0.04, [2, 2, 3], 1.41
2024-04-01, Steady Climb, 1, +0.18, +7.64, 68.5, 13.65, 0.0013, 0.04, [2, 2, 3], 1.41
2024-04-02, Steady Climb, 1, -0.24, +8.16, 54.8, 14.61, 0.0020, 0.04, [2, 1, 3], 1.00
2024-04-03, Steady Climb, 1, +0.15, +7.87, 57.3, 14.33, -0.0000, 0.04, [2, 1, 3], 1.00
2024-04-04, Steady Climb, 1, -1.93, +6.73, 49.6, 16.35, -0.0024, 0.04, [1, 0, 2], 1.41
2024-04-05, Steady Climb, 1, -0.95, +4.89, 61.2, 16.03, -0.0047, 0.03, [1, 1, 2], 1.00
2024-04-08, Steady Climb, 1, -0.79, +4.63, 57.4, 15.19, -0.0026, 0.03, [1, 1, 3], 1.41
2024-04-09, Steady Climb, 1, +0.08, +3.73, 54.7, 14.98, -0.0003, 0.03, [2, 1, 3], 1.00
2024-04-10, Steady Climb, 1, -0.98, +2.74, 40.6, 15.80, 0.0010, 0.03, [1, 0, 3], 1.73
2024-04-11, Steady Climb, 1, +1.01, +1.81, 44.1, 14.91, 0.0006, 0.03, [3, 0, 3], 1.73
2024-04-12, Steady Climb, 1, -1.56, +1.29, 37.1, 17.31, -0.0010, 0.03, [1, -2, 2], 3.16
2024-04-15, Orderly Decline, 3, -2.70, -0.59, 33.6, 19.23, -0.0033, 0.04, [-4, -2, 2], 2.45
2024-04-16, Orderly Decline, 3, -3.04, -3.84, 33.9, 18.40, -0.0066, 0.04, [-4, -2, 2], 2.45
2024-04-17, Orderly Decline, 3, -2.68, -6.65, 25.2, 18.21, -0.0071, 0.05, [-4, -2, 2], 2.45
2024-04-18, Orderly Decline, 3, -3.61, -9.27, 23.6, 18.00, -0.0085, 0.06, [-4, -2, 2], 2.45
2024-04-19, Orderly Decline, 3, -3.05, -11.08, 22.0, 18.71, -0.0053, 0.07, [-4, -2, 2], 2.45
2024-04-22, Orderly Decline, 3, -1.01, -12.93, 30.5, 16.94, -0.0046, 0.07, [-3, -2, 2], 1.73
2024-04-23, Orderly Decline, 3, +0.38, -13.86, 37.3, 15.69, -0.0027, 0.07, [-2, -2, 3], 2.24
2024-04-24, Orderly Decline, 3, +0.98, -13.85, 42.3, 15.97, 0.0019, 0.07, [-1, 0, 3], 2.45
2024-04-25, Orderly Decline, 3, +0.74, -13.84, 32.9, 15.37, 0.0044, 0.07, [-1, -2, 3], 2.45
2024-04-26, Orderly Decline, 3, +2.67, -13.25, 39.9, 15.03, 0.0044, 0.07, [0, -2, 3], 3.00
2024-04-29, Steady Climb, 1, +2.11, -11.53, 40.9, 14.67, 0.0031, 0.06, [0, 0, 3], 2.45
2024-04-30, Orderly Decline, 3, -0.69, -9.52, 38.6, 15.65, 0.0024, 0.06, [-3, -2, 3], 2.45
2024-05-01, Orderly Decline, 3, -1.05, -9.06, 32.8, 15.39, -0.0001, 0.06, [-3, -2, 3], 2.45
2024-05-02, Orderly Decline, 3, +0.31, -8.50, 44.0, 14.68, -0.0025, 0.06, [-2, 0, 3], 2.24
2024-05-03, Trend Pullback, 2, +0.55, -8.02, 56.6, 13.49, -0.0033, 0.05, [-1, 1, 3], 3.00
2024-05-06, Trend Pullback, 2, +1.26, -5.59, 62.0, 13.49, 0.0010, 0.05, [-1, 1, 3], 3.00
2024-05-07, Steady Climb, 1, +3.02, -2.33, 66.0, 13.23, 0.0077, 0.05, [0, 2, 3], 2.45
2024-05-08, Steady Climb, 1, +3.37, +1.18, 67.4, 13.00, 0.0088, 0.05, [4, 2, 3], 2.45
2024-05-09, Steady Climb, 1, +2.96, +3.95, 75.2, 12.69, 0.0059, 0.05, [4, 2, 3], 2.45
2024-05-10, Steady Climb, 1, +1.85, +7.66, 73.4, 12.55, 0.0034, 0.06, [3, 2, 3], 1.73
2024-05-13, Steady Climb, 1, +0.79, +10.28, 69.1, 13.60, 0.0021, 0.06, [3, 2, 3], 1.73
2024-05-14, Steady Climb, 1, +1.14, +11.76, 70.9, 13.42, 0.0020, 0.07, [3, 2, 3], 1.73
2024-05-15, Steady Climb, 1, +2.32, +13.19, 78.4, 12.45, 0.0024, 0.07, [4, 2, 3], 2.45
2024-05-16, Steady Climb, 1, +1.59, +14.75, 73.6, 12.42, 0.0040, 0.08, [3, 2, 3], 1.73
2024-05-17, Steady Climb, 1, +1.54, +15.54, 73.0, 11.99, 0.0044, 0.08, [3, 2, 3], 1.73
2024-05-20, Steady Climb, 1, +1.66, +15.30, 91.1, 12.15, 0.0040, 0.08, [3, 2, 3], 1.73
2024-05-21, Steady Climb, 1, +1.42, +15.31, 96.2, 11.86, 0.0022, 0.08, [3, 2, 3], 1.73
2024-05-22, Steady Climb, 1, -0.02, +16.01, 91.0, 12.29, 0.0007, 0.08, [2, 2, 3], 1.41
2024-05-23, Steady Climb, 1, -0.55, +16.14, 75.7, 12.77, 0.0007, 0.07, [1, 2, 3], 1.73
2024-05-24, Steady Climb, 1, +0.03, +14.99, 74.2, 11.93, -0.0014, 0.07, [2, 2, 3], 1.41
2024-05-28, Steady Climb, 1, -0.04, +14.85, 73.6, 12.92, -0.0011, 0.07, [2, 2, 3], 1.41
2024-05-29, Steady Climb, 1, -1.02, +14.68, 63.7, 14.28, -0.0006, 0.07, [1, 1, 3], 1.41
2024-05-30, Steady Climb, 1, -1.35, +12.40, 53.6, 14.47, -0.0008, 0.05, [1, 1, 3], 1.41
2024-05-31, Steady Climb, 1, +0.18, +9.04, 58.4, 12.92, -0.0019, 0.04, [2, 1, 3], 1.00
2024-06-03, Steady Climb, 1, -0.40, +6.68, 59.3, 13.11, -0.0024, 0.04, [2, 1, 3], 1.00
2024-06-04, Steady Climb, 1, -0.28, +5.09, 57.1, 13.16, -0.0007, 0.03, [2, 1, 3], 1.00
2024-06-05, Steady Climb, 1, +1.65, +4.21, 57.3, 12.63, 0.0018, 0.03, [3, 1, 3], 1.41
2024-06-06, Steady Climb, 1, +2.24, +4.18, 59.1, 12.58, 0.0047, 0.03, [4, 1, 3], 2.24
2024-06-07, Steady Climb, 1, +1.32, +3.87, 57.1, 12.22, 0.0041, 0.03, [3, 1, 3], 1.41
2024-06-10, Steady Climb, 1, +1.46, +3.65, 58.4, 12.74, 0.0035, 0.03, [3, 1, 3], 1.41
2024-06-11, Steady Climb, 1, +1.59, +3.57, 58.5, 12.85, 0.0025, 0.03, [3, 1, 3], 1.41
2024-06-12, Steady Climb, 1, +1.25, +3.46, 66.4, 12.04, 0.0009, 0.03, [3, 2, 3], 1.73
2024-06-13, Steady Climb, 1, +1.51, +4.18, 75.8, 11.94, 0.0030, 0.04, [3, 2, 3], 1.73
2024-06-14, Steady Climb, 1, +1.58, +5.78, 72.2, 12.66, 0.0043, 0.04, [3, 2, 3], 1.73
2024-06-17, Steady Climb, 1, +2.10, +6.99, 75.6, 12.75, 0.0037, 0.05, [4, 2, 3], 2.45
2024-06-18, Steady Climb, 1, +2.08, +8.69, 86.5, 12.30, 0.0038, 0.05, [4, 2, 3], 2.45
2024-06-20, Steady Climb, 1, +0.96, +10.41, 91.9, 13.28, 0.0031, 0.06, [3, 2, 3], 1.73
2024-06-21, Steady Climb, 1, +0.57, +11.87, 87.4, 13.20, 0.0025, 0.06, [3, 2, 3], 1.73
2024-06-24, Steady Climb, 1, +0.30, +12.75, 81.5, 13.33, 0.0012, 0.06, [2, 2, 3], 1.41
2024-06-25, Steady Climb, 1, -0.07, +12.54, 82.4, 12.84, -0.0013, 0.06, [2, 2, 3], 1.41
2024-06-26, Steady Climb, 1, -0.17, +12.95, 78.1, 12.55, -0.0011, 0.06, [2, 2, 3], 1.41
2024-06-27, Steady Climb, 1, +0.18, +13.25, 78.9, 12.24, 0.0003, 0.06, [2, 2, 3], 1.41
2024-06-28, Steady Climb, 1, -0.08, +12.75, 73.6, 12.44, 0.0012, 0.05, [2, 2, 3], 1.41
2024-07-01, Steady Climb, 1, +0.50, +11.10, 73.7, 12.22, 0.0007, 0.05, [2, 2, 3], 1.41
2024-07-02, Steady Climb, 1, +0.73, +9.99, 75.6, 12.03, -0.0001, 0.04, [3, 2, 3], 1.73
2024-07-03, Steady Climb, 1, +1.08, +9.16, 73.8, 12.09, 0.0010, 0.04, [3, 2, 3], 1.73
2024-07-05, Steady Climb, 1, +1.54, +8.52, 75.6, 12.48, 0.0028, 0.04, [3, 2, 3], 1.73
2024-07-08, Steady Climb, 1, +2.06, +8.93, 76.7, 12.37, 0.0049, 0.04, [4, 2, 3], 2.45
2024-07-09, Steady Climb, 1, +1.86, +9.08, 72.9, 12.51, 0.0045, 0.04, [3, 2, 3], 1.73
2024-07-10, Steady Climb, 1, +2.27, +8.87, 77.2, 12.85, 0.0030, 0.05, [4, 2, 3], 2.45
2024-07-11, Steady Climb, 1, +0.86, +9.34, 68.2, 12.92, 0.0036, 0.04, [3, 2, 3], 1.73
2024-07-12, Steady Climb, 1, +0.86, +8.92, 73.0, 12.46, 0.0017, 0.04, [3, 2, 3], 1.73
2024-07-15, Steady Climb, 1, +1.05, +9.35, 78.0, 13.12, 0.0016, 0.05, [3, 2, 3], 1.73
2024-07-16, Steady Climb, 1, +1.62, +9.92, 79.0, 13.19, 0.0016, 0.05, [3, 2, 3], 1.73
2024-07-17, Steady Climb, 1, -0.81, +10.67, 63.4, 14.48, 0.0020, 0.05, [1, 1, 3], 1.41
2024-07-18, Steady Climb, 1, -0.72, +10.60, 56.8, 15.93, 0.0011, 0.05, [1, 1, 3], 1.41
2024-07-19, Steady Climb, 1, -1.97, +9.94, 54.8, 16.52, -0.0034, 0.05, [1, 1, 2], 1.00
2024-07-22, Steady Climb, 1, -1.19, +8.42, 58.7, 14.91, -0.0067, 0.05, [1, 1, 3], 1.41
2024-07-23, Steady Climb, 1, -1.97, +7.56, 54.8, 14.72, -0.0052, 0.04, [1, 1, 3], 1.41
2024-07-24, Steady Climb, 1, -2.88, +6.16, 40.7, 18.04, -0.0008, 0.05, [0, 0, 2], 2.24
2024-07-25, Orderly Decline, 3, -2.62, +3.11, 35.7, 18.46, -0.0034, 0.05, [0, -2, 2], 2.45
2024-07-26, Orderly Decline, 3, -0.83, -0.15, 41.1, 16.39, -0.0064, 0.05, [-1, 0, 2], 1.73
2024-07-29, Orderly Decline, 3, -1.81, -2.36, 41.1, 16.60, -0.0067, 0.05, [-3, 0, 2], 1.73
2024-07-30, Orderly Decline, 3, -2.15, -4.82, 33.8, 17.69, -0.0028, 0.05, [-4, -2, 2], 2.45
2024-07-31, Orderly Decline, 3, +1.75, -7.44, 45.2, 16.36, 0.0015, 0.05, [-1, 0, 2], 1.73
2024-08-01, Orderly Decline, 3, +0.88, -8.24, 37.8, 18.59, 0.0041, 0.06, [-1, -2, 2], 1.73
2024-08-02, Orderly Decline, 3, -2.06, -9.69, 31.7, 23.39, 0.0006, 0.06, [-4, -2, 1], 2.24
2024-08-05, Sharp Decline, 4, -5.07, -11.97, 23.3, 38.57, -0.0043, 0.08, [-4, -2, 0], 2.24
2024-08-06, Sharp Decline, 4, -3.61, -16.12, 30.1, 27.71, -0.0129, 0.09, [-4, -2, 0], 2.24
2024-08-07, Sharp Decline, 4, -5.85, -18.85, 30.2, 27.85, -0.0159, 0.10, [-4, -2, 0], 2.24
2024-08-08, Orderly Decline, 3, -2.34, -20.75, 40.2, 23.79, -0.0113, 0.10, [-4, 0, 1], 2.24
2024-08-09, Orderly Decline, 3, -0.04, -21.07, 38.0, 20.37, -0.0008, 0.10, [-2, -2, 1], 1.00
2024-08-12, Orderly Decline, 3, +3.05, -20.15, 38.4, 20.71, 0.0074, 0.10, [0, -2, 1], 2.24
2024-08-13, Steady Climb, 1, +3.71, -18.56, 50.4, 18.12, 0.0065, 0.09, [0, 1, 2], 2.00
2024-08-14, Steady Climb, 1, +4.92, -14.70, 53.2, 16.19, 0.0091, 0.08, [0, 1, 2], 2.00
2024-08-15, Steady Climb, 1, +4.21, -11.43, 54.7, 15.23, 0.0065, 0.08, [0, 1, 3], 2.24
2024-08-16, Steady Climb, 1, +3.93, -7.39, 55.1, 14.80, 0.0092, 0.08, [0, 1, 3], 2.24
2024-08-19, Steady Climb, 1, +4.94, -3.82, 59.3, 14.65, 0.0094, 0.09, [0, 1, 3], 2.24
2024-08-20, Steady Climb, 1, +2.99, +1.39, 54.4, 15.88, 0.0080, 0.09, [4, 1, 3], 2.24
2024-08-21, Steady Climb, 1, +3.04, +6.23, 60.9, 16.27, 0.0062, 0.10, [4, 1, 2], 2.00
2024-08-22, Steady Climb, 1, +0.50, +9.33, 65.0, 17.55, 0.0036, 0.10, [2, 1, 2], 0.00
2024-08-23, Steady Climb, 1, +1.45, +10.97, 84.4, 15.86, 0.0008, 0.10, [3, 2, 3], 1.73
2024-08-26, Steady Climb, 1, +0.15, +14.21, 80.6, 16.15, 0.0005, 0.11, [2, 2, 2], 1.00
2024-08-27, Steady Climb, 1, +0.51, +17.01, 86.5, 15.43, 0.0009, 0.11, [3, 2, 3], 1.73
2024-08-28, Steady Climb, 1, -0.51, +19.27, 77.4, 17.11, 0.0010, 0.11, [1, 2, 2], 1.41
2024-08-29, Steady Climb, 1, +0.38, +22.13, 76.2, 15.65, 0.0006, 0.11, [2, 2, 3], 1.41
2024-08-30, Steady Climb, 1, +0.24, +23.68, 78.7, 15.00, -0.0019, 0.11, [2, 2, 3], 1.41
2024-09-03, Steady Climb, 1, -1.57, +24.24, 58.4, 20.72, 0.0005, 0.10, [1, 1, 1], 1.41
2024-09-04, Steady Climb, 1, -1.88, +20.11, 55.9, 21.32, -0.0025, 0.09, [1, 1, 1], 1.41
2024-09-05, Steady Climb, 1, -1.59, +16.19, 45.8, 19.90, -0.0038, 0.07, [1, 0, 2], 1.41
2024-09-06, Orderly Decline, 3, -3.28, +10.97, 37.0, 22.38, -0.0056, 0.07, [0, -2, 1], 2.24
2024-09-09, Orderly Decline, 3, -3.14, +5.82, 37.9, 19.45, -0.0092, 0.06, [0, -2, 2], 2.45
2024-09-10, Steady Climb, 1, -0.60, +1.83, 41.3, 19.08, -0.0041, 0.05, [1, 0, 2], 1.41
2024-09-11, Orderly Decline, 3, +0.62, -2.00, 44.6, 17.69, -0.0015, 0.05, [-1, 0, 2], 1.73
2024-09-12, Trend Pullback, 2, +1.68, -3.79, 52.1, 17.07, 0.0034, 0.04, [-1, 1, 2], 2.00
2024-09-13, Steady Climb, 1, +4.02, -4.85, 49.3, 16.56, 0.0081, 0.05, [0, 0, 2], 2.24
2024-09-16, Steady Climb, 1, +2.96, -4.29, 51.4, 17.14, 0.0073, 0.05, [0, 1, 2], 2.00
2024-09-17, Steady Climb, 1, +2.53, -3.59, 50.8, 17.61, 0.0062, 0.05, [0, 1, 2], 2.00
2024-09-18, Trend Pullback, 2, +1.15, -2.12, 52.4, 18.23, 0.0035, 0.05, [-1, 1, 2], 2.00
2024-09-19, Steady Climb, 1, +2.11, -1.11, 59.6, 16.33, 0.0009, 0.05, [0, 1, 2], 2.00
2024-09-20, Steady Climb, 1, +1.36, +1.61, 54.6, 16.15, 0.0028, 0.06, [3, 1, 2], 1.00
2024-09-23, Steady Climb, 1, +1.52, +3.23, 69.5, 15.89, 0.0038, 0.06, [3, 2, 3], 1.73
2024-09-24, Steady Climb, 1, +1.75, +5.90, 71.7, 15.39, 0.0044, 0.06, [3, 2, 3], 1.73
2024-09-25, Steady Climb, 1, +1.85, +8.37, 72.6, 15.41, 0.0041, 0.07, [3, 2, 3], 1.73
2024-09-26, Steady Climb, 1, +0.55, +10.65, 90.8, 15.37, 0.0008, 0.07, [3, 2, 3], 1.73
2024-09-27, Steady Climb, 1, +0.62, +12.59, 87.3, 16.96, 0.0016, 0.07, [3, 2, 2], 1.41
2024-09-30, Steady Climb, 1, +0.77, +14.19, 87.3, 16.73, 0.0009, 0.08, [3, 2, 2], 1.41
2024-10-01, Steady Climb, 1, -0.42, +16.80, 71.9, 19.26, 0.0013, 0.08, [2, 2, 2], 1.00
2024-10-02, Steady Climb, 1, -0.22, +16.60, 68.2, 18.90, -0.0002, 0.07, [2, 2, 2], 1.00
2024-10-03, Steady Climb, 1, -0.79, +15.99, 62.7, 20.49, -0.0018, 0.07, [1, 1, 1], 1.41
2024-10-04, Steady Climb, 1, +0.22, +14.70, 67.6, 19.21, -0.0022, 0.06, [2, 2, 2], 1.00
2024-10-07, Steady Climb, 1, -1.16, +12.34, 57.9, 22.64, -0.0006, 0.05, [1, 1, 1], 1.41
2024-10-08, Steady Climb, 1, +0.74, +9.67, 65.5, 21.42, 0.0003, 0.04, [3, 2, 1], 1.73
2024-10-09, Steady Climb, 1, +1.44, +7.83, 60.5, 20.86, 0.0014, 0.04, [3, 1, 1], 1.41
2024-10-10, Steady Climb, 1, +1.41, +7.13, 60.4, 20.93, 0.0032, 0.04, [3, 1, 1], 1.41
2024-10-11, Steady Climb, 1, +1.11, +6.55, 62.3, 20.46, 0.0026, 0.04, [3, 1, 1], 1.41
2024-10-14, Steady Climb, 1, +2.88, +6.66, 65.0, 19.70, 0.0046, 0.04, [4, 1, 2], 2.00
2024-10-15, Steady Climb, 1, +1.11, +7.25, 60.2, 20.64, 0.0041, 0.04, [3, 1, 1], 1.41
2024-10-16, Steady Climb, 1, +0.87, +6.88, 60.5, 19.58, 0.0022, 0.03, [3, 1, 2], 1.00
2024-10-17, Steady Climb, 1, +1.06, +6.38, 61.3, 19.11, 0.0021, 0.04, [3, 1, 2], 1.00
2024-10-18, Steady Climb, 1, +0.85, +7.02, 61.2, 18.03, 0.0006, 0.04, [3, 1, 2], 1.00
2024-10-21, Steady Climb, 1, -0.10, +7.63, 67.7, 18.37, 0.0006, 0.04, [2, 2, 2], 1.00
2024-10-22, Steady Climb, 1, +0.62, +8.10, 67.1, 18.20, 0.0017, 0.04, [3, 2, 2], 1.41
2024-10-23, Steady Climb, 1, -0.77, +8.55, 60.7, 19.24, 0.0005, 0.04, [1, 1, 2], 1.00
2024-10-24, Steady Climb, 1, -0.54, +7.89, 57.0, 19.08, -0.0017, 0.04, [1, 1, 2], 1.00
2024-10-25, Steady Climb, 1, -0.96, +7.66, 65.3, 20.33, -0.0029, 0.04, [1, 2, 1], 1.73
2024-10-28, Steady Climb, 1, -0.52, +7.18, 61.1, 19.80, -0.0023, 0.04, [1, 1, 2], 1.00
2024-10-29, Steady Climb, 1, -0.31, +7.21, 56.9, 19.34, -0.0008, 0.04, [2, 1, 2], 0.00
2024-10-30, Steady Climb, 1, +0.28, +6.44, 55.6, 20.35, 0.0015, 0.03, [2, 1, 1], 1.00
2024-10-31, Orderly Decline, 3, -1.80, +5.21, 35.4, 23.16, 0.0006, 0.03, [1, -2, 1], 3.16
2024-11-01, Orderly Decline, 3, -1.37, +2.13, 31.4, 21.88, -0.0038, 0.03, [1, -2, 1], 3.16
2024-11-04, Orderly Decline, 3, -1.90, +0.18, 34.2, 21.98, -0.0055, 0.03, [-1, -2, 1], 1.41
2024-11-05, Orderly Decline, 3, -0.86, -2.83, 41.9, 20.49, -0.0056, 0.03, [-3, 0, 1], 1.41
2024-11-06, Trend Pullback, 2, +1.98, -4.00, 58.5, 16.27, -0.0009, 0.04, [-1, 1, 2], 2.00
2024-11-07, Steady Climb, 1, +4.69, -2.48, 60.2, 15.20, 0.0084, 0.04, [0, 1, 3], 2.24
2024-11-08, Steady Climb, 1, +4.66, -0.73, 63.0, 14.94, 0.0118, 0.05, [0, 1, 2], 2.00
2024-11-11, Steady Climb, 1, +5.05, +1.61, 63.7, 14.97, 0.0126, 0.06, [4, 1, 2], 2.00
2024-11-12, Steady Climb, 1, +3.48, +4.47, 68.2, 14.71, 0.0084, 0.06, [4, 2, 3], 2.45
2024-11-13, Steady Climb, 1, +0.95, +6.16, 67.5, 14.02, 0.0023, 0.06, [3, 2, 3], 1.73
2024-11-14, Steady Climb, 1, -0.40, +8.05, 63.2, 14.31, 0.0002, 0.07, [2, 1, 3], 1.00
2024-11-15, Steady Climb, 1, -2.08, +9.19, 53.9, 16.14, -0.0019, 0.07, [0, 1, 2], 2.00
2024-11-18, Steady Climb, 1, -1.80, +9.41, 55.0, 15.58, -0.0050, 0.07, [1, 1, 3], 1.41
2024-11-19, Steady Climb, 1, -1.12, +9.78, 58.4, 16.35, -0.0050, 0.07, [1, 1, 2], 1.00
2024-11-20, Steady Climb, 1, -1.14, +10.38, 70.8, 17.16, -0.0033, 0.07, [1, 2, 2], 1.41
2024-11-21, Steady Climb, 1, -0.01, +10.04, 71.3, 16.87, -0.0003, 0.07, [2, 2, 2], 1.00
2024-11-22, Steady Climb, 1, +1.68, +10.16, 74.6, 15.24, 0.0030, 0.07, [3, 2, 3], 1.73
2024-11-25, Steady Climb, 1, +1.59, +10.35, 71.8, 14.60, 0.0031, 0.07, [3, 2, 3], 1.73
2024-11-26, Steady Climb, 1, +1.77, +10.79, 63.0, 14.10, 0.0032, 0.07, [3, 1, 3], 1.41
2024-11-27, Steady Climb, 1, +1.38, +11.62, 53.8, 14.10, 0.0041, 0.07, [3, 1, 3], 1.41
2024-11-29, Steady Climb, 1, +1.41, +11.54, 55.3, 13.51, 0.0025, 0.06, [3, 1, 3], 1.41
2024-12-02, Steady Climb, 1, +1.30, +9.95, 56.4, 13.34, 0.0023, 0.06, [3, 1, 3], 1.41
2024-12-03, Steady Climb, 1, +1.04, +8.45, 59.7, 13.30, 0.0022, 0.04, [3, 1, 3], 1.41
2024-12-04, Steady Climb, 1, +1.08, +6.25, 63.4, 13.45, 0.0017, 0.04, [3, 1, 3], 1.41
2024-12-05, Steady Climb, 1, +1.27, +5.18, 67.9, 13.54, 0.0032, 0.04, [3, 2, 3], 1.73
2024-12-06, Steady Climb, 1, +0.96, +5.80, 88.1, 12.77, 0.0020, 0.04, [3, 2, 3], 1.73
2024-12-09, Steady Climb, 1, +0.09, +7.11, 76.3, 14.19, 0.0018, 0.04, [2, 2, 3], 1.41
2024-12-10, Steady Climb, 1, -0.25, +8.06, 69.8, 14.18, 0.0002, 0.04, [2, 2, 3], 1.41
2024-12-11, Steady Climb, 1, -0.04, +8.76, 74.1, 13.58, -0.0021, 0.05, [2, 2, 3], 1.41
2024-12-12, Steady Climb, 1, -0.39, +9.85, 64.7, 13.92, -0.0006, 0.05, [2, 1, 3], 1.00
2024-12-13, Steady Climb, 1, -0.64, +10.33, 62.5, 13.81, -0.0008, 0.05, [1, 1, 3], 1.41
2024-12-16, Steady Climb, 1, +0.35, +10.14, 63.0, 14.69, 0.0002, 0.04, [2, 1, 3], 1.00
2024-12-17, Steady Climb, 1, +0.26, +8.89, 54.5, 15.87, 0.0007, 0.04, [2, 1, 3], 1.00
2024-12-18, Orderly Decline, 3, -3.48, +7.35, 36.7, 27.62, -0.0008, 0.04, [0, -2, 0], 2.45
2024-12-19, Orderly Decline, 3, -3.04, +3.40, 31.6, 24.09, -0.0061, 0.04, [0, -2, 1], 2.24
2024-12-20, Orderly Decline, 3, -1.99, -0.55, 38.3, 18.36, -0.0096, 0.04, [-3, -2, 2], 1.73
2024-12-23, Orderly Decline, 3, -1.65, -3.02, 43.0, 16.78, -0.0079, 0.04, [-3, 0, 2], 1.73
2024-12-24, Orderly Decline, 3, -0.17, -4.51, 45.9, 14.27, -0.0016, 0.04, [-2, 0, 3], 2.24
2024-12-26, Steady Climb, 1, +2.82, -4.79, 46.6, 14.73, 0.0073, 0.04, [0, 0, 3], 2.45
2024-12-27, Orderly Decline, 3, +1.77, -4.64, 40.2, 15.95, 0.0075, 0.04, [-1, 0, 3], 2.45
2024-12-30, Orderly Decline, 3, -0.40, -5.83, 38.5, 17.40, 0.0024, 0.05, [-2, -2, 2], 1.41
2024-12-31, Orderly Decline, 3, -1.55, -7.36, 38.1, 17.35, -0.0035, 0.05, [-3, -2, 2], 1.73
2025-01-02, Orderly Decline, 3, -2.84, -8.83, 32.3, 17.93, -0.0076, 0.05, [-4, -2, 2], 2.45
2025-01-03, Orderly Decline, 3, -1.58, -10.19, 41.6, 16.13, -0.0072, 0.05, [-3, 0, 2], 1.73
2025-01-06, Orderly Decline, 3, +0.08, -9.65, 44.4, 16.04, -0.0016, 0.05, [-2, 0, 2], 1.41
2025-01-07, Orderly Decline, 3, +0.04, -8.60, 38.6, 17.82, 0.0033, 0.05, [-2, -2, 2], 1.41
2025-01-08, Orderly Decline, 3, +0.62, -8.11, 40.7, 17.70, 0.0027, 0.05, [-1, 0, 2], 1.73
2025-01-10, Orderly Decline, 3, -0.71, -7.80, 46.4, 19.54, 0.0011, 0.05, [-3, 0, 2], 1.73
2025-01-13, Orderly Decline, 3, -1.79, -8.88, 47.5, 19.19, -0.0049, 0.05, [-3, 0, 2], 1.73
2025-01-14, Orderly Decline, 3, -2.22, -8.74, 42.3, 18.71, -0.0062, 0.05, [-4, 0, 2], 2.45
2025-01-15, Orderly Decline, 3, +0.69, -8.65, 48.1, 16.12, -0.0036, 0.05, [-1, 0, 2], 1.73
2025-01-16, Orderly Decline, 3, +0.32, -6.72, 41.2, 16.60, 0.0013, 0.05, [-2, 0, 2], 1.41
2025-01-17, Steady Climb, 1, +2.91, -4.45, 46.8, 15.97, 0.0056, 0.04, [0, 0, 3], 2.45
2025-01-21, Steady Climb, 1, +3.65, -1.50, 56.3, 15.06, 0.0069, 0.05, [0, 1, 3], 2.24
2025-01-22, Steady Climb, 1, +4.17, -0.54, 65.0, 15.10, 0.0075, 0.05, [0, 2, 3], 2.45
2025-01-23, Steady Climb, 1, +2.84, +0.61, 69.6, 15.02, 0.0063, 0.06, [4, 2, 3], 2.45
2025-01-24, Steady Climb, 1, +2.76, +2.89, 69.1, 14.85, 0.0074, 0.06, [4, 2, 3], 2.45
2025-01-27, Steady Climb, 1, +0.26, +5.33, 55.6, 17.90, 0.0046, 0.06, [2, 1, 2], 0.00
2025-01-28, Steady Climb, 1, +0.31, +7.35, 57.2, 16.41, -0.0010, 0.06, [2, 1, 2], 0.00
2025-01-29, Steady Climb, 1, -0.77, +10.16, 60.7, 16.56, -0.0024, 0.06, [1, 1, 2], 1.00
2025-01-30, Steady Climb, 1, -0.78, +11.46, 62.1, 15.84, -0.0032, 0.06, [1, 1, 3], 1.41
2025-01-31, Steady Climb, 1, -1.00, +12.11, 68.7, 16.43, -0.0005, 0.06, [1, 2, 2], 1.41
2025-02-03, Steady Climb, 1, -0.29, +11.68, 63.1, 18.62, 0.0010, 0.06, [2, 1, 2], 0.00
2025-02-04, Steady Climb, 1, -0.49, +10.14, 65.2, 17.21, -0.0024, 0.06, [2, 2, 2], 1.00
2025-02-05, Steady Climb, 1, +0.37, +10.20, 60.0, 15.77, -0.0013, 0.06, [2, 1, 3], 1.00
2025-02-06, Steady Climb, 1, +0.20, +10.97, 62.8, 15.50, -0.0004, 0.06, [2, 1, 3], 1.00
2025-02-07, Steady Climb, 1, -0.24, +10.88, 52.6, 16.54, 0.0025, 0.06, [2, 1, 2], 0.00
2025-02-10, Steady Climb, 1, +1.20, +9.86, 51.6, 15.81, 0.0018, 0.05, [3, 1, 3], 1.41
2025-02-11, Steady Climb, 1, +0.51, +7.80, 48.3, 16.02, 0.0004, 0.04, [3, 0, 2], 1.41
2025-02-12, Steady Climb, 1, -0.16, +5.56, 43.4, 15.89, -0.0001, 0.03, [2, 0, 3], 1.41
2025-02-13, Steady Climb, 1, +0.52, +2.85, 51.3, 15.10, -0.0003, 0.03, [3, 1, 3], 1.41
2025-02-14, Steady Climb, 1, +1.47, +2.40, 61.1, 14.77, 0.0027, 0.02, [3, 1, 3], 1.41
2025-02-18, Steady Climb, 1, +1.04, +1.51, 57.3, 15.35, 0.0023, 0.02, [3, 1, 3], 1.41
2025-02-19, Steady Climb, 1, +1.25, +1.50, 62.9, 15.27, 0.0030, 0.03, [3, 1, 3], 1.41
2025-02-20, Steady Climb, 1, +1.08, +2.33, 55.8, 15.66, 0.0032, 0.03, [3, 1, 3], 1.41
2025-02-21, Steady Climb, 1, -1.67, +3.22, 47.1, 18.21, 0.0006, 0.03, [1, 0, 2], 1.41
2025-02-24, Steady Climb, 1, -2.15, +3.08, 48.8, 18.98, -0.0036, 0.03, [0, 0, 2], 2.24
2025-02-25, Steady Climb, 1, -2.84, +2.40, 40.7, 19.43, -0.0071, 0.03, [0, 0, 2], 2.24
2025-02-26, Orderly Decline, 3, -3.06, +0.09, 37.5, 19.10, -0.0086, 0.04, [-2, -2, 2], 1.41
2025-02-27, Orderly Decline, 3, -4.18, -1.24, 27.5, 21.13, -0.0065, 0.05, [-4, -2, 1], 2.24
2025-02-28, Orderly Decline, 3, -0.97, -4.21, 43.2, 19.63, -0.0055, 0.05, [-3, 0, 2], 1.73
2025-03-03, Orderly Decline, 3, -2.23, -5.08, 31.7, 22.78, -0.0026, 0.06, [-4, -2, 1], 2.24
2025-03-04, Orderly Decline, 3, -2.97, -7.75, 28.1, 23.51, -0.0037, 0.07, [-4, -2, 1], 2.24
2025-03-05, Orderly Decline, 3, -1.90, -11.89, 35.3, 21.93, -0.0063, 0.07, [-3, -2, 1], 1.41
2025-03-06, Orderly Decline, 3, -2.10, -14.09, 25.0, 24.87, -0.0037, 0.08, [-4, -2, 1], 2.24
2025-03-07, Orderly Decline, 3, -3.10, -17.12, 28.0, 23.37, -0.0076, 0.09, [-4, -2, 1], 2.24
2025-03-10, Sharp Decline, 4, -4.02, -18.85, 22.1, 27.86, -0.0035, 0.10, [-4, -2, 0], 2.24
2025-03-11, Sharp Decline, 4, -3.57, -23.25, 20.0, 26.92, -0.0072, 0.12, [-4, -2, 0], 2.24
2025-03-12, Orderly Decline, 3, -4.16, -27.00, 22.8, 24.23, -0.0119, 0.12, [-4, -2, 1], 2.24
2025-03-13, Orderly Decline, 3, -3.78, -29.59, 23.5, 24.66, -0.0086, 0.14, [-4, -2, 1], 2.24
2025-03-14, Orderly Decline, 3, -2.27, -32.84, 33.0, 21.77, -0.0091, 0.14, [-4, -2, 1], 2.24
2025-03-17, Orderly Decline, 3, +1.08, -32.62, 36.3, 20.51, -0.0000, 0.13, [-1, -2, 1], 1.41
2025-03-18, Orderly Decline, 3, +0.76, -31.17, 34.2, 21.70, 0.0044, 0.13, [-1, -2, 1], 1.41
2025-03-19, Orderly Decline, 3, +1.36, -29.69, 41.1, 19.90, 0.0032, 0.12, [-1, 0, 2], 1.73
2025-03-20, Orderly Decline, 3, +2.56, -26.34, 34.9, 19.80, 0.0050, 0.11, [0, -2, 2], 2.45
2025-03-21, Orderly Decline, 3, +0.51, -22.88, 39.5, 19.28, 0.0008, 0.10, [-1, -2, 2], 1.73
2025-03-24, Orderly Decline, 3, +1.63, -20.32, 49.4, 17.48, 0.0006, 0.09, [-1, 0, 2], 1.73
2025-03-25, Steady Climb, 1, +2.89, -16.29, 46.1, 17.15, 0.0052, 0.09, [0, 0, 2], 2.24
2025-03-26, Orderly Decline, 3, +0.65, -12.24, 48.4, 18.33, 0.0054, 0.08, [-1, 0, 2], 1.73
2025-03-27, Orderly Decline, 3, +0.54, -8.83, 45.1, 18.69, 0.0036, 0.07, [-1, 0, 2], 1.73
2025-03-28, Orderly Decline, 3, -1.53, -6.81, 47.7, 21.65, -0.0001, 0.06, [-3, 0, 1], 1.41
2025-03-31, Orderly Decline, 3, -2.70, -4.68, 52.7, 22.28, -0.0081, 0.06, [-4, 1, 1], 2.83
2025-04-01, Orderly Decline, 3, -2.49, -3.21, 52.3, 21.77, -0.0082, 0.06, [-4, 1, 1], 2.83
2025-04-02, Trend Pullback, 2, -0.72, -2.20, 60.9, 21.51, -0.0042, 0.05, [-3, 1, 1], 2.24
2025-04-03, Orderly Decline, 3, -5.21, +0.59, 35.6, 30.02, 0.0001, 0.06, [0, -2, 0], 2.45
2025-04-04, Sharp Decline, 4, -9.08, -1.93, 23.4, 45.31, -0.0061, 0.11, [-4, -2, 0], 2.24
2025-04-07, Sharp Decline, 4, -9.79, -8.04, 24.5, 46.98, -0.0259, 0.14, [-4, -2, 0], 2.24
2025-04-08, Sharp Decline, 4, -11.54, -15.73, 18.5, 52.33, -0.0349, 0.17, [-4, -2, 0], 2.24
2025-04-09, Orderly Decline, 3, -3.78, -24.40, 43.4, 33.62, -0.0313, 0.17, [-4, 0, 0], 2.45
2025-04-10, Sharp Decline, 4, -2.38, -24.98, 38.6, 40.72, 0.0006, 0.18, [-4, -2, 0], 2.24
2025-04-11, Volatile Chop, 5, +5.70, -29.27, 38.4, 37.56, 0.0146, 0.18, [0, -2, -1], 2.24
2025-04-14, Volatile Chop, 5, +6.79, -29.96, 39.6, 30.89, 0.0164, 0.18, [0, -2, -2], 2.00
2025-04-15, Volatile Chop, 5, +8.31, -29.06, 40.8, 30.12, 0.0139, 0.18, [0, 0, -1], 1.00
2025-04-16, Sharp Decline, 4, -3.32, -28.84, 38.5, 32.64, 0.0003, 0.18, [-4, -2, 0], 2.24
2025-04-17, Trend Pullback, 2, +0.28, -29.07, 41.3, 29.65, 0.0009, 0.18, [-2, 0, 0], 1.41
2025-04-21, Sharp Decline, 4, -3.83, -28.79, 37.5, 33.82, -0.0057, 0.18, [-4, -2, 0], 2.24
2025-04-22, Orderly Decline, 3, -2.19, -29.64, 41.0, 30.57, -0.0115, 0.17, [-4, 0, 0], 2.45
2025-04-23, Trend Pullback, 2, -0.38, -26.30, 42.5, 28.45, -0.0062, 0.16, [-2, 0, 0], 1.41
2025-04-24, Trend Pullback, 2, +3.96, -20.83, 52.4, 26.47, 0.0037, 0.15, [0, 1, 0], 1.00
2025-04-25, Trend Pullback, 2, +4.59, -14.22, 64.8, 24.84, 0.0113, 0.15, [0, 1, 0], 1.00
2025-04-28, Volatile Chop, 5, +7.18, -6.99, 65.4, 25.15, 0.0168, 0.14, [0, 2, -2], 2.00
2025-04-29, Trend Pullback, 2, +5.16, -1.23, 69.7, 24.17, 0.0114, 0.14, [0, 2, 0], 1.41
2025-04-30, Steady Climb, 1, +3.59, +5.55, 55.6, 24.70, 0.0074, 0.14, [4, 1, 1], 2.24
2025-05-01, Steady Climb, 1, +2.18, +12.86, 69.9, 24.60, 0.0036, 0.13, [4, 2, 1], 2.45
2025-05-02, Steady Climb, 1, +2.92, +21.37, 69.4, 22.68, 0.0035, 0.14, [4, 2, 1], 2.45
2025-05-05, Steady Climb, 1, +2.20, +26.83, 64.8, 23.64, 0.0064, 0.14, [4, 1, 1], 2.24
2025-05-06, Steady Climb, 1, +0.83, +26.24, 62.2, 24.76, 0.0053, 0.13, [3, 1, 1], 1.41
2025-05-07, Steady Climb, 1, +1.12, +23.97, 73.3, 23.55, 0.0022, 0.11, [3, 2, 1], 1.73
2025-05-08, Steady Climb, 1, +1.07, +19.98, 74.1, 22.48, -0.0004, 0.12, [3, 2, 1], 1.73
2025-05-09, Steady Climb, 1, -0.47, +22.96, 87.5, 21.90, -0.0011, 0.11, [2, 2, 1], 1.41
2025-05-12, Steady Climb, 1, +3.43, +22.60, 88.4, 18.39, 0.0013, 0.13, [4, 2, 2], 2.24
2025-05-13, Steady Climb, 1, +4.99, +25.78, 87.6, 18.22, 0.0085, 0.14, [4, 2, 2], 2.24
2025-05-14, Steady Climb, 1, +4.64, +29.52, 85.4, 18.62, 0.0117, 0.15, [4, 2, 1], 2.45
2025-05-15, Steady Climb, 1, +4.47, +32.48, 85.0, 17.83, 0.0116, 0.15, [4, 2, 1], 2.45
2025-05-16, Steady Climb, 1, +5.27, +33.12, 86.0, 17.24, 0.0094, 0.15, [4, 2, 2], 2.24
2025-05-19, Steady Climb, 1, +2.04, +33.51, 85.3, 18.14, 0.0043, 0.14, [4, 2, 2], 2.24
2025-05-20, Steady Climb, 1, +0.92, +30.99, 81.7, 18.09, 0.0037, 0.13, [3, 2, 2], 1.41
2025-05-21, Steady Climb, 1, -0.81, +28.97, 68.6, 20.87, 0.0024, 0.12, [1, 2, 1], 1.73
2025-05-22, Steady Climb, 1, -1.27, +25.99, 63.7, 20.28, -0.0028, 0.11, [1, 1, 1], 1.41
2025-05-23, Trend Pullback, 2, -2.61, +23.99, 63.4, 22.29, -0.0061, 0.10, [0, 1, 1], 1.41
2025-05-27, Steady Climb, 1, -0.71, +21.53, 74.4, 18.96, -0.0071, 0.10, [1, 2, 2], 1.41
2025-05-28, Steady Climb, 1, -0.87, +20.41, 69.7, 19.31, -0.0014, 0.09, [1, 2, 2], 1.41
2025-05-29, Steady Climb, 1, +1.16, +18.73, 69.3, 19.18, 0.0028, 0.09, [3, 2, 2], 1.41
2025-05-30, Steady Climb, 1, +1.19, +17.03, 69.7, 18.57, 0.0038, 0.08, [3, 2, 2], 1.41
2025-06-02, Steady Climb, 1, +2.29, +15.35, 59.6, 18.36, 0.0035, 0.08, [4, 1, 2], 2.00
2025-06-03, Steady Climb, 1, +0.82, +14.87, 58.9, 17.69, 0.0009, 0.08, [3, 1, 2], 1.00
2025-06-04, Steady Climb, 1, +1.40, +13.92, 58.4, 17.61, 0.0031, 0.07, [3, 1, 2], 1.00
2025-06-05, Steady Climb, 1, +0.46, +11.82, 52.4, 18.48, 0.0030, 0.06, [2, 1, 2], 0.00
2025-06-06, Steady Climb, 1, +1.50, +9.10, 54.3, 16.77, 0.0015, 0.05, [3, 1, 2], 1.00
2025-06-09, Steady Climb, 1, +1.18, +7.31, 54.3, 17.16, 0.0016, 0.04, [3, 1, 2], 1.00
2025-06-10, Steady Climb, 1, +1.15, +5.03, 59.8, 16.95, 0.0017, 0.04, [3, 1, 2], 1.00
2025-06-11, Steady Climb, 1, +0.86, +5.60, 70.9, 17.26, 0.0034, 0.04, [3, 2, 2], 1.41
2025-06-12, Steady Climb, 1, +1.78, +6.32, 72.9, 18.02, 0.0034, 0.04, [3, 2, 2], 1.41
2025-06-13, Steady Climb, 1, -0.39, +7.26, 68.4, 20.82, 0.0018, 0.04, [2, 2, 1], 1.41
2025-06-16, Steady Climb, 1, +0.45, +7.37, 63.6, 19.11, -0.0009, 0.05, [2, 1, 2], 0.00
2025-06-17, Steady Climb, 1, -0.93, +8.86, 61.0, 21.60, -0.0009, 0.05, [1, 1, 1], 1.41
2025-06-18, Steady Climb, 1, -0.69, +9.59, 58.4, 20.14, -0.0015, 0.05, [1, 1, 1], 1.41
2025-06-20, Steady Climb, 1, -1.28, +9.90, 56.7, 20.62, -0.0021, 0.04, [1, 1, 1], 1.41
2025-06-23, Steady Climb, 1, +0.81, +8.45, 59.9, 19.83, -0.0012, 0.04, [3, 1, 2], 1.00
2025-06-24, Steady Climb, 1, +0.98, +7.60, 62.6, 17.48, -0.0005, 0.04, [3, 1, 2], 1.00
2025-06-25, Steady Climb, 1, +1.83, +6.80, 62.5, 16.76, 0.0043, 0.04, [3, 1, 2], 1.00
2025-06-26, Steady Climb, 1, +2.68, +7.45, 70.1, 16.59, 0.0056, 0.04, [4, 2, 2], 2.24
2025-06-27, Steady Climb, 1, +3.44, +8.02, 68.3, 16.32, 0.0067, 0.05, [4, 2, 2], 2.24
2025-06-30, Steady Climb, 1, +2.98, +9.04, 69.9, 16.73, 0.0056, 0.05, [4, 2, 2], 2.24
2025-07-01, Steady Climb, 1, +1.74, +10.11, 66.8, 16.83, 0.0049, 0.05, [3, 2, 2], 1.41
2025-07-02, Steady Climb, 1, +2.22, +11.03, 71.1, 16.64, 0.0044, 0.06, [4, 2, 2], 2.24
2025-07-03, Steady Climb, 1, +2.25, +12.51, 72.7, 16.38, 0.0031, 0.07, [4, 2, 2], 2.24
2025-07-07, Steady Climb, 1, +0.92, +14.36, 75.5, 17.79, 0.0038, 0.07, [3, 2, 2], 1.41
2025-07-08, Steady Climb, 1, +0.33, +14.54, 71.6, 16.81, 0.0021, 0.07, [2, 2, 2], 1.00
2025-07-09, Steady Climb, 1, +1.05, +15.19, 82.5, 15.94, 0.0009, 0.07, [3, 2, 3], 1.73
2025-07-10, Steady Climb, 1, +0.85, +16.12, 83.5, 15.78, 0.0003, 0.07, [3, 2, 3], 1.73
2025-07-11, Steady Climb, 1, -0.31, +17.43, 82.1, 16.40, 0.0006, 0.07, [2, 2, 2], 1.00
2025-07-14, Steady Climb, 1, +0.62, +17.82, 79.9, 17.20, 0.0018, 0.07, [3, 2, 2], 1.41
2025-07-15, Steady Climb, 1, +0.29, +18.34, 70.8, 17.38, 0.0013, 0.07, [2, 2, 2], 1.00
2025-07-16, Volatile Chop, 5, +nan, +nan, nan, 17.69, nan, nan, [0, -2, -2], 2.00
2025-07-17, Volatile Chop, 5, +nan, +nan, nan, nan, nan, nan, [0, -2, -4], 2.83
2025-07-18, Volatile Chop, 5, +nan, +nan, nan, 16.41, nan, nan, [0, -2, -2], 2.00
2025-07-21, Volatile Chop, 5, +nan, +nan, nan, 16.65, nan, nan, [0, -2, -2], 2.00
